"Protein","mean_control","mean_stress","log2Fold_change","p_value","SCORE_neg_log10_p"
"P21738",8.79495652151906,13.6175342799934,4.82257775847439,0.000266935594447564,3.57359351148239
"P31189",8.9318272882402,5.89109804543435,-3.04072924280585,0.000394566661502358,3.40387961279195
"P4059",12.7912466613356,8.59720902267637,-4.19403763865924,0.000402631018820935,3.39509276997435
"P18418",10.3074570763409,6.57194964937851,-3.73550742696239,0.000403434824164662,3.39422661656007
"P37753",8.70804438559839,5.78350945108698,-2.92453493451141,0.000465863016369394,3.33174176567161
"P31180",14.7485315876853,10.5393193233483,-4.20921226433696,0.000473537697071238,3.3246454422608
"P20591",8.63139001938587,5.83365208439708,-2.79773793498879,0.000519266803440548,3.28460944082381
"P15634",8.45934840652753,12.9215291004003,4.46218069387277,0.000639428653851322,3.19420790617711
"P30379",6.09084509514671,8.57034834737292,2.4795032522262,0.000916738485992727,3.03775453596373
"P14540",9.25199586318336,6.4912718412334,-2.76072402194996,0.00104214831702161,2.98207046848348
"P12988",6.50989757545546,9.82231585259141,3.31241827713596,0.00105456128969111,2.97692817457681
"P21813",14.3663948472815,18.7631113733862,4.39671652610469,0.00106090342950461,2.97432414667551
"P15848",6.7976814825947,10.2289837875414,3.43130230494675,0.00113715923999991,2.94417871542582
"P15502",13.0434857104015,16.1359184289772,3.09243271857573,0.00118746656381713,2.92537861021186
"P34171",8.19661112099447,11.9068495420967,3.71023842110225,0.00122170171538913,2.91303481633044
"P20644",11.8679626670229,7.86784024006933,-4.00012242695354,0.00140779842463891,2.85145952511872
"P33859",7.3637550492187,11.0705665647105,3.70681151549179,0.00148481386172669,2.82832798667794
"P20579",11.9514742848682,8.26749249547473,-3.68398178939344,0.00153024026597532,2.8152403744144
"P31368",8.40118153942321,5.92121065978868,-2.47997087963453,0.00159920447861525,2.79609600263483
"P15587",5.63300363489745,7.97653200512757,2.34352837023012,0.00162203548651115,2.78993964862832
"P33915",7.23327647848111,10.9368375350763,3.70356105659517,0.00163889889748498,2.7854478369229
"P21791",14.0917258523586,18.2677544197439,4.17602856738527,0.00168643371410512,2.77303072424301
"P3941",8.54810807542043,6.09923421004059,-2.44887386537983,0.00169324433072999,2.77128036981096
"P30245",7.89111346011125,11.6087930179186,3.71767955780736,0.00171831189649745,2.76489800311619
"P20605",8.28783424892703,5.89823006805459,-2.38960418087244,0.00171924215173458,2.76466294951678
"P18895",5.75013382344349,7.81213504352947,2.06200122008598,0.00173017361423243,2.76191031541455
"P7017",5.86477714757777,8.55898528710698,2.69420813952921,0.00180173207938103,2.74430978888258
"P28787",5.90673144127033,8.63312286669394,2.72639142542361,0.00181093120377755,2.74209804796717
"P32125",6.82159065164966,10.2523903274327,3.43079967578302,0.00181509329326946,2.74110104792216
"P35907",5.85177130300249,8.07614375266853,2.22437244966604,0.00183792852033243,2.73567138295472
"P42236",7.48717567167983,11.9229311123643,4.43575544068442,0.00184302191424374,2.73446950082078
"P30295",5.83469534576928,8.65739121285475,2.82269586708546,0.00193123998497489,2.71416375538975
"P5530",6.0605107636561,8.56507481938718,2.50456405573108,0.00215551080263457,2.66644979627897
"P37334",8.2723250508595,5.80984253614752,-2.46248251471198,0.00218213833534521,2.6611177210379
"P26075",6.43782365066668,9.05603703404517,2.61821338337849,0.00218598535108146,2.66035275270919
"P32430",7.91749362027147,5.93474539038509,-1.98274822988638,0.0022250322066927,2.6526636983515
"P8529",12.2846610967033,15.7002634102885,3.41560231358518,0.00230620084173223,2.63710287368579
"P20598",10.8965614917767,7.47382105240929,-3.42274043936739,0.0024935715124964,2.60317817224721
"P21767",5.92151369196689,8.66661833896947,2.74510464700258,0.00252720301008927,2.59735986982514
"P30232",7.62365431534872,11.1076306613804,3.48397634603167,0.00267615577884531,2.57248860991624
"P8584",12.0218895778548,15.1488753508584,3.12698577300365,0.00268994577824293,2.57025647406719
"P13854",8.89100727339226,6.31323911355342,-2.57776815983884,0.00270543574084445,2.56776277691458
"P26768",11.5865142002403,8.13201123240163,-3.4545029678387,0.0028502792240873,2.54511259278436
"P15905",11.2662518319803,16.1877586974359,4.92150686545565,0.00285415199004692,2.54452290344243
"P23598",11.2713594190103,14.6388321030682,3.36747268405794,0.00286865519767945,2.5423216492947
"P30872",6.23719998794308,8.78930993814599,2.55210995020291,0.00298077744408416,2.52567044879608
"P15683",6.65903728718222,10.0177028371861,3.35866555000386,0.00301229059303004,2.52110313444282
"P15894",9.26901603773955,12.7151464002279,3.44613036248832,0.00316165113904201,2.50008605241378
"P20772",7.29128608096777,10.2836429621954,2.99235688122762,0.00332716726109472,2.4779253660249
"P38919",10.7952456845568,7.58223973930654,-3.2130059452503,0.00333871208404683,2.47642103099086
"P2842",7.66194922466207,5.6583939174354,-2.00355530722667,0.00341739617179894,2.46630467140528
"P30669",12.241602715681,15.4206949877027,3.17909227202176,0.00353768830731504,2.45128043382773
"P33898",6.52595775931179,9.97614166046771,3.45018390115592,0.0035508957397399,2.44966207912626
"P18412",9.00765997771336,6.34527546952203,-2.66238450819133,0.00357207594981282,2.44707931567544
"P15541",7.66851436146688,11.0693251815408,3.40081082007394,0.00359456505866124,2.44435365160958
"P17674",5.53438882800163,7.77370282359599,2.23931399559437,0.00360914876114611,2.44259521691157
"P30212",5.91567117672187,7.96055754485049,2.04488636812863,0.00361359338111389,2.44206071792716
"P18443",9.40810902164091,6.46996859053173,-2.93814043110917,0.00372353034496153,2.42904510251736
"P13450",5.78354770529968,7.77500440626811,1.99145670096843,0.00379561508656574,2.42071783582756
"P1358",6.1231977247171,8.87131236653332,2.74811464181622,0.00384994984183504,2.41454492855804
"P15850",7.51127414632342,10.9190330580856,3.40775891176222,0.00385944682010398,2.41347493890148
"P3703",8.39447328060691,6.11218609928638,-2.28228718132052,0.00388982533934611,2.41006989889567
"P26456",6.11503578622216,8.57680755753762,2.46177177131546,0.00396232374347757,2.40205004311806
"P9440",7.8068936378411,5.73730277047746,-2.06959086736364,0.00397244860585763,2.40094171283344
"P40734",5.92806533349769,8.11621081604232,2.18814548254462,0.00402467696863799,2.39526897153659
"P15872",7.20124508637548,10.3211041183417,3.11985903196625,0.00402512751571248,2.39522035666429
"P30298",5.79723804680242,7.98476547489402,2.1875274280916,0.00432124735164544,2.36439087361468
"P1434",5.60441664674041,7.18602951132238,1.58161286458198,0.00434640169831887,2.36187013827749
"P15851",7.43237197024787,10.7664258128935,3.33405384264568,0.00442494278457586,2.3540923404472
"P15752",6.65711355300996,9.73881783320511,3.08170428019515,0.0044704095101911,2.34965269166221
"P38252",13.8881486952923,10.3509817272821,-3.53716696801026,0.00453853982044664,2.34308384976923
"P16124",9.09646852298475,6.53648992455408,-2.55997859843067,0.00461282527622842,2.33603299520898
"P28011",10.1613610769628,6.91908777604313,-3.2422733009197,0.00465781944472075,2.33181735042591
"P30885",12.5977557952258,15.158312882719,2.56055708749314,0.00476172795386078,2.32223542025244
"P21735",7.1064010812158,10.1010698686222,2.99466878740645,0.00481111561488638,2.31775420653459
"P17731",7.10646930752549,10.0245117900889,2.91804248256341,0.00484976526577656,2.31427928124207
"P3774",7.38499146342497,5.54268833687921,-1.84230312654576,0.00487650934718259,2.31189093900157
"P30880",12.324878291583,15.1132301080873,2.78835181650427,0.0049095805270914,2.30895561226639
"P23326",6.72581452876767,9.41651645506853,2.69070192630086,0.00506912994805668,2.29506657541685
"P25132",5.75150502468169,8.09892406270147,2.34741903801978,0.00521653519669516,2.2826178580262
"P26970",10.0495542956706,7.11340230351619,-2.93615199215445,0.00537269950215427,2.26980744906573
"P22710",5.75913586151546,8.45101584219143,2.69187998067597,0.00537279211989408,2.26979996250769
"P27072",11.3063289601948,7.83050218624135,-3.47582677395344,0.00549691052459566,2.25988133216118
"P2909",6.72882016919555,9.74490006448667,3.01607989529112,0.00561530933899422,2.25062631410996
"P15293",9.00273788893758,12.6972824484047,3.69454455946716,0.00569531651216075,2.24448213538379
"P20631",7.56040564236591,5.76794089227147,-1.79246475009444,0.00570432389529303,2.24379582292743
"P30192",9.67081251283613,12.8758227701625,3.20501025732641,0.00573160447500436,2.24172378691562
"P8587",9.48143935064516,13.0318754369807,3.55043608633559,0.00586570809076746,2.23167955365062
"P39609",8.11231410378739,11.371278592308,3.2589644885206,0.00588191518636645,2.23048124204564
"P3807",7.59992807521523,5.86443867330993,-1.7354894019053,0.0059106546509839,2.22836441496232
"P30218",6.18858314694269,8.54476138411754,2.35617823717485,0.00591864817154615,2.22777747548641
"P31951",6.69024118511857,9.2142850820347,2.52404389691613,0.00604496563930276,2.21860616340596
"P20568",11.0614648610992,7.86680155712072,-3.1946633039785,0.00604731715129892,2.21843725424056
"P10606",9.73782966022965,6.88058078892034,-2.85724887130931,0.00605364094820884,2.21798334136357
"P33863",8.74749419276649,12.1724734829678,3.42497929020128,0.00606481539572044,2.21718241389718
"P15524",7.52975041965113,10.7396124476353,3.20986202798414,0.00611577771490296,2.21354830791397
"P22865",5.79614638145181,8.2624692123432,2.46632283089139,0.00611909034374244,2.21331313472635
"P20479",10.4624365327164,7.4665443293758,-2.9958922033406,0.00654392978549796,2.18416136916778
"P9318",5.99906894689962,8.30867631075683,2.30960736385721,0.00655120941443358,2.18367851778996
"P2461",7.39270603712711,5.6362710922141,-1.75643494491301,0.00655368445088345,2.18351447301455
"P3556",5.80688753810574,7.26043679450266,1.45354925639692,0.00659752410432731,2.18061901439215
"P20431",10.204070545247,7.1888322061074,-3.01523833913955,0.00668838932679543,2.17467845483373
"P33288",9.64081840499238,6.81249366396329,-2.82832474102909,0.00674062143985762,2.17130006259529
"P30473",6.40456066654715,8.81799352547189,2.41343285892474,0.00681848469283165,2.1663121301326
"P35325",6.90390337684448,9.71300850384928,2.80910512700479,0.00682820335586913,2.1656935533135
"P36385",7.98457786271527,11.2477353821678,3.26315751945256,0.00683480622843049,2.16527379347601
"P27350",7.21057702759204,5.5298572694771,-1.68071975811494,0.0069105161234675,2.16048951540392
"P20512",11.6303346978522,8.26798091777783,-3.3623537800744,0.00694860917009122,2.15810211486338
"P32443",8.16572495318186,5.84171437223314,-2.32401058094872,0.00701248004760578,2.15412836141878
"P4189",6.95433679470444,5.63150339295402,-1.32283340175042,0.00703128584113538,2.15296524643892
"P8767",13.6850467526313,16.1716182314116,2.48657147878038,0.00705655313765075,2.15140738376994
"P29548",6.02908061154595,8.54598682642907,2.51690621488313,0.00707116413281227,2.1505090819828
"P25651",5.71412459452505,7.17273739238995,1.4586127978649,0.0071535773439727,2.14547672292382
"P21753",10.3954263952453,13.7436327409116,3.34820634566628,0.00717647250987981,2.14408897441245
"P7335",7.1554518998049,5.63057903460012,-1.52487286520477,0.00722135154105701,2.14138151269468
"P20602",12.7328247613678,9.15912025115528,-3.57370451021248,0.00733318646846625,2.13470727161201
"P30253",8.41048513498432,11.6981700194743,3.28768488449,0.00738750179871873,2.13150240036808
"P1383",6.39774064152495,9.1015822601046,2.70384161857965,0.00745785061285892,2.12738632017836
"P42020",5.79129413164191,7.83114475094075,2.03985061929884,0.00754842640352547,2.12214357492634
"P8112",7.43550129346557,5.66526487147532,-1.77023642199025,0.00761125587022564,2.11854367798513
"P24095",8.8624810960172,12.1111127666892,3.24863167067198,0.0076147968386998,2.11834167906577
"P20609",12.490248927786,9.06004410029765,-3.43020482748834,0.00766305360572049,2.115598136392
"P40643",6.31956509963127,8.94474015250938,2.6251750528781,0.00767168215124193,2.11510939890586
"P27765",6.60912946292893,8.86685682102275,2.25772735809382,0.00767422526402185,2.11496545696389
"P2851",7.52789185487048,5.80650532180789,-1.72138653306259,0.00769447372887311,2.11382107881657
"P1801",11.0065073460382,8.06061541828399,-2.94589192775426,0.0077012928160141,2.11343636369349
"P7407",7.03968175216229,9.44235552608418,2.40267377392189,0.00770961453142448,2.11296733544584
"P24089",13.8865105208382,16.0323857603402,2.14587523950203,0.00783211617278904,2.106120879322
"P31148",9.69626712083894,7.04111256859611,-2.65515455224283,0.00783804314610414,2.10579235018895
"P24682",11.453132806945,14.5059611949068,3.05282838796181,0.00786199816709687,2.10446706176495
"P16013",8.72742437382668,6.6436008466572,-2.08382352716948,0.00787548740073351,2.10372255894804
"P24753",7.12367413541852,5.6830764509028,-1.44059768451572,0.0079062120276852,2.10203154298837
"P14529",7.64577701631344,5.77509088657538,-1.87068612973806,0.00798603989188914,2.09766852474723
"P24226",6.58123326414612,8.97065013969552,2.3894168755494,0.00801274931978728,2.09621844402248
"P40361",13.1359813717208,15.4451442756795,2.30916290395867,0.0080262942080625,2.0954849250163
"P25854",7.44624490866083,5.64722412167942,-1.79902078698141,0.00804105593152234,2.0946869170324
"P19402",12.1313053423423,14.9142649010861,2.78295955874376,0.00807173708831711,2.09303299233019
"P4640",7.32159434564947,5.60821878136329,-1.71337556428618,0.00819131778268527,2.08664622525898
"P15511",10.4199238444994,13.0083625633662,2.58843871886682,0.00826516377034177,2.08274853666591
"P19646",7.8482576849068,5.88987639639111,-1.95838128851569,0.00830776352985557,2.08051587361268
"P24349",14.6569343442673,16.4684584058564,1.81152406158913,0.00831896020241681,2.07993095334548
"P38615",7.26043138869782,10.2534484689673,2.99301708026951,0.00840776423248212,2.07531947513962
"P26626",5.92546071594253,7.97344681422543,2.0479860982829,0.00848071740880866,2.07156740794278
"P20498",7.85768473745859,6.1188042676699,-1.73888046978869,0.00857463170572605,2.06678452453369
"P18801",5.85914671063946,7.12732463260392,1.26817792196446,0.00863172897427359,2.06390220442632
"P39694",8.75804579158856,6.33311399860979,-2.42493179297877,0.00871167270599214,2.05989844921321
"P8794",12.8680408599916,15.1973323164315,2.3292914564399,0.00873890186125206,2.05854313779605
"P30124",5.9888681651379,8.40573820139026,2.41687003625237,0.00874218589177124,2.05837996301313
"P12502",8.2487303539276,11.3021233484877,3.05339299456008,0.0087791355224875,2.05654824677014
"P39481",9.46896890528406,6.8541031595298,-2.61486574575427,0.00878343388416885,2.05633566343413
"P10506",7.80048136447183,5.90031085994675,-1.90017050452508,0.00883950233858397,2.05357218495195
"P32122",14.982741619117,17.0041020163174,2.02136039720043,0.00888691371230967,2.05124903660339
"P20487",12.246766124918,9.3142927389625,-2.93247338595553,0.00890865478243832,2.05018787000025
"P24389",7.07908883376407,9.74401489097606,2.66492605721199,0.0089809902642543,2.04667577440281
"P4062",9.65026811008015,6.8798060266653,-2.77046208341485,0.00914653326421361,2.03874348183638
"P8699",12.6353605800831,15.0430566239218,2.40769604383865,0.00915995502436576,2.03810665872491
"P20373",9.99818767697218,7.13695663969558,-2.86123103727661,0.00928615794090049,2.03216393403639
"P1522",5.81864950650278,8.11400578486792,2.29535627836513,0.00928956488685293,2.03200462741262
"P2674",10.8934691242345,13.9126226904022,3.01915356616767,0.00933829219645762,2.02973254105805
"P14561",15.4532167460954,13.0434120092229,-2.40980473687249,0.00936767761647444,2.02836806368669
"P14015",11.0571387592276,13.9497964126553,2.89265765342768,0.00939671442612981,2.02702397151015
"P8575",13.7971404795565,15.6770838375749,1.87994335801841,0.00940247901852202,2.02675762702551
"P9084",11.0943098986595,8.03512658258254,-3.05918331607694,0.0094708158578333,2.02361260734381
"P30186",6.01021869216836,7.78829023637535,1.77807154420698,0.00953400490280234,2.0207246290757
"P32118",6.53407058416205,8.92559867582477,2.39152809166272,0.00957324742432624,2.01894071643092
"P29627",5.61251562676364,7.05728097340313,1.44476534663948,0.00975480211517126,2.01078153622957
"P27996",13.4257464332128,10.0963054741419,-3.32944095907092,0.00977261191099453,2.00998934754712
"P19663",6.21961625036332,8.47467494782854,2.25505869746521,0.00979859051683114,2.00883639112246
"P30133",7.0347939846974,9.77706280285286,2.74226881815546,0.00980933446726884,2.0083604571458
"P15832",8.68300646529422,12.1984348960314,3.51542843073715,0.00987593664355645,2.00542170483185
"P15627",12.3773152032449,15.2424377490392,2.86512254579428,0.00987691045947795,2.00537888337131
"P7993",8.5689058012909,11.0164398900866,2.44753408879565,0.0101225720051874,1.99470912526893
"P21008",7.14878547185719,5.762848251123,-1.38593722073419,0.0101286496043525,1.99444845281067
"P41279",5.93019628066582,7.76425699956007,1.83406071889425,0.0101585210892732,1.99316951346139
"P8414",8.63046705625373,11.5707748179356,2.94030776168185,0.0102249853982532,1.99033730351256
"P19262",7.28986295740913,5.41060565438113,-1.879257303028,0.0102416170059323,1.98963146901326
"P30921",6.95468048760282,9.55978103742924,2.60510054982642,0.0102418983435955,1.98961953908887
"P13045",5.89959190634996,7.71209571131679,1.81250380496683,0.0103522444255747,1.98496548248052
"P2647",7.64068556855334,5.83840961947529,-1.80227594907805,0.0104228105157573,1.98201515753329
"P1170",13.1640968635332,15.7049892868123,2.5408924232791,0.0105646053072387,1.97614672351372
"P27917",11.5346927622964,8.79083678423495,-2.74385597806149,0.0105963068919561,1.97484547208555
"P41525",13.9087157870067,10.8615718370865,-3.04714394992021,0.0106409493543191,1.97301962383143
"P26009",15.6286405701863,17.1772746382088,1.54863406802258,0.010670952551881,1.97179681116963
"P23197",12.756559366238,15.3504984581054,2.59393909186736,0.0106954889129024,1.97079935814037
"P14954",7.23697450522599,9.88162813469724,2.64465362947125,0.0107851212070143,1.96717496977871
"P21794",6.61838720409683,9.35851201551866,2.74012481142183,0.010848077316017,1.96464722817835
"P27227",11.4342476291364,8.39340898746766,-3.04083864166869,0.0108563044420634,1.96431798630868
"P40025",6.67165439993169,9.26381700957536,2.59216260964367,0.0109208400590765,1.96174395329895
"P32115",5.96303795750289,7.82485269336506,1.86181473586218,0.0109634067265368,1.96005447389527
"P12883",5.641486453653,7.0878990981326,1.4464126444796,0.0109649462722678,1.95999349200422
"P1805",6.87347413210331,9.49662903369724,2.62315490159393,0.0109926035353322,1.95889943522732
"P9715",7.46596922379883,5.74695087462773,-1.71901834917111,0.0110586453312538,1.956298070246
"P2200",8.38873421211628,6.32326323926525,-2.06547097285103,0.0110770477808069,1.95557597095639
"P9351",7.89313616876543,6.10272834155459,-1.79040782721085,0.0111260460107424,1.95365914840649
"P41897",10.1277414023928,13.0067238801367,2.87898247774385,0.0111632323573583,1.95221003553218
"P39623",9.6320203927115,12.7325592645798,3.10053887186831,0.011179437586535,1.95158004432153
"P9256",5.85989046012625,7.90668091293126,2.046790452805,0.0111822031311603,1.95147262279629
"P40270",6.67720778598029,9.41893377147901,2.74172598549871,0.0112168801589039,1.95012792010158
"P15628",9.6863056834101,13.127833773438,3.44152809002795,0.011221954665886,1.94993149007877
"P41619",7.42203388270632,5.7907314551927,-1.63130242751362,0.0113056406497214,1.94670482272548
"P38717",11.7791822485236,15.0825580943665,3.30337584584291,0.0113424982543922,1.94529127889976
"P20869",7.57958788339103,5.90844109522979,-1.67114678816125,0.0113438932399755,1.94523786938841
"P30291",6.12857738891069,8.28092836128837,2.15235097237768,0.0113852675959135,1.94365675740168
"P32160",9.31922530523934,6.93016771288048,-2.38905759235886,0.0114023482286968,1.94300569973847
"P1091",8.38219054273412,11.3291081883135,2.94691764557936,0.0114438508401021,1.94142781145247
"P30657",11.1349758482333,14.1792759277519,3.04430007951867,0.011530562409152,1.93814950925045
"P42433",9.53699776207296,12.337683110276,2.80068534820309,0.0115911421026277,1.93587376986628
"P10476",8.5782805617671,6.32900365815434,-2.24927690361275,0.0116087555845344,1.93521433252117
"P15871",6.80719113543697,9.79075462700762,2.98356349157065,0.0116136824716633,1.93503005213511
"P40712",6.75358446698916,9.39695512076073,2.64337065377157,0.011683511916324,1.9324265941561
"P23489",9.52739419205069,12.4937751585871,2.96638096653638,0.0119106490513923,1.92406457170297
"P8768",10.5776399146564,13.5103152533982,2.93267533874182,0.0119706682068296,1.92188160644913
"P18952",7.3602830711254,5.87265027235266,-1.48763279877275,0.0120350412215681,1.9195524178718
"P14516",9.7011443601635,6.9969730635657,-2.7041712965978,0.0120964376388482,1.91734250915284
"P38607",7.59118220565641,9.87856979288818,2.28738758723177,0.0122430856027952,1.91210911393992
"P37557",9.1610405887537,12.2453546817497,3.084314092996,0.0122831781896263,1.91068924788264
"P15646",6.05553310851115,8.0616064074975,2.00607329898635,0.0123151522164489,1.90956021587073
"P41630",8.56307221877932,6.39764532951235,-2.16542688926696,0.0123231715553748,1.90927750550462
"P9727",8.16071740207503,5.95320004296587,-2.20751735910916,0.0123509759236816,1.90829872487199
"P8247",5.81782021174144,7.15816064127361,1.34034042953217,0.0124586845127575,1.90452781153006
"P15590",7.77599829325364,11.0094426289554,3.23344433570176,0.0124634930239623,1.90436022505771
"P15661",9.56651763143205,12.8991974081937,3.33267977676162,0.0125164479598522,1.90251890198074
"P29962",10.5942500393885,13.4082519874206,2.81400194803209,0.0125293568234039,1.90207122231917
"P8577",8.03729403870373,6.13212745671188,-1.90516658199185,0.0126231596090945,1.89883192646687
"P13431",8.41465850330079,11.1561688849335,2.74151038163266,0.0126241946600414,1.89879631743551
"P39577",7.59213613010361,10.5037565976,2.91162046749644,0.0126776036657447,1.89696282950604
"P20425",12.2211524412776,8.95138076488523,-3.26977167639238,0.0126889475793883,1.89657439677197
"P37020",7.85667898044991,5.96869119481149,-1.88798778563842,0.0127346204688531,1.89501399382867
"P31417",5.6087419302253,7.33973099714678,1.73098906692148,0.0127415012486447,1.89477939887733
"P9079",6.07591511085813,8.31191201104934,2.2359969001912,0.0128401837798249,1.89142876022412
"P1342",6.0185676772062,7.95645093795483,1.93788326074863,0.0128439034862832,1.89130296653843
"P26070",7.0486201678701,5.76955907568288,-1.27906109218722,0.0129740290511729,1.88692513394164
"P8520",13.7982701935552,16.2818476420668,2.4835774485116,0.0130335230787791,1.88493817470485
"P20522",11.7002766665408,8.61132595389424,-3.08895071264659,0.0130339532709115,1.88492384036218
"P39315",7.10726931240635,5.58653225824453,-1.52073705416182,0.0130520700988785,1.88432060240835
"P23457",6.06887158366627,7.87727216968638,1.8084005860201,0.0130553628155257,1.88421105439705
"P6995",5.74243992389,7.21971629419694,1.47727637030694,0.0130900269670624,1.88305945874838
"P42506",6.94699862843259,9.38352494705303,2.43652631862044,0.0131255845110623,1.88188134740569
"P20438",8.68613770388648,6.60283933278546,-2.08329837110102,0.0131362317929111,1.8815291968953
"P10504",5.67638622441202,7.21872864695413,1.54234242254211,0.013171817982327,1.88035427931279
"P20560",8.72483655245387,6.49845665518494,-2.22637989726893,0.0132314499820612,1.87839256059689
"P33986",5.68749927470489,7.067642267768,1.38014299306311,0.013249704760679,1.8777937988771
"P27080",9.62196401063465,7.03329441590353,-2.58866959473112,0.0132666506242247,1.8772387078079
"P22746",13.8146637179528,15.7753439936145,1.96068027566164,0.0133612799913766,1.87415193508173
"P20503",14.3431963259017,10.8794745570011,-3.46372176890059,0.0136604875225136,1.86453380105278
"P6689",13.9978642995514,15.9174296609287,1.91956536137723,0.0136739123592123,1.86410720796914
"P38234",8.65754588127649,6.37618212480448,-2.28136375647201,0.0137465272421926,1.86180700292779
"P29097",5.91047158655359,7.98575310383098,2.07528151727739,0.0137576493719898,1.86145576319216
"P37733",5.94204656744765,7.68486638203451,1.74281981458686,0.0137613132964842,1.86134011768484
"P508",7.32710632737345,5.80713611078449,-1.51997021658896,0.0137616112646536,1.8613307141833
"P23892",6.68343851691569,9.24090883255354,2.55747031563784,0.0137846972844929,1.8606027666723
"P39979",14.2843947181519,16.3194069697939,2.03501225164205,0.0138064174643688,1.85991899899561
"P7427",5.55804242388998,7.30000291727473,1.74196049338476,0.0139443815195348,1.85560074339935
"P22885",6.14183162962633,8.06871489135224,1.92688326172591,0.0139485712083217,1.85547027612667
"P37926",7.17580642263336,5.6215941811785,-1.55421224145485,0.0139580587283499,1.8551749787179
"P30243",6.19423883134495,8.2479082195853,2.05366938824035,0.0139629716453002,1.85502214390378
"P22880",7.12028067698859,9.70672399888539,2.5864433218968,0.0140115157745897,1.85351487992253
"P25031",5.87232123652598,7.48948756653397,1.61716633000799,0.0140437537279835,1.85251679495117
"P11695",5.68022077102676,7.10700250413044,1.42678173310368,0.0141492488531822,1.84926661509213
"P12135",5.80450492350795,7.19122979504168,1.38672487153373,0.0141553147390359,1.84908046978832
"P14570",7.42065474313445,5.80150597146241,-1.61914877167203,0.014198451094543,1.8477590301087
"P30112",9.24948195584789,12.4121796297308,3.16269767388288,0.0142132584496098,1.84730634681139
"P972",7.40015580009245,5.77661877002155,-1.6235370300709,0.0142470907958756,1.84627380795619
"P25727",7.21179926733034,9.77589383637994,2.5640945690496,0.0142593903529537,1.84589904194614
"P10315",8.8564078862339,6.65000885257723,-2.20639903365668,0.0142873762983444,1.84504751674917
"P24459",7.23228825846361,5.71151625393504,-1.52077200452857,0.0142931010360873,1.84487353630677
"P24885",13.5555568433171,15.3292737829274,1.77371693961036,0.0143364510971411,1.84355834236966
"P30597",7.50477352481033,5.91714896805128,-1.58762455675906,0.0144348420889474,1.84058796275478
"P20992",7.19969601562492,5.74680076289648,-1.45289525272844,0.0144808876348048,1.83920481637903
"P37143",9.83438219791656,12.7620086987252,2.92762650080867,0.0145417493762465,1.83738334459458
"P15668",7.86477072875832,10.5755979639508,2.71082723519251,0.0145986538466634,1.83568718900457
"P12383",5.83388705315895,7.38540423208213,1.55151717892318,0.0146067582698397,1.8354461579011
"P28672",7.45137207737434,5.87933799696338,-1.57203408041096,0.0146162632802664,1.83516364271237
"P20457",11.7533716800589,8.70020035701531,-3.05317132304356,0.0146471462376886,1.83424698240562
"P8519",15.0505424998521,17.0578592234644,2.00731672361233,0.0146496542136031,1.83417262615604
"P26921",8.05095828796233,6.30835971248156,-1.74259857548077,0.0146608627445923,1.83384047211024
"P20138",13.8867433751334,15.7426082348001,1.85586485966675,0.0146716932174529,1.83351976260101
"P8948",11.8758375642381,9.00327036685528,-2.87256719738283,0.0146743776767547,1.83344030761236
"P33878",7.17234425050849,9.920124469589,2.74778021908051,0.0146981529763449,1.8327372368559
"P20599",8.67099747120493,6.50854032564451,-2.16245714556042,0.0147082005278488,1.83244045770279
"P7624",7.42293430878076,5.94239567200576,-1.480538636775,0.0147546691872741,1.83107052332105
"P8541",14.4120580271333,16.126591978402,1.71453395126866,0.0148062730668618,1.8295542453403
"P21981",11.18586389358,14.2063587473012,3.02049485372121,0.0148194864202941,1.82916684687607
"P13063",5.79072105490453,7.72589934218278,1.93517828727824,0.0148209997239884,1.82912250081229
"P30223",5.65372038918499,7.18930110618764,1.53558071700266,0.0148300847507625,1.82885636706445
"P18408",11.4073135702735,8.47421243053781,-2.93310113973568,0.0148734845076872,1.82758727457278
"P28048",6.10559954247148,7.65356741994606,1.54796787747457,0.014875661658659,1.82752370806571
"P32133",5.8764244672239,7.68894569861055,1.81252123138665,0.0149066680206915,1.82661942039281
"P4323",11.157309161302,14.0336292096331,2.87632004833111,0.014926950125867,1.82602891825037
"P10575",9.49860000225167,6.99291554228002,-2.50568445997165,0.0149361117331872,1.82576244620218
"P1473",8.97143742027483,11.9967858829905,3.02534846271564,0.0149414465725627,1.82560735378776
"P40766",6.51270810249878,8.95411244270442,2.44140434020564,0.0149893912128462,1.82421600546197
"P15650",9.64426558245209,12.8215858328732,3.17732025042115,0.0150358586790163,1.82287176484249
"P7215",6.17414610583585,8.22400005324457,2.04985394740872,0.0150576085685902,1.82224399678965
"P33876",6.30290249142089,8.23512925366937,1.93222676224848,0.0150666153315234,1.82198429963886
"P10209",8.92369618032861,6.56683674924431,-2.3568594310843,0.015077909403964,1.82165887048636
"P30203",6.15537661318487,7.9979358821834,1.84255926899853,0.0151291427947275,1.82018567806181
"P25499",7.92903268648268,6.13023329085152,-1.79879939563116,0.0151928973799365,1.81835939558248
"P1475",6.6327629729602,9.26274539633039,2.6299824233702,0.0152108649609658,1.81784608922815
"P16608",10.8208428965272,8.66715101424345,-2.1536918822837,0.0152141273457972,1.8177529529196
"P36656",7.2586814571884,5.67340130237706,-1.58528015481134,0.0152374284122285,1.81708832175073
"P30946",6.04682436648669,7.23778960363349,1.1909652371468,0.0152590565643006,1.81647231707474
"P33993",7.56316704914543,10.448845205005,2.88567815585961,0.0152780326749341,1.81593256548726
"P18083",5.96486450344778,7.49545740852941,1.53059290508163,0.0152875561033383,1.81566193614859
"P34156",6.27220114839758,8.48241496108589,2.21021381268831,0.0153608197623849,1.81358560664954
"P39910",14.7806643193858,16.8530701933236,2.07240587393782,0.0153925547139554,1.81268929400241
"P17186",9.9076523056197,12.6182687903373,2.71061648471755,0.0154006292477576,1.81246153414757
"P22637",5.91440084829739,7.62046410077237,1.70606325247498,0.0154552436904238,1.81092414281213
"P40306",7.17283978116104,9.86287318825481,2.69003340709376,0.0154665353977332,1.81060696013129
"P22954",5.63093573941174,7.22170371433014,1.5907679749184,0.0154781422175333,1.81028116723788
"P16542",9.0713124359902,12.1605500176759,3.08923758168572,0.0155862377586108,1.80725870314719
"P20551",8.48586613057244,6.51453855170719,-1.97132757886525,0.0156192045305712,1.8063410880503
"P29355",7.52885003912061,6.05546943967285,-1.47338059944775,0.0156746264236801,1.80480280099598
"P32353",7.586271988247,6.13151875193843,-1.45475323630857,0.015729373478649,1.80328857554482
"P16671",7.84419550886397,6.09096321554458,-1.7532322933194,0.0157854317337924,1.80174353559377
"P23814",13.2206335984964,15.770679563814,2.55004596531756,0.0159436395869099,1.79741253161724
"P19355",7.80270917198727,10.4911911535595,2.68848198157221,0.0160074366583817,1.79567820800885
"P6683",10.9744610550302,8.09770477998353,-2.87675627504669,0.0161553126309396,1.79168463327752
"P25662",7.18653971611737,9.56234318301533,2.37580346689796,0.0161789728871886,1.79104905278464
"P8853",8.6216628022706,11.5438359698115,2.92217316754093,0.0162038596436878,1.79038152729022
"P1037",6.9711331776183,5.5440744837113,-1.42705869390699,0.0162944829684047,1.78795941534804
"P3272",7.98813023924713,6.08341342801062,-1.90471681123651,0.0163220930369695,1.78722415096683
"P30095",7.94409315016789,10.8185642726207,2.8744711224528,0.0163549152758928,1.78635170132852
"P41024",13.7948266011432,16.7282599787802,2.933433377637,0.0164605375217037,1.78355598693066
"P22012",12.0042565099066,14.3986234083835,2.39436689847693,0.016513578133731,1.78215881435879
"P20483",8.83619166868495,6.6405678726249,-2.19562379606005,0.0165268774538454,1.7818091931718
"P15626",7.5634835399737,10.5938657684189,3.03038222844518,0.0165316185165912,1.78168462504838
"P25822",7.06915211445683,5.85330209820696,-1.21585001624987,0.0165467808070592,1.78128648610097
"P35232",8.79037665551241,11.671900850085,2.88152419457258,0.0165551381336104,1.78106719120823
"P30117",6.1153503666903,7.91440463364596,1.79905426695566,0.0165616393252093,1.7808966775357
"P41802",6.35049755676182,8.61965912047287,2.26916156371105,0.0166042830046051,1.77977987308375
"P40731",6.83885953472853,9.40181105059736,2.56295151586883,0.0166126767554417,1.77956038522125
"P26279",5.91246599960708,7.67139867349375,1.75893267388667,0.0166609350572974,1.77830062844971
"P30241",5.98167656593843,8.03565001071895,2.05397344478052,0.0167080775746394,1.77707351699803
"P39907",6.19160787246738,7.84049685303054,1.64888898056317,0.0167168969821295,1.77684433387097
"P30634",14.0578793712926,16.2140628324637,2.15618346117109,0.016719032386057,1.77678886096137
"P23440",14.5305041388819,16.6454186603941,2.11491452151219,0.0167311032575284,1.77647542049254
"P21499",8.4499294731672,6.48049018475658,-1.96943928841061,0.0167668555912779,1.77554837611778
"P16328",7.35337478513129,5.93795333389495,-1.41542145123634,0.0168010904705052,1.77466252958641
"P18084",6.53055239828458,8.88690133437161,2.35634893608703,0.016864879012945,1.77301677005135
"P31499",7.76714772233564,6.00692253793067,-1.76022518440497,0.0169342370424566,1.77123436534443
"P30102",5.81891704149662,7.60635766433168,1.78744062283507,0.0169678265232163,1.77037378463736
"P15515",8.53855903335895,11.5448186775197,3.00625964416071,0.0170075121375271,1.76935921043006
"P6797",7.48056874343826,5.95894434101929,-1.52162440241897,0.0170320262849516,1.76873368133719
"P18473",7.60889007500565,6.07637743956281,-1.53251263544284,0.0170610697044148,1.76799374267843
"P23788",10.9889894467341,14.0746060650572,3.08561661832307,0.0170619198142393,1.76797210342518
"P10502",8.61586200293582,6.72838825470085,-1.88747374823497,0.0170674260442381,1.76783197033648
"P10362",7.80500748947428,5.97216033916547,-1.83284715030881,0.017088451473977,1.76729729051373
"P1645",5.89775846470153,7.23097240415002,1.33321393944849,0.0171099648220091,1.76675088336498
"P15697",8.60253527388228,11.5901978900796,2.98766261619736,0.0171141003742039,1.76664592520199
"P26854",7.62016961432284,5.95597711360911,-1.66419250071372,0.0171237476578452,1.76640118072168
"P41933",10.173691715364,7.50139507508733,-2.67229664027671,0.0171468880452823,1.76581468771423
"P1927",6.60825671233625,8.83519195080145,2.2269352384652,0.0171713399980809,1.76519581252314
"P39742",8.45613525279749,6.32031111115996,-2.13582414163754,0.0172289004055882,1.76374243950056
"P34008",12.3992561549995,14.1757641932537,1.77650803825417,0.0172807206567501,1.76243815012542
"P25410",12.5944872735627,15.0649440479367,2.470456774374,0.0173413549591455,1.76091697212565
"P1855",10.0586397127087,12.8984196344308,2.8397799217221,0.0173906921635933,1.75968313238217
"P18477",6.93504756191856,5.69532609690414,-1.23972146501442,0.0175738943089366,1.75513198981502
"P31245",11.5076930176487,8.5829131404374,-2.92477987721128,0.0175816005353728,1.75494159160353
"P41815",7.28542037677637,5.95195332758085,-1.33346704919552,0.0175962400697835,1.7545801214695
"P30532",6.97331993077462,9.31582676409725,2.34250683332263,0.0176305002957762,1.75373536367276
"P18293",5.99888621222476,7.63105563408114,1.63216942185638,0.0178552048172162,1.74823516364669
"P1239",8.12593304265893,6.31683958089303,-1.80909346176589,0.0178711761287012,1.74784686498754
"P18608",10.4892020493973,13.1085050952437,2.61930304584632,0.0178782098206892,1.74767597009936
"P30261",6.16967624412528,8.25707489747889,2.0873986533536,0.0178957263088582,1.7472506708125
"P1509",6.43830518477231,8.65731394745704,2.21900876268473,0.0178980239278005,1.74719491564725
"P23797",10.6534956143521,13.5759077650241,2.92241215067204,0.0179140882963953,1.7468052895308
"P12393",7.03657467174559,9.53357957311193,2.49700490136634,0.0179472218327127,1.74600276915263
"P30179",6.25221374622749,8.05332522596645,1.80111147973896,0.018005478887946,1.74459532329983
"P1197",10.6596163964668,7.80008156024357,-2.85953483622321,0.0180531494386611,1.74344702287094
"P29008",6.31611742348122,8.03430038268954,1.71818295920832,0.01810026790859,1.74231499693406
"P1486",5.96555858718377,7.95473544362981,1.98917685644604,0.0181190830358787,1.74186378472403
"P706",6.90268020480072,5.75722195368095,-1.14545825111978,0.0181444698921589,1.74125571560193
"P15378",8.06888535153413,10.8392970049768,2.77041165344262,0.018172799787258,1.74057815808075
"P15403",9.30266483911092,12.3934605405509,3.09079570144,0.0182174257916878,1.73951299088928
"P152",7.57024011163076,10.187037818264,2.61679770663322,0.0182977454281349,1.73760241892754
"P42243",7.59179857459009,10.2561134916962,2.66431491710611,0.0183115925738646,1.73727388311698
"P26282",5.76827669755559,7.28416369038231,1.51588699282672,0.0183713624966261,1.73585863341529
"P415",14.0413106907153,11.4570234652693,-2.58428722544607,0.0183764945195794,1.73573733059956
"P30387",14.1303955387732,16.1260592526815,1.99566371390831,0.0183977220213372,1.73523594736048
"P12958",6.76470285358618,8.92417418513229,2.15947133154611,0.0184204667238447,1.73469937017487
"P37393",10.4621330111812,7.80359999782484,-2.65853301335632,0.0184639748187884,1.73367480081578
"P6715",7.35664907600781,10.0561331841561,2.69948410814828,0.0184782837163285,1.73333836900024
"P15156",15.4241875437498,17.6372209746262,2.21303343087641,0.0185253085174746,1.73223455061875
"P31603",7.68905166840005,10.5284311703275,2.8393795019274,0.0185630727270601,1.73135013383085
"P30844",13.5322736296302,15.7384205466748,2.20614691704468,0.0186629413451609,1.72901990885826
"P27261",9.85137671377885,7.22059182229675,-2.6307848914821,0.0187016795982697,1.72811938771463
"P22964",15.2073747146226,17.1294757251082,1.92210101048559,0.0187773156530191,1.72636649302873
"P40421",12.8550768493376,15.4410576162466,2.58598076690898,0.0188844113853294,1.72389654729858
"P32448",8.15855205347073,6.21133725478487,-1.94721479868586,0.0189975974474711,1.72130131911461
"P29958",14.6230375012613,16.550171260176,1.92713375891471,0.0190963576912897,1.71904945921399
"P39571",12.1754548959403,14.5794846673419,2.40402977140153,0.0191017974034203,1.71892576544022
"P39655",8.10043414789717,10.7701547989612,2.66972065106403,0.0191125731806541,1.71868083869442
"P17045",9.09072045490545,6.74883575395513,-2.34188470095032,0.0191374507479275,1.71811591399092
"P39608",9.236175270595,12.2378123160466,3.0016370454516,0.0192381126371976,1.71583753684375
"P39990",6.29169114202955,8.27994055180074,1.98824940977119,0.0193216319140606,1.71395619565651
"P36342",8.9523522352101,11.8242355185543,2.87188328334418,0.0193294829803792,1.71377976220379
"P23731",13.0364712852372,15.551531437728,2.51506015249084,0.0193440697051269,1.71345215152789
"P9176",7.0191422904546,9.82118142239411,2.80203913193951,0.0193632618332,1.71302148190176
"P40816",5.86907755013759,7.29185320291056,1.42277565277297,0.0194557295047595,1.71095248041142
"P14146",8.29793614770936,11.1359073371202,2.83797118941087,0.0194590329834618,1.71087874579333
"P7767",7.26998233037527,5.71587084259342,-1.55411148778185,0.0194839565012238,1.71032284868041
"P11946",8.75590902954244,6.54299168086619,-2.21291734867625,0.0194992256450804,1.70998263503472
"P36915",5.63030145497242,7.14503445195918,1.51473299698676,0.0195119675768437,1.70969893436353
"P28232",11.7175515350189,8.88613841898758,-2.83141311603131,0.0195286197003851,1.7093284519344
"P5431",7.17024747015046,5.77846837604481,-1.39177909410565,0.0196525413875721,1.70658128044213
"P35404",8.39303001478913,10.9516962433022,2.55866622851306,0.0196884389639705,1.70578871637632
"P41764",6.80113548145167,9.4357411635856,2.63460568213393,0.0197055334007835,1.70541180490487
"P20423",8.04270003336092,6.07933185881658,-1.96336817454433,0.0198198715927721,1.70289916351024
"P29024",6.35584709803029,8.37430385876087,2.01845676073058,0.0199129191371138,1.70086506984643
"P39951",15.675697146673,17.5745523058135,1.89885515914046,0.019942927326258,1.70021109334982
"P30238",6.32107404189454,8.5916479731054,2.27057393121086,0.0199652918327557,1.69972433733896
"P1584",6.96601124214435,9.52522428171887,2.55921303957452,0.0199883157207222,1.69922379937931
"P40864",6.98096271372957,5.56951977371811,-1.41144294001146,0.0199943497661902,1.69909271493868
"P27114",9.07092834829159,6.76831732378085,-2.30261102451074,0.0199966024998285,1.6990437863819
"P37652",9.21415429531458,6.90218670520212,-2.31196759011246,0.0200460670494583,1.69797082136119
"P15754",9.86091949960475,12.8207165844222,2.95979708481745,0.0200596360582895,1.69767695064314
"P8835",15.4427887377976,17.1140172234897,1.67122848569214,0.0201297405824794,1.69616182194809
"P31246",13.8365378234745,10.6032504640248,-3.23328735944965,0.0202385851765676,1.6938198510954
"P16167",7.34576057841081,5.7348312299366,-1.61092934847421,0.0202401432765908,1.69378641752332
"P15308",8.83913629953694,11.8206180265881,2.98148172705111,0.0202444788490309,1.69369339873767
"P35341",7.35184789179666,9.45718703769647,2.10533914589981,0.0202813947950254,1.69290218094851
"P15919",6.84193630504634,5.57958979704115,-1.26234650800519,0.0203200021889062,1.69207624960515
"P36509",7.13909651925026,5.88353595133538,-1.25556056791487,0.0203206125615652,1.69206320445417
"P15466",9.42422762929048,12.3344864750272,2.91025884573669,0.0204507255041741,1.68929128047471
"P12328",6.42228604268742,8.79942313618135,2.37713709349394,0.020460296794697,1.68908807075268
"P29610",14.0268781653908,15.7042564523631,1.67737828697232,0.0204908077371956,1.68844092159428
"P16227",8.25263746166925,11.2692554555203,3.01661799385106,0.0205082848835046,1.68807065834327
"P6774",6.17676857129669,7.9338569191341,1.75708834783742,0.0205099978168332,1.68803438585969
"P24467",13.7352317490883,15.3668802195582,1.63164847046994,0.0205532024891334,1.68712049909214
"P1684",10.3207444630752,12.9912012675539,2.67045680447866,0.0206195129902093,1.68572159648036
"P23264",14.1745848160791,15.5293594886517,1.35477467257254,0.0207784855275783,1.682386109858
"P34001",11.9900248206642,14.9291306382108,2.93910581754663,0.020842461502648,1.68105099199972
"P8782",9.55544020379031,12.3651730487531,2.80973284496277,0.0208535515051314,1.68081997101478
"P13070",6.16802119197749,7.79285400863232,1.62483281665483,0.020883937199722,1.68018762143026
"P20018",10.3348425535113,13.1188950107767,2.78405245726547,0.020967222157651,1.67845910322637
"P13956",6.20644897171009,7.87547839527239,1.66902942356229,0.0209924582157547,1.67793670257873
"P15727",7.07490312733671,9.55943202627442,2.48452889893771,0.0210035527490429,1.6777072381802
"P39638",11.3684467451676,13.8731935876902,2.50474684252261,0.0211155816749423,1.67539695048164
"P39472",9.52065305970275,12.2558381747417,2.735185115039,0.0211657833255032,1.67436565406697
"P36262",7.29974647713645,5.68830392074925,-1.61144255638719,0.0211943569435631,1.67377975579304
"P18729",10.513005207745,13.1931864732308,2.68018126548584,0.0212242618134079,1.67316740572187
"P39637",9.6738974897528,12.26539493848,2.5914974487272,0.0212282065250383,1.67308669585666
"P7792",7.2301617313925,5.80333645571154,-1.42682527568097,0.0212778261456905,1.67207274391252
"P38736",7.19806296846029,9.58917580788205,2.39111283942176,0.0213462676431807,1.67067804961658
"P22259",6.50748947394857,8.33840839352901,1.83091891958044,0.0213889087136944,1.66981137305872
"P17902",13.5828839749539,15.7934308080136,2.21054683305974,0.0213960713999249,1.66966596150886
"P4092",7.17417428351649,5.91409142971968,-1.2600828537968,0.0214061933760505,1.66946055562754
"P30325",7.33901616779468,10.1327884506531,2.79377228285842,0.0214404700817212,1.66876569698022
"P31091",11.4023405730547,8.87393217449284,-2.52840839856191,0.0214416750893716,1.66874128923797
"P39669",13.3690846829565,15.3939376520957,2.0248529691392,0.0214434896515243,1.66870453739918
"P9259",5.91547297690733,7.35353705983538,1.43806408292805,0.0214475886273408,1.66862152887361
"P18611",13.5702583886386,15.2888535466687,1.71859515803011,0.0214918171836654,1.66772686233669
"P30736",5.71895699365248,6.93783438145695,1.21887738780447,0.0215423710344227,1.66670649832233
"P13016",5.87344880171722,7.51220784785801,1.63875904614079,0.0216156651116416,1.66523139673122
"P33028",12.9322796892458,15.5042128932437,2.57193320399788,0.0217854279159502,1.66183390510116
"P22881",6.53603192061858,8.168148792065,1.63211687144643,0.0218296329979979,1.66095356563232
"P9428",7.1206261369666,5.89132437646481,-1.22930176050179,0.0218596381064267,1.66035703221628
"P22766",14.9082503192423,16.7092643277398,1.80101400849751,0.0218807275269251,1.65993824195121
"P42375",5.59572113837569,7.08992981488363,1.49420867650794,0.0218869841323155,1.65981407693952
"P23403",14.5312249718321,16.3788892811742,1.84766430934209,0.0219220182737355,1.65911946456741
"P7810",7.0560651506707,5.69651639285983,-1.35954875781087,0.0219820953493466,1.65793091267292
"P3616",9.76746570410821,7.27856997036522,-2.48889573374299,0.0220150470614334,1.65728038181477
"P5200",5.93352498744605,7.52132983424162,1.58780484679557,0.0220656966254207,1.65628235709962
"P3012",7.43143453960021,5.70864651182468,-1.72278802777553,0.0220845481209559,1.65591148255379
"P10582",7.16349704935296,5.76909010729682,-1.39440694205614,0.0220874001932556,1.65585539993527
"P34143",5.76941048258089,7.37437298803406,1.60496250545317,0.0220917127691953,1.65577061199754
"P13157",6.25732726712562,8.48130027422195,2.22397300709633,0.0220965425403484,1.65567567532469
"P22686",8.92068272271044,11.7830516210914,2.86236889838095,0.0221099331904736,1.65541256972579
"P15239",14.7784761093991,16.8212131302932,2.04273702089415,0.0221142885893424,1.65532702720519
"P40326",5.65264208096598,6.96796082271793,1.31531874175194,0.0221306863891763,1.65500511610397
"P30502",14.0376508664813,16.2631635151252,2.22551264864387,0.0221990522423331,1.65366556675257
"P3903",6.89934546820824,5.66075709236495,-1.23858837584329,0.0222005851273679,1.65363557896205
"P13104",5.88427924217252,7.44216435889822,1.5578851167257,0.0222137239564127,1.65337862928809
"P15800",7.10912331648773,9.77047041333266,2.66134709684493,0.022247531674763,1.65271816623338
"P7836",7.5208160215041,5.9173046483098,-1.60351137319429,0.0222741664933866,1.65219853842894
"P186",10.6513408611304,8.01265901910301,-2.63868184202735,0.0222821506728114,1.65204289337906
"P41157",7.37349845901234,5.91596207789903,-1.45753638111331,0.0222855577860611,1.65197649146891
"P20586",7.83007798980982,6.0205996017995,-1.80947838801031,0.022288787479931,1.65191355669241
"P17257",15.0346542896596,12.6642271940126,-2.37042709564708,0.0222965976593042,1.65176140289454
"P3438",7.71484541633513,6.05719530651045,-1.65765010982468,0.0223572933626236,1.65058077452567
"P17999",10.7396621253964,8.09827878247179,-2.64138334292458,0.0223936894165605,1.64987434941983
"P1424",10.1897340808202,13.1533975343673,2.96366345354713,0.0223978253489181,1.64979414616638
"P42507",8.29952301596092,10.8802027907306,2.58067977476972,0.0224118216577842,1.64952284209187
"P2419",7.2011765004415,5.96111052784835,-1.24006597259315,0.0224833829516981,1.64813834227031
"P23433",13.1154621593042,15.298717244103,2.1832550847988,0.0225540081563787,1.64677626684528
"P8706",11.8577972196061,14.5038559957093,2.64605877610327,0.0225612568851904,1.64663670951594
"P36419",6.23826074452704,7.65938580509455,1.4211250605675,0.0225851984127572,1.6461760897744
"P8883",7.20417200848538,9.65726921166717,2.45309720318178,0.0226182282862173,1.64554141690191
"P17378",6.1026196030501,7.87629807847935,1.77367847542925,0.0226667973894413,1.64460983736566
"P6573",7.42690350193836,5.96533602178671,-1.46156748015165,0.022727554000323,1.64344730168477
"P40073",6.96053424267133,5.70078664725966,-1.25974759541167,0.0227316381830989,1.6433692651882
"P36034",6.52967944631341,8.58338716730807,2.05370772099466,0.022742676944764,1.64315841766432
"P41453",7.74261824167303,6.14230804494525,-1.60031019672779,0.0227831387977262,1.64238644405729
"P8311",6.80428134645526,9.26180765310781,2.45752630665255,0.0228526256950608,1.64106389365261
"P25437",14.6959492969376,16.4029944518517,1.70704515491412,0.0229197647584446,1.6397898441494
"P23056",6.14581343368796,7.90066069375816,1.7548472600702,0.0229280559768324,1.63963276665365
"P25173",6.70416372240864,9.08033447153732,2.37617074912868,0.0231310077151871,1.63580544653713
"P12354",5.74436811778326,7.15767515657845,1.41330703879519,0.0231379434419634,1.63567524484402
"P36760",8.72390486960885,6.77129134542621,-1.95261352418264,0.0231711787511015,1.63505187246477
"P24738",10.3242480273157,12.8728872676121,2.54863924029638,0.0232493645134971,1.63358891339998
"P31731",7.32915860002355,5.95221523522166,-1.37694336480189,0.0232594707621635,1.63340017127941
"P34218",8.29017928191022,6.4982510460252,-1.79192823588502,0.0232621142859906,1.63335081492962
"P21028",8.2412627761792,10.995259677617,2.7539969014378,0.023271524813848,1.63317515962068
"P21697",8.93146476930735,12.076880910391,3.14541614108364,0.0234165332840779,1.63047739991424
"P7785",7.55026850444513,5.90569380349215,-1.64457470095298,0.0234680474377696,1.62952304258197
"P23246",13.1191656857263,15.5271317958643,2.40796611013804,0.023475784276592,1.62937988995401
"P32113",7.48216079077625,9.93549851466175,2.45333772388549,0.02350522848653,1.6288355228226
"P34295",12.8059205566191,10.0970895270051,-2.70883102961397,0.0235651932203758,1.62772899493685
"P30539",7.26657709464196,9.62599383588087,2.35941674123892,0.0236413701300595,1.6263273576266
"P38273",7.35545642955328,5.72073345643258,-1.6347229731207,0.0236497376765275,1.62617367210454
"P39807",8.03016561734625,6.17772872841097,-1.85243688893528,0.0237345757195173,1.62461852734648
"P9670",5.99578555579502,7.17236481696347,1.17657926116845,0.0238014676711442,1.62339626219447
"P15447",8.61467554411958,6.58158864009846,-2.03308690402112,0.0238802979400739,1.62196025907856
"P40675",5.85898519766517,7.68366092173503,1.82467572406986,0.0238927419770246,1.62173400691994
"P8842",10.3686407820877,13.0913359488716,2.72269516678394,0.0239144531138093,1.62133954631494
"P30953",7.72084886763871,6.00333553911627,-1.71751332852244,0.0239745139937999,1.62025018799255
"P13079",6.06681090866179,7.88800340826917,1.82119249960738,0.0239875605125487,1.62001391667616
"P38937",7.91753809145226,6.21025311738596,-1.7072849740663,0.023989416274551,1.61998031942799
"P19339",13.5799258557873,15.4365074881192,1.85658163233187,0.0240629905098903,1.61865040021995
"P28125",7.10870885967447,5.89049879182562,-1.21821006784885,0.024080230875676,1.61833935347935
"P15771",9.82462872893155,12.8083177035498,2.98368897461823,0.0240848732230875,1.61825563536401
"P9679",11.3116295487611,8.53029384841924,-2.7813357003419,0.0241157009157835,1.61770011091675
"P18923",7.12975242858576,5.57105836810652,-1.55869406047925,0.0241487573637768,1.61710521207353
"P26961",8.4511370711175,6.5410230524581,-1.9101140186594,0.024194460432005,1.61628405878023
"P33917",5.72831339593945,7.62575068142704,1.89743728548759,0.0242376617238879,1.61550928010786
"P1463",6.45313347304762,8.23273263292502,1.7795991598774,0.0243346794584762,1.6137743700012
"P225",11.5828232981148,14.3257629135797,2.74293961546489,0.0243628312317638,1.6132722432607
"P37711",8.49113523135349,6.57988259338781,-1.91125263796568,0.0244072089125456,1.61248188150806
"P23219",9.51324435867367,12.0423588307671,2.52911447209339,0.0244585750513592,1.61156884841822
"P7823",7.53219030005681,6.16924895777285,-1.36294134228395,0.0244754651856612,1.61126904515727
"P41434",6.87781702313523,5.81589226053315,-1.06192476260207,0.0245243745043892,1.610402060513
"P33676",13.1912707700962,15.1896252044107,1.99835443431449,0.0246104423139305,1.60888058082085
"P7576",7.97695552694752,6.15675136948405,-1.82020415746347,0.0246297974601298,1.60853915950924
"P40570",6.02341076356917,7.48060598777122,1.45719522420206,0.0246576655945633,1.60804804158411
"P30574",15.3563643724859,17.2384475181843,1.88208314569832,0.0246709893348762,1.60781343445585
"P8294",5.86687567021134,7.1123594198789,1.24548374966756,0.0246804587220821,1.60764677257163
"P1338",5.83128955707864,7.43573850021485,1.6044489431362,0.0247129783208202,1.60707491180746
"P26449",5.95082656979477,7.52396627668056,1.57313970688579,0.024722711910001,1.60690389187812
"P25645",6.33471932102694,8.29511380477964,1.96039448375269,0.0248336096905264,1.60496014896186
"P38765",9.42382387618455,7.19987809680791,-2.22394577937664,0.0248632039250515,1.60444290798263
"P15868",7.75742982036121,10.492373022576,2.73494320221484,0.0249166064780216,1.60351110680525
"P30239",6.08869777114548,7.67916776495602,1.59046999381054,0.0249167100622479,1.60350930134413
"P42331",13.5666066982605,14.9355835421332,1.3689768438727,0.0249566912451832,1.6028129938779
"P22842",14.6492689192062,16.1693742686305,1.52010534942429,0.0249829502540098,1.60235627679535
"P20556",9.33534526540306,7.2638272330882,-2.07151803231485,0.0249875946873199,1.60227554716687
"P20610",12.8884497405203,10.0950469948328,-2.79340274568748,0.0250132565670346,1.60182976220704
"P36202",8.39460908029005,6.34503519442387,-2.04957388586619,0.0250305394323597,1.60152979082435
"P34440",6.51862206984406,8.62733784048478,2.10871577064072,0.0250647764743487,1.60093616403676
"P30187",5.9516620642259,7.49224217712987,1.54058011290397,0.0251129606900093,1.6001020831638
"P9757",7.82434724929473,10.5844323653399,2.7600851160452,0.0252294752355378,1.59809178256528
"P22910",5.82166515218274,7.11113664012666,1.28947148794392,0.025271869513655,1.59736262949155
"P9264",5.9512705117827,7.26446984110044,1.31319932931774,0.0252899314263001,1.59705234824436
"P12793",9.33151172015311,6.89081414912258,-2.44069757103053,0.0252980757487412,1.59691251137301
"P42475",7.8285679287941,6.1270412143962,-1.7015267143979,0.02530165047821,1.59685114798625
"P1789",6.17157107285014,7.88230188640966,1.71073081355951,0.0253580025605332,1.59588495864136
"P33704",9.31298069342808,7.1135648786629,-2.19941581476518,0.0254048853022149,1.59508276149872
"P40724",7.03807927740984,9.43753490252233,2.3994556251125,0.0254198599624004,1.59482684629674
"P7165",14.5593817125381,16.2690151477682,1.70963343523016,0.0254459235252455,1.59438178237608
"P1519",5.87292243300845,7.47431482625791,1.60139239324946,0.0255193947741062,1.59312962969158
"P20075",15.2837459411557,16.926096126951,1.6423501857953,0.0255469137558199,1.59266155814277
"P3042",7.79701463552983,5.91496347410509,-1.88205116142474,0.0255742365006286,1.59219732295357
"P15157",15.4773618398317,17.3765517267688,1.89918988693707,0.0255897861328231,1.59193334372293
"P37634",5.95775571691388,7.28862748898891,1.33087177207503,0.0255927494189888,1.59188305552139
"P31543",6.0576688085313,7.36948466726104,1.31181585872974,0.0256607746424357,1.5907302373665
"P529",13.0989313263304,15.2515401465665,2.15260882023614,0.0257109850099977,1.58988128484247
"P23239",14.1216560094142,15.7551592793958,1.6335032699816,0.0257181164505106,1.58976084154501
"P35197",12.9586907801417,15.1539590485772,2.19526826843548,0.025751815770495,1.58919214327117
"P30180",7.25455993806468,9.59599205538373,2.34143211731905,0.025754023046818,1.58915491999902
"P20545",8.47054710891821,6.36518231805172,-2.10536479086649,0.0257766465105448,1.58877358413928
"P16870",6.45642798320841,8.24496930880751,1.7885413255991,0.0258001297911591,1.58837810925218
"P33700",7.15266848722265,6.01320394973682,-1.13946453748582,0.0258336714794958,1.5878138675404
"P13289",12.4252396584449,14.9640407563787,2.53880109793379,0.025840478309781,1.58769945176921
"P15762",6.38915834247095,8.58842325302441,2.19926491055346,0.0258424811010099,1.58766579266031
"P22034",14.8879427908319,16.4259244984594,1.5379817076275,0.0258530620607619,1.58748801128046
"P21394",9.30041125545985,11.9018550719158,2.60144381645596,0.0259328688576942,1.58614943617522
"P15328",13.126701932991,15.7038254216178,2.57712348862685,0.0260633362146801,1.58396999357779
"P23065",15.4374251300215,16.9601013907071,1.52267626068561,0.0260721908369756,1.58382247368659
"P15878",6.97986897861604,9.60745971740095,2.62759073878491,0.0260869373634214,1.58357690458088
"P20557",7.52102038237611,6.00336718053147,-1.51765320184464,0.026093160321421,1.5834733173339
"P40698",5.83776271825991,7.49383245780672,1.65606973954681,0.0261395490064451,1.58270190970505
"P9051",7.2983336356861,6.03073100880647,-1.26760262687963,0.026224333245113,1.58129554495135
"P34676",7.35559756223262,6.02984352880241,-1.32575403343021,0.0262809425486224,1.58035906314859
"P35480",7.39987972220976,9.50681948254695,2.10693976033719,0.0262937483572784,1.5801474977718
"P33883",5.94138299696609,7.55694580315634,1.61556280619026,0.0262993068927366,1.58005569700934
"P22136",6.89991952274318,5.58506989374672,-1.31484962899646,0.0263082951573402,1.5799072943601
"P24030",5.98689446540652,7.58756075353843,1.6006662881319,0.0263151639212165,1.57979392035094
"P37223",7.47687732436513,6.1522864894621,-1.32459083490303,0.0264546346732936,1.57749823150362
"P23947",6.00227355117642,7.37214620369399,1.36987265251756,0.0264723246448833,1.57720791982007
"P2423",8.78708982660019,6.71841748006593,-2.06867234653426,0.0264724091097826,1.57720653412456
"P1440",6.0817278568073,7.74966492054731,1.66793706374002,0.0264791267700757,1.57709634118063
"P27012",11.4877957486767,8.94336578265602,-2.54442996602067,0.0264972173821372,1.5767997313098
"P20592",14.7883837415934,12.1764141372106,-2.61196960438279,0.026522146938209,1.57639132319043
"P18233",6.92597333355823,5.84058226278411,-1.08539107077412,0.0265507510975335,1.57592318859757
"P42579",10.119551776159,7.59802641099877,-2.52152536516024,0.0265684696040258,1.57563346108346
"P20526",13.8866216241615,15.8822295652521,1.99560794109058,0.0265849030705939,1.57536491879847
"P36357",7.05943924303655,9.25507700192358,2.19563775888703,0.0266695341357148,1.57398457051393
"P30650",7.9419736008303,10.6572255892966,2.71525198846634,0.0266973836926117,1.57353129682027
"P19681",7.4181251621433,9.80118541770666,2.38306025556337,0.0267202387628569,1.57315966547314
"P34185",6.92313498217497,8.97879564080577,2.0556606586308,0.0267247403853483,1.57308650500631
"P21265",10.1562542948312,12.5756309879984,2.41937669316729,0.0267338346386046,1.57293874259241
"P16455",6.14114608028071,7.67957924805776,1.53843316777704,0.0268018711711148,1.57183488466815
"P40313",8.42386653556334,11.1512102062763,2.72734367071293,0.0268053064911974,1.57177922269815
"P42617",7.07409217838448,5.81514026430831,-1.25895191407618,0.0268419686615493,1.57118563501968
"P40003",5.77308432091438,7.11382898282047,1.34074466190609,0.0268881790487579,1.57043860855596
"P12929",5.97633303077854,7.51967937436509,1.54334634358655,0.0269118306498413,1.57005675879207
"P6713",14.4611086436948,16.4600402921736,1.99893164847884,0.0269394100516531,1.56961191915932
"P13053",5.91023932054531,7.55945847636401,1.64921915581869,0.0269895229628532,1.56880479148763
"P15591",7.27956097834668,9.93960713047974,2.66004615213307,0.0270207249003109,1.56830300409334
"P1787",6.58607066879997,8.41229751752558,1.82622684872561,0.0270224051039132,1.5682759996192
"P37690",7.23724187109157,5.71082400962757,-1.526417861464,0.0270925435655312,1.56715021960257
"P20576",7.35572015722681,5.87266899194823,-1.48305116527858,0.0271291129274723,1.56656440664394
"P30251",6.74631464070925,9.01753926794614,2.27122462723689,0.0271347316507988,1.56647446902291
"P42238",6.03586506007096,7.4753831772332,1.43951811716224,0.0271524560110135,1.56619088122101
"P24759",7.65586319745726,6.01766785133355,-1.63819534612371,0.0272411611492506,1.56477438464601
"P30500",14.6987323310922,16.8276229361,2.12889060500782,0.0272451361490275,1.56471101750391
"P392",7.56290972134525,6.13514803674483,-1.42776168460042,0.0272892612713945,1.56400822065474
"P9189",6.24555481703433,8.45202914346321,2.20647432642888,0.0272919572495354,1.56396531767593
"P15012",6.00576608895422,7.37270466304169,1.36693857408747,0.0273106387699664,1.563668142005
"P34659",7.0153041530207,5.86356696917614,-1.15173718384457,0.0273278707810992,1.56339420453281
"P39517",7.69466619685968,6.08564533313862,-1.60902086372106,0.0273617808832178,1.56285563931362
"P1779",15.8592888183747,17.5815718091767,1.72228299080203,0.0273970439509221,1.56229629356862
"P23838",6.87234792521605,9.05899811514143,2.18665018992537,0.027421290997334,1.56191210243419
"P39153",8.29459117650851,10.7565716827465,2.46198050623803,0.0275100982971298,1.56050785781734
"P24262",6.99819138067157,5.78023292309482,-1.21795845757675,0.0275385442810019,1.56005902077617
"P31883",7.59418845571953,6.11153099647451,-1.48265745924502,0.0275467847154517,1.55992908508179
"P33928",5.77519928938908,7.24725912487726,1.47205983548817,0.0275492283272851,1.5598905615271
"P37083",8.58781756125304,6.510430891068,-2.07738667018504,0.0275715124541521,1.55953940972027
"P18718",12.6270739785944,14.7393612417201,2.11228726312574,0.0276114949714711,1.55891007868186
"P7809",7.7244502597843,6.13421473547363,-1.59023552431068,0.0276453414275456,1.55837804203621
"P18404",12.0567412754816,9.19949570773914,-2.85724556774249,0.0276879183770953,1.55770969399525
"P41312",12.549547828985,14.9252907399064,2.37574291092147,0.0276988236108103,1.55753867534648
"P16734",8.35481921218218,6.45997506583967,-1.8948441463425,0.0279088299300819,1.55425837080484
"P32340",7.17817960327051,5.77267325199289,-1.40550635127762,0.0279281833749457,1.55395731263037
"P6685",11.0540196789328,13.696423947991,2.64240426905814,0.0279297942506415,1.55393226358794
"P29820",6.08274909422364,7.49474186959135,1.41199277536771,0.0279329434748855,1.55388329746961
"P33064",12.0622980885022,14.4901547432562,2.42785665475402,0.0279698215885231,1.55331030385969
"P10218",9.22761702032327,11.9157729434114,2.68815592308809,0.0279722536216295,1.55327254270926
"P38594",15.0613090501742,17.0716564359527,2.01034738577854,0.0280423047434675,1.55218629540451
"P30158",5.69171408936444,6.74689843768471,1.05518434832028,0.0280523108426313,1.55203135740724
"P41443",10.7001710883761,13.3294024786979,2.62923139032181,0.0281457358652545,1.55058739230342
"P13188",5.77622703622332,7.17985307985716,1.40362604363384,0.0281682724021317,1.55023978805962
"P42367",6.25811769706429,7.89994827960611,1.64183058254183,0.0281805678489895,1.55005025994213
"P30654",13.2933323306034,15.5398110549334,2.24647872433001,0.0282309223753633,1.54927493212632
"P8080",11.5736130151826,14.2991347954298,2.72552178024725,0.0282406901665081,1.5491246938864
"P285",6.37939922111078,8.43761554022731,2.05821631911653,0.028249796952048,1.54898466936391
"P18610",6.23401494278985,7.95675564659378,1.72274070380393,0.0282544998001203,1.54891237677417
"P15990",7.09075168732363,9.41087015699285,2.32011846966922,0.0282991447178336,1.54822668991523
"P42102",7.63313536823697,6.21149571762374,-1.42163965061323,0.0283909029552301,1.54682079478525
"P3618",7.1798452626444,5.97138230417218,-1.20846295847223,0.0284027619088768,1.54663942673242
"P16808",5.87251011834279,7.28965715829812,1.41714703995533,0.0284167646354535,1.54642536979189
"P13200",5.69438972903523,7.16700949894289,1.47261976990765,0.0284168190896349,1.54642453756739
"P31294",10.1637403638251,7.5937057266029,-2.5700346372222,0.0284257314855886,1.54628835070119
"P38203",7.53671322210555,6.076155111957,-1.46055811014854,0.0284633462916269,1.54571404344506
"P15215",9.47611711431897,7.21295409645913,-2.26316301785984,0.0285020925108221,1.54512325463908
"P41347",5.8772451139312,7.02145997198358,1.14421485805238,0.0285248549955048,1.5447765546157
"P40644",5.90608711687362,7.15623517823321,1.25014806135959,0.028531094508283,1.54468156764225
"P41085",7.08429923484224,5.8752137459472,-1.20908548889505,0.0285350840950152,1.544620843215
"P13124",5.83972786826495,7.00327581432595,1.163547946061,0.0285395174027695,1.54455337498753
"P37352",8.33852096114111,6.44075521086695,-1.89776575027416,0.0285576353613103,1.54427775600127
"P42325",14.6886061927056,16.4359724439424,1.7473662512368,0.0285668036170166,1.54413835076711
"P12351",8.9319609659395,11.4110081587584,2.47904719281888,0.0285718891836071,1.54406104296025
"P23023",10.6534859279401,13.2485338331178,2.59504790517765,0.0285798140613014,1.54394060103187
"P34972",5.96312103126556,7.56489551103823,1.60177447977266,0.028601699480745,1.54360816081566
"P9607",8.44215875304555,6.50755895326252,-1.93459979978303,0.0286112448023333,1.54346324673777
"P27299",13.4825995250332,10.7270080953527,-2.75559142968046,0.0286485301792738,1.54289765472296
"P30231",7.11038828496322,9.41440021437384,2.30401192941063,0.0286797191129984,1.54242510643074
"P6230",9.38518515797662,7.15025168220369,-2.23493347577293,0.0287181765741176,1.54184313855713
"P36659",8.05276234650662,6.28190526370314,-1.77085708280348,0.0287204745275089,1.54180838883865
"P10013",7.56314295708942,6.23000105525445,-1.33314190183497,0.0287455501665952,1.54142937489312
"P32135",6.85686763412155,8.63722636334072,1.78035872921917,0.0287560723463832,1.54127043243303
"P17294",8.22252852593577,10.7221037494888,2.49957522355301,0.0287718143503772,1.54103275063967
"P34030",7.19274290347864,9.61861963933998,2.42587673586134,0.0288828725359892,1.53935961634856
"P13189",6.83225345593197,9.15192640054357,2.3196729446116,0.0290263443574728,1.53720765673973
"P20646",12.2974992968281,9.79948920384927,-2.49801009297886,0.0290291478589714,1.53716571255201
"P23016",6.92709781305522,9.05227910408483,2.1251812910296,0.0292440240592067,1.53396286747123
"P27346",9.6028513666638,7.49116890817813,-2.11168245848567,0.0292490265282638,1.53388858361389
"P37322",7.56879176969375,6.10637298912245,-1.4624187805713,0.0292768885498774,1.53347508053105
"P12305",7.3745072037584,9.63090388244765,2.25639667868925,0.0293296683660243,1.53269284760997
"P40805",7.75502326608775,6.27787519412029,-1.47714807196745,0.0293354931589381,1.5326066064623
"P22983",6.07598360826882,7.58583886676199,1.50985525849317,0.0294451270911961,1.53098656683638
"P30101",6.38187955815621,8.35409407462972,1.97221451647351,0.0294935543631186,1.53027288606906
"P15",8.10234906619618,6.18160199257685,-1.92074707361933,0.0295009497721048,1.53016400184745
"P23575",15.5988519514893,17.1442647473566,1.54541279586725,0.0295870371053105,1.52889852362752
"P36951",8.86696610404984,6.66740643101676,-2.19955967303308,0.0296007136900936,1.52869781772711
"P23341",14.5336089828385,16.4148821331487,1.8812731503102,0.0296396777052989,1.5281265230804
"P38840",7.34872795081639,6.09047518143447,-1.25825276938191,0.0296451662246258,1.52804611016181
"P28975",6.33406561361862,8.18359317083722,1.8495275572186,0.0296885824105411,1.52741053888013
"P15115",15.2049687722032,16.9872983735183,1.78232960131509,0.0297155360038843,1.52701643160366
"P32567",5.99897280748216,7.11065038404721,1.11167757656505,0.0297342862577005,1.52674248185152
"P18444",7.40919940006159,5.96446748870734,-1.44473191135426,0.0297384109385478,1.52668224156585
"P1647",8.49507267459298,11.0990923630166,2.60401968842366,0.0298135192160379,1.52558675640961
"P12828",6.44319208603054,8.44660162201777,2.00340953598723,0.0298215270751236,1.5254701213351
"P20544",8.97516188732413,6.64002337256396,-2.33513851476017,0.0299030689081202,1.52428423838234
"P7119",5.83619061160288,7.22552221435839,1.38933160275551,0.0299341133455989,1.52383360121686
"P25080",6.44855002012775,8.2072601521586,1.75871013203085,0.0300019050416083,1.52285116785399
"P18016",8.61147697179383,6.6679390837232,-1.94353788807063,0.0300451597775165,1.52222548210475
"P1359",11.6539807496189,14.7956557523276,3.14167500270867,0.0300531624804254,1.52210982064854
"P24951",6.89044256839177,5.66429033177651,-1.22615223661526,0.0300656732879558,1.52192906615842
"P21179",8.84523874783721,11.446619424122,2.60138067628483,0.030165643001315,1.52048741296496
"P6012",14.1145437038102,15.6595901291946,1.5450464253844,0.0302836642810127,1.51879157696777
"P1381",6.38796310074647,8.40288235768946,2.01491925694299,0.0302948097211565,1.51863177092158
"P10400",11.454570348889,13.9501885718969,2.49561822300784,0.0303064586866605,1.51846480803009
"P15085",6.01041226079539,7.65117581752677,1.64076355673139,0.0303643554071131,1.51763593390928
"P38470",13.0267938520905,10.337579596478,-2.68921425561248,0.0303788990919205,1.51742796868809
"P42552",6.63677893984026,5.61714312408441,-1.01963581575585,0.0303864168933455,1.51732050805405
"P38383",13.0808767872894,15.8337491378771,2.75287235058768,0.030421909257366,1.51681353341521
"P20434",6.89874415471004,5.72756057909384,-1.1711835756162,0.0304318333608328,1.51667188285351
"P14030",6.18939215226211,7.73826689512275,1.54887474286064,0.0304403204773786,1.51655077960106
"P40169",15.4450741099687,17.0994118986459,1.65433778867713,0.0304517957006252,1.51638709252606
"P13830",10.1721593515558,7.94738538997301,-2.22477396158278,0.0304643055123975,1.51620871793575
"P8590",15.5976405020224,17.1440605952822,1.54642009325983,0.0304825709265282,1.51594840701359
"P29731",7.55655467573585,6.12113331679445,-1.4354213589414,0.0305378808558044,1.51516110364379
"P30509",15.3390562513683,16.8822479905753,1.54319173920698,0.0305690339113549,1.51471828628528
"P41185",7.4565303828232,5.78442779002495,-1.67210259279825,0.030590445030628,1.5144142048414
"P41955",6.28631628954085,7.8680946875181,1.58177839797725,0.0307017602980735,1.51283672335593
"P16977",8.40057325124678,6.58197769032678,-1.81859556092001,0.030740954177103,1.51228265643877
"P27165",10.6697029539306,7.95182092745518,-2.71788202647542,0.0307830342000671,1.51168857516727
"P8517",15.9196993811733,16.9198098018252,1.00011042065186,0.0308568531891669,1.51064836577332
"P15583",6.98316758099345,9.41036759208833,2.42720001109488,0.030871148839136,1.51044720837947
"P30860",13.2330543634788,15.3348016868653,2.10174732338645,0.0308981581739132,1.51006740791324
"P15554",6.58270885858609,8.82190736349476,2.23919850490867,0.0309304657302165,1.50961354063244
"P34857",13.7712903959486,15.5995393746875,1.8282489787389,0.0310235481617331,1.50830853344249
"P18772",6.84711381642972,5.71072188712946,-1.13639192930026,0.0310855547471117,1.50744137788696
"P15992",7.50534501982648,6.04949509202632,-1.45584992780016,0.0310954903586929,1.50730259021256
"P24366",6.15567655685896,7.89696592413176,1.74128936727279,0.031143278138708,1.50663567556298
"P38262",7.70020489529965,6.2182215400607,-1.48198335523895,0.0311758227765823,1.50618207601737
"P41324",7.07058240534755,5.9939685062901,-1.07661389905745,0.0312301066815683,1.50542653222394
"P8407",6.75627253029812,5.68052174661887,-1.07575078367925,0.0312786858569414,1.50475150168213
"P21597",5.79752028375044,7.2208067023011,1.42328641855066,0.0313053730913578,1.50438111601072
"P22083",8.75873681506183,6.66041498448045,-2.09832183058138,0.0313131352002551,1.50427344685119
"P20662",7.46599082465498,6.06972409737492,-1.39626672728005,0.0313648075035015,1.50355737353151
"P27022",9.15726668444806,6.95408010304056,-2.2031865814075,0.0313847914461037,1.5032807529176
"P11289",6.89233911426099,5.79208592969881,-1.10025318456218,0.0313910657578065,1.50319393932139
"P3188",7.18443431728889,5.97035389691705,-1.21408042037183,0.0314257546897326,1.50271428393156
"P20582",8.07397179026332,6.23864047283117,-1.83533131743214,0.0314299393158241,1.50265645750702
"P22905",8.4857722982199,11.0989246254333,2.61315232721337,0.0315479076360267,1.50102943934413
"P20287",9.66323842013735,11.9126452224382,2.2494068023008,0.0315667675620295,1.5007698875993
"P17751",6.76463735736049,9.02916610218869,2.2645287448282,0.0315693513234228,1.50073434175531
"P36867",6.87469383572185,5.68575846559573,-1.18893537012611,0.0315864242200037,1.50049953615306
"P21759",11.6882788749673,14.2041924725583,2.51591359759094,0.0315993238667998,1.50032220991512
"P37488",6.08088054654706,7.42571384419152,1.34483329764446,0.0316140797368705,1.50011945566686
"P35976",5.81880799382543,7.5418244833488,1.72301648952337,0.0316862288502552,1.49912944547306
"P30635",15.2630936439583,16.9194830532732,1.6563894093149,0.0316936662586179,1.49902751960458
"P7558",8.05449870427356,6.26392112157553,-1.79057758269803,0.0317319912550793,1.49850267407171
"P33133",13.2628806903997,10.6396655867427,-2.62321510365702,0.0317590273252167,1.49813280705602
"P7981",7.02792195916184,5.97838238008164,-1.0495395790802,0.0317914676683692,1.49768942220914
"P8763",6.20618212366877,7.84121720929666,1.63503508562788,0.0318008544219018,1.49756121128185
"P7950",18.4246782064964,15.8824066972634,-2.54227150923303,0.031836928476809,1.49706883823079
"P22949",13.9709037445541,15.7249386414654,1.75403489691134,0.0319218095854083,1.49591249731249
"P42585",12.0500449469351,9.08228749475793,-2.96775745217718,0.0320237966858808,1.49452718016252
"P23507",6.19915347290572,8.35621140802103,2.15705793511531,0.0321111183326135,1.49334456901383
"P15238",12.8338949610872,15.3041785995859,2.47028363849874,0.0321442730308595,1.4928963917179
"P7942",7.23396552186655,5.77629615501708,-1.45766936684947,0.0321467308188012,1.49286318633371
"P15745",8.03315083411754,10.7357379952378,2.70258716112024,0.0321526845737195,1.49278276000637
"P41003",8.32847237010589,6.44028175634137,-1.88819061376452,0.0321908082415097,1.49226811898319
"P30622",13.2752316316284,15.1458752862651,1.87064365463674,0.0322671517487782,1.49123936847839
"P19809",7.54275439819425,6.05770496261812,-1.48504943557613,0.032364684401857,1.4899286235665
"P12363",6.01186518478326,7.17484040301373,1.16297521823047,0.0323697748676247,1.48986032111297
"P33324",7.50662590103453,9.92400334561279,2.41737744457825,0.032379287862309,1.48973270718458
"P37662",7.22636669561661,5.87086109428182,-1.3555056013348,0.0323880213224418,1.48961558348084
"P20466",6.97301766983046,8.71948828477451,1.74647061494406,0.0324427079867313,1.4888829024692
"P28301",7.58368578933903,5.87510617506547,-1.70857961427356,0.0325107621249079,1.48797284955148
"P31664",6.93327166729564,5.66323441471411,-1.27003725258153,0.0325666785272858,1.48722653283301
"P28707",8.15513344695338,6.38691835157255,-1.76821509538083,0.0325702379056275,1.4871790691685
"P15298",8.96638189342711,11.8744038653089,2.90802197188181,0.0326461210055835,1.48616841395857
"P40305",7.29860322277758,9.56125238729484,2.26264916451726,0.0326898595535081,1.48558694528893
"P20334",8.70974949641773,6.82086024571637,-1.88888925070136,0.0326905900005828,1.48557724119127
"P42476",7.07328029144415,6.06726412157738,-1.00601616986677,0.0327179834207152,1.48521347200086
"P6356",10.7083156832191,7.93738597169097,-2.77092971152814,0.0327351719862123,1.48498537301091
"P15065",13.937782352429,15.797607876244,1.859825523815,0.0327588075646166,1.4846719151391
"P13900",7.54424383250519,6.12937478115544,-1.41486905134975,0.0328030826707359,1.48408534153278
"P24380",15.3812669005274,16.7224505194302,1.34118361890283,0.0328153199040965,1.48392335761438
"P15155",14.1697517118488,16.4458828389546,2.27613112710576,0.0328478954710852,1.4834924499877
"P20651",12.7865034658395,9.89936724604162,-2.88713621979789,0.0330223124173966,1.48119251814313
"P33967",7.42778805966393,9.88091468995523,2.4531266302913,0.0330293101061918,1.48110049746218
"P1364",7.53680975274606,10.2191223709457,2.68231261819968,0.0330842192071793,1.4803791103181
"P2244",5.87793443346205,6.97607156260238,1.09813712914033,0.0331089463785923,1.48005463952108
"P14308",7.01172354375827,5.94634399401006,-1.06537954974822,0.0331199417602769,1.47991043557111
"P12396",5.96261908012805,7.20309363130775,1.2404745511797,0.0331517613861751,1.47949339214686
"P21307",9.09463475889282,7.17951465637435,-1.91512010251847,0.0331874668661994,1.47902589516644
"P18122",5.93847063784944,7.48477016787428,1.54629953002484,0.0333648199444929,1.47671121450643
"P20604",11.1661554698678,8.46529576663021,-2.70085970323763,0.0333788142564244,1.47652909518938
"P13984",5.91452124614824,7.2452261337532,1.33070488760496,0.0333928664984197,1.47634629879492
"P30755",15.0753908872064,16.6216472099567,1.54625632275031,0.0334498267620722,1.47560612711801
"P42157",7.05553053626292,5.89613066239054,-1.15939987387237,0.0334594236708572,1.47548154390925
"P20497",6.78578307602096,5.70931703321124,-1.07646604280972,0.0334668397061654,1.47538529639557
"P32511",9.64737421968979,7.37015540779128,-2.27721881189852,0.0334891535470963,1.4750958293031
"P9606",5.78312447860058,7.46557926098734,1.68245478238676,0.033497891907111,1.47498252316962
"P39965",15.0666955365336,16.1596430416765,1.09294750514292,0.0335231981843014,1.47465455544935
"P22616",9.69765133225448,12.2400370670531,2.54238573479865,0.033581762068149,1.47389651974066
"P21731",12.1681478472371,15.316084526263,3.14793667902587,0.0336114702230774,1.47351249033312
"P15678",7.46444557601018,10.0398512894501,2.57540571343993,0.0336696819729413,1.47276098572207
"P13573",6.05263880055923,7.08502473222678,1.03238593166754,0.0336835574759032,1.47258204690622
"P30550",14.9699897594928,16.4178233311094,1.44783357161661,0.0337095316669733,1.47224728117414
"P7995",9.29106543964415,7.19519723947666,-2.09586820016748,0.0337648365276771,1.47153534857373
"P23647",14.9261782010175,16.4170160622432,1.49083786122578,0.033769351780138,1.47147727578778
"P36265",6.93691285731021,5.73521967140931,-1.20169318590091,0.0337710542037014,1.47145538213319
"P41029",5.80556462551517,7.05270863213125,1.24714400661607,0.0338102505706318,1.4709516106291
"P14441",6.84890463658167,5.66122056710195,-1.18768406947973,0.0338408233691806,1.47055907883805
"P15319",10.2433919224034,13.0949051153419,2.85151319293857,0.0338423971414606,1.47053888238132
"P15748",18.7274289284983,19.7482019950604,1.02077306656206,0.0339384054747575,1.46930856596005
"P7471",7.37368124770294,9.56166627450725,2.18798502680431,0.0339663894866267,1.46895061472461
"P7853",7.49249098107743,6.11565513325391,-1.37683584782352,0.0339791147759637,1.4687879395612
"P9199",5.91921871585042,7.30345255514135,1.38423383929092,0.0340765022355872,1.46754498954332
"P38160",8.38622703329976,6.55058613711371,-1.83564089618605,0.0340973946977584,1.46727880316623
"P36283",6.74403189423769,5.6600339453538,-1.08399794888389,0.0341766996218872,1.46626987857279
"P34051",5.90865908101157,7.11021530367239,1.20155622266082,0.03419531703431,1.46603336544716
"P42659",7.62460989266049,6.04369170596623,-1.58091818669426,0.0341971730587015,1.46600979381962
"P38595",10.8266191741316,13.6837546872488,2.85713551311724,0.0342045768212507,1.46591577829403
"P17707",12.906235277799,14.8449717744756,1.93873649667661,0.0342112594714412,1.46583093717336
"P23060",8.40178954543494,10.9669335508593,2.56514400542439,0.034258719936146,1.46522886831313
"P13152",5.8877220956909,7.33166341074254,1.44394131505164,0.0343110467017782,1.46456603304051
"P12181",7.0204430692255,8.69300139218851,1.67255832296301,0.0343714825389245,1.46380173511363
"P39397",6.05396074040473,7.74473225416851,1.69077151376379,0.034377742215442,1.46372264933521
"P33489",11.1074665450209,8.61599508594265,-2.49147145907821,0.0343791862501881,1.46370440720788
"P30743",15.2978711478835,16.7958300031465,1.49795885526298,0.0344553794149108,1.46274296336953
"P39594",6.69829131958669,8.41133111917438,1.71303979958769,0.0344715467447612,1.46253922928008
"P21239",11.1856836316596,8.77905573580082,-2.40662789585881,0.0344831532682584,1.46239302752282
"P7818",7.20176678054009,5.9924157864389,-1.20935099410119,0.0345359199234595,1.46172897132538
"P40700",5.85385055884714,7.0946694524816,1.24081889363446,0.0345519280468023,1.46152771336289
"P15172",6.30309299786256,8.12680941662781,1.82371641876525,0.0346338024858874,1.46049982413115
"P23810",16.1733106711069,17.5124603139943,1.33914964288741,0.0346365891669563,1.46046488163457
"P30531",15.5496536642885,16.9577766615769,1.40812299728844,0.0346676836337757,1.46007517532303
"P42456",10.9604533561527,13.4889685213668,2.52851516521404,0.0346699860912179,1.46004633257229
"P13240",7.57184563913819,10.1079847321696,2.53613909303144,0.0347277383383198,1.45932349941803
"P26951",8.55715512340072,6.6986558485842,-1.85849927481652,0.034730052999278,1.45929455394013
"P30108",6.33155738064893,7.92320054024743,1.59164315959849,0.0347621253024504,1.45889367932031
"P5056",7.10882300928366,5.94925947169267,-1.15956353759099,0.0348338508921571,1.45799851150882
"P12933",5.64916088599433,6.98229827091095,1.33313738491662,0.0349291399533103,1.45681210769559
"P30097",9.00813093425884,11.7590237321168,2.75089279785798,0.0349306261860994,1.45679362888483
"P37601",7.09402351598089,9.37128942664554,2.27726591066465,0.0349387448097163,1.45669270129945
"P39860",7.82846238923016,6.18988506556425,-1.63857732366592,0.0349456668983046,1.45660666709486
"P24975",7.2746201916473,5.90691854065282,-1.36770165099448,0.0349657543514821,1.45635709784982
"P36193",14.9588288066859,13.0548150586017,-1.90401374808421,0.0349779420732986,1.45620574581508
"P25729",13.2420515733509,10.5076979099143,-2.73435366343664,0.0350443016310052,1.45538259029088
"P30581",9.03645989472568,11.3338098690416,2.29734997431587,0.0350499686081209,1.45531236666525
"P25443",12.8024654465216,15.3348516610822,2.53238621456062,0.0351137887004119,1.45452230858902
"P8724",13.0068433855596,15.2038529311681,2.1970095456085,0.0352397479296618,1.4529672067625
"P40445",12.743100443995,14.7077535583277,1.96465311433266,0.035275021941523,1.45253270743671
"P22680",16.1171213791015,17.2745062071702,1.15738482806862,0.0352825557848088,1.45243996313668
"P38896",7.32798090333593,5.92156396310037,-1.40641694023556,0.0354025470011761,1.45096549196391
"P30302",6.16692788757631,7.35808109794681,1.1911532103705,0.0354243279655016,1.45069837999773
"P16600",9.01423136278619,7.03281895310873,-1.98141240967745,0.0354430725642317,1.45046863611202
"P39820",6.88975423288751,5.63402952076251,-1.25572471212501,0.035499233517561,1.44978102392202
"P20513",9.30473062766769,6.99139257541616,-2.31333805225153,0.0355147405199405,1.44959135405034
"P42352",11.8284921258687,14.1111567795719,2.28266465370322,0.0355295364410966,1.44941045877544
"P32130",8.09809392713466,10.3258837473069,2.22778982017228,0.0355864081273233,1.44871584479204
"P40493",5.93484792465298,7.20188773258823,1.26703980793525,0.0356032848149439,1.44850993148799
"P8029",7.5893086522075,6.20327956131907,-1.38602909088843,0.0356883438325239,1.44747360561915
"P33099",14.0798988404629,16.2696755284019,2.18977668793894,0.0356998531950877,1.44733356978961
"P23533",12.8759828067105,15.259007567413,2.38302476070251,0.0357052517105255,1.44726790094219
"P26650",13.461403447239,11.3696089278293,-2.0917945194097,0.0357284512147562,1.44698580953122
"P28429",9.04526406971912,7.01065740956895,-2.03460666015017,0.0357319850726063,1.44694285611405
"P39126",6.01462904237784,7.39336223432925,1.37873319195142,0.0357383652391031,1.44686531707588
"P28353",6.91036460821256,5.83186009905936,-1.07850450915321,0.0357415717488608,1.44682635314968
"P14862",7.03067788049044,9.30783494380758,2.27715706331714,0.0357736054285854,1.44643728744869
"P3095",10.0953017341718,7.67126135606065,-2.42404037811111,0.0357865037290202,1.44628072925359
"P30131",5.84959676930656,7.41187455703855,1.56227778773199,0.035792278012554,1.44621065990007
"P39952",15.4995135617736,16.7986005585769,1.2990869968033,0.0358312729749342,1.44573776241248
"P1578",6.01651472705542,7.67058086347434,1.65406613641893,0.035871672368582,1.44524837566537
"P15839",11.0979557793682,13.6948354818111,2.59687970244296,0.0359052354409382,1.44484222113386
"P15773",7.98511546063487,10.5300476480387,2.54493218740381,0.0359208669404245,1.44465319029819
"P11703",5.75358277531811,6.96470510956239,1.21112233424428,0.0359489738238385,1.44431350219362
"P32919",6.45528299283858,8.09999436682853,1.64471137398995,0.0361064978629955,1.44241463377024
"P41038",14.5277902435948,15.9397135109737,1.41192326737891,0.0361585302701205,1.44178923053486
"P25670",9.52375546617924,7.47499309908428,-2.04876236709495,0.0362110862529292,1.4411584471085
"P1890",6.01741715062944,7.33853090326422,1.32111375263478,0.0362203541020131,1.44104730819649
"P15660",12.074945766336,14.4072093150024,2.33226354866641,0.0362294487758217,1.44093827362321
"P1089",9.74831693664138,12.1260785063596,2.37776156971821,0.036275056044317,1.44039190791245
"P2561",6.16081122854095,7.75525277326628,1.59444154472533,0.0362790689220229,1.44034386734558
"P6754",15.4533353233703,16.9444442617482,1.49110893837796,0.0362906950534163,1.44020471394404
"P26520",5.93760868032274,7.34520038203268,1.40759170170994,0.0363032401930718,1.4400546109096
"P15674",5.84420800980581,7.64758478263812,1.80337677283231,0.0363276194861827,1.43976306010281
"P668",6.60603888432296,8.54903417340027,1.94299528907731,0.0363474408719807,1.43952616126443
"P25542",6.14853553705211,7.41345687530268,1.26492133825058,0.0363610844985982,1.43936317207458
"P22069",6.16422128287613,8.2105724666193,2.04635118374318,0.0364119744777839,1.43875577035042
"P14495",9.82107497584827,7.32721497768513,-2.49385999816314,0.0364120878086638,1.43875441862754
"P11640",6.07353560680257,7.44486063794445,1.37132503114188,0.0364154103568696,1.43871479171768
"P42573",9.09407719387333,7.07210076279178,-2.02197643108155,0.0364700133490838,1.4380640777218
"P9121",6.92989604594056,5.8060631480322,-1.12383289790836,0.0364903625453446,1.43782182173646
"P11339",7.52627288151664,9.71144210303349,2.18516922151685,0.0365072148116265,1.43762129874245
"P20627",9.80351137426874,7.67126745880548,-2.13224391546326,0.0365884662432875,1.43665579537914
"P30285",5.90970063529121,7.32177754362248,1.41207690833127,0.0366343680880375,1.43611129527402
"P7882",8.42958530217913,6.42629527701193,-2.0032900251672,0.0366510990671976,1.43591299751228
"P14776",6.9043119870344,9.09514896471109,2.19083697767669,0.0367596879570895,1.43462818387704
"P23207",7.48851380191775,9.86791445206807,2.37940065015032,0.0367812311406448,1.4343737381583
"P23970",13.9612000919023,15.9132795739984,1.95207948209604,0.0368627850040576,1.43341185668603
"P8252",6.28267229638922,7.80094473420377,1.51827243781455,0.0368712093697846,1.43331261737055
"P34320",7.08097150034826,5.77029619086723,-1.31067530948103,0.0368788329798045,1.4332228305265
"P18112",7.41284937050841,9.78333766973886,2.37048829923045,0.0369261280201782,1.4326662289759
"P36461",6.75609711969344,8.45634264183075,1.70024552213731,0.0369425228486314,1.43247344939858
"P9460",15.0968438782317,16.6283306911074,1.53148681287574,0.0369868111790294,1.43195310980514
"P35848",7.4438740591708,6.14081665311465,-1.30305740605615,0.037016149763358,1.43160875639587
"P40909",5.88499086984677,7.32441980880791,1.43942893896114,0.0370825978267054,1.43082984889962
"P2580",9.71145528349417,7.31851660328171,-2.39293868021247,0.0371004168222051,1.43062121107049
"P30598",15.1288690897026,16.3841409354374,1.25527184573485,0.037111686881083,1.43048930470549
"P35765",6.00008285080768,7.26862111380078,1.2685382629931,0.0371855228960825,1.42962610716328
"P32084",13.3672560996699,10.8179497724291,-2.5493063272408,0.0372687971422219,1.42865462396002
"P41510",7.28412101349813,5.83052934379775,-1.45359166970038,0.0373522029691515,1.42768377914624
"P37666",6.91491485944046,5.85165501786406,-1.06325984157639,0.0373610148043553,1.42758133592304
"P36681",7.2667019641488,6.02760200142579,-1.23909996272301,0.0373903851956603,1.427240060722
"P22807",11.5246939834025,13.926349283088,2.40165529968544,0.0373969007167349,1.42716438863892
"P39593",7.82416669483693,10.0480406552363,2.2238739603994,0.0374394057131035,1.42667105356556
"P20613",6.94628309656466,5.73127364381319,-1.21500945275146,0.0374400578554629,1.42666348882579
"P775",6.05425900828785,7.70903589661996,1.65477688833211,0.0374418474409033,1.42664273061782
"P25953",15.1318438233511,16.5655484692804,1.43370464592931,0.037452208326413,1.42652256953461
"P24025",6.24677201187011,7.77677415551392,1.53000214364381,0.0375053913852841,1.4259062981235
"P30491",14.5113911856765,16.4884403783686,1.97704919269205,0.0375184856686425,1.42575469905162
"P29165",15.3025968782258,16.7931798737625,1.4905829955367,0.037546123357451,1.42543489731176
"P40211",6.07487808114729,7.55787591124606,1.48299783009877,0.0375584265747467,1.42529260980897
"P22886",5.84508964666957,7.27155005643086,1.42646040976129,0.0376651351822254,1.42406046952201
"P10308",7.60680696047497,6.12341609489345,-1.48339086558152,0.037713475622342,1.42350344176441
"P20399",7.2780590006467,9.56346919965348,2.28541019900678,0.0377598127464744,1.42297016806503
"P31122",7.82817661215752,6.18140352919263,-1.64677308296489,0.0378223710949779,1.42225124859551
"P1506",6.39609834217712,8.25819927940053,1.86210093722341,0.0378595905920737,1.42182408674213
"P9149",6.16164497575601,7.9971335256968,1.83548854994078,0.037873232183814,1.4216676296641
"P8482",13.444695593228,15.48401638337,2.039320790142,0.037919772999178,1.42113427116254
"P30430",6.17565184396921,7.68022775216959,1.50457590820038,0.0379224825641867,1.42110323967163
"P25943",10.1474586978794,7.9755149026134,-2.171943795266,0.0379688348365021,1.42057273000905
"P10514",6.94447890799429,5.75384573046413,-1.19063317753016,0.0379746067398046,1.42050671494028
"P20096",16.1596015599537,17.5416707005994,1.38206914064571,0.0380132934438232,1.42006450181189
"P40742",6.05115621999053,7.37433951711853,1.32318329712799,0.0380788722558554,1.41931592216549
"P37517",6.20657101749742,7.53884015055329,1.33226913305587,0.0381455556523058,1.41855605451425
"P15717",6.50616970517008,8.35320785460731,1.84703814943723,0.0381545725914592,1.41845340706066
"P16995",7.22937445184907,6.16384158512027,-1.06553286672881,0.0381611855930314,1.41837814108239
"P19657",8.07496923237833,6.39852624891233,-1.676442983466,0.0381690664169166,1.41828846239672
"P17316",16.207788493691,17.5358393110078,1.32805081731679,0.0381716979924998,1.41825852089001
"P7152",7.11080237536201,5.98621398403593,-1.12458839132608,0.038196720564327,1.41797392247978
"P21403",11.8402703624978,14.8255785968053,2.98530823430747,0.0382401899073519,1.41747995960958
"P2069",6.93072663057298,9.03350469623113,2.10277806565815,0.0383313898191876,1.41644543381475
"P41039",7.29135124390954,6.02852827667873,-1.26282296723081,0.0383479467213509,1.41625788468657
"P17325",9.70660704813013,12.3599959265143,2.65338887838419,0.0383520509492513,1.41621140636622
"P36242",7.1185764262696,5.89221871999281,-1.22635770627679,0.0383677534125071,1.41603362975961
"P42482",5.90171121014103,7.29486036360851,1.39314915346748,0.0384505935097915,1.41509695219446
"P39455",7.28796780634566,5.90807065876642,-1.37989714757924,0.0384562024878258,1.41503360413316
"P23443",13.667302765151,15.8801361007453,2.21283333559425,0.0384916237867695,1.41463376760744
"P11565",7.70570973846876,6.09873944328234,-1.60697029518642,0.038497054109363,1.41457250251741
"P15856",7.59540755568595,9.78322465678049,2.18781710109454,0.0385119861378801,1.41440408339028
"P38598",6.18126027360398,7.77352199323237,1.59226171962839,0.0385431568414461,1.41405271773782
"P21652",5.89179066813456,6.99576332841021,1.10397266027565,0.0385509868201102,1.41396450049128
"P42397",13.3015683326144,15.303468452645,2.00190012003059,0.0385899500275741,1.41352578382204
"P3534",7.36271473539852,5.93161780921277,-1.43109692618575,0.0386441673163289,1.41291604620847
"P20541",10.8782134617157,8.28408051893205,-2.59413294278366,0.0387900477426412,1.41127968587164
"P1120",14.686137513343,15.9203357038827,1.2341981905397,0.0388996344417152,1.41005447992601
"P41515",6.30956131638728,8.02648521823165,1.71692390184437,0.0389048673668463,1.40999606092816
"P14433",9.29817061721711,7.2094154660061,-2.088755151211,0.0389307044592486,1.40970773756115
"P20507",8.46416561843779,6.60440364304223,-1.85976197539556,0.0389411144698339,1.40959162340733
"P5943",15.2618156577818,16.9457337938506,1.68391813606879,0.038954675852007,1.40944040513276
"P803",8.38025029128147,6.61770688029125,-1.76254341099022,0.038989450229072,1.40905288854024
"P20511",9.64775713925179,7.54156143481826,-2.10619570443353,0.0390444212522865,1.40844101024836
"P12322",5.73644543779596,6.98229533434764,1.24584989655168,0.0390463124391,1.40841997492294
"P18441",7.06146072458723,5.94036599787544,-1.12109472671179,0.0390735640839047,1.40811697292221
"P12154",8.38902835621817,6.50383373744294,-1.88519461877523,0.0390940172474557,1.40788969977089
"P20486",14.657648369167,11.9917689864184,-2.66587938274868,0.0391578184773892,1.40718151119021
"P3036",7.20173879268465,5.95565010812808,-1.24608868455657,0.0391806148961391,1.40692875251932
"P35495",7.62450328461441,9.88242263263616,2.25791934802175,0.039304415737919,1.40555865514921
"P32298",7.09526041602794,5.77495669685271,-1.32030371917523,0.0394187394548554,1.40429726784332
"P40658",5.72144389608262,7.01795658339647,1.29651268731385,0.0394517070822978,1.40393420004944
"P41367",7.47569980683674,9.7144577181472,2.23875791131046,0.039506798430772,1.40332816343894
"P41959",13.1774861979634,15.0245303841932,1.84704418622973,0.0396110791507582,1.40218332566349
"P38070",7.58348987746855,6.03562264530119,-1.54786723216736,0.0396245337421441,1.4020358350431
"P7710",6.93155306415813,5.61842712862996,-1.31312593552817,0.0396251154733671,1.40202945917487
"P20567",7.07878046480483,6.06010429585507,-1.01867616894976,0.0396738891862758,1.40149522404443
"P9322",8.56350333191175,6.6946188222853,-1.86888450962645,0.0396802162228552,1.40142596998215
"P1392",5.67845997988393,6.96188091450811,1.28342093462418,0.0397014948276184,1.40119314101612
"P20053",15.2829577316899,16.462465088943,1.17950735725302,0.039775998554099,1.40037890882553
"P22692",5.98051287801862,7.5309866890284,1.55047381100977,0.0397819602115278,1.40031382131023
"P34120",5.62965360264653,6.81852093548316,1.18886733283662,0.0398592982813077,1.39947035127624
"P39613",10.5111202530719,13.4096526908803,2.8985324378084,0.0398652509486177,1.39940549771243
"P40233",13.8381307905967,16.014194694316,2.17606390371932,0.0399395879694806,1.39859641977338
"P24097",12.3127971312139,14.7271267838957,2.41432965268175,0.0399431028043683,1.39855820189707
"P35071",7.06733207686654,5.87756052042157,-1.18977155644497,0.0399432507079657,1.39855659376969
"P1480",5.93612519558562,6.99889062824514,1.06276543265952,0.0399605121283382,1.39836895455301
"P10430",6.90366208979822,5.77280200053966,-1.13086008925856,0.0399851323113603,1.39810146255785
"P37421",7.63134851541814,10.0762104940561,2.44486197863792,0.0399956734486051,1.39798698614763
"P10481",14.591692342436,12.058149602171,-2.53354274026493,0.0401012874416716,1.39684168424171
"P31903",13.3822720869293,10.6329829545538,-2.74928913237558,0.0401050999517414,1.39680039695423
"P9141",7.7037628449484,10.1395690313011,2.43580618635274,0.0401115353503474,1.39673071419831
"P40186",12.2798670255766,14.7064327705328,2.42656574495622,0.0401968229260498,1.3958082712989
"P38957",7.41791032125125,5.9170911519837,-1.50081916926755,0.0402031107552625,1.39574034165242
"P7429",8.74522641831756,11.2861713476192,2.5409449293016,0.0402382425186572,1.39536099617075
"P34154",9.7551362818294,12.2735234091814,2.51838712735204,0.0402559538466091,1.39516987848853
"P6095",6.08496933118012,7.49853123095408,1.41356189977395,0.0402693201583434,1.39502570225183
"P31280",14.9391431243831,12.8149603501516,-2.12418277423152,0.0402734928081135,1.39498070360564
"P32086",6.73096836620299,8.61282294136797,1.88185457516498,0.0403037130816036,1.39465494153711
"P15730",8.27484727441584,10.8834629304158,2.60861565599994,0.0403116474281603,1.3945694530417
"P18372",7.45770405192689,6.04091725158213,-1.41678680034475,0.0403152773733598,1.39453034786252
"P8766",13.2384276363543,15.1880249167213,1.94959728036706,0.0404192503377093,1.39341174567513
"P23967",7.16318554888052,6.04696332496056,-1.11622222391996,0.0404234114980471,1.39336703737549
"P22727",16.2832709214109,17.7976147224163,1.51434380100537,0.0404263783385545,1.39333516388604
"P16014",13.3369722504935,15.1712671819694,1.83429493147593,0.0404308240663687,1.39328740672892
"P13192",5.71943434318729,7.1851626692822,1.46572832609491,0.0404840060863641,1.39271651852208
"P30841",15.902486115417,17.2060516949358,1.30356557951872,0.0404957240036027,1.39259083208608
"P9371",8.91986273526391,6.92706889929021,-1.9927938359737,0.0405129419930079,1.39240621781528
"P263",8.95203908706562,11.4667382163807,2.5146991293151,0.0405142273634536,1.39239243899772
"P3675",13.4713131629837,15.2978591576329,1.8265459946492,0.04054549817962,1.39205735906775
"P42657",7.80773624783367,6.18777272177003,-1.61996352606364,0.0406611643981205,1.39082018879592
"P20601",12.9245476774524,10.1398883203214,-2.78465935713109,0.0406806168273442,1.39061247062931
"P35778",5.90588199444746,7.25494313961773,1.34906114517026,0.0406983335327911,1.39042337338732
"P39978",16.2147331914172,17.6421871843009,1.42745399288369,0.0407049740845682,1.39035251742128
"P24737",7.7461879343296,6.18109542815878,-1.56509250617083,0.0407725234240849,1.38963240909624
"P15349",5.69257159236464,7.17233820755665,1.47976661519201,0.0408185385681858,1.38914254844735
"P29785",7.40198509263388,9.5591564781941,2.15717138556023,0.0408278793857177,1.38904317689793
"P12992",5.88652699779702,7.08029743571273,1.19377043791571,0.0408869835239465,1.38841492875181
"P22848",15.940957234548,17.3097752867074,1.36881805215941,0.0409044798059824,1.38822912601523
"P8473",10.4776556069609,13.2764955082846,2.79883990132372,0.0409203868771863,1.38806026895223
"P31298",8.49946876658004,6.62185119856202,-1.87761756801802,0.0409750030407052,1.387481005529
"P35399",6.46392329926321,8.15322477500234,1.68930147573913,0.0409918270627073,1.38730272414341
"P40032",12.9780337919922,15.287420506924,2.30938671493177,0.0411083708804375,1.38606973391426
"P17974",5.74595920048518,6.78238332500742,1.03642412452224,0.0412022930441412,1.38507861336722
"P23148",13.753808989957,15.5449849917165,1.79117600175941,0.0412379666440127,1.38470275699318
"P23135",16.7458325581672,18.3109171637173,1.56508460555015,0.0412460023555128,1.38461813775829
"P19979",10.4988775737818,8.19287337466281,-2.30600419911895,0.0413134312670375,1.38390873340745
"P27094",8.60327058487512,6.60764882181951,-1.9956217630556,0.0413515046400682,1.38350868333053
"P32490",9.12049888380866,7.15136874840674,-1.96913013540192,0.0413859283686212,1.38314729826754
"P20661",10.5529682914342,8.03574018163092,-2.5172281098033,0.0414432987562791,1.38254568341169
"P41270",6.73251471529845,8.68246738625514,1.94995267095669,0.0414487077843716,1.38248900457969
"P38016",6.87924975919045,8.69457836057345,1.815328601383,0.0415902653933289,1.3810083083321
"P34334",7.48640383265106,6.08379128972626,-1.4026125429248,0.0416212373745338,1.38068501261685
"P10525",8.51305695754406,10.8851046222164,2.37204766467231,0.0417243150846774,1.3796107836454
"P30401",15.4875656181931,16.6813808638474,1.19381524565428,0.041778299577266,1.37904924025898
"P30460",6.22724476568091,7.74030474094215,1.51305997526124,0.0417874458603097,1.37895417306965
"P36336",6.13388491022462,7.26296466135419,1.12907975112957,0.0418278175479542,1.37853479503227
"P38008",7.07476757643263,6.00311963820835,-1.07164793822428,0.0418401345511736,1.37840692751702
"P23882",6.36315982151324,7.90933949602489,1.54617967451165,0.0418599385555949,1.37820141347907
"P380",7.8252003178672,6.18071727273045,-1.64448304513675,0.0418692345711423,1.3781049785539
"P9118",5.74992471726358,6.9057723435329,1.15584762626932,0.0418914635313377,1.37787446674594
"P15056",15.9802194351045,17.2295591091288,1.24933967402426,0.0418959551710042,1.37782790380477
"P8315",6.65556853893709,8.46125206150222,1.80568352256514,0.0419557589149763,1.37720841878432
"P3614",7.13380292851536,6.0321255007811,-1.10167742773426,0.0420227132311263,1.37651591044351
"P7248",6.13415677011263,7.81287914888995,1.67872237877732,0.0420675874589172,1.37605239369546
"P15857",9.02572508760007,11.6529105106977,2.62718542309758,0.0421014602121158,1.37570284119362
"P42492",7.84122110689853,6.32274217653566,-1.51847893036287,0.0421333389363892,1.37537412301912
"P23592",11.2515419009576,8.96804077763659,-2.28350112332096,0.0422063897200628,1.3746217952446
"P36349",6.15434887730858,7.753592111752,1.59924323444341,0.0422247794434099,1.37443261024151
"P16271",7.38396280127784,9.54838609284081,2.16442329156297,0.0422538212509416,1.37413400924318
"P13373",8.14925190332895,6.51142086195585,-1.63783104137309,0.0422856409481937,1.37380708216733
"P35350",12.7510720666841,14.98522413483,2.23415206814594,0.0423468115771633,1.37317928348138
"P35648",7.0815854940414,5.99330086404495,-1.08828462999645,0.0423724135436272,1.37291679776852
"P9249",5.97358950662973,7.4007955456959,1.42720603906616,0.0423887304417167,1.37274959051868
"P23726",10.5732986714287,13.2820640793403,2.70876540791159,0.0423938879697851,1.37269675218872
"P8902",13.2626269732883,15.2658511951569,2.00322422186862,0.0424691711544485,1.37192621479368
"P34179",7.27113423805948,9.40398414119861,2.13284990313912,0.0424874013748953,1.37173983052629
"P30081",5.82362241899836,7.41682431009199,1.59320189109363,0.0425628049129345,1.37096975951775
"P34078",6.30144781468078,8.02015910657689,1.7187112918961,0.0425696067426032,1.37090036181033
"P1856",13.3479562379065,15.221917830036,1.87396159212945,0.0425713238932957,1.37088284381834
"P6738",14.2606838502077,15.5433257201622,1.28264186995457,0.0426106392119256,1.37048195080002
"P39868",7.92043694054839,6.46793020228968,-1.45250673825871,0.042637057111482,1.37021277875519
"P14253",6.98887316199781,5.92189400739125,-1.06697915460656,0.0427152848017939,1.36941669365698
"P23161",6.68373711820985,8.49692746759574,1.81319034938589,0.0427616095759052,1.36894595601757
"P23247",16.1739184586959,17.4042999991055,1.23038154040962,0.0427631457191159,1.36893035495522
"P18215",8.90711987526318,6.93242746231623,-1.97469241294694,0.0428397927729853,1.36815263862839
"P25065",9.66041201666467,12.1165911407549,2.45617912409021,0.0428769042599099,1.36777657852454
"P39493",9.77887007509069,7.23941896993488,-2.53945110515581,0.0429651067209332,1.36688410512707
"P1361",6.67714978458713,8.80700606873182,2.12985628414469,0.0429752251231208,1.36678183960954
"P19899",6.01824431916258,7.07557269036789,1.05732837120531,0.0429811926564846,1.36672153772909
"P34164",6.24380011851355,7.77964391817558,1.53584379966203,0.0430151571603427,1.36637848602039
"P141",5.92835914367268,7.4577434558973,1.52938431222462,0.0430659498001704,1.36586597017255
"P40168",6.95665694329355,9.24771287278872,2.29105592949517,0.0430974988965197,1.36554793278493
"P11686",6.23599587281115,7.82240960388176,1.58641373107061,0.0431282685703395,1.36523797671241
"P3629",9.6675834023079,11.9479018945016,2.28031849219373,0.0431764493672206,1.36475307491577
"P38128",7.33192850582565,6.07571313689556,-1.25621536893009,0.0432331409860968,1.36418321083749
"P20621",12.0271653975506,9.37636619701972,-2.65079920053087,0.043236084244747,1.36415364561385
"P21590",8.3842503573851,11.0505038762495,2.66625351886443,0.0432476713484168,1.36403727196239
"P22666",9.7622637198035,12.3024959149356,2.54023219513206,0.0432780321615028,1.36373249468591
"P39217",7.16110667001149,5.99187651664797,-1.16923015336352,0.0433650599203695,1.36286004917986
"P19571",6.96798857819769,5.77553704731017,-1.19245153088751,0.0433848768091499,1.36266163138452
"P37566",10.5922973679096,8.11678280928176,-2.4755145586278,0.0435117105727151,1.36139384298427
"P39811",5.83409149471587,7.02303389133307,1.1889423966172,0.0435163282184318,1.36134775627282
"P27000",13.4170626524603,10.9979256083004,-2.41913704415993,0.0435744117007271,1.36076846759956
"P8196",11.2345238632595,13.5402773082756,2.30575344501609,0.0435881253666655,1.36063180867031
"P18446",7.92252167262994,6.32021280110144,-1.6023088715285,0.0436824358638027,1.35969315206357
"P37012",8.46514546415846,6.64191613688645,-1.82322932727201,0.0437363110294264,1.35915785063371
"P2843",14.5201231800518,15.9612893729374,1.44116619288563,0.0437376782285871,1.35914427477976
"P33022",9.26611900300745,7.38617425747932,-1.87994474552814,0.0437416305394851,1.35910503197277
"P9254",5.97285506112139,6.99296492009616,1.02010985897477,0.0437551494058644,1.35897082888277
"P7952",7.37006651631344,6.07496821378715,-1.29509830252628,0.0437562661529884,1.35895974468054
"P12705",7.1596166688938,6.05210257922071,-1.10751408967309,0.0437924611451306,1.3586006466847
"P25650",7.01576039648019,9.22653689975192,2.21077650327173,0.0439684200716682,1.35685913971311
"P35057",8.03173337908529,6.46546718880595,-1.56626619027934,0.0439709713969163,1.35683393993725
"P39676",9.38290066058485,11.7865100653971,2.40360940481225,0.0440012060577699,1.35653541948982
"P35163",6.96328932814414,5.84599853301466,-1.11729079512948,0.0440360361007315,1.35619178091412
"P8765",16.2775525318985,17.481516147482,1.2039636155835,0.044147268473858,1.35509616237927
"P33661",9.00563274741695,6.93781073786696,-2.06782200954999,0.0441683598704382,1.35488872735341
"P16173",7.12395137691865,5.82164045121677,-1.30231092570188,0.0442724862740463,1.35386608803292
"P41581",6.91062689876625,5.83663751705913,-1.07398938170712,0.0443934397365736,1.35268120323466
"P21302",8.70111794955642,6.73144819137333,-1.96966975818309,0.0444359317721761,1.35226570872691
"P33105",11.6941938100331,13.5247136783378,1.83051986830468,0.0444655520813821,1.351976311143
"P40059",6.62601483935521,8.25527487134008,1.62926003198487,0.0445701687610887,1.35095572149222
"P40069",7.43266514613726,9.83516244955342,2.40249730341616,0.0445980659230146,1.35068397485681
"P27315",8.15888215503655,6.48924311898375,-1.6696390360528,0.0446046967713834,1.35061940867578
"P23568",6.19080423021948,7.92829415162929,1.73748992140981,0.0446100565417607,1.35056722630424
"P6681",6.54594307449516,8.33781427628246,1.7918712017873,0.044672600940183,1.34995876118195
"P3271",5.952534263487,7.44329120174068,1.49075693825368,0.0446796454360205,1.34989028197073
"P23897",5.8348085149685,7.05349353682507,1.21868502185657,0.0447181465446275,1.34951620516908
"P1632",5.83371385659509,7.06010935957547,1.22639550298038,0.0447596727380001,1.34911309749222
"P27008",11.0258454106245,8.65184365215185,-2.3740017584726,0.0447821735653724,1.34889483115586
"P10615",15.1939390009113,16.4904188287669,1.29647982785559,0.0448005672953585,1.34871648663391
"P17794",7.87975169045207,10.0897368497325,2.20998515928047,0.0448150037966906,1.34857656244787
"P21480",7.15007100228417,9.27294912506971,2.12287812278554,0.0448629119427803,1.34811254083692
"P30897",7.57703551951683,9.75732247167027,2.18028695215344,0.0448741843278253,1.34800343245583
"P15780",6.19648919582839,7.69650374948955,1.50001455366116,0.0449251464852918,1.34751049813329
"P7516",7.26121496836421,5.94700805994748,-1.31420690841672,0.044935260196232,1.34741273919732
"P7772",8.12038008101581,6.3838464089251,-1.73653367209071,0.0449429943878995,1.34733799549458
"P23108",15.4539034123049,16.8552019513886,1.40129853908378,0.0449676381119982,1.3470999227915
"P32140",6.21920964138869,7.93223692203438,1.71302728064569,0.04499464247697,1.3468391946959
"P37620",6.23468812434835,8.08236061197891,1.84767248763056,0.0450326841863043,1.34647216601602
"P23122",14.2513594763056,15.9553932088235,1.7040337325179,0.0451184584029228,1.34564574764487
"P20563",7.39015777279948,6.31572296125648,-1.074434811543,0.045193387755282,1.34492510216782
"P1368",5.91689973639151,7.04052033364545,1.12362059725394,0.0451936508625536,1.34492257379566
"P25273",6.09379115792068,7.12072778189141,1.02693662397073,0.0452260404502475,1.3446114331668
"P26503",5.94296428424181,7.04606140186502,1.10309711762321,0.0452466310777429,1.34441375146019
"P40735",6.21854408980973,7.87994694450761,1.66140285469789,0.0452622795251653,1.34426357763999
"P24100",7.08828325156988,5.88463513867503,-1.20364811289484,0.0453811984520935,1.34312403920784
"P20623",14.8256599819936,12.0501982307704,-2.77546175122322,0.0453843064978768,1.34309429647387
"P20059",15.0903754403392,16.5460125824501,1.45563714211091,0.0453998021140714,1.34294604011545
"P30495",13.5884499733263,15.5963192644344,2.00786929110807,0.045408725981929,1.34286068278919
"P20375",6.92252337239022,5.88505353816176,-1.03746983422847,0.0454459155565774,1.34250514282595
"P25360",11.8540970170409,14.2816290647704,2.42753204772946,0.0454647262837169,1.34232541919958
"P1365",5.85277125861161,6.95643826005879,1.10366700144718,0.0454992111776339,1.34199613266532
"P38697",7.00070720048016,9.17318918532249,2.17248198484233,0.045510240465466,1.34189086977708
"P1492",5.69945818381368,7.03585823558871,1.33640005177503,0.0455131814557834,1.34186280544288
"P13692",7.40902958943595,9.53806678821152,2.12903719877557,0.0455890038589623,1.34113989723174
"P28938",7.08680612478954,5.89099495944319,-1.19581116534636,0.0456316631657877,1.34073370193607
"P21496",9.83005999954186,12.2038172718103,2.37375727226842,0.0456864071444693,1.34021299424642
"P7166",5.72525050757855,6.87565772449542,1.15040721691688,0.0456909618384245,1.34016969953406
"P26775",6.46010043299952,8.03680754651073,1.5767071135112,0.0456977254226532,1.34010541614403
"P42386",7.51245684654726,9.88611192885114,2.37365508230388,0.0457110571883819,1.33997873439277
"P8727",8.62493972497531,11.1082524561713,2.48331273119599,0.0458434253130806,1.33872294036454
"P39329",5.92594177616381,7.24623421348377,1.32029243731996,0.0458775176285881,1.33840008923137
"P15712",10.2258534405367,12.7367659394835,2.51091249894674,0.0458818126468235,1.33835943281605
"P26852",7.83340968348061,6.20591853744883,-1.62749114603178,0.0458859868599204,1.33831992358241
"P35117",6.97583816324691,5.77112067380706,-1.20471748943985,0.0459070891530983,1.3381202438235
"P10516",7.29497725706496,6.01435852717606,-1.28061872988889,0.0459144183966843,1.33805091257121
"P18137",5.82461903505448,6.98634530453477,1.16172626948029,0.0459276456634707,1.33792581675429
"P21733",6.60310050466477,8.57119038696694,1.96808988230217,0.045933807367028,1.33786755523611
"P1438",6.53416912122361,8.3537603410319,1.81959121980828,0.0459472462761826,1.33774051176199
"P24151",15.3868378219239,16.6701139252761,1.28327610335228,0.0460375135253963,1.3368881405453
"P27541",6.05235200536145,7.07876317901787,1.02641117365642,0.0461710958223822,1.33562981780394
"P31258",10.6067497834499,8.23708761616556,-2.36966216728437,0.0461849166557971,1.33549983575791
"P8625",14.4534655685205,16.189778237364,1.7363126688435,0.0461949935297351,1.33540508938384
"P21081",5.68801167947076,6.87814560346566,1.1901339239949,0.0461977734548304,1.33537895517077
"P19758",6.17576283004237,7.51751571849579,1.34175288845342,0.0462465964866239,1.33492022360534
"P20508",13.2226186610805,10.3780273875949,-2.84459127348567,0.0463256056273722,1.33417889432085
"P5492",13.6520893514688,15.1832222647235,1.53113291325472,0.0464182663145266,1.33331108413204
"P30288",9.86023854159663,12.4869060188572,2.6266674772606,0.0464870706496837,1.33266781971841
"P23560",15.7749405261177,17.2270003022819,1.45205977616413,0.0465444806053534,1.33213181166991
"P30824",13.6783515984499,15.589489864883,1.91113826643303,0.0466116078247396,1.33150591621848
"P27038",9.11517605696628,6.97116098768215,-2.14401506928413,0.0466317389588594,1.33131838883127
"P16093",7.39680531361863,6.02993217906583,-1.3668731345528,0.0466322901054407,1.33131325587869
"P2827",13.4953213156989,15.5109352161894,2.01561390049049,0.0467154837335988,1.33053914972236
"P32384",7.77006061045978,6.26096571386909,-1.50909489659069,0.0467942716353197,1.32980730823865
"P9031",7.18838046712109,5.88004767272155,-1.30833279439954,0.0468040898198359,1.32971619588781
"P9560",9.61958515656787,7.4591337947562,-2.16045136181167,0.0468413189797209,1.32937088436079
"P38306",5.88645870630599,7.18849238453753,1.30203367823154,0.0468949640877726,1.32887379238767
"P7828",7.06454804999999,5.90694884183964,-1.15759920816035,0.0468966571481964,1.32885811323019
"P20581",7.16076280561688,5.96240131507985,-1.19836149053703,0.0470020266047225,1.32788341601592
"P19438",7.94813659371633,6.45365338514268,-1.49448320857366,0.047010838609223,1.32780200152161
"P19318",7.06033447606559,5.85918085805877,-1.20115361800682,0.0470533507795214,1.32740944400633
"P29653",8.05804767000704,10.4643445014268,2.40629683141973,0.0470542221089067,1.32740140185771
"P9145",9.0443427471231,11.4519846733838,2.40764192626067,0.0470566726954704,1.32737878436534
"P39610",11.0929435828138,13.6045278828734,2.51158430005965,0.0470811081985675,1.32715332325302
"P39955",6.22898179952541,7.87989040196723,1.65090860244182,0.047097512744091,1.32700202769146
"P33677",9.8078498173094,7.67145574777898,-2.13639406953043,0.0471237989920797,1.32675970517361
"P34151",11.940164291963,13.9253382624161,1.98517397045315,0.0471870556953699,1.32617712024438
"P20987",6.8917236275609,5.74794642616916,-1.14377720139173,0.0472758043490242,1.32536107334763
"P18077",5.55646340135863,6.87588627023291,1.31942286887428,0.0473231321246488,1.32492651891656
"P4109",7.13685542509525,5.99194476564995,-1.1449106594453,0.0473753285723315,1.32444776495726
"P30797",14.2777536459826,16.1881328274135,1.91037918143092,0.047383722215084,1.32437082639129
"P11331",7.28201079743328,6.06406163456754,-1.21794916286574,0.0474154986667179,1.32407967762472
"P32619",5.85487861241322,7.06699338855316,1.21211477613995,0.0474335754860224,1.32391413751714
"P34346",6.74247175581237,7.97671353108246,1.23424177527009,0.0474951218799886,1.32335099352028
"P30580",5.94494661832013,7.14195704502709,1.19701042670696,0.0475441567016749,1.32290285134819
"P30308",6.28447059706959,7.85207593103544,1.56760533396584,0.0475456836697756,1.32288890340553
"P990",7.55318783311595,6.03846073288708,-1.51472710022886,0.0475853730986767,1.32252652120255
"P16778",15.0852638981242,16.4505628388503,1.36529894072613,0.0475952620502059,1.32243627769683
"P39097",6.96815583228969,5.81251168400056,-1.15564414828913,0.0476775532740279,1.32168603990484
"P2352",8.05001496966822,10.5273161549499,2.47730118528165,0.0477598814997455,1.3209367594346
"P39704",6.07429544587722,7.59865364364728,1.52435819777006,0.047786691070172,1.32069304061789
"P17720",8.10136886442883,10.3065046594383,2.20513579500945,0.0478028280872998,1.32054640911223
"P32776",9.79532772010887,7.45662405918723,-2.33870366092165,0.0478164853471744,1.32042234897357
"P35410",6.24227842364353,7.71578995298108,1.47351152933755,0.0478561144130159,1.32006256601281
"P25716",9.67418455327984,11.927684665657,2.25350011237719,0.0478567325855593,1.32005695613007
"P23459",15.965161022161,17.3337063624941,1.36854534033308,0.047879140546827,1.31985365398661
"P20372",7.00009329905036,5.83056626238914,-1.16952703666122,0.047885707477258,1.3197940918046
"P1495",11.7566072788595,13.573442635644,1.81683535678442,0.0478932224468956,1.31972594091057
"P6796",7.62049927470286,6.19609793366619,-1.42440134103667,0.0478962924441078,1.31969810314877
"P27265",8.03350449932923,6.32702829882703,-1.7064762005022,0.0479045504873835,1.31962323068366
"P18934",7.86938858864178,6.2363247438088,-1.63306384483298,0.0479120535507169,1.31955521451794
"P15917",7.16111872336137,5.92908234279027,-1.23203638057111,0.0479299360668029,1.3193931503083
"P39818",8.16104910556033,6.42964771419741,-1.73140139136292,0.0479306675003573,1.31938652281912
"P2178",12.0335079630087,14.1468217390623,2.11331377605356,0.0479941953047608,1.31881128553179
"P8879",5.91731504368395,7.31389270666553,1.39657766298158,0.0480087276540224,1.31867980371964
"P23387",6.38777312258156,7.84679632534615,1.4590232027646,0.0480468999149719,1.31833462866671
"P35457",5.79941881990409,6.99789788723389,1.1984790673298,0.0480532790188744,1.31827697196598
"P16449",6.34199002594443,7.94349910530936,1.60150907936493,0.04810240810103,1.31783318144715
"P9502",7.91570543037349,6.3323123678638,-1.58339306250969,0.0482434356207447,1.31656177180485
"P15592",11.9063268251417,14.3035282202734,2.39720139513166,0.0482773270604585,1.31625678321074
"P12285",8.37914344526238,6.72577833138772,-1.65336511387466,0.0482922417935201,1.31612263357341
"P26699",7.39332449515852,6.24537916800813,-1.14794532715039,0.0483099331935887,1.31596356308636
"P7804",6.89565764674688,5.89164810565139,-1.00400954109549,0.0483258359836635,1.31582062441888
"P413",5.7532637667402,7.11807839605321,1.36481462931301,0.0483370431407316,1.3157199196491
"P30331",5.83278967664846,6.95895783054579,1.12616815389733,0.0483408373452915,1.3156858311462
"P9804",5.84093028104815,7.17338851401046,1.33245823296231,0.0483602338387016,1.31551160783996
"P31822",12.9053836483669,15.0825689451251,2.1771852967582,0.0483705958646826,1.31541856261879
"P2625",9.37969404636027,7.26288929955655,-2.11680474680372,0.0483962699049489,1.31518810988708
"P20467",7.04688184961631,5.94412372282794,-1.10275812678837,0.0484498964404461,1.31470714689786
"P6677",12.1533917423493,14.4406747880433,2.28728304569394,0.0484627520096693,1.31459192761746
"P26501",7.75492489083738,9.61772000218196,1.86279511134459,0.0484757594780491,1.31447537802972
"P793",13.7683690822548,11.364240188628,-2.40412889362679,0.0484794669677849,1.31444216388761
"P13172",5.913600005501,7.0168852719328,1.1032852664318,0.0484910336919508,1.31433855785343
"P3830",8.91306687348299,6.93139806846486,-1.98166880501813,0.0485126933871231,1.31414461301167
"P1775",14.8160591594626,16.2262776802326,1.41021852076999,0.04852014268129,1.31407793069075
"P14557",7.61534067092869,6.17242165648847,-1.44291901444022,0.0486180579460433,1.3132023930896
"P18346",7.30663225534841,6.07265772819812,-1.23397452715029,0.0486514681379092,1.31290404964903
"P19620",12.9532276240691,14.9527595388079,1.99953191473877,0.048658830312157,1.31283833509039
"P40341",6.9587118678173,8.88360321056632,1.92489134274902,0.0486843169396451,1.31261091893947
"P12315",6.23650355178374,7.57459226249067,1.33808871070693,0.0486882293407199,1.31257601928318
"P27692",5.8011521598386,6.96181544632076,1.16066328648217,0.0487697142850631,1.31184978869353
"P5963",15.2929007152348,16.6669896882156,1.37408897298083,0.0488193214716781,1.31140826103423
"P11217",7.61500140654033,6.16965565337864,-1.44534575316169,0.0488889605559273,1.31078919631407
"P4202",15.0338493416861,16.2432904736749,1.20944113198883,0.0489085366345395,1.31061533127097
"P31773",7.30004358187192,6.10283401316501,-1.19720956870691,0.0489207275989066,1.31050709231768
"P23927",6.96126964580853,5.93146398178882,-1.02980566401971,0.0490137329990604,1.30968221935733
"P16621",9.1801048261546,7.17016543626212,-2.00993938989247,0.0490430866514449,1.30942220420121
"P39596",10.4557271472516,12.7709685329786,2.31524138572702,0.0491179116462946,1.30876010643877
"P15113",6.99996667496328,5.86173199244821,-1.13823468251508,0.049119129179596,1.30874934129377
"P3138",7.59381869075187,6.33898951484613,-1.25482917590574,0.0491920654982063,1.308104941709
"P640",13.4010718509575,15.3174119727207,1.91634012176318,0.0491936265399711,1.30809116019646
"P15679",6.3667751053583,7.94332851052898,1.57655340517068,0.0492022249680935,1.30801525760831
"P30173",7.67540521177604,10.0590463961608,2.38364118438479,0.0492116078417446,1.30793244546398
"P26809",7.98453646704249,6.36224241106494,-1.62229405597755,0.0492936648577892,1.307208891962
"P39903",5.61057631853435,6.76576679102553,1.15519047249118,0.0493105384087576,1.30706025549612
"P23774",6.12880020590524,7.36200828420565,1.23320807830041,0.0493475627969664,1.30673429162588
"P27479",7.19823099398824,5.89229808754073,-1.30593290644751,0.0493696234927385,1.30654018482522
"P7082",13.8657974125949,15.9546706125153,2.08887319992038,0.0494096173364237,1.30618850958606
"P35128",12.7044821906993,10.3298926452747,-2.37458954542467,0.0494339995848508,1.30597425040589
"P27527",7.01281823111006,5.99311697257825,-1.01970125853181,0.0494457125207759,1.30587136047317
"P18862",10.8984240839752,8.33270760680726,-2.56571647716789,0.0494486070520749,1.30584593780023
"P40074",14.5251835582348,16.5776626750049,2.05247911677007,0.0494591765131941,1.30575311884316
"P40587",7.05341948563794,5.93485401248949,-1.11856547314845,0.0494840767461821,1.30553452821354
"P20615",7.66587279445399,6.33420680695249,-1.3316659875015,0.0495239886491277,1.30518438461502
"P4001",7.77597231601398,6.197043080216,-1.57892923579799,0.0495287989827492,1.30514220303892
"P30155",6.29047770852352,7.9390131075751,1.64853539905159,0.0495559335858296,1.30490433776189
"P5417",6.90653530111303,9.14485866578951,2.23832336467648,0.0495837805907205,1.30466036286282
"P29536",13.5242210404747,15.3120731552176,1.78785211474289,0.0496513996812959,1.30406850416165
"P27452",7.01373505316242,5.87687958822301,-1.13685546493941,0.0496950378028272,1.30368697469606
"P15263",11.1152626654805,13.6066623416663,2.49139967618577,0.0497219311418749,1.30345201221114
"P10403",7.10209011260086,6.01635097809266,-1.0857391345082,0.0497326973195051,1.3033579855856
"P23017",16.2630677855696,17.6417884497807,1.37872066421108,0.0497458032413766,1.30324355222463
"P27160",8.62127380118523,6.75899929252496,-1.86227450866027,0.0497516688860452,1.30319234655958
"P10563",12.6061695725418,15.15794790827,2.55177833572823,0.0497617742523426,1.30310414330388
