Genomes	X932	X933	X934	X935	X937	X938	X939	X940	X941	X942	X943	X944	X945	X946	X947	X948	X949	X950	X951	X952	X953	X954	X955	X956	X957	X958	X959	X960	X961	X962	X963	X964	X965	X966	X967	X968	X969	X970	X971	X972	X973	X974	X975	X976	X978	X979	X980	X981	X982	X983	X984	X985	X986	X987	X988	X989	X990	X991	X992	X993
MEGAHIT-MetaBAT2-S947.49	0.01425568	0.014968102	0.024032991	0.07707383	0.0032337627	0.007064565	0.014393932	0.0038013407	0.063625604	0.08091831	0	0	0.009538464	0.1140613	0.22452986	0.031451236	0.009610915	0.0074480283	0.062272254	0	0.052190702	0.05318973	0.02289495	0	0	0.011018239	0.018743223	0	0.027778128	0.05105818	0.030188283	0.07870678	0.046743512	0	0.011885507	0.035510138	0.032587633	0.0379963	0	0.013869978	0.043689605	0	0.011118063	0.02376266	0.07307733	0.027187534	0.011486065	0.014274714	0	0	0.016657459	0.011155379	0.014157884	0.0144906575	0.012650508	0.06900897	0.014793724	0.05341938	0.014202179	0
935_SemiBin_210	0.024566924	0	0.016021995	0.1461115	0.019315125	0.018204948	0.024971442	0.024004428	0.020208977	0.033547655	0.023979595	0.02405409	0.031198112	0.010772806	0.024548722	0.030292321	0.0291787	0.015198304	0	0.020126455	0	0.012797466	0.026046623	0	0.01620127	0.021041483	0.02635294	0.023144353	0.053405806	0.024616292	0.03060003	0.027218284	0.033625387	0.02450179	0.024016142	0.017454792	0.027891262	0.021155925	0.0225949	0.01370471	0.04722731	0.017775653	0.010539501	0.01510793	0.050190527	0.02793751	0.023764176	0.020879624	0.04167494	0	0.044559173	0.017904846	0	0.016490867	0.020727012	0.051247027	0.054276682	0.02302947	0.04704552	0.02242418
MEGAHIT-MetaBAT2-S972.76	0	0	0	0.14726391	0	0	0	0	0.023481151	0.009322306	0	0	0.06656548	0.061026115	0.08537921	0	0	0	0.0066756285	0	0	0.08730028	0	0	0	0	0.0356583	0	0	0	0.019255709	0.015066924	0	0.03730961	0.016555317	0	0.019659061	0.08029401	0	0.2984344	0.007188665	0	0	0.007862115	0.05878813	0	0.032590408	0.08634625	0	0	0	0.044116758	0	0	0.1298607	0.03013703	0	0	0.016067883	0.011781512
MEGAHIT-MetaBAT2-S934.40	0.17757629	0.056373335	0.25255218	0.032280892	0.050014585	0.19071059	0.07237355	0.12038557	0.034352895	0.054554187	0.044096276	0.043715917	0.009788497	0.014235479	0.025439294	0.14346698	0.106263556	0.077844076	0.081252806	0.13284399	0.17162997	0.13433328	0.17249855	0.06932447	0.025171936	0.02622712	0.0568231	0.06965792	0.11403636	0.06747754	0.030612782	0.09908484	0.11135593	0.026425907	0.08323993	0.11701209	0.058568574	0.09628589	0.13755257	0.023756396	0.04484669	0.039431587	0.10498526	0.07593419	0.05909248	0.14383277	0.049213987	0.074301	0.13233696	0.11917804	0.07505075	0.051627584	0.11744558	0.06372431	0.04700489	0.094563656	0.040152732	0.09156032	0.03927306	0.03409233
MEGAHIT-MetaBAT2-S964.185	0	0	0.02134193	0.15527467	0.03598417	0.097888425	0.10783988	0.060327888	0.17505357	0.21414424	0.27085817	0.012808497	0.12422848	0.23897372	0.24946333	0.26102033	0.083319776	0.28609335	0.018278554	0.081668586	0	0.15659536	0.100473955	0.012839366	0	0.13560745	0.09261565	0	0.17157668	0.1650344	0.18996434	0.2840244	0.042438257	0.13383482	0.085496835	0	0.46661997	0.06024172	0.10516276	0.04947534	0.16457129	0.017863814	0.07244375	0.036602218	0.22042073	0.022296155	0.28611505	0.38356373	0.030108456	0.025572963	0.009367936	0.112863146	0.031934515	0.077576004	0.047763623	0.009963702	0.13756554	0.027051523	0.06402255	0.16247053
MEGAHIT-MetaBAT2-S946.13	0.072162546	0.050511107	0.03521677	0.07894787	0.050581113	0.1239066	0.061203647	0.056316484	0.08499888	0.053680327	0.024325851	0.09827984	0.10496221	0.13797902	0.0332974	0.04001234	0.027009953	0.018787842	0.009381296	0.026957257	0.06607189	0.066718206	0.17272988	0.008903335	0.0049169254	0.015977936	0.037916165	0.042648654	0.081630975	0.057919186	0.07127565	0.098269664	0.14220724	0.02569258	0.036448065	0.077769466	0.082285166	0.14238854	0.16077383	0.093226075	0.0905936	0.1407145	0.1410361	0.057554696	0.0631537	0.030131267	0.037588663	0.04930993	0.014528755	0.058082316	0.034359843	0.011016766	0.04963797	0.013278014	0.037774794	0.049418688	0.06256432	0.082713656	0.068386875	0.047753572
966_SemiBin_49	0	0	0	0.007841857	0	0	0.009110936	0.05393073	0.020208852	0.05509968	0.09020895	0	0.00739683	0.023437973	0.051472668	0	0	0.1693038	0	0.008956919	0	0.015326068	0	0	0	0.014451301	0.016969204	0	0	0.012843837	0.012343401	0.012980517	0	0.51342076	0.010197693	0	0.040790636	0.015009317	0	0.020329574	0.007694446	0	0	0	0.019222336	0	0.06532989	0.030882487	0.07994753	0	0	0.02275912	0	0.013321985	0.03565247	0	0.0148785515	0	0.0107680475	0.033039168
MEGAHIT-MetaBAT2-S947.28	0	0	0	0.26771155	0	0	0	0	0	0.009720881	0	0	0.40966344	0.018149963	0.23852786	0	0	0	0	0	0	0.1033117	0	0	0	0	0	0	0	0	0	0.013972848	0	0	0	0	0.0121556455	0	0	0.012946401	0	0	0	0	0	0	0.0060151084	0	0	0	0	0	0	0	0	0	0	0	0	0
968_SemiBin_313	0.022390464	0.025689028	0.009726777	0.023650365	0.0130501	0.012789585	0.019412158	0.037659004	0.042047326	0.03609789	0.012614966	0.024541765	0.025003947	0.034676682	0.082563855	0.022588449	0	0.09471757	0.023385042	0.020566626	0.02320731	0.033111777	0.07221533	0.030461926	0.010140844	0.021250224	0.020566544	0.011246561	0.050770324	0.039334547	0.1466396	0.08359728	0.024771526	0.021564897	0.079411685	0.22401439	0.024720583	0.012793136	0.022297356	0.05399964	0.15382184	0.03803165	0.044426803	0.042993005	0.031219719	0.015068303	0.018929984	0.041168973	0.03487933	0	0.019034356	0.028779134	0.020330898	0.031201195	0.017787145	0.034463	0.03744547	0.026796095	0.02531543	0.045031123
MEGAHIT-MetaBAT2-S935.158	0	0	0	0.17152135	0	0	0	0	0	0.009901529	0	0	0.015969595	0.011610242	0.012645731	0	0	0	0	0	0	0.029422347	0.018650051	0	0	0	0	0	0	0.0110505605	0	0.016593868	0	0	0.008580189	0	0.011578534	0.014267338	0	0.022177938	0.032586027	0	0	0.020400174	0	0	0.012174694	0	0	0	0	0	0	0	0	0.0110643795	0	0	0	0
MEGAHIT-MetaBAT2-S939.26	0.021178178	0.005828361	0.028732548	0	0.073142245	0.0037990985	0.30708706	0.0123197865	0.08510431	0.054049097	0.050774127	0.09160434	0.0440989	0.3086376	0.0032179654	0.06393459	0	0.015207727	0.18986756	0	0	0.014614799	0.2690812	0	0	0.077031255	0.010801725	0.01963434	0.013258539	0.5698216	0.01582545	0.041299533	0	0.0028787735	0.015337536	0.21607774	0.1800131	0.020304853	0	0.035752814	0.007902952	0.004820869	0.0026656913	0.02229968	0.020814937	0.06298011	0.004240316	0.005463924	0	0	0.14186333	0.0026784732	0	0.003532091	0.007943353	0.37860662	0.01655525	0.006629998	0.17767592	0
MEGAHIT-MetaBAT2-S954.181	0.0047008717	0.09982308	0.0057894993	0	0.021856174	0.0055179647	0.033505637	0	0.009244415	0	0.010468213	0.011659317	0.0039437576	0.027459903	0.00502335	0.0045505175	0.013362455	0.05201154	0	0	0.009646097	0.23106284	0	0.0033307548	0	0.008819791	0	0.013737558	0	0.29601604	0.028537638	0	0	0	0.023503968	0.0057918997	0.02397848	0.039222036	0.0066216746	0.16620828	0.017917128	0	0	0.048623398	0.0059342775	0.015453661	0.016847335	0	0.007693127	0	0.0057087047	0	0	0	0.23381011	0.01651559	0.029568385	0.004484412	0.08032841	0.008959756
940_SemiBin_253	0.011606536	0.025184283	0.013081786	0.01286157	0.017229624	0.030484842	0.021777403	0.45806038	0.053824916	0.02490812	0.068059385	0.028013501	0.017194219	0.011273443	0.02940408	0.040533613	0.038414024	0.03653057	0.015733154	0.02849095	0.017635616	0.010795161	0.02759222	0.0300031	0.021068174	0.021370852	0.012670402	0.016277838	0.027064208	0.033345547	0.016572453	0.025509944	0.019423185	0.016325224	0.034545485	0.008915018	0.020137025	0.023263074	0.04751761	0.011356183	0.023342691	0.057780795	0.039983485	0.019510657	0.017000562	0.03150644	0.016246587	0.016656628	0.024066465	0.012415726	0.03363036	0.014823636	0.010718644	0.03276717	0.026516628	0.008056006	0.01885786	0.021846285	0.028300699	0.045712765
MEGAHIT-MetaBAT2-S938.190	0.3405467	0.33109334	0.32253602	0.09738044	0.38158962	0.43621358	0.1207354	0.22172935	0.104077555	0.11953815	0.20099697	0.10533802	0.02765314	0.034212466	0.09253091	0.21550077	0.4550044	0.13851087	0.36801195	0.4463167	0.19041057	0.02658917	0.1421364	0.23469175	0.4850198	0.095533535	0.16880384	0.18353002	0.2507555	0.023112722	0.07708026	0.19659466	0.38555378	0.10791805	0.053236593	0.05374752	0.09618831	0.1070489	0.304783	0.0071387617	0.03475027	0.5631546	0.38952395	0.04176568	0.13729165	0.17650543	0.22624029	0.21593294	0.16220672	0.844771	0.3704292	0.20953616	0.46070156	0.25205985	0.06804158	0.121137366	0.09695614	0.20780373	0.104794964	0.14579225
MEGAHIT-MetaBAT2-S945.168	0.033418592	0.028327497	0.0054472466	0.08279661	0	0.004517605	0.01399191	0.0028115776	0.08321712	0.037634656	0.011136523	0	0.16635354	0.1543122	0.1313645	0.008425208	0.004048601	0.0051619066	0.04439244	0	0.024806146	0.050942022	0.19117165	0.011304628	0	0.19893113	0.074658535	0	0.18981096	0.19362532	0.18407299	0.23518036	0.003654298	0.00533068	0.040911824	0.04998457	0.29564634	0.20384753	0	0.097427815	0.2369766	0	0.009397129	0.18578006	0.042810198	0.039564587	0.07315306	0.15833682	0.08666347	0	0.013941224	0.11687892	0	0	0.08885268	0.12707536	0.0094329	0.12616837	0.055457618	0
954_SemiBin_346	0	0	0	0.012660058	0	0	0	0	0	0	0	0	0.009896907	0.020968977	0	0	0	0.01297483	0.028284058	0	0	0.6786566	0	0	0	0	0	0	0	0	0	0	0	0	0.02773885	0	0	0	0	0	0	0	0	0.011864292	0.011110977	0	0	0	0	0	0	0	0	0	0	0.006525037	0	0	0	0
966_SemiBin_91	0.11699692	0.4849282	0.022704251	0.18047395	0.035808798	0.036475196	0.2808433	0.0657206	0.16074088	0.12194752	0.03873017	0.061512962	0.39183375	0.08010358	0.15551625	0.033472635	0.026819251	0.1344874	0.032112535	0.030588789	0.18629378	0.12759782	0.14130132	0.023692481	0	0.057800654	0.06657027	0.055947915	0.030750195	0.06823634	0.053633794	0.30881307	0.17256929	0.27495554	0.1465178	0.0727406	0.25156367	0.16670667	0.027858542	0.11377898	0.37484273	0.024443924	0.021628622	0.06066263	0.10999312	0.39442065	0.21666948	0.029272133	0.22054131	0	0.08632154	0.07734655	0.052445017	0.034262456	0.057373203	0.20858487	0.070581496	0.05483832	0.038018	0.10639724
MEGAHIT-MetaBAT2-S970.122	0.12649046	0.18556672	0.12475223	0.056426626	0.073921666	0.080877	0.10221011	0.17475894	0.065779924	0.07271771	0.07182566	0.08472684	0.012598587	0.031045677	0.07732074	0.07754504	0.09463303	0.11671542	0.08085614	0.0956696	0.123925634	0.06894007	0.083894975	0.072176345	0.082839884	0.07245271	0.06652308	0.12459858	0.09099985	0.06417391	0.08395799	0.063264206	0.09971239	0.05065369	0.062464144	0.0916056	0.04836065	0.21144064	0.09457775	0.048021354	0.10647946	0.10614756	0.08154059	0.046619903	0.09051439	0.078059696	0.103461206	0.045474373	0.11183003	0.15856348	0.102170914	0.0445643	0.14838521	0.13384397	0.08544799	0.11941696	0.085847534	0.114318356	0.09091085	0.06285093
MEGAHIT-MetaBAT2-S982.57	0.006979586	0.014300681	0.016116798	0.052248448	0.015101117	0.025745321	0.01798219	0.032094922	0.047751833	0.03159615	0.035091117	0.007135178	0.031461895	0.02536304	0.053624123	0.009700038	0.022808924	0.10589833	0.038214333	0.05068499	0	0.016104853	0.016542511	0.02331892	0.017946456	0.02445262	0.03736735	0	0.017257387	0.016607787	0.033585306	0.052951206	0.014291191	0.032698173	0.047666587	0	0.043941107	0.01682504	0.015759839	0.026633207	0.0148418555	0.015598854	0.019495618	0.02311081	0.099890776	0.0328568	0.022835067	0.057112247	0.571984	0.02160248	0.014573529	0.061570637	0.008650174	0.012529549	0.046158776	0.038883258	0.02274533	0.02332657	0.038163595	0.03532592
MEGAHIT-MetaBAT2-S968.183	0.010834266	0.020491915	0	0	0.0081337	0	0.022025734	0	0	0.009284463	0	0.010880718	0	0.0037396518	0	0.0034817862	0	0.02864927	0	0.01599175	0.0037588193	0.0035771108	0.07865976	0	0	0	0.006428772	0	0.024135549	0	0	0	0.021100665	0	0.0032969804	0.11709631	0.003306563	0	0.002801373	0	0	0.0128775295	0.011815185	0.012693943	0	0.002447919	0	0.0035767457	0	0	0.04673908	0	0	0	0	0.004493992	0.005380104	0.0026478025	0	0
935_SemiBin_236	0.021128858	0.105340876	0.02141623	0.46778172	0.011911162	0.05617398	0.013565369	0.014090943	0.049004305	0.025022559	0.021794133	0.07771115	0.062032808	0.057576872	0.035444744	0.061147083	0.03211054	0.059011925	0.17457199	0	0.18341686	0.21439348	0.04934169	0.014751275	0	0.0970546	0.013231334	0.06056762	0.027019434	0.15488389	0.04287149	0.20178947	0	0.023606341	0.065823995	0.29763812	0.067095764	0.11177687	0.011912928	0.22506094	0.031708777	0.013203247	0.015638344	0.20470253	0.024099788	0.10188543	0.025910532	0.014098502	0.021510752	0.008583121	0.032594625	0.019263547	0.008775648	0.029148284	0.08176834	0.04417656	0.049820337	0.050246827	0.061678838	0.032023277
MEGAHIT-MetaBAT2-S973.168	0.0068237754	0.041196313	0	0.010738861	0	0	0.010365519	0.0076889377	0.009490577	0.044371225	0.009463608	0.008605872	0.013686526	0.054442592	0.007134057	0.015100803	0	0.028063612	0.01774727	0	0	0.117847525	0.014379227	0	0	0.007449634	0.0065876204	0	0.009034984	0.05542806	0.0064664953	0.010088913	0	0	0.080779634	0.013199303	0.008829763	0.008892599	0	0.18475355	0.34060317	0	0	0.023312801	0.047164276	0.025625605	0.010773927	0.0085539855	0.0079481285	0	0.007390004	0	0	0.0062922714	0.030493535	0.088721566	0.006113149	0.09411708	0.009726235	0
MEGAHIT-MetaBAT2-S951.45	0	0.1252413	0	0.2718401	0.008357382	0	0.111473955	0.026512045	0.40871772	0.4440006	0.40994033	0.0065597263	0.6432316	0.7145654	0.27834415	0	0	0.08734363	0.5749995	0	0.005153413	0.40967748	0.26897475	0	0	0.16738667	0.4836707	0	0.010559529	0.123786174	0.18447521	0.08709987	0.15179445	0.50156355	0.1667617	0.050119534	1.119351	0.12325099	0	0.32083383	0.2521394	0	0	0.45984024	0.45912302	0.23395795	0.13221379	0.19068654	0.32362294	0	0.06385306	0.36632672	0	0	0.21038969	0.25588304	0	0.009668297	0.27721825	0.037004244
MEGAHIT-MetaBAT2-S946.49	0	0	0	0.09931434	0	0	0	0	0.04615917	0.05295902	0	0	0.20017543	0.26352426	0.15519585	0	0	0	0.0065505328	0	0	0.14100188	0	0	0	0	0.010240141	0	0	0.009827018	0.014038664	0.10663947	0	0	0.007829236	0	0.07710238	0.0133078005	0	0.16574113	0	0	0	0.070567094	0	0	0.016386187	0.016738342	0	0	0	0.10823532	0	0	0.016638255	0	0	0	0.008123055	0.006583111
MEGAHIT-MetaBAT2-S992.120	0	0.019054793	0	0	0	0.022452157	0.020363083	0	0.033935595	0.033896327	0.028654778	0.02504896	0.05479367	0.04893065	0	0.016140526	0	0.047526788	0	0	0.023461597	0.23090163	0.1398688	0	0	0.0733409	0	0	0.03303361	0.14317091	0.018811632	0.06284127	0	0	0.050554927	0	0.015750103	0.02102237	0	0.100420676	0.050611142	0	0	0.0709493	0.014873141	0.043218527	0.038937174	0	0	0	0	0	0	0	0	0.01755907	0.012859522	0.115585975	0.35825092	0
MEGAHIT-MetaBAT2-S980.201	0.026398852	0.02660695	0.007696771	0.011206788	0.004685508	0.0061171893	0.032991644	0.0120128775	0.014067138	0.010806019	0.013360608	0.011591252	0.011894236	0.009567266	0.0422374	0.011015724	0.012025635	0.07459858	0.015049352	0.0056763706	0.01592386	0.054090917	0.016533643	0.0055813654	0.0043109856	0.026866315	0.0096546	0.009202068	0.011002074	0.031210097	0.015420991	0.015453391	0.0049620834	0.010202558	0.016388616	0.010551179	0.029101824	0.013593013	0.007881349	0.032826032	0.029264085	0.0075051747	0.0070036678	0.031432204	0.026468456	0.03523399	0.1951938	0.006613513	0.012570698	0.009357836	0.011782698	0.0045400695	0.010333743	0.00640323	0.023253834	0.013316642	0.030482356	0.023289561	0.11743145	0.010538445
946_SemiBin_296	1.069217	1.6492754	0.7781447	0.70917726	0.321263	0.44791785	0.6268818	1.3809441	0.62894994	0.40113613	0.45691067	3.0654907	0.27954245	0.5772672	0.55168694	0.4640703	0.42757377	1.0845363	0.32387307	0.49302024	1.172536	0.50953025	0.7730217	0.36039788	0.15187912	0.39322734	0.601908	0.9496042	1.242471	1.2141405	0.6085299	0.35264453	0.9179622	0.2619021	0.5771693	2.7432606	0.6898322	1.2541004	1.057002	0.37391847	2.0910904	0.5996202	0.5860199	1.1803621	0.5327883	0.41354993	0.38393334	0.22839898	0.7922299	0.35936219	0.40713507	0.28823826	0.9638314	0.54500544	3.1301887	0.9154233	0.48355407	0.69449383	0.95942837	0.34768295
group6_bins.205	0.05995489	0.0522909	0.024695408	0.039214436	0.029495751	0.005054009	0.07585831	0.028995544	0.020386426	0.023255806	0.014906127	0.026014365	0.025422508	0.025156602	0.012728377	0.02157892	0.020005357	0.037394345	0.017798586	0.008646569	0.047003534	0.03190939	0.06457328	0.007848981	0.016272195	0.035607427	0.034264	0.01521089	0.035465654	0.028161367	0.019265344	0.027063295	0.010235369	0.018940382	0.045974802	0.05653517	0.03281837	0.040352244	0.028147934	0.03011201	0.03827373	0.016021758	0.0066818334	0.018416446	0.028289821	0.044459503	0.029990602	0.0122884475	0.020425932	0.010706166	0.024313474	0.012948752	0.028677072	0.049172048	0.040340427	0.04745248	0.04367848	0.033245612	0.034005895	0.012776363
988_SemiBin_105	0.049663987	0.112337925	0.08802798	0.09868289	0.03495065	0.08417257	0.13760625	0.12168199	0.19483827	0.1386636	0.07956682	0.106283605	0.22531922	0.19136232	0.06458376	0.107895195	0.25701377	0.36526963	0.07129697	0.030604398	0.099388026	0.14644168	0.080191	0.150485	0.011382694	0.23998578	0.18793924	0.11413726	0.4203952	0.44561917	0.20958921	0.18140715	0.048499692	0.09449359	0.35667393	0.21638684	0.120308354	0.09139502	0.06697247	0.40707776	0.19148819	0.052668955	0.030676901	0.15361966	0.19138019	0.13643874	0.2056915	0.064973384	0.08630857	0.017172338	0.09926487	0.06855189	0.048827898	0.049107935	0.39103562	0.25757805	0.13921104	0.16853577	0.09925189	0.15236418
986_SemiBin_166	0	0.005553634	0.10941538	0.041734684	0	0.044306483	0.07882114	0.17471133	0.09705459	0.09968887	0.08695355	0.05819806	0.07300106	0.02325219	0.06712651	0.11014026	0.085286595	0.034170993	0.0814861	0.0916212	0	0	0.059071556	0.20773332	0.4575054	0	0.16837893	0	0.044175606	0.07350571	0.066380516	0.025660515	0.05070351	0.112455614	0.082239196	0.04090525	0.029745925	0.03522189	0	0.08852947	0	0.007108994	0.0130381575	0.11748654	0.10845853	0.19633768	0.119177006	0.034305036	0.09281347	0.039760705	0.117263034	0.26921326	0.7533164	0.06555181	0.064392716	0.110493615	0.07705904	0.13927943	0.21218497	0.17951606
group4_bins.297	0.012828398	0.021425625	0.012013961	0	0.012811008	0	0.02042129	0	0.021609424	0.0109509295	0.011010169	0.030538473	0.014564614	0.017610325	0.0098774545	0.012165266	0.008623055	0.02440345	0.035768785	0	0.06893943	0.25397983	0.087184474	0.015764933	0	0.09972975	0.0134786125	0.2851338	0.06372423	0.09414592	0.023210162	0.01341925	0	0	0.02280153	0.040396973	0.064384416	0.062193003	0	0.040096212	0.06257566	0.034766026	0	0.05041301	0.011784662	0.009593144	0.010612327	0	0.010304684	0	0.013399522	0	0	0	0.014771744	0.03428234	0.01887191	0.019539192	0.012339865	0.013331486
972_SemiBin_103	0	0	0	0.039234743	0	0.008761599	0.008843697	0.009173866	0.021597758	0.01602565	0.018995449	0	0.026622988	0.017628519	0.10289348	0.017565139	0.007370068	0.02010489	0	0.0075803283	0	0.058258682	0.008816692	0	0	0.009837593	0.007765729	0	0.011437977	0.013769862	0.014532409	0.0242211	0.0046935403	0.010672325	0.010334803	0	0.030914854	0.019811776	0.008168818	0.3165909	0.011976879	0	0.0071353028	0.0072290297	0.016971827	0	0.021494938	0.025440648	0	0	0	0.025887964	0	0.006186273	0.0064125527	0	0.009366062	0	0.007849568	0.014622577
MEGAHIT-MetaBAT2-S983.160	0.047938906	0.40221328	0.298003	0.16550699	0.08963723	0.9529138	0.26046306	0.35543984	0.08598402	0.16968672	0.30151433	0.20353988	0.085364304	0.12544747	0.19337182	0.2075994	0.24830237	0.4082895	0.123101525	0.21170227	0.30349505	0.26104182	0.20277745	0.3766468	0.015060423	0.48322	0.22225867	0.2249904	0.6214831	0.14511824	0.28850126	0.845263	0.45630008	0.37009192	0.36759034	0.20627938	0.19885232	0.20588215	0.80084777	0.09925198	0.16191152	0.37292454	0.359945	0.14459345	0.18413568	0.18809837	0.08294595	0.2717702	0.123093106	0.5064483	0.19805534	0.29948077	0.48535064	0.40856248	0.22664584	0.32034382	0.41528076	0.20188525	0.3130767	0.18761401
MEGAHIT-MetaBAT2-S954.88	0	0	0	0	0	0	0	0	0	0.0070869206	0	0	0	0	0	0.024350788	0	0	0	0	0.007908969	0.35219514	0	0	0	0	0	0	0	0	0	0	0	0	0.29335663	0.0144456085	0	0	0	0	0	0	0.009864723	0	0.20310654	0.030388234	0	0	0	0	0.008009632	0	0	0	0	0	0	0.14472643	0	0
group7_bins.370	0	0.007153297	0.014136112	0	0.0034208691	0.021411471	0	0.0030174537	0.014299312	0.0034348948	0	0.0052539445	0	0	0	0.0075245746	0.008980347	0.008678057	0	0.0063419323	0.016447866	0	0.0058424547	0.009495011	0.012525436	0.004849487	0.0039871507	0.0057658986	0.007837399	0.0035822617	0.0071407114	0	0	0	0.0088942405	0.0029972023	0	0	0.027467843	0	0.004229053	0.027573	0.06398394	0	0.0041353595	0.0046954313	0	0	0.0035397296	0.0162438	0.036936026	0	0.07782593	0.02512895	0	0	0.042839147	0.019181829	0.003926566	0.08924149
932_SemiBin_153	0.5326464	0.7501843	0.42889678	0	0.58734405	0.11505641	0.09030142	0.25157022	0.01899738	0.03535857	0.027226312	0.11946002	0	0	0	0.08426839	0.31179184	0.23137248	0.18130083	0.17073703	0.19875675	0	0.03755608	0.0964107	0.32291794	0.11403814	0.026743697	0.3277798	0.13741975	0.0082758665	0.028634476	0.085890755	0.099508055	0.057277385	0.07081464	0.21254459	0.07839824	0	0.16999812	0	0	0.19147119	0.023073524	0.07504379	0.057502117	0.14595054	0.04050397	0.02484414	0.182322	0.42119244	0.17823856	0.019804504	0.14596361	0.17462686	0.0077880207	0.26747626	0.10066172	0.10644228	0.020019785	0.023886718
MEGAHIT-MetaBAT2-S971.10	0.10320594	0.09024561	0.07131213	0.15156344	0.047389973	0.2695809	0.115576535	0.09653801	0.15208592	0.09781426	0.036414165	0.17101595	0.16870606	0.26629558	0.04932845	0.08612398	0.057171114	0.034997124	0.021513939	0.05804421	0.17726192	0.25544018	0.5672702	0.010612091	0.005754875	0.02472653	0.0968536	0.0765686	0.17666703	0.13187984	0.122046545	0.20988119	0.2421158	0.03935734	0.048378907	0.104592025	0.11946878	0.30881903	0.35440513	0.097081214	0.16411754	0.3101415	0.29345423	0.117188	0.11770885	0.048450194	0.07237536	0.09377084	0.021564484	0.10131894	0.06235572	0.01784919	0.09792439	0.019495405	0.08069798	0.08607688	0.11888983	0.15268049	0.12583363	0.090965435
932_SemiBin_216	0.39881757	1.110249	0.22427203	0.031788982	0.09337745	0	0.2543323	0.17457028	0.10353716	0.042123333	0.03096269	0.1051121	0.059643228	0.017758729	0.016815223	0.08852437	0.06261901	0.57207525	0.04948939	0.022549443	0.14720649	0.15332341	0.09750435	0.113635354	0.062148064	0.21390213	0.17252718	0.24179648	0.13554248	0.30215648	0.047020458	0.109962024	0.019124703	0.1267054	0.2960946	0.13598055	0.23575072	0.04391428	0.024480393	0.036137026	0.21656102	0.026507666	0.012644151	0.34334245	0.16743807	0.059672248	0.12594746	0.21483874	0.19414793	0.02435666	0.05342739	0.0064915544	0.05002618	0.11460204	0.103817515	0.23206061	0.044110097	0.053430565	0.056145053	0.053524204
970_SemiBin_87	0	0.008717218	0	0.059708778	0	0	0.0061379396	0.006180663	0.061203618	0.060002115	0.016822526	0.033424426	0.0776786	0.12031661	0.065868355	0	0	0.0064567043	0.009851962	0.007761649	0	0.022220751	0.007083445	0	0	0.012532343	0.070908196	0	0	0.05491722	0.022245253	0.026897471	0.007899507	0.059177067	0.013452237	0.008986785	0.053339947	0.21201974	0	0.06355538	0.012931451	0	0.0041592564	0.02843965	0.02771745	0.008471844	0.0739057	0.031061934	0.012075045	0	0	0.027110854	0	0.006824557	0.09166595	0.0132302055	0.0046904054	0	0.023540275	0.011548992
MEGAHIT-MetaBAT2-S974.91	0.0444102	0.08452765	0.07187938	0.0051016193	0.11518029	0.16032203	0.03800413	0.040349275	0.05733949	0.02445516	0.014367653	0.01366825	0.0066555087	0.007177797	0.024184331	0.0399574	0.033604417	0.012599173	0.028355818	0.10704351	0.052500714	0.0044222088	0.04193504	0.06669897	0.07974929	0.015460794	0.026948862	0.050226018	0.027751528	0.006087835	0.030265613	0.0305205	0.018058974	0.011340762	0.00830424	0.015038617	0.012021698	0.010409659	0.18651144	0.0053127147	0.008239424	0.21440971	0.15736777	0.019477317	0.04849821	0.032655314	0.017533507	0.028793862	0.020464025	0.05670101	0.10863777	0.014398204	0.067736246	0.05635766	0.0061441925	0.018753009	0.051973406	0.1059925	0.012232977	0.07239078
group8_bins.276	0	0.0069308304	0.007271989	0.058735844	0	0.061763052	0.025543401	0.04525957	0.06827271	0.08370984	0.09955619	0.012956961	0.077101834	0.04388643	0.12539953	0.024935516	0.008156939	0.027594086	0.02012135	0.028377164	0	0.026052134	0.08757114	0	0	0.023137558	0.08518287	0	0.029999565	0.01755378	0.094648406	0.069422826	0.030999845	0.053725265	0.033930205	0	0.09885008	0.042496867	0.093103096	0.046382982	0.09370757	0.026095359	0.057276122	0.024032176	0.13388264	0.026069533	0.047291294	0.23298907	0.018326188	0.015152726	0.0053569353	0.06550343	0.033931483	0.03134788	0.031126142	0.015910998	0.0583932	0.0528425	0.03680112	0.06533984
MEGAHIT-MetaBAT2-S956.103	0.14775297	0.07192959	0.054361146	0.022025334	0.05731429	0.06788442	0.01951334	0.07084625	0.02289388	0.025130652	0.04528871	0.023308145	0.05505837	0.012386263	0.005191932	0.037184633	0.2443106	0.14140148	0.09268948	0.09355559	0.107181415	0.012309616	0.0696254	0.6118678	0.13988933	0.17711088	0.027776487	0.17304851	0.13982786	0.009812695	0.017389769	0.03787383	0.11577062	0.021747816	0.03861568	0.0477946	0.02466715	0.009336452	0.08250395	0.0026846705	0.029913364	0.32360125	0.085643955	0.035709992	0.012390499	0.05910119	0.0137399975	0.011824624	0.033583745	0.17030291	0.03277191	0.0071356697	0.05591463	0.09905294	0.0077633047	0.07100414	0.04421955	0.061809447	0.015801217	0.13160925
983_SemiBin_276	0.19443256	0.15405661	0.86552596	0.3747097	0.093469955	0.7619486	0.58731467	0.62018186	0.48678923	0.6518145	0.95506334	0.25655925	0.36886248	0.13053505	0.5473556	0.61725056	0.98578507	0.80469394	0.8975809	0.99356097	0.6772418	0.38885185	0.34609374	1.5060703	0.4928738	0.4706741	0.5225762	0.26835307	0.9741197	0.4086856	0.52448547	0.38130268	0.83108217	0.56435186	0.7765216	0.2684244	0.23544335	0.580015	0.52861	0.4849977	0.588828	0.49387914	0.59928864	0.39715168	0.46672508	0.6729293	0.5807834	0.70940346	0.49856225	0.6742797	0.5473075	0.58092105	0.6160983	0.4016065	0.33285344	0.6010122	0.5202376	0.8638155	0.6586342	0.63152087
935_SemiBin_192	0.014663174	0.015134209	0.012538671	0.9440354	0	0	0.008329857	0	0.017602714	0.17640258	0.007750137	0	0.014439236	0.056386724	0.2572561	0.03441078	0	0.013593759	0.26835623	0	0.116267934	0.07923894	0.008414562	0	0	0	0	0	0	0	0.09643264	0.26017815	0	0	0.015812807	0.051071808	0.107391305	0.066355705	0	0.056585204	0.008609028	0	0	0.073145166	0.013307362	0	0.14244673	0.43969625	0	0	0.008211977	0.41395423	0	0	0.015031042	0.009573438	0	0	0.017553976	0
MEGAHIT-MetaBAT2-S957.55	0.054850828	0.05641162	0.0599322	0.047019448	0.050872687	0.09309721	0.05964693	0.055276655	0.061458703	0.061117917	0.049355987	0.050524715	0.050563797	0.049384613	0.044473708	0.053527262	0.06140881	0.08195804	0.03399389	0.054889575	0.07716422	0.063160256	0.10811687	0.09140679	0.16148697	0.05245128	0.05107449	0.03800268	0.05153771	0.046810508	0.05243204	0.08943707	0.05789199	0.03826511	0.04178603	0.046795364	0.057413243	0.055038918	0.073338635	0.048568904	0.05761405	0.07162371	0.11303893	0.044338588	0.051271122	0.04453344	0.05277491	0.051882606	0.043613292	0.057841115	0.056695655	0.034299012	0.08935643	0.044064503	0.040130794	0.042911768	0.06413287	0.08754466	0.052714426	0.059139542
MEGAHIT-MetaBAT2-S976.28	0.115193345	0.19868374	0.18825798	0.015836483	0.029127413	0.07339181	0.21833831	0.12800959	0.07017012	0.054621134	0.032106332	0.33742923	0.06803646	0.039461248	0.028983757	0.13352568	0.17741162	0.09822155	0.05377133	0.10087308	0.3491793	0.074146554	0.043211967	0.23452602	0.04308444	0.116852745	0.032052547	0.36071393	0.22540262	0.7774316	0.028262874	0.059066	0.013356155	0.05608849	0.19190432	0.377188	0.051496983	0.22046898	0.08866768	0.34865814	0.67488223	0.060730204	0.039583303	0.47816592	0.036549464	0.04268004	0.024555882	0.01942558	0.11531588	0	0.16267897	0.041588217	0.03244198	0.092961416	0.18440565	0.19719222	0.14315425	0.21349081	0.09323743	0.061377555
969_SemiBin_225	0.073957875	0.3112926	0.23359892	0.1012248	0.06417761	0.038192067	0.32114315	0.13026214	0.1489119	0.11243231	0.070657216	0.119272985	0.33358186	0.16646564	0.049889375	0.10288564	0.09266356	0.16681534	0.07824605	0.027405074	0.0971426	0.36088717	0.13862191	0.023996128	0	0.08488882	0.082326196	0.0821632	0.1704026	0.67211294	0.2566671	0.2413147	0.02220041	0.1474927	0.18330625	0.24670073	0.3905764	0.21240766	0.06396547	0.4854084	0.39754552	0.038132608	0.057261836	0.2693477	0.23059198	0.24514922	0.19750318	0.06698744	0.2102323	0.01259021	0.07450257	0.02749607	0.04471424	0.057620183	0.28204402	0.15422855	0.17984651	0.299504	0.12381399	0.1368248
962_SemiBin_76	0	0	0	0	0	0	0	0	0	0	0	0	0.040290985	0.035312373	0	0.04050668	0	0.02702682	0	0	0.038242385	0.03137475	0	0	0	0	0	0	0.02731488	0.19117591	0	0	0	0	0.026886001	0	0	0	0	0.02654371	0.019345343	0	0	0	0	0	0	0	0	0	0.024374356	0	0	0	0	0	0	0.0293125	0	0
MEGAHIT-MetaBAT2-S945.141	0.23432836	0.28746673	0.39812088	0.16223659	0.3073474	0.8018962	0.17794642	0.28170553	0.20710444	0.100270785	0.35720056	0.18599054	0.31811783	0.10784877	0.27261534	0.2744206	0.58882535	0.31124368	0.7589753	0.56099516	0.39674342	0.12281374	0.46199936	0.42362458	0.3881302	0.41254106	0.41614282	0.476727	0.39685202	0.08262115	0.12518835	0.20192897	0.44504398	0.30437702	0.35834023	0.15741731	0.35511714	0.25829786	0.27372298	0.06659837	0.227384	0.5899735	0.5278706	0.25160018	0.22383551	0.23278226	0.20068645	0.24332316	0.2887732	0.21350837	0.24502563	0.19251359	0.24112502	0.18398939	0.25686988	0.24080399	0.21913101	0.17345415	0.231304	0.2508184
962_SemiBin_32	0	0	0	0	0	0	0	0.0045506917	0.0039249426	0	0	0	0	0.0049284906	0	0.0047787535	0	0.026011067	0	0	0.012651057	0.00971885	0.009085297	0	0	0.011601798	0.026959192	0	0.006815524	0.24785161	0.009377844	0	0	0	0.011909751	0	0.006228332	0	0	0.04665689	0.018556058	0	0	0.016948702	0.005734472	0.003992716	0	0	0	0	0	0	0	0	0.009010753	0.009873759	0.0041110776	0.007096067	0.006427698	0
983_SemiBin_128	0.050865054	0.061175324	0.041131526	0.036859725	0.042455416	0.053742032	0.05907964	0.06374234	0.04166864	0.03254648	0.022673074	0.05750842	0.051485706	0.031661663	0.025283104	0.044380095	0.028725347	0.041030172	0.012184021	0.03522099	0.065944985	0.03663751	0.07707577	0.050278082	0.020342428	0.036132697	0.030036103	0.044589534	0.070756696	0.06169373	0.039264645	0.04254725	0.06180393	0.017669186	0.026816588	0.051632654	0.04666216	0.047604516	0.07371849	0.035528786	0.059766684	0.06702814	0.06961053	0.026975043	0.03237218	0.03961536	0.03371823	0.033870094	0.046153247	0.24540384	0.08438676	0.009079473	0.03918834	0.025104465	0.021897657	0.049347278	0.03902637	0.04740612	0.031998172	0.037650347
949_SemiBin_129	0	0.019532269	0.02190742	0.03691263	0.01023945	0.14555836	0.09725481	0.076375864	0.068215735	0.06765598	0.039198287	0.013318145	0.058251876	0.08479358	0.04360034	0.07654607	0.18986715	0.025697466	0.039162725	0.018566068	0.009819279	0.022144618	0.14801434	0.057824034	0	0.011380166	0.026114196	0.0075085727	0.030410854	0.02369525	0.087576054	0.046839196	0.04637084	0.03555143	0.014548197	0	0.039713517	0.010701855	0.05209702	0.037264105	0.03712003	0.06210535	0.066115685	0.036036182	0.061385527	0.06067208	0.029917732	0.049045257	0.007917003	0.049654357	0.032204185	0.056140807	0.012957243	0.050427552	0.008296217	0.051565424	0.036212564	0.031812295	0.038075726	0.01026723
group4_bins.141	0.26872838	0.3617912	0.32684344	0.037207276	0.39359155	0.42821068	0.081396624	0.21701773	0.1517538	0.17806341	0.1050773	0.12669519	0.019758273	0.017720293	0.06538762	0.26190844	0.36850524	0.27337265	0.48844525	0.47851497	0.2231081	0.04522461	0.16431881	0.36027867	0.5095049	0.19560198	0.16538776	0.25626138	0.15742111	0.054483164	0.07676205	0.12354372	0.2528175	0.1407236	0.19712548	0.05500792	0.077832	0.037914157	0.2959648	0.02011649	0.063044	0.4895177	0.44369754	0.14261566	0.15959707	0.20966658	0.18901023	0.12534852	0.24372011	0.52638954	0.36319947	0.047124226	0.27373505	0.3066282	0.06262757	0.1757011	0.22439763	0.12460162	0.10816787	0.2695204
group3_bins.182	0.021033753	0.03356603	0.020532474	0.11161825	0.015525423	0.0041284217	0.04037574	0.010451159	0.038258433	0.04241902	0.033298507	0.026414914	0.09271251	0.058748007	0.049032275	0.030135931	0.006396302	0.052136928	0.03001533	0.015175853	0.02073799	0.20303744	0.109128304	0.010279753	0.0075537674	0.10719356	0.17038509	0.06474593	0.02612528	0.09304636	0.02481319	0.06232851	0.038787987	0.035666656	0.05690843	0.015983114	0.10627767	0.0531982	0.007809889	0.075374216	0.07280569	0.0071666637	0.016282447	0.11696979	0.028801193	0.034126047	0.052604493	0.046427026	0.0741779	0.0038046231	0.018053282	0.048512433	0.010558012	0.008136442	0.041944034	0.047982182	0.018598557	0.017111817	0.039965007	0.03404835
954_SemiBin_8	0.032324005	0.029944517	0.045971435	0.02390105	0	0.007568087	0.036206957	0.0185816	0.027580244	0.031474963	0.025143085	0.049755666	0.07200758	0.16682026	0	0.032602932	0.027003715	0.022572802	0	0	0.19102839	0.67069644	0.20060804	0	0	0.15847841	0.027276019	0.21413931	0.6008257	0.068749316	0.016072467	0.11731623	0.012898084	0.0054599307	0.023333563	0.05471434	0.040934846	0.4637329	0.06206165	0.029045193	0.46388656	0.046631165	0.05650999	0.017807895	0.07728137	0.008441615	0	0	0.0070584016	0	0.018756514	0	0.014894277	0.011149977	0.0077983895	0.013129398	0.04847499	0.050574385	0.11633231	0.011607604
MEGAHIT-MetaBAT2-S968.229	0.057553012	0.027546905	0.013128712	0.01076425	0.03812506	0	0.08392134	0.027697112	0.01715437	0.021822257	0.0122785345	0.082495086	0.0104742935	0.010704629	0.007268394	0.0074826153	0.005513442	0.03390459	0.011957026	0.007216458	0.03812711	0.026030703	0.01915153	0.02149875	0.012440041	0.012293856	0.013030708	0.026642757	0.030615931	0.035418987	0.0061866823	0.009660892	0.0073466925	0.026458202	0.014761323	0.30386567	0.012532637	0.013289626	0.007165137	0.01539714	0.021620296	0.004853347	0	0.039542522	0.014236745	0.01277597	0.02815194	0.02758471	0.018008025	0.0059773764	0.045687802	0.0032177826	0.01185858	0.027589176	0.050454557	0.034805916	0.008985872	0.011859111	0.047102217	0.00648087
group4_bins.272	0	0.036779966	0.05123058	0.057490494	0.00482362	0.050315995	0.044822946	0.03287971	0.04699924	0.041557495	0	0	0.025650145	0.04512022	0.04044057	0.018626167	0.036354598	0.058152664	0.043797582	0.036435697	0.021613073	0.04041378	0.038861074	0.0323421	0.03450685	0.018923495	0.036253717	0.019290091	0.026147576	0.0240433	0.04057155	0.07531892	0.02849058	0.032670546	0.041707102	0.0047260593	0.042982493	0.010271732	0.04748627	0.034957845	0.035666037	0.050509147	0.060376097	0.03091881	0.0561329	0.017471567	0.054683026	0.0077698785	0.041830663	0.043056596	0.04059367	0.023678564	0.04251852	0.03681987	0.06382448	0.0294846	0.051375616	0.058992635	0.03916055	0.056888957
983_SemiBin_140	0	0	0.011497372	0	0.022093156	0.013547553	0.00789335	0	0.029337034	0.009230572	0.011173071	0.0052149915	0	0	0.012607553	0.012131103	0.023447199	0.0077615334	0.011697303	0.019269394	0	0	0	0.017158588	0.025167013	0.010405863	0	0.0613344	0.008238164	0.0068486515	0	0.0064632576	0	0.0068801413	0.009625555	0	0	0	0.14518075	0	0	0.022135248	0.017368972	0.0060695936	0	0	0	0.012100861	0	0.2672428	0.021637257	0	0.019226138	0.01722152	0	0	0.030102978	0.014485815	0.00804129	0.16653663
MEGAHIT-MetaBAT2-S968.138	0.029324524	0	0	0.008867056	0.0043456308	0	0.0051883883	0	0	0.01621441	0.06174112	0.09075809	0	0.066059195	0.012219683	0	0	0	0	0	0	0.06854792	0	0	0	0.003967284	0.0045015235	0	0	0	0	0	0	0.0068339496	0	0.13459648	0	0.07618512	0	0	0.0035223763	0	0	0.003551074	0	0.01604246	0.037630998	0.035851132	0	0	0	0	0	0	0	0	0	0	0	0
MEGAHIT-MetaBAT2-S974.98	0.024899812	0.08001407	0.016815927	0.021683764	0.017671546	0.028111622	0.021941548	0	0.026842376	0.02099248	0	0.08654888	0.03188556	0.03222386	0	0	0	0	0	0	0	0.094182596	0.065728955	0	0	0	0	0.0727927	0.032157034	0.024834726	0	0.02801851	0.03203559	0	0	0	0.04003777	0.10835564	0.053475503	0	0.029457567	0.62652427	0.039905302	0.01622082	0.02262131	0	0.013955991	0	0	0.024223266	0	0	0.020710973	0	0	0.018165553	0	0.022843052	0	0
MEGAHIT-MetaBAT2-S968.150	0.09819421	0.080983795	0.051863946	0.020750275	0.043513212	0.029857539	0.05236633	0.06743797	0.03483438	0.014759321	0.021293826	0.053363588	0.010512181	0.024216656	0.014805621	0.0405457	0.038886875	0.04824416	0.056351412	0.025111947	0.064867236	0.025772665	0.060649745	0.04706338	0.031124942	0.021658067	0.018829951	0.07891009	0.09127583	0.030186567	0.0374232	0.035537556	0.0408467	0.020494524	0.04575706	0.11541439	0.043061905	0.039019883	0.057649028	0.019300306	0.051259324	0.064734325	0.036542732	0.031212956	0.034845456	0.041352086	0.027957106	0.025116129	0.023791723	0.064354345	0.0698261	0.017952275	0.05577178	0.052318625	0.045475226	0.058142107	0.030618813	0.050347432	0.030835958	0.030495513
945_SemiBin_185	0	0	0.008717916	0.014812854	0.019271325	0.011988621	0.010093452	0.009305045	0.0146974595	0.020246737	0.011958854	0.011047109	0.24625339	0.012565381	0.020551108	0.0090596	0.015578907	0.01287054	0	0.010333754	0	0	0.007588654	0	0.0074255364	0.012347688	0.01480698	0	0.008493377	0.009049983	0.013473966	0.016677892	0.008843924	0.008704462	0.007980371	0	0.02724174	0.016298145	0.022580348	0	0.011141349	0.0132508725	0.0178818	0.0115366	0.03310178	0.008801997	0.058833797	0.014107227	0	0	0.010166904	0.014332417	0.011786193	0.011021414	0.008125017	0	0.010859813	0.012794153	0.012105526	0.015370092
MEGAHIT-MetaBAT2-S972.52	0.0049604573	0.05894975	0.009545931	0	0.0053506843	0	0.01837947	0	0.009794985	0.0033731225	0.0036127684	0.020734197	0.0047816937	0.07378294	0	0	0	0.01504913	0.0074663325	0	0.013663195	0.36522225	0	0	0	0.03132852	0	0	0	0.09732261	0.04608839	0	0	0	0.07063392	0	0.023505867	0.04570691	0	0.28783205	0.005718049	0	0	0.08224592	0.011426501	0	0.03300914	0	0	0	0	0	0	0	0	0.0045093936	0.03652964	0.03764161	0.023624653	0
MEGAHIT-MetaBAT2-S973.44	0.005252232	0.13775131	0.004813953	0	0	0	0.0055515957	0.0069614667	0.010163691	0.01000114	0	0.005028031	0.06268719	0.0074019497	0.0038215283	0.007170497	0.008256082	0.018206785	0.032625917	0	0.011425276	0.14973792	0.055311788	0	0	0.063587695	0.0052921707	0	0.0369248	0.22742403	0.12467069	0.02176781	0	0	0.088074684	0.0059266854	0.011377573	0.053695496	0	0.014677386	0.19779088	0	0	0.1739518	0.022929695	0.03973701	0.00425442	0	0.013359289	0	0.01516187	0	0	0	0.007405458	0.11811105	0.021910204	0	0.01200617	0
group10_bins.56	0	0.032910626	0.026823293	0.029724412	0.033246525	0.16086365	0.04089204	0.036634568	0.09880471	0.1383116	0.056179997	0.015274105	0.12994896	0.0911342	0.1697614	0.095973015	0.09288486	0.05668566	0.058848176	0.040321663	0.038545143	0.01791294	0.09617089	0.14953242	0.032470442	0.0521505	0.095057786	0.019589704	0.0701151	0.0143468315	0.0591194	0.16139609	0.024442421	0.022918314	0.05078192	0	0.13527617	0.014055604	0.05944893	0.04410545	0.021455145	0.06994228	0.118222244	0.064972885	0.070921466	0.03369127	0.036973275	0.07551707	0.14002386	0.032775126	0.066958345	0.07880821	0.024302652	0.024424652	0.014241565	0.022921583	0.04345894	0.08142949	0.066703476	0.12547429
MEGAHIT-MetaBAT2-S959.110	0.011755556	0.013247344	0.010097191	0.07900348	0.01379846	0.032663457	0.008084378	0.018202173	0.027111577	0.05773872	0.114602625	0.032982998	0.032924883	0.034576036	0.06662055	0.05752881	0.010862392	0.022484569	0.017540662	0.0438553	0.008211132	0.034124777	0.011756964	0.0090936255	0	0.022564517	0.22775	0	0.011029336	0.015448304	0.058434606	0.11458686	0.019783493	0.09257976	0.016276848	0	0.09860279	0.07901789	0.041554067	0.03193061	0.056724608	0.013003931	0.036472358	0.02239977	0.09121961	0.015955787	0.094152965	0.105666704	0.0145979235	0.014764672	0.010330609	0.04591001	0.04510954	0.07195912	0.06898631	0.019517547	0.019754013	0.01150457	0.05788758	0.023348466
947_SemiBin_204	0	0	0.02486261	0.08435388	0.021908939	0.03908761	0.016943036	0.01984646	0.065663956	0.1413868	0.060073044	0.018930685	0.26067808	0.09836085	0.5683457	0.019762063	0.027473753	0.031031676	0.019646421	0.032758605	0	0.0770894	0.023998195	0.021167168	0	0.037622765	0.041403413	0	0	0.014025891	0.042598817	0.057143625	0.027431179	0.040913	0.024892353	0	0.11071632	0.06314644	0.025248675	0.05987997	0.025562566	0	0.033712573	0.024247253	0.1446456	0.018877372	0.037369676	0.07925548	0.038537286	0	0	0.09484933	0.020156866	0	0.03140988	0.019395944	0.0265153	0.016832666	0.025086174	0.027286997
MEGAHIT-MetaBAT2-S970.191	0.018792288	0.061662138	0.028400116	0.30412146	0.04826351	0.06087824	0.042403564	0.19713292	0.16295189	0.09554573	0.3135205	0.099276625	0.12921838	0.12826324	0.57036376	0.071299985	0.029932955	0.10099344	0.06466628	0.09181467	0.04022684	0.0648706	0.066472985	0.063235	0.012590877	0.088402435	0.17280711	0.02447535	0.090665385	0.12584808	0.15291448	0.19208027	0.11517217	0.34835702	0.06749598	0.029528104	0.4652951	0.39848945	0.1487025	0.06939458	0.21477833	0.06527917	0.098256536	0.06983459	0.1294852	0.040797994	0.63303965	0.6295524	0.10005449	0.051746245	0.032671444	0.13155635	0.07761225	0.08355845	0.16543138	0.059096307	0.093576364	0.053467806	0.12751645	0.19491741
939_SemiBin_87	0.26692253	0.31117058	0.09463258	0.10132139	0	0.07582934	0.4220117	0.27427113	0.072406895	0.12378916	0.057176087	0.1233646	0.18122675	0.17301907	0.014225197	0.07196036	0.00850726	0.05570767	0.0063003018	0	0.28045344	0.44431862	0.35471705	0	0	0.07111913	0.025188217	0.21525596	0.31729832	0.2592339	0.15022708	0.2915716	0.14372283	0.018199328	0.15560922	0.1671199	0.30950835	0.29050335	0.12390614	0.1784336	0.30204612	0.10182764	0.1288592	0.1108182	0.16455999	0.02374529	0.012769469	0.00691398	0.048928596	0	0.08557194	0.0060848603	0.037276622	0.021323256	0.03403234	0.105149	0.08547979	0.042100143	0.2583238	0.030598776
MEGAHIT-MetaBAT2-S981.125	0.031445727	0.052139767	0.052959487	0.3660513	0.038607888	0.02361251	0.06492489	0.14728124	0.04671235	0.036197443	0.053915665	0.07349242	0.13975616	0.011919764	0.26268256	0.036359675	0.015536968	0.092514165	0.045564827	0.03140987	0.031262897	0.10087227	0.023888746	0.013075125	0	0.034469545	0.061519094	0.028174324	0.13274717	0.048985627	0.056690436	0.1507165	0.05053922	0.041594587	0.0547018	0.06597005	0.021394137	1.4529783	0.041326966	0.54965633	0.08470746	0.03068117	0.041625783	0.050537545	0.6322358	0.027158106	1.0401922	1.3151468	0.05955085	0.01386289	0.017870644	0.05651591	0.031166056	0.053469215	0.10931582	0.08568288	0.05756251	0.034304913	0.12131999	0.05562503
956_SemiBin_125	0.007125967	0.01097814	0.039775595	0.00835077	0.017768838	0.04109987	0.012579047	0.02509862	0.014446468	0.062070128	0.019473322	0	0.007411502	0.0070481487	0.007278028	0.03372718	0.07291933	0.032709308	0.04762141	0.030284977	0.014247244	0.0042919046	0.010277183	0.42183253	0.012073202	0.0065591987	0.01013387	0.009798009	0.018790064	0.0068075443	0.012613415	0.027840512	0.013575329	0.0054614977	0.021120097	0	0.012734576	0.009373197	0.05538049	0.006559861	0.01956763	0.060357448	0.11177456	0.016969835	0.02964779	0.030153638	0.008058921	0.018393455	0.027440459	0.04141056	0.042064313	0.010268128	0.0173186	0.015034104	0.009663208	0.018338593	0.013039138	0.08235749	0.01674642	0.0600738
981_SemiBin_432	0.01861605	0	0	0.0046760305	0.008836675	0	0	0	0	0.016847318	0.1944697	0.03960137	0	0.0061967885	0	0.011939742	0	0	0	0	0	0	0	0	0	0	0	0.026999302	0	0	0	0	0	0.01957687	0	0.009445368	0	0.22176377	0	0	0	0.0116855595	0	0	0	0.00510839	0.018803222	0.5079396	0	0.008095998	0.007170559	0	0	0.027539514	0	0	0	0	0	0
993_SemiBin_0	0.007009462	0.019353474	0.044656247	0.013937093	0.026742682	0.06625983	0.02125342	0.032901566	0.11404083	0.16320162	0.18224415	0.0085670985	0.011436794	0.04655109	0.038953558	0.024575481	0.056456376	0.01585417	0.021058112	0.033751752	0.012857241	0.013906332	0.023130843	0.09577591	0.06028869	0.013045649	0.018934982	0.023185179	0.015969662	0.016336827	0.026346436	0.01910935	0.01724084	0.011838503	0.033773165	0.00481428	0.053943694	0.01164979	0.05027582	0.01596825	0.035520773	0.053986624	0.09983207	0.017948784	0.108242095	0.03113645	0.034214508	0.096173525	0.01977112	0.033960275	0.054889392	0.05444901	0.027435375	0.046643663	0.014049266	0.011412787	0.045461386	0.078131706	0.03467054	0.29021308
MEGAHIT-MetaBAT2-S945.11	0.017917082	0.034435716	0.025567248	0.11536767	0.01454779	0.036463555	0.04123133	0.036180954	0.10083281	0.07688338	0.05882991	0.044635706	0.49679872	0.32349643	0.09620467	0.03345499	0.022513425	0.07478009	0.033243656	0.041204803	0.031295422	0.108498886	0.059467115	0.03230408	0.007977669	0.077326015	0.069926426	0.024099173	0.049172346	0.10630817	0.09781929	0.19570625	0.060008287	0.063202664	0.07763998	0.026001664	0.15931381	0.08454724	0.049867455	0.18070908	0.093117185	0.03127334	0.041659947	0.17789245	0.06653135	0.037144016	0.029247927	0.12494736	0.10850889	0.027859157	0.024492204	0.085432574	0.026700884	0.02821531	0.15889718	0.051894363	0.040400803	0.031573933	0.04372082	0.055477
MEGAHIT-MetaBAT2-S970.199	0.07733571	0.045405626	0.0686797	0.12984869	0.13161547	0.11397454	0.14075992	0.11594212	0.1011824	0.13210733	0.15705599	0.12416677	0.15849364	0.07957574	0.16336009	0.11292193	0.102614194	0.100402564	0.05485365	0.08741037	0.077717826	0.086949416	0.04532732	0.08686443	0.038631618	0.10004093	0.124468505	0.05975729	0.11982796	0.057710513	0.122470014	0.12551573	0.12494461	0.12260123	0.09774191	0.08721699	0.099132866	0.19584836	0.2006898	0.07770603	0.097197786	0.05351134	0.061194204	0.062204722	0.1857459	0.08809479	0.12830818	0.12817541	0.14057636	0.09296722	0.09758418	0.12188784	0.116864145	0.0965251	0.10190764	0.09577002	0.18204886	0.09114001	0.13628404	0.10423697
MEGAHIT-MetaBAT2-S988.167	0	0	0.059197657	0	0	0	0.007513569	0.008158454	0.007313397	0.015593468	0.0067269714	0	0.07927128	0.01442433	0	0.04475805	0	0.011737519	0	0	0.11102343	0.0989696	0	0	0	0	0	0	0	0.12959896	0	0	0	0	0.017434731	0	0	0	0	0	0.012439662	0	0	0	0.009172097	0	0.0581233	0	0	0	0.05502973	0	0.006201347	0.05075272	0.3749033	0	0.05216466	0.078326486	0.01888765	0.014342812
MEGAHIT-MetaBAT2-S964.207	0	0.008914548	0	0.0067252484	0	0	0	0	0.065824166	0.013890664	0.009966097	0	0.08490895	0.0063309167	0.012315955	0	0	0.0026482611	0.028293645	0	0	0.03615481	0.018124191	0	0	0	0.007057844	0	0.0030607514	0	0.04323493	0.31139478	0.018554732	0.004810599	0.004362182	0	0.010813426	0.021020953	0	0.015522836	0.005472639	0	0	0.047136385	0.0077137174	0.011157628	0.0058362843	0.016735392	0	0	0	0.05535287	0	0	0.007779425	0.006668831	0	0.0041524796	0.0025449567	0
group10_bins.221	0	0.028665967	0	0	0	0.009690551	0.058925416	0.022314964	0.041500468	0.02011272	0.011890225	0.020617848	0.03549501	0.02769056	0.010667424	0.031728912	0	0.026138699	0	0	0.029994532	0.035618883	0.020725993	0	0	0.013034974	0	0	0.039519195	0.033945445	0.0759843	0.040766735	0	0	0.069815025	0	0.113699004	0.023697283	0.019293878	0.027749881	0.082741894	0	0.011278381	0.040933046	0.021467598	0.01963502	0.017403133	0	0	0	0.03371117	0	0	0.010388044	0.06247386	0.042401213	0.026448302	0.07321611	0.035716105	0.012257828
MEGAHIT-MetaBAT2-S932.114	0.2902821	0.041370716	0.014400698	0	0.03654662	0	0.057916872	0.10887633	0	0	0.05738724	0.14594765	0	0.0051179244	0	0.05813093	0.019942833	0.11674321	0	0.028850563	0.08279183	0	0	0.061725117	0.060774274	0.059939373	0.049811065	0.1362273	0.12462697	0.0072585186	0.006329425	0	0.024769928	0.1513215	0.049048394	0.06747927	0	0.040705997	0.19353682	0	0.06796745	0.06638452	0.07265076	0	0.04566587	0.02209615	0.073741615	0.028497657	0.026178567	0.02140027	0.07574911	0	0.21937525	0.2944934	0.086873725	0	0.15286669	0.015819594	0.29716063	0.12112323
group9_bins.244	0	0.009909318	0.015628513	0.025000274	0	0	0	0	0.013151552	0.017411439	0	0	0	0.027414057	0.02230724	0.030032065	0	0.07534357	0.01608061	0.012114474	0.018741775	0.023033734	0	0	0	0	0	0	0	0.10056765	0.22529599	0.09124074	0.018957762	0.0045947493	0.08794976	0.022366922	0.024559924	0.20668678	0	0.011135922	0.0395992	0	0.041834544	0.15601107	0.020668088	0	0.036509812	0.02260537	0	0	0.030918607	0.013343318	0	0	0	0	0	0.010234338	0	0
group9_bins.268	0.0037559615	0.006211203	0.048523635	0.018535037	0.004680645	0.20626312	0.04224944	0.069090575	0.03608983	0.17299557	0.06084454	0.026634324	0.03261367	0.023384942	0.03187544	0.0976558	0.14710547	0.05779558	0.042542774	0.08884233	0.02791361	0.011239953	0.1428194	0.120433114	0.0075350106	0.029695068	0.04497142	0.012277685	0.038370654	0.018321916	0.032107264	0.06672706	0.0736011	0.04176615	0.09908993	0	0.057492454	0.028142346	0.06141928	0.027951758	0.04571822	0.06486142	0.20935309	0.054171823	0.09143236	0.062559545	0.0726546	0.030059766	0.068492144	0.057477046	0.032239024	0.021539496	0.027770102	0.029740816	0.031617645	0.034526758	0.03921529	0.14197539	0.05977289	0.03237535
976_SemiBin_36	0.058823306	0.1545735	0.025543917	0.03205175	0.05006412	0.062800325	0.18258646	0	0.12432228	0.021890469	0.0211921	0.062017426	0.23007283	0.085343614	0.036827736	0.04957761	0.018973032	0.13469836	0.038210932	0	0.0473152	1.9154582	0.028114906	0.02121785	0	0.09380589	0	0.022280384	0.025655532	0.1956665	0.062374346	0.0465916	0	0	0.08753072	0.036424834	0.074980386	0.11912165	0.033109035	0.35050097	0.09394969	0.027852576	0.029153166	0.4929577	0.051173784	0.059516676	0.039827988	0	0.024317073	0	0.052716576	0	0	0.016385743	0.10403258	0.2319985	0.057686564	0.3001196	0.11228825	0.024309276
MEGAHIT-MetaBAT2-S982.27	0.021564787	0.052136406	0.048678804	0.108681105	0.012471103	0.010257716	0.04144227	0.019413063	0.048664324	0.07067993	0.050998885	0.056266673	0.05936526	0.065493755	0.07230172	0.05877333	0.014107633	0.20182106	0.099524096	0.007884873	0.050538108	0.7480971	0.037705332	0.009086856	0	0.048311006	0.02210902	0.021921173	0.0456303	0.10234691	0.055715427	0.04545525	0.010535511	0.05465724	0.09906308	0.024426876	0.052791435	0.13996933	0.023449682	0.12877879	0.13788228	0.010871129	0.008805576	0.12204398	0.079769656	0.16056709	0.17932086	0.012711975	0.4921339	0.009740099	0.018940717	0.013034186	0.009535347	0.031630047	0.31011152	0.14747746	0.06641762	0.026210602	0.11607945	0.048805926
MEGAHIT-MetaBAT2-S934.132	0.15946248	0.2760837	0.24181949	0.013410131	0.15500069	0.059925903	0.14970513	0.099191085	0.02903534	0.032843728	0.03612643	0.0852919	0.004474187	0.008544327	0.01119917	0.066709876	0.17804302	0.09975743	0.088307016	0.15207586	0.1615793	0.024081253	0.07519641	0.10386379	0.18733813	0.14196487	0.031482592	0.16089517	0.19193488	0.040079426	0.042365406	0.05081946	0.10215916	0.053016104	0.07756105	0.18222082	0.037385255	0.04365944	0.104113296	0.012268732	0.028169971	0.16723971	0.06433774	0.028977485	0.0722171	0.10349107	0.05372927	0.04880487	0.1441616	0.23371424	0.11845706	0.04531226	0.1055771	0.08123041	0.023511125	0.18194799	0.032929573	0.14563392	0.042317066	0.050919678
MEGAHIT-MetaBAT2-S944.121	0.25895333	0.15898919	0.21705009	0.01886678	0.1463573	0.0512651	0.122050725	0.1774207	0.038356766	0.019938003	0.07451094	0.48819143	0	0.030542662	0.011725149	0.12690333	0.06546793	0.115522355	0.040394	0.07789228	0.19922435	0.11560028	0.10773201	0.07753424	0.10900021	0.092458926	0.09169759	0.14497209	0.16559973	0.24393108	0.07381522	0.014264679	0.13713887	0.04259614	0.09653201	0.35462034	0.05206533	0.2740051	0.24546163	0.023724662	0.14762366	0.17342126	0.21025833	0.12767442	0.16237299	0.09113924	0.13307749	0.08554939	0.062353738	0.10104683	0.2563126	0.025038913	0.21127176	0.17123598	0.15619218	0.04770159	0.098954044	0.107285485	0.12632106	0.08782559
MEGAHIT-MetaBAT2-S932.178	0.5144051	0.1292621	0.17385326	0.015028415	0.05181419	0.08729845	0.07136574	0.06352098	0.02107826	0.06440359	0.03785387	0.17584665	0.013098856	0.021376267	0.031704813	0.07263601	0.052384436	0.09512114	0.2398003	0.16195226	0.16155137	0.036061283	0.053695425	0.09908181	0.05178618	0.075129695	0.052097734	0.4022703	0.16500108	0.1436818	0.03269106	0.06983694	0.10941584	0.030108526	0.065334536	1.2599535	0.019235454	0.06189294	0.08911396	0.04109618	0.09026542	0.07139431	0.09519018	0.07893034	0.020935426	0.07417522	0.034852553	0.067990914	0.0639006	0.09897665	0.06266611	0.012292119	0.16873908	0.19609089	0.13042422	0.12693208	0.09566275	0.071377784	0.028382108	0.06280907
group7_bins.83	0.12317246	0.0700075	0.1332754	0.03101472	0.041276902	0.06807664	0.07977948	0.07886945	0.08449385	0.028923012	0.02986602	0.051187336	0.016497657	0.012754546	0.065250345	0.052476574	0.09678823	0.07165726	0.058261197	0.08879642	0.10063791	0.012178937	0.031976998	0.109394595	0.044465072	0.05830836	0.027977293	0.10794764	0.08712063	0.06700289	0.026331995	0.02492862	0.091053784	0.05274486	0.059402447	0.061267164	0.08356562	0.062175557	0.17232811	0.013690539	0.06135427	0.07928801	0.080274194	0.04555256	0.0501529	0.034002244	0.042382658	0.083252735	0.08856362	0.48927525	0.09005077	0.040223602	0.08333109	0.11937881	0.08935982	0.05042667	0.079090245	0.06377668	0.07840905	0.075636685
MEGAHIT-MetaBAT2-S957.114	0.0046338225	0.026386542	0.019388927	0	0.035687536	0.024275223	0.007845363	0.005729551	0.008965393	0.0054768706	0.007846082	0.0044775526	0	0	0	0.008586634	0.009236783	0.0046147406	0.010530195	0.010102789	0.0068500056	0	0.006390193	0.138077	0.14147162	0.0065871184	0	0.0053149145	0.0066153584	0	0.01050234	0.005923559	0.009336181	0	0.0036542877	0	0	0	0.02693146	0	0.0047428273	0.072022185	0.070096545	0.004492411	0.0074567706	0.008197582	0.005217074	0.00670804	0.00506268	0.036468726	0.029818507	0	0.051181097	0.01637363	0	0.0046865954	0.012330331	0.014648516	0.013468527	0.01595156
MEGAHIT-MetaBAT2-S970.241	0.11822274	0.2923859	0.052686308	0.3915776	0.08907351	0.05594282	0.07736879	0.09288213	0.24586523	0.11616914	0.07868715	0.179699	0.21185169	0.19951297	0.23769006	0.0814548	0.064038165	0.0973591	0.096950404	0.06541765	0.10439613	0.07850942	0.11344253	0.09941731	0	0.07021296	0.10672002	0.0912158	0.058008615	0.05504945	0.14236166	0.20988186	0.22310627	0.090997174	0.14946751	0.24658811	0.13684975	0.286496	0.1772514	0.10520793	0.10094678	0.039488964	0.096522935	0.13031314	0.10065694	0.11681963	0.17835276	0.37141755	0.12823407	0.044796105	0.052363943	0.09757184	0.12566619	0.038600866	0.19391237	0.077499166	0.11791476	0.061853696	0.19810043	0.14822534
956_SemiBin_137	0.09319424	0.24325751	0.29677337	0.09357086	0.14749761	0.33723798	0.19433399	0.20118012	0.10024532	0.13098441	0.11295946	0.13096695	0.058801297	0.06968023	0.072173	0.21516496	0.29483458	0.21053308	0.2037881	0.2104804	0.26618227	0.12516932	0.13997391	0.30304408	0.15766221	0.09241471	0.11714428	0.05027462	0.27525914	0.11850379	0.11504699	0.18269046	0.2903941	0.1380271	0.118198976	0.19941102	0.09465918	0.10658496	0.343747	0.025290158	0.093866594	0.24881257	0.30432528	0.05607042	0.10697773	0.14042671	0.12893716	0.14369985	0.16966815	0.4593361	0.2234059	0.060701285	0.26831725	0.14819713	0.112706564	0.16434246	0.1442507	0.3175171	0.19854364	0.16494992
MEGAHIT-MetaBAT2-S993.160	0.022175187	0.046993367	0.035804857	0.21625511	0.01681499	0.087026455	0.14940886	0.096650265	0.10768678	0.15888673	0.20146507	0.10057504	0.18906526	0.15264484	0.19721784	0.06471207	0.06520704	0.179606	0.033104498	0.12749837	0.03053902	0.09967078	0.06881168	0.056525808	0.010038337	0.08719407	0.066814214	0.017383242	0.14194632	0.18462715	0.14232841	0.2983722	0.092431605	0.097193606	0.10151491	0.024275424	0.23295926	0.21271744	0.20406546	0.09719306	0.21258257	0.044313073	0.07363849	0.15667138	0.101718806	0.03369446	0.08623888	0.14221442	0.14306475	0.033183627	0.044686217	0.08045439	0.06610375	0.115447626	0.12087782	0.09785024	0.05839321	0.06520795	0.05662814	0.4220654
993_SemiBin_156	0.0076217153	0.04346629	0.038677722	0.07355377	0.046299823	0.0781423	0.10240934	0.030125624	0.40864986	0.1224863	0.061623897	0.012288118	0.14107051	0.05442014	0.2502421	0.12847549	0.028190963	0.14929144	0.025141532	0.12948	0.007126262	0.05090061	0.08504648	0.17834078	0.02434932	0.058748268	0.08513754	0.008742649	0.03869044	0.042961203	0.08417413	0.051539116	0.03730761	0.060059622	0.0840914	0.0036394708	0.054158717	0.06310272	0.056433067	0.060810637	0.03612936	0.18024234	0.115265325	0.065702386	0.26322696	0.021360973	0.17608427	0.15626127	0.07628255	0.052742567	0.09905838	0.18322493	0.057413172	0.21871424	0.010977419	0.03268635	0.2219786	0.09392577	0.11037232	0.33461356
group6_bins.257	0.5585444	0.47577626	0.2069213	0	0.043549012	0	0.35159716	0.35635057	0	0.023387166	0.18307883	0.780559	0	0.027094893	0	0.21822275	0.14731655	0.029757528	0.06150927	0.008124464	0.34605235	0	0.10378736	0	0	0.4053821	0.006069064	0.2693877	0.44016147	0.26652503	0	0	0.034514014	0.008216156	0	0.5819096	0	0.4705392	0.2854326	0	0.65896523	0.03896419	0.010073941	0.01909598	0	0.1606117	0	0.009999104	0	0.005833409	0.17936596	0	0.046139117	0.008430687	0	0.18253183	0.013277138	0.2624529	0	0
951_SemiBin_94	0.062566735	0.08315329	0.120792724	0.014729756	0.12699579	0.19978687	0.0777681	0.08504343	0.030744484	0.06649729	0.051201135	0.03930629	0	0	0	0.059119467	0.16835617	0.09708519	0.30950874	0.10972355	0.07953955	0.01383552	0.06746735	0.08895997	0.13151208	0.07011956	0.047081083	0.032725845	0.0978284	0.02383171	0.022305675	0.08227854	0.0668407	0.05052491	0.03693169	0.03072946	0.024541762	0.060301993	0.12098123	0	0.020107485	0.14439419	0.11287423	0.033386987	0.0820703	0.13376775	0.07959092	0.045620166	0.14861877	0.24824674	0.07000865	0.023892814	0.11767546	0.06110159	0.017164318	0.15148987	0.048587177	0.09001364	0.05385507	0.05906506
MEGAHIT-MetaBAT2-S988.19	0	0.023650827	0.005207795	0	0	0	0.01571987	0.030388797	0.046137135	0.021299016	0.04179931	0.044179734	0.012255318	0.061363917	0	0.046926126	0	0.16756494	0.04621517	0	0	0.028062744	0.09937172	0	0	0.04680075	0.05795923	0	0.009268845	0.09025314	0.027853865	0.020444572	0	0	0.18267503	0.0117018465	0.14568762	0.0049397876	0	0.006595105	0.08861356	0	0	0.027411565	0.041664466	0.017879395	0.11651125	0.01454444	0.0043026954	0	0.064860955	0.006046104	0	0	0.21473736	0.08315706	0.00573547	0.020016083	0.026014423	0
954_SemiBin_2	0.41684654	0.2417311	0.13263673	0.131135	0.24869382	0.03218896	0.19415475	0.2755919	0.07075586	0.07652723	0.07286877	0.1886222	0.117982954	0.20651238	0.1143919	0.061348133	0.06714921	0.11648422	0.040386558	0.14281791	0.1483475	0.5150111	0.062315308	0.0667309	0.07377648	0.06927057	0.05977559	0.25287554	0.24496387	0.26219708	0.09548781	0.15101033	0.013726122	0.11543551	0.17882891	0.35774484	0.36468977	0.18013486	0.06695201	0.23635821	0.24621591	0.050945207	0.04080032	0.073298596	0.13740946	0.16777927	0.06993068	0.11634019	0.0550202	0.16748184	0.062609375	0.0497231	0.09366733	0.07961753	0.1393556	0.22167663	0.14463685	0.18253607	0.18596892	0.15112562
MEGAHIT-MetaBAT2-S955.19	0	0.012097091	0.012598888	0.078258716	0.017986886	0	0.033286363	0.10028843	0.042132765	0.0591866	0.07668256	0.017735919	0.08632188	0.11136165	0.08151703	0.008670595	0	0.010215658	0.077432595	0.014121824	0.015279832	0.04206488	0.2155902	0.009743915	0	0.113794714	0.12460575	0	0.10363404	0.022736352	0.025583789	0.04854237	0.09374525	0.059032746	0.029246023	0.008846245	0.22992231	0.07721077	0.010158602	0.029782036	0.015687719	0	0.011825013	0.04384016	0.100343645	0.041127414	0.13806273	0.061482936	0.08067039	0	0.0118174665	0.15277359	0	0.011602201	0.08864569	0.011985529	0.009897609	0.011613754	0.0851891	0.009206884
991_SemiBin_49	0.08343443	0.0362446	0.035414364	0.03848006	0.0050905054	0.0074857697	0.038013436	0.019545414	0.018708676	0.17291693	0.015811414	0.020949282	0.0099178115	0.19560297	0.024157664	0.23210622	0.016387962	0.120665856	0.118995726	0.029100915	0.05847363	0.015985472	0.014870157	0	0	0.006048636	0.029731663	0	0	0.009308386	0.01992791	0.024184229	0.024423636	0.043948967	0.049124938	0.03082511	0.037333414	0.017699042	0.035478506	0.0788082	0.060285416	0.010554512	0.007434322	0.04941483	0.030660957	0.12729385	0.019877132	0.019127142	0.008652199	0	0.07304734	0.016389586	0.0071340734	0.008466379	0.14221442	0.0039297948	0.013468472	0.27309823	0.03205609	0
MEGAHIT-MetaBAT2-S935.70	0	0.037651286	0	0.33086345	0	0	0.07361756	0	0.06359402	0.06807528	0.05423456	0.05323931	0.124658816	0.03952687	0.06258785	0	0	0.041107558	0.052014366	0.062323812	0	0.112376384	0.051534355	0	0	0.046416406	0.072847575	0	0	0.044155892	0.06906438	0.13079117	0.08513885	0.06158264	0.083585024	0	0.075469896	0.072920635	0	0.08015439	0.068503305	0	0	0.09983629	0.06444259	0.059511855	0.063942455	0.050643954	0.12680236	0	0	0	0	0	0.047761973	0	0.059267454	0.04342985	0.051899485	0.05710946
MEGAHIT-MetaBAT2-S937.160	0.2630274	0.14486466	0.046653934	0.04032893	0.67144877	0.02174773	0.17682984	0.017490773	0.104352444	0.10027891	0.07743439	0.014074177	0.062552795	0.010019807	0.114855245	0.05381795	0.095094666	0.01965305	0.030632956	0.037740346	0.11734713	0.03585137	0.011160301	0.028064145	0.08521146	0.2104716	0.0098637035	0.48828766	0.095478244	0.019365422	0.038676444	0.014173392	0.011505541	0.018242452	0.053660415	0.01863827	0.045637626	0.038296986	0.4611991	0	0.0153134195	0.02896263	0.049926437	0.081012316	0.04160877	0.055469166	0.035461914	0.27422997	0.02950024	1.4924618	0.0155397	0.009232027	0.042745315	0.108258575	0.023681447	0.043358937	0.08772755	0.027995914	0.07800925	0.13581398
955_SemiBin_256	0	0	0	0.012782267	0	0	0.0073432582	0.010218915	0.021579389	0.03288056	0.025957596	0	0.017863613	0.027563097	0.02639939	0	0	0	0.04479098	0	0	0.020053064	0.26534086	0	0	0.056067254	0.03809094	0	0.023638248	0.004464189	0.009253618	0.020895228	0.0062372275	0.007579958	0.0053252494	0.0063768025	0.022066737	0.011219411	0	0.008656979	0.015132339	0	0	0.106230944	0.009035348	0.012463259	0	0	0.007943039	0	0.011257369	0.012733096	0	0	0.0059796227	0.006279962	0	0	0.013704223	0
960_SemiBin_248	0.041306056	0.028359711	0.017703446	0.01130532	0.03567018	0.030964443	0.01087184	0.010720908	0.026916957	0.016329052	0.020727374	0.038110252	0.013274677	0.023496134	0.009930093	0.018170787	0.020740688	0.032975253	0.008669829	0.03798695	0.033399723	0.060852505	0.087238416	0.03215788	0.034041587	0.078642525	0.05610771	0.2977717	0.07544558	0.040975787	0.013472452	0.027701473	0.032835413	0.012682147	0.010617658	0.026346138	0.024834245	0.018269734	0.018208573	0.020833157	0.030941686	0.06642127	0.03811206	0.025021894	0.014438829	0.016132334	0.025574416	0.01842909	0.020314109	0.020611882	0.02028955	0.015245547	0.029956723	0.027372694	0.026627397	0.040985573	0.04455475	0.02120159	0.031654473	0.030144775
group8_bins.151	0	0	0	0	0	0	0	0.0147704175	0.00876083	0	0.012467521	0	0	0	0	0.02545076	0	0.009838974	0.06784395	0.024891447	0	0	0	0.079293855	0.016306097	0.012021761	0.013487621	0	0	0	0.014182431	0	0	0.06859982	0.030610124	0.009169033	0	0	0	0.060107533	0.007835804	0	0	0.036452997	0.022045262	0.038761955	0.018388292	0	0.019271582	0	0.020633044	0.105968654	0	0.013353336	0	0.040306274	0	0.009075205	0.011311465	0.013214549
964_SemiBin_528	0.060525417	0.0039397627	0.04897558	0.007818453	0.025769006	0.011453057	0.0027226415	0.004713014	0.004805954	0.008564816	0.0029631453	0	0.0027078553	0.03840554	0	0.0059938002	0.0051853373	0	0.003502473	0	0.0086569125	0.0028252602	0.06173305	0	0.008952111	0.0048958636	0.046438023	0	0.005712203	0.009246553	0	0.54868156	0.013936197	0.010743883	0	0.013507952	0.0029542993	0.014234013	0.0033836628	0	0.017419731	0.003818522	0.018124439	0	0.010618142	0.0034977559	0.004609686	0.054512724	0.006589533	0.17814854	0.0066069113	0.007766003	0.024579931	0	0.00501619	0	0.011027348	0.0018375951	0	0.0033129673
960_SemiBin_14	0.09136754	0.16920306	0.017429618	0.009816413	0.110815205	0	0.026523508	0.009252136	0.0069288407	0.045340367	0.020727862	0.028539758	0.010139307	0.03809094	0	0.04801201	0.019036936	0.023224147	0.010791176	0.019058665	0.023423985	0.013637838	0.017645115	0.02570463	0.02770258	0.020534087	0.030172087	0.45342374	0.02077556	0.008841021	0.01497729	0.010566319	0.068299055	0.04198607	0.011205989	0.05110484	0.017005455	0.060485408	0.025086194	0	0.011052226	0.1127967	0.021044947	0.013872269	0.01299331	0.02926616	0.030721638	0.019119991	0.0188571	0.08543723	0.031490505	0	0.030288655	0.06210416	0.016207261	0.039711576	0.014114304	0.010186048	0.008021478	0.013750215
group9_bins.264	0.0775263	0.07946636	0.10771466	0.024361711	0.06769014	0.103177875	0.0840883	0.066159315	0.08636538	0.08428326	0.025065307	0.01014359	0.037617523	0.028209947	0.037935596	0.087369	0.11294023	0.07231174	0.027713688	0.13402535	0.06693217	0.0062043574	0.08211263	0.11778561	0.062149927	0.037137933	0.027233927	0.057237085	0.0374476	0.0067389435	0.08013779	0.06257988	0.05062958	0.02191309	0.04521007	0.005318187	0.026731437	0.0064433753	0.12929416	0.012808726	0.027280355	0.13715585	0.13785654	0.06277989	0.038416557	0.055873085	0.028489014	0.061233185	0.06848591	0.1285729	0.13164292	0.02652629	0.13626133	0.11982514	0.010456877	0.07578003	0.07584673	0.08783001	0.027516106	0.07759198
MEGAHIT-MetaBAT2-S962.80	0.07532412	0.12868208	0.356588	0.6156215	0.28983584	0.5479283	0.30452853	0.29706538	0.96620864	0.5092713	0.82710487	0.6318224	0.4551626	0.1631844	0.670144	0.43020496	0.8642453	0.4528934	0.08794834	0.63792604	0.08484988	0.13058893	0.551025	0.32521182	0.08301026	0.7141147	0.26340783	0.24384046	0.40392444	0.40480572	0.5083021	0.23311934	0.121535204	0.5127666	0.40820694	0.07582438	0.41563332	0.2745873	0.24099585	0.27792445	0.2060002	0.5128693	0.7498892	0.4224133	0.13531613	0.17003375	0.54776	0.92334807	0.42718795	0.2127492	0.40890402	0.39358082	0.30963272	0.3666212	0.15704596	0.16213128	0.6481108	0.29968315	0.25717816	0.93366355
MEGAHIT-MetaBAT2-S973.86	0.006496358	0.019562535	0.015824415	0	0.02139328	0.006780719	0.01336946	0.009088039	0.0048600873	0.0040412843	0.0056658303	0.0332267	0.0072409995	0.022983113	0.008875716	0.006253813	0.008827444	0.006015006	0.02186251	0.015857928	0.017070986	0.15284243	0.036311917	0.017565377	0.006526124	0.020416813	0.052712996	0.06706936	0.045884762	0.07163883	0.02842562	0.008661994	0.0034358914	0.003725055	0.015777573	0.021254217	0.018172171	0.012839737	0	0.09215948	0.2730037	0.0076574464	0.004993707	0.019007206	0.027908187	0.0239928	0.005071576	0	0.011538961	0	0.009364375	0	0.0066748257	0.0041924785	0	0.020195786	0.013252709	0.009193903	0.0054533295	0.0060075396
MEGAHIT-MetaBAT2-S949.157	0.009640269	0	0.13389538	0.025288876	0.02864674	0.104255736	0.04497753	0.065805376	0.084123656	0.23985572	0.32067975	0.0056315986	0.04038356	0.014635443	0.058963113	0.062633164	0.28619325	0.08503751	0.02164886	0.083608925	0.026300726	0.006405944	0.19182591	0.4593305	0.024879027	0.04508129	0.062473565	0.015708957	0.08050004	0	0.06466418	0.049390502	0.038760513	0.07127379	0.025375977	0	0.105835415	0.00783277	0.11469341	0.010120384	0.01659072	0.05858229	0.15385093	0.07161552	0.29293963	0.07213144	0.06413221	0.05439722	0.0406723	0.02229941	0.09290377	0.059168473	0.010722833	0.0521615	0.0061614127	0.13284448	0.07973616	0.19070488	0.056597676	0.11564248
MEGAHIT-MetaBAT2-S988.179	0	0.02129147	0.008072769	0.0134225115	0.026088031	0.006125562	0	0.06338847	0.010089853	0.026397191	0.027759206	0.10428164	0.023453418	0.0044851573	0.060430657	0.020761877	0.013237661	0.06381751	0.025628673	0.029877767	0.015275385	0	0.0075519104	0.017201297	0.01764993	0.045951642	0.031070272	0.057787877	0.015034011	0.0061845477	0.028432766	0	0.016554285	0.023479873	0.013364655	0.032930043	0.020153929	0.005920479	0.009737147	0	0.018458717	0	0.011360799	0.041424096	0.02168435	0.034548163	0.028500905	0.026677568	0.02234023	0.0056036487	0.017291537	0.039778646	0.007554167	0.06266158	0.44214848	0.05413426	0.018095316	0.0046340153	0.022484532	0.027766185
group10_bins.149	0.051286317	0.11616146	0.06127373	0.05697663	0.06409978	0.025487194	0.06340279	0.019459294	0.06520817	0.08046436	0.022355624	0.05767603	0.06957159	0.059481885	0.04946976	0.045064352	0.068498604	0.0209457	0.09686756	0.06093356	0.06074446	0.03542149	0.18209535	0.009614308	0.0516424	0.06907449	0.036322687	0.1260692	0.037028216	0.0053702877	0.05846807	0.09711719	0.13309482	0.00928814	0.023805073	0.041650962	0.15152024	0.04057019	0.050016258	0.06738051	0.010862391	0.25685775	0.09039846	0.13315721	0.047662206	0.03824408	0.055843543	0.12302287	0	0.031722587	0.04715202	0	0.023146737	0.048015956	0.010718845	0.06539701	0.0037677307	0.0874934	0.008024532	0
group6_bins.67	0.019242201	0.040841628	0.013306926	0.23405887	0.041329566	0.008012949	0.034977857	0.016717823	0.040502075	0.025440337	0.0692635	0.04063334	0.033563916	0.05758349	0.082460314	0.02453269	0.013350377	0.030730937	0.032610282	0.02725367	0.027781656	0.029993802	0.03386734	0.021195477	0.0073091337	0.013412218	0.06541138	0.009452332	0.016889568	0.010791183	0.01998172	0.066090256	0.07098068	0.114267714	0.024618303	0.035687868	0.0426105	0.041964065	0.03384776	0.013901588	0.027310535	0.014979485	0.02696326	0.0379436	0.02406377	0.039427537	0.047221944	0.031125853	0.07939624	0.010543784	0.03035795	0.052139036	0.029252727	0.021227272	0.025685567	0.030813364	0.02391978	0.02021074	0.032091256	0.016791651
MEGAHIT-MetaBAT2-S959.123	0.030637536	0.036514252	0.032354727	0.06525111	0.011151467	0.08916803	0.05853204	0.04460707	0.028088504	0.046517495	0.029469425	0.046407364	0.06254998	0.033160996	0.049223788	0.018660842	0.020695435	0.04924008	0.027245328	0.055960666	0.039680995	0.03480032	0.15650924	0.099836655	0.05425566	0.13450578	0.36333963	0.0802486	0.12374965	0.010469894	0.02325595	0.068558455	0.05821669	0.069766164	0.03899427	0.009147833	0.11469421	0.08331875	0.03456896	0.016106028	0.026614232	0.17864624	0.29364842	0.017099926	0.05586891	0.014327224	0.030789502	0.25783786	0.019756727	0.026627975	0.04652804	0.021676602	0.01731306	0.011778465	0.016172623	0.018094957	0.14577149	0.010799951	0.035888296	0.065806754
group9_bins.40	0.014982456	0.022246175	0.01882066	0.04803332	0.012035005	0.015689155	0.025779042	0.024536248	0.049528506	0.04106006	0.03701508	0.023110114	0.042057775	0.042520523	0.0494671	0.024062056	0.008839458	0.037010737	0.020442957	0.021160947	0.014924068	0.034288995	0.031263337	0.015285962	0.0042578797	0.017749758	0.02436741	0.008484499	0.020768521	0.03990169	0.03645639	0.054750603	0.028365614	0.032900807	0.029898236	0.026407156	0.05531084	0.048931535	0.037756596	0.04853988	0.036923	0.012216874	0.029801063	0.030863266	0.048609935	0.02605364	0.042032074	0.03926503	0.017532649	0.00924376	0.022662546	0.038796637	0.019315686	0.021514984	0.042984843	0.02298466	0.03055392	0.03005711	0.03008202	0.038922153
MEGAHIT-MetaBAT2-S962.33	0.07465882	0.0705538	0.08109909	0.044242445	0.043814626	0.04602727	0.123794794	0.064660214	0.068987474	0.062281426	0.05880872	0.0642254	0.06756704	0.060077712	0.06253413	0.047499295	0.03217201	0.15375301	0.07695693	0.028789524	0.085743874	0.08309696	0.09154858	0.027394952	0.01698681	0.0468284	0.047079705	0.06801616	0.11980477	0.35461715	0.09818099	0.09422138	0.04238581	0.06532725	0.19451497	0.06566052	0.0990618	0.084576994	0.055996604	0.21419142	0.14009206	0.045491528	0.04860221	0.1071959	0.08715786	0.07578985	0.07960695	0.056535117	0.090380795	0.028002689	0.049678132	0.01906395	0.035393838	0.0529409	0.11182482	0.14855929	0.04975189	0.07172682	0.07974963	0.052015167
group4_bins.47	0.032188337	0.030282935	0.026936496	0.14085953	0.028304266	0.0364127	0.019660095	0.039340466	0.09344576	0.06654483	0.05334005	0.11330356	0.07992903	0.044283103	0.09443799	0.020524926	0.015226428	0.08008147	0.03576991	0.06628592	0.029012008	0.0895615	0.10319961	0.02228072	0.015019706	0.07077901	0.07547754	0.082793124	0.019285526	0.046261877	0.0778508	0.15989658	0.048882026	0.044551898	0.07870326	0.064821914	0.15267333	0.08635013	0.028296981	0.09135624	0.11935081	0.034496754	0.048183143	0.10075613	0.0655991	0.035679225	0.036582954	0.11439038	0.037543904	0.01821936	0.031354353	0.049951617	0.026521653	0.028657395	0.09209823	0.049297187	0.050425198	0.025303049	0.06626761	0.045910988
MEGAHIT-MetaBAT2-S958.133	1.5776086	1.1506716	0.60456264	0.03900129	1.1247349	0.2639684	0.54819345	0.43130422	0.102037884	0.38147008	0.29452407	0.44283518	0.023909604	0.03790876	0.109220505	0.8006332	0.5476832	0.59691644	0.09829165	0.42489988	0.47579566	0.17476895	0.15933716	0.6669235	1.3468583	0.57315135	0.4084348	0.99930066	0.48367676	0.23692547	0.19043233	0.021374132	0.31732652	0.21532087	0.38252267	0.80343616	0.08043673	0.28903377	0.8733201	0.028225845	0.15267752	0.638539	0.57314783	0.2837039	0.21850798	0.5410415	0.6810779	0.3245843	0.46867818	0.42500868	0.86365044	0.05781129	0.6737633	0.9842757	0.3804806	0.5115591	0.47766942	0.39910907	0.35334393	0.38956094
947_SemiBin_8	0.010905272	0.009489865	0	0.02453736	0.02323383	0.051619183	0.028591255	0.023641823	0.13477789	0.01888572	0.016290845	0.0116747115	0.037460916	0.009889229	0.6741757	0.05746059	0.04516859	0.1329462	0.031714033	0.058927152	0.0376109	0.015226271	0.058165364	0.03172502	0.020138744	0.017035974	0.026104711	0	0.035029683	0.045132697	0.06004158	0.1207022	0.06017849	0.0443839	0.06722983	0.005689508	0.06269977	0.086355045	0.018480942	0.02670177	0.0066843	0.05805852	0.0968132	0.013127393	0.07674342	0.050277166	0.08844984	0.151405	0.05357317	0.030231308	0.03156397	0.06880856	0	0.017063916	0.021687591	0.01544514	0.014522684	0.004508777	0.22870035	0.066817716
MEGAHIT-MetaBAT2-S962.8	0.19846366	0.24936454	0.12556735	0.021183953	0.09628806	0.054122202	0.13303831	0.15503123	0.036623612	0.047039326	0.07065438	0.1353162	0.017267471	0.04831897	0.018942786	0.05003737	0.07442294	0.255506	0.051374692	0.05164421	0.1327375	0.07514113	0.34318796	0.041989155	0.051894944	0.086797446	0.023338895	0.10070865	0.2757155	0.30886376	0.042571988	0.069885425	0.08931068	0.06918132	0.13717005	0.15155211	0.026911296	0.107661806	0.058397215	0.04535531	0.13978432	0.05013088	0.01872938	0.06835784	0.017109647	0.06307147	0.03957662	0.014028805	0.068444565	0.023995642	0.080820255	0.01388992	0.0776487	0.10881537	0.099378414	0.12628946	0.11497592	0.16256538	0.035507046	0.043684904
MEGAHIT-MetaBAT2-S961.221	0.03553762	0.17425638	0.13489959	0.022198565	0.045736562	0.022577986	0.039223656	0.06134036	0.04268079	0.06475888	0.030939953	0.09299242	0.015748082	0.0275976	0.023381118	0.043572437	0.023411732	0.09893591	0.07004816	0.045720063	0.096010976	0.058542185	0.15465115	0.029001629	0.017589025	0.1880318	0.07742632	0.024850257	0.34357303	0.1274065	0.034226812	0.060522042	0.017055728	0.039020784	0.055512827	0.06800826	0.029287467	0.026547099	0.040939637	0.07127358	0.06252366	0.048866354	0.043258227	0.217216	0.034096878	0.048693627	0.09750146	0.0637746	0.08723197	0.013434736	0.03521015	0.027027503	0.09029737	0.08992412	0.07540772	0.1489229	0.042157948	0.030140247	0.027128497	0.04127864
group3_bins.183	0.016109658	0.014441076	0.05451061	0	0	0.008174323	0.003707515	0.012522574	0	0	0	0.0036368794	0	0	0	0	0.013022942	0	0	0	0.010098935	0	0	0.0100303	0.027292846	0.024642099	0	0.18590914	0.014122445	0.0630576	0	0	0	0	0	0.032536723	0	0	0	0	0	0.013393087	0	0	0	0	0	0	0	0	0.0052499636	0	0.0046816515	0.0031992386	0	0.0043949694	0.0074933413	0	0	0
MEGAHIT-MetaBAT2-S959.81	0.25692073	0.13612947	0.14583951	0.07713793	0.10274283	0.043683533	0.16293453	0.17049342	0.11048569	0.13056298	0.109532334	0.18341507	0.0068013845	0.054248735	0.06136452	0.12927371	0.11911509	0.08103176	0.1284716	0.17091633	0.22376159	0.05236182	0.09182535	0.13098796	0.122404106	0.10897907	0.20329335	0.17894898	0.1438944	0.06940617	0.17377472	0.01847774	0.18051498	0.11087483	0.12556681	0.14352186	0.06033529	0.063617654	0.18480632	0.043460276	0.07860771	0.1764459	0.12032057	0.075603455	0.12138459	0.1304152	0.07598374	0.09745331	0.11341868	0.15689464	0.116873786	0.07467898	0.16104436	0.1450962	0.1602485	0.100765	0.10169252	0.124215074	0.076661065	0.14311472
MEGAHIT-MetaBAT2-S947.111	0.30228215	0.40316272	0.3923008	0.6384554	0.6501174	0.38536695	0.4536597	0.4399652	0.31966716	0.4595707	0.5146415	0.3614755	0.13259593	0.706092	0.36316285	0.46301556	0.4510054	0.47739202	0.22428495	0.3826311	0.36570397	0.33716735	0.23866414	0.4969026	0.44501957	0.8899522	0.41804603	0.61543655	0.44795445	0.29808253	0.17203583	0.1726665	0.6089826	0.27561447	0.4129359	0.40784	0.38766038	0.9011503	0.6004432	0.13846135	0.482021	0.88635	0.8619976	0.32709536	0.44640964	0.41572666	0.5320971	0.89227164	0.31637895	0.27426603	0.63473517	0.19485916	0.34820732	0.63385534	0.3887402	0.21760227	0.65667313	0.59262484	0.44378707	0.4448513
group3_bins.323	0.340293	0.13021386	0.06584402	0.01779051	0.020300042	0.010303293	0.054170687	0.022880219	0.0393368	0.013210676	0.013630036	0.053897783	0.019886905	0.035444394	0.007026221	0.037404615	0.037417796	0.025920436	0.019376013	0.0106359	0.06304926	0.042645063	0.033189915	0.023044486	0.033153493	0.06446797	0.011626682	0.124697916	0.11986631	0.16996339	0.021877768	0.017444346	0.0070167165	0.013557328	0.018348213	0.3615962	0.027229352	0.031721883	0.008083877	0.027864547	0.082588956	0.00938958	0.0071119126	0.030438142	0.016018823	0.0192304	0.019476758	0.009512685	0.01769868	0	0.04744391	0.007926897	0.009664188	0.024851887	0.05765739	0.037901897	0.034693625	0.021583626	0.022022154	0.012065074
MEGAHIT-MetaBAT2-S945.93	0.015912946	0.026871191	0.017800434	0.74292225	0.013847954	0.041007034	0.053621005	0.034244154	0.10515279	0.06538249	0.03898307	0.04120334	0.33438355	0.08572706	0.46188232	0.021490999	0.015846144	0.037288714	0.01960869	0.03973536	0.013431848	0.26662824	0.050129738	0.025117328	0.0076967864	0.06331348	0.04815293	0.016213186	0.032275226	0.039804667	0.09267002	0.1865875	0.05706186	0.037681483	0.068327785	0.023843504	0.31874081	0.37091738	0.05829676	0.17309174	0.104897946	0.025478806	0.049040418	0.0882697	0.04071754	0.017482683	0.2199385	0.16085829	0.063058585	0.01564466	0.024291415	0.026416617	0.03357223	0.022930583	0.057374623	0.042654112	0.046448458	0.02532802	0.2088699	0.09321579
960_SemiBin_641	0.008279435	0.019581601	0.007915935	0	0.021527227	0.004524482	0.0125071285	0.018393537	0	0.013107921	0.0039035168	0.012425151	0.016929587	0.00939714	0.004102292	0.018790487	0.02894037	0.011456292	0.004826497	0	0.026071336	0.20076802	0.044772577	0.010756633	0	0.023604628	0	0.28635314	0.02986263	0.07880444	0.0075658895	0.0047517694	0	0.004001895	0.011637879	0.011026444	0.026494911	0.012088865	0.010622486	0.24357297	0.014048783	0.010039743	0.0064257197	0.03385536	0.008822848	0.027382178	0.0072091236	0	0.009062989	0	0.008331523	0	0	0.0063785044	0.004067098	0.02536995	0.0175364	0.013631745	0.00905965	0.0065427106
983_SemiBin_12	0.04829127	0.022081863	0.14223671	0.012010744	0.050713252	0.14140654	0.16801512	0.043483015	0.023577591	0.22744597	0.013361695	0.016850283	0.015468726	0.047515478	0.04432147	0.11480192	0.051271193	0.04780187	0.015621877	0.021989003	0.07339353	0.006600927	0.011425665	0.15138589	0.020400152	0.052901547	0.046612296	0.06256776	0.026812693	0.007970108	0.08474451	0.04147286	0.031438068	0.042199705	0.012219948	0.007793614	0.078071445	0.11188055	0.32967573	0.010376621	0.013067043	0.2510182	0.20916456	0.008640315	0.011969947	0.033910688	0.058344934	0.027294347	0.018084202	0.47694114	0.121340156	0.06995691	0.14271459	0.15942168	0.008107567	0.087786354	0.0868947	0.13477978	0.027504949	0.14131331
973_SemiBin_207	0.020504039	0.06710904	0.035266254	0	0.010808036	0	0.018576797	0.10536681	0.061668202	0.0053906604	0.026498225	0	0.024984768	0.032939725	0	0.037848122	0.01005238	0.019462539	0	0.022505006	0	0.09653811	0.23034917	0.010824131	0	0.042918965	0.00788732	0	0.055925462	0.034119412	0.0051743565	0.15228978	0.08933514	0.02876962	0.103985235	0.040605277	0.14248917	0.052184906	0.006380052	0.03739514	0.24082793	0.06783992	0.041458454	0.06853895	0.013656417	0.018329514	0.08067493	0.005808303	0.051070936	0.0062581124	0.016811384	0	0.005113754	0.026078539	0.11457895	0.02464038	0.039676562	0.024360305	0.02267432	0.04807871
group7_bins.133	0.050090067	0.04947184	0.027717235	0	0.08682101	0.053004075	0.01565139	0.011136074	0.055099886	0.04209847	0.026468161	0.020702705	0	0.0100654485	0.007548703	0.029169325	0.042590562	0.023525855	0.025731513	0.033977583	0.03178773	0.008099399	0.014170385	0.028654145	0.02470024	0.011326026	0.025519637	0.030274931	0.016500235	0.00524477	0.042467147	0.019912653	0.019854298	0.013961928	0.007764267	0.011468252	0.023651354	0.018056788	0.14377476	0.0041499543	0.010573048	0.13050573	0.0785003	0.008453243	0.018002233	0.014458734	0.021449821	0.034614388	0.02755784	0.10623716	0.104483575	0.013608006	0.045372527	0.034273967	0.009095174	0.020195905	0.02600137	0.05748072	0.01707933	0.071250826
MEGAHIT-MetaBAT2-S966.75	0	0.04333057	0.013220126	0.044123225	0.015097514	0.014302956	0.03706804	0.019505665	0.05783243	0.05000576	0.05669868	0	0.06697629	0.13420264	0.040976554	0.02015601	0.015547258	0.041301947	0.013486419	0.027228907	0.009285922	0.014418683	0.0821598	0.044520993	0	0.011291528	0.053083416	0.1087673	0.03328338	0.0057243356	0.05818723	0.023577323	0.04204155	0.25483233	0.03444925	0	0.05571841	0.0074554067	0.05548994	0.01960363	0.016958008	0.04653626	0.047542896	0.052235007	0.12465719	0.013265595	0.04204428	0.049041614	0.0439394	0.03618996	0.01839786	0.01673196	0.02349202	0.06440042	0.023304567	0.10687851	0.09244908	0.040732916	0.019861244	0.060305912
981_SemiBin_196	0	0.043147378	0	0.11727289	0	0	0	0	0.009732733	0.15830038	0	0	0.023308353	0.094838575	0.10302867	0	0	0.0032782906	0.26035127	0	0	0.100876585	0	0	0	0	0	0	0	0.003358106	0.33396462	0.114210404	0.030429402	0	0.01594662	0	0.052878518	0.01833683	0	0.10048865	0.07317132	0	0	0.5609744	0	0.0112348	0.07541483	0.47309977	0	0	0	0.0910677	0	0	0	0.007903557	0	0.0043754587	0	0
MEGAHIT-MetaBAT2-S965.5	0.08876984	0.07106957	0.06992562	0.061620735	0.067568205	0.105607405	0.036689743	0.076033674	0.052717358	0.05337775	0.050599158	0.041378163	0.047230363	0.04281808	0.06617174	0.06496099	0.05577319	0.064585075	0.069086246	0.059797622	0.05189057	0.020554923	0.08275932	0.05505153	0.029797116	0.046063256	0.057190154	0.0457968	0.056906145	0.017802862	0.04376778	0.088014856	0.1897921	0.04451676	0.043534137	0.025763238	0.071220644	0.044869512	0.0888925	0.02932725	0.041600253	0.08132862	0.069932535	0.031508617	0.060054522	0.07522519	0.052555885	0.06801021	0.055163514	0.09432284	0.054470647	0.051859096	0.06152265	0.041295808	0.03420391	0.048631657	0.043202452	0.053214803	0.04960305	0.0444016
group8_bins.297	0	0	0.007977445	0	0	0.0064348103	0	0.046019945	0.007773103	0.006123172	0.0052341004	0	0.0070724054	0.008261471	0.019733047	0.008596668	0.032654576	0.0050661755	0.0035146198	0.008549849	0	0.008303473	0.029512605	0.013441288	0.0028381462	0	0	0.006248097	0.014571615	0.004345041	0.0049729454	0.007961087	0	0.021888455	0.008448291	0.0053493786	0.03513817	0.022492236	0.01795867	0.010758593	0.0022357977	0	0.019606723	0.009397546	0.014923732	0	0.020786015	0.13193691	0.014665629	0.0051509617	0.007585725	0.05407224	0	0.015523729	0.003600693	0.035379056	0.02224307	0	0.015216639	0.01292019
MEGAHIT-MetaBAT2-S932.53	0.4245347	0.24885803	0.27621338	0.039924067	0.22861816	0.26021773	0.12975086	0.19678164	0.104122	0.14571455	0.1307549	0.095827945	0.010618822	0.016568044	0.0217214	0.17548771	0.2719758	0.10202958	0.14569005	0.26832104	0.2503739	0.034945603	0.09595721	0.18489538	0.26545146	0.1064242	0.0980786	0.2690535	0.18845032	0.022153495	0.067379855	0.21567461	0.3430375	0.10128245	0.05375862	0.097225	0.09325806	0.122718506	0.27409723	0.008409739	0.03875184	0.38556808	0.33610556	0.049462806	0.12357779	0.103526875	0.16349901	0.14123623	0.08727959	0.80550796	0.17638531	0.1326627	0.3845839	0.14555292	0.06486018	0.092652656	0.089209825	0.17197905	0.107150815	0.11693411
MEGAHIT-MetaBAT2-S933.161	0.35089526	0.5712151	0.19759418	0.17104732	0.22846895	0.18053195	0.20920055	0.2974244	0.19125888	0.14847746	0.1767548	0.66535634	0.025490182	0.1128355	0.13217318	0.17723	0.14590892	0.24546687	0.13377206	0.19278459	0.5488293	0.12685774	0.16568731	0.18013076	0.12584339	0.25459158	0.19076112	0.39744395	0.31993055	0.23626254	0.14486802	0.07329446	0.19984823	0.13636684	0.34923747	0.5957617	0.12998077	0.43828675	0.2172957	0.086491704	0.36786616	0.2994831	0.20618042	0.26129147	0.16296987	0.14940256	0.25077274	0.23636273	0.21071832	0.15519843	0.19290148	0.037938323	0.20040834	0.2842917	0.50940853	0.1441491	0.37341064	0.1315322	0.1905761	0.17679131
MEGAHIT-MetaBAT2-S987.67	0	0.17728856	0	0.031131562	0.019279083	0	0.02306984	0.026825758	0.018538054	0.018424911	0.034326117	0	0.018029887	0.010531422	0.023553766	0.06391383	0	0.06289511	0.030135967	0.021656442	0	0.004047215	0.038596857	0.03418504	0	0.07139993	0.10079265	0	0.035388764	0.03548239	0.024772612	0.004338206	0.0054898043	0.057722606	0.03624569	0.004150422	0	0	0	0.01490122	0.041457985	0	0	0.054440107	0.0041532353	0.061526373	0.028103169	0.02168726	0.038003918	0	0.05056028	0.02993854	0	0.4441937	0.08595526	0.03478023	0.008161696	0.010053102	0.052684348	0.028063687
946_SemiBin_182	0	0	0	0	0	0	0	0	0.013590775	0.011000708	0	0	0.010618246	0.31948158	0.064352475	0	0	0	0.008313062	0	0	0	0	0	0	0	0	0	0	0	0	0.013629895	0	0	0	0	0	0	0	0	0	0	0	0	0	0	0	0	0	0	0	0.01790377	0	0	0	0	0	0	0	0
MEGAHIT-MetaBAT2-S985.24	0	0	0	0.06188653	0	0.011345965	0	0	0.0685615	0.023350189	0.070270054	0	0.10745728	0.026203414	0.07602137	0	0	0.0070691905	0	0.009290209	0	0.006742398	0	0	0	0.018356506	0.019059421	0	0	0.0066056703	0.03951292	0.03663062	0	0.014904528	0.0069929915	0	0.13699721	0.020142766	0.0073245126	0.027269842	0.017273007	0	0	0.049291905	0	0	0.016978472	0.038095474	0	0	0	0.1629705	0	0	0.009569424	0.00591884	0.012736765	0	0.006515277	0.029384986
MEGAHIT-MetaBAT2-S945.32	0.03635709	0.01071014	0.027171379	0.0087175425	0.009933515	0.00956661	0.13418253	0.010960387	0.04187239	0.022890065	0.0145501755	0.14662606	0.2537925	0.010749247	0.013401391	0.04442433	0.017335113	0.060440246	0.0076050903	0.005830249	0.0115537625	0.054278135	0.0132803535	0.00921777	0.005843716	0.036966596	0.007960549	0.013838869	0.059299894	0.14125766	0.013122752	0.015624775	0.007703016	0.00866248	0.03037688	0.0170908	0.028830083	0.05493816	0.017584806	0.11395662	0.25556532	0.019279303	0.014811854	0.06467563	0.014747252	0.072009966	0.026140552	0.0123053035	0.050055612	0.011353074	0.023182286	0.0052042813	0.010492524	0.044724677	0.039729167	0.034639195	0.046405174	0.036186233	0.026681816	0.025973497
MEGAHIT-MetaBAT2-S964.152	0	0	0.010053517	0.03568202	0	0.020512385	0.012267014	0.013413508	0.036540464	0.031771753	0.0181438	0.008363367	0.028167877	0.041668266	0.03505858	0.00939768	0	0.02598104	0.014750191	0.020080604	0	0.012403459	0.021317517	0.011235891	0	0.010357168	0.01348908	0	0.017372996	0.008849144	0.030628705	0.16698964	0.014707252	0.013371509	0.02588799	0	0.03735636	0.030581145	0.025869329	0.017674392	0.016214963	0.01978868	0.06147451	0.040022586	0.029141158	0.012892549	0.024276251	0.04356887	0.04122871	0.019141123	0	0.02887358	0.016625948	0	0.022754105	0.013607076	0.03842518	0.014140242	0.0143604735	0.057238553
MEGAHIT-MetaBAT2-S938.116	0.1087765	0.13034897	0.061755456	0.18862349	0.14324734	0.48021308	0.09946112	0.23918413	0.25708607	0.19516769	0.460501	0.14711037	0.13965061	0.28595644	0.36559346	0.16674681	0.11705165	0.15638185	0.074088395	0.13355076	0.09553273	0.06379107	0.37657174	0.18631983	0.12501234	0.3513072	0.284265	0.08358305	0.169866	0.038486384	0.06900181	0.24306676	0.3185978	0.22932348	0.13951261	0.05481973	0.20755109	0.26402727	0.2356002	0.06996994	0.15595903	0.2337786	0.14708509	0.14468253	0.16729537	0.14971547	0.22567067	0.3337877	0.15480699	0.11691897	0.13059725	0.13420093	0.1732776	0.20454326	0.11043825	0.098668024	0.23838481	0.10894648	0.28963092	0.24046227
MEGAHIT-MetaBAT2-S935.60	0.09733838	0.48918617	0.19897737	0.4986575	0.4701001	0.29786667	0.117211215	0.099609114	0.33501706	0.36860356	0.106235795	0.025268732	0.10494553	0.06641473	0.08153018	0.23875439	0.59966934	0.09778197	0.26035026	0.59271777	0.09093522	0.04364938	0.06823538	0.4581204	0.34162673	0.16393568	0.16569316	0.8842564	0.09171415	0.021219105	0.1912523	0.06838854	0.20922841	0.049113717	0.09507349	0.022422869	0.10175578	0.22367847	0.33909664	0.012196389	0.019314883	1.0314813	0.33560026	0.07913796	0.27345443	0.15002014	0.22187176	0.07240193	0.2041721	1.0605931	0.46751	0.057639267	0.7295613	0.47697347	0.026850063	0.12309978	0.2737435	0.30707425	0.051423024	0.4879272
group7_bins.209	0.19100961	0.12651606	0.13995588	0.07165268	0.110507935	0.069803305	0.10052219	0.10156235	0.06589916	0.06647229	0.08633384	0.13234565	0.02250893	0.024416488	0.048769638	0.08551719	0.09112072	0.123614624	0.09040326	0.069879025	0.09865272	0.06114482	0.09994924	0.06801389	0.075597815	0.07441852	0.086496845	0.12964676	0.100553155	0.07428673	0.10260034	0.10431122	0.106126234	0.06874422	0.06929845	0.13162772	0.07650393	0.15714942	0.17276023	0.04068946	0.092268504	0.08771778	0.08054151	0.078292206	0.08902794	0.09326069	0.08307338	0.08550692	0.069112875	0.14003359	0.07607224	0.040536612	0.13110347	0.15412611	0.12002238	0.15401667	0.061909616	0.060211785	0.09717842	0.08943649
group3_bins.32	0	0.060521834	0.0097493995	0.022056347	0	0	0.024379523	0	0.021576645	0.01717739	0.011860739	0	0.018658146	0.09505691	0.02743166	0.023962812	0	0.30904174	0.0072811292	0	0.09104735	0.17392142	0.005084694	0	0	0.20758235	0	0	0.009866844	0.07203715	0.060074843	0.04780549	0.026315773	0	0.06289328	0.044803146	0.016906338	0.1192746	0	0.068467	0.08590595	0	0	0	0.019198192	0.041611616	0.018915426	0	0.0043026446	0	0.045098756	0.0078018336	0	0	0.019316588	0	0	0	0.008669169	0
984_SemiBin_54	0.010150733	0.02719622	0.07919169	0	0.050903723	0.08275404	0.02470259	0.026853073	0	0.0066981935	0.009590114	0.047851138	0	0	0	0.046621773	0.11312416	0.021803249	0.007846975	0.071146	0.024968885	0.0046665273	0.010192249	0.06160144	0.019092282	0.040294655	0	0.024546832	0.04474891	0.009790896	0.006231326	0	0.008304842	0.011071757	0.006497988	0.0048710965	0	0.011445425	0.086216025	0	0.009722407	0.019117141	0.08457379	0	0.007370952	0.011484414	0	0.0059821857	0.008457706	0.04117132	0.24581656	0	0.08029305	0.041331574	0	0.012080725	0.040544488	0.024692135	0.045769334	0.024363842
group7_bins.231	0.24347079	0.08736831	0.07734331	0	0.1156481	0	0.049981985	0.1151873	0	0.015607131	0.025077108	0.08260954	0	0	0	0.16254087	0.08194444	0.055476207	0.16714132	0.060353514	0.10894888	0	0.03223934	0.10471414	0.19629434	0.14092892	0.024130486	0.15776919	0.07645949	0.020602066	0.009837469	0	0.05974843	0.03875145	0.05399563	0.047748793	0	0.013816091	0.08192695	0	0.018271934	0.060518183	0.09423161	0.023627704	0.02750844	0.09629931	0.09146585	0.023157561	0.056521613	0.029910356	0.076991186	0	0.10294229	0.13890442	0.019472227	0.05063561	0.12931585	0.049614802	0.076999985	0.07922417
954_SemiBin_108	0	0	0	0	0	0	0	0	0	0	0	0	0	0.009923006	0	0	0	0	0	0	0	0.23967637	0	0	0	0	0	0	0	0	0	0	0	0	0.008607546	0	0	0.011400468	0	0.06222555	0	0	0	0	0.010099232	0	0	0	0	0	0	0	0	0	0	0	0	0	0.030571941	0
MEGAHIT-MetaBAT2-S968.154	0.00621513	0.007010359	0.005193619	0.0051260255	0.01428551	0.005947098	0.011173126	0.0073137814	0.01739811	0.006601049	0	0.0062980615	0.014627349	0.012159636	0.006349251	0.0047321757	0.00858162	0.005876527	0.005452949	0.0076379203	0.042655885	0.012308352	0.011199573	0.004599572	0.0077911606	0.006464862	0.15861852	0.08388169	0.012171544	0.0117548285	0.0051079053	0	0.010609276	0.014999756	0.0075536626	0.08698307	0.008683351	0.05454589	0.008405766	0.012911585	0.008532739	0.008425991	0.0057356777	0.011215346	0.0067497566	0.006933641	0.01787811	0.0073855068	0.007055962	0.008365163	0	0.01003311	0	0	0.004697502	0.005105249	0.010946416	0.005108044	0.0042413645	0
group4_bins.149	0.02444653	0.083474696	0.021199489	0.045795742	0.021568924	0.033418532	0.024310207	0.027931731	0.067946225	0.03489122	0.04868091	0.046333898	0.06980808	0.07655359	0.060321517	0.030441971	0.01907226	0.052296035	0.035153467	0.03490601	0.044707704	0.06902345	0.044075802	0.06320541	0.012648322	0.026410677	0.046006504	0	0.029628891	0.020017775	0.031320248	0.109347545	0.06828177	0.03081771	0.021989	0.019961864	0.055780012	0.045259934	0.046648104	0.033188663	0.028500943	0.0564677	0.067623444	0.03071336	0.023714084	0.029736698	0.05391932	0.06475469	0.019316059	0.023488546	0.056702204	0.059362084	0.051154565	0.042252716	0.033628713	0.065392755	0.062737755	0.060552157	0.071042456	0.052922778
group9_bins.348	0.06512533	0.047832415	0.07196799	0.09049468	0.042267766	0.11676646	0.05817888	0.07405526	0.031212624	0.087425776	0.11632681	0.026636032	0.0698848	0.03964378	0.09179066	0.06417341	0.099752754	0.046242878	0.047418896	0.06949989	0.058224704	0.02529549	0.049113244	0.100231834	0.07347818	0.062166598	0.07287025	0.040103316	0.035805058	0.0104634985	0.040251363	0.08269482	0.093505524	0.061637342	0.031959165	0.012264603	0.06766405	0.057297703	0.095666476	0.04052801	0.029232018	0.08891961	0.08100394	0.047053475	0.09282779	0.049541943	0.052352354	0.13324486	0.043691665	0.10498512	0.07665733	0.033057414	0.07675563	0.08368934	0.034247212	0.05456573	0.055872016	0.03193907	0.04605779	0.07504237
973_SemiBin_307	0	0.022458341	0.015583101	0	0.012178521	0.1410455	0.61327535	0	0.16159473	0.08833027	0.0473117	0	0.76342964	1.0914685	0	0.05365393	0	0.10055936	0	0	0	1.5300221	0	0	0	0	0	0	0.09743725	1.6213099	1.3061792	0.49631682	0	0	0.77547914	0	1.0405751	0.014513294	0.025918242	2.5251079	0.5590054	0.030971078	0.116641276	0.03591609	0.42858353	0.03046048	0	0	0	0	0.24977197	0	0	0	0.012294309	0.27874556	0.037201855	1.300115	0.0118249515	0.040125288
MEGAHIT-MetaBAT2-S968.143	0.17247568	0.092007995	0.09005406	0	0.035408996	0	0.010128841	0.08495852	0	0.018735362	0.040023852	0.04966314	0	0	0	0.088538855	0.059468113	0.15195075	0.033939186	0.077399686	0.08266056	0	0.057505343	0.102353334	0.085070394	0.115541786	0.018842706	0.1406323	0.04933864	0.018423844	0.0074278596	0	0.020005343	0.027989382	0.043974478	0.26565987	0	0	0.0851783	0	0.10986508	0.09584445	0.0664067	0.036153845	0.009323583	0.0712316	0.013934882	0.01956303	0.06579577	0.10096416	0.10883418	0	0.057796635	0.11718629	0.024887761	0.01945713	0.07028329	0.05316699	0.021289442	0.027525913
group8_bins.283	0	0.017107446	0.028168833	0.0651464	0.0040456834	0.03292093	0.034906074	0.039717354	0.058194175	0.035196677	0.028566698	0.033998184	0.055116154	0.049674395	0.05955901	0.02814267	0.024683734	0.04601973	0	0.027134238	0	0.023536857	0.05178517	0.026625922	0	0.027108474	0.03910039	0	0.022542104	0.028356671	0.053456884	0.07413729	0.04957869	0.041183762	0.033380724	0	0.078125305	0.052695777	0.0402478	0.05115116	0.039608415	0.0072138472	0.032259595	0.04326757	0.058376025	0.028838785	0.06635226	0.052087132	0.04090343	0	0.008891866	0.040069498	0.033398595	0.013955833	0.05831489	0.02526149	0.03499247	0.02530937	0.044753786	0.04888819
MEGAHIT-MetaBAT2-S944.143	0.019135194	0.025216157	0.03391148	0.012761761	0	0.0074462574	0.05994739	0.09916129	0.013503939	0.015515563	0.011145557	0.18593301	0.03961723	0.018825302	0.0063018156	0.027322162	0.020094307	0.039366342	0.021828031	0.0041613127	0.028791338	0.027215524	0.06162591	0.008116553	0	0.019219834	0.03989716	0.016270567	0.04992614	0.03411305	0.0793456	0.033270825	0	0.05726353	0.023915786	0.02942178	0.16337785	0.0439045	0.012419361	0.051725328	0.032326702	0	0	0.03605245	0.027241612	0.04526497	0.039238166	0.04717047	0.052628864	0	0.022090185	0.030252676	0.011794386	0.014189507	0.05069965	0.034721054	0.04227056	0.01948425	0.04064377	0.01056171
MEGAHIT-MetaBAT2-S976.24	0	0.0070874672	0.0042907167	0.008702749	0.008264166	0.030373048	0.032821473	0.018211888	0.056917567	0.03016649	0	0.011935401	0.0501928	0.0069645583	0.018813698	0.022990884	0.022797935	0.071415834	0.007572394	0.019338567	0.00913212	0.03710265	0.010223101	0.016764922	0.0068779318	0.01091691	0.03345578	0	0.011548797	0.015397854	0.02289603	0.042163562	0.00993628	0.020829592	0.061590992	0	0.14333554	0.030493936	0.009574609	0.008266882	0.07621042	0.014442364	0.058081612	0.24115154	0.061794955	0.015071028	0.022077007	0.018274859	0.043524124	0	0.024822637	0.03832063	0.0049463063	0.011159531	0.05326053	0.0042809634	0.015137221	0.025087243	0.030144848	0.019829756
MEGAHIT-MetaBAT2-S983.33	0.106181845	0.8302576	0.15273552	0.016102053	0.20284154	0.004485371	0.21465032	0.107553214	0.25035486	0.10520018	0.18529691	0.25139424	0.15196808	0.09481249	0.044286445	0.11935486	0.09411215	0.45335987	0.10456835	0.21036932	0.56019664	0.19202556	0.1037818	0.13034095	0.119158335	0.14438388	0.61124414	0.2198877	0.09011042	0.25723496	0.18277802	0.41514668	0.22734098	0.39786914	0.34264335	0.22803319	0.13042141	0.4090073	0.3214064	0.026959749	0.21191742	0.30879056	0.13299787	0.192073	0.13434884	0.14163797	0.20733033	0.28330055	0.06471164	0.3372462	0.12634528	0.019996466	0.2066936	0.22828554	0.12734278	0.21248652	0.108717136	0.07223313	0.14714305	0.11501554
960_SemiBin_192	0.03211819	0.036566738	0.016527604	0.034358207	0.020319566	0.033409297	0.023414487	0.018120604	0.03164043	0.066838615	0.011555716	0.029783608	0.06369187	0.046038624	0.015714092	0.026317706	0.01585076	0.022637542	0.008294384	0.019810384	0.0495642	0.03201959	0.06578742	0.02458889	0.01282751	0.013372956	0.020169841	0.18036857	0.031998076	0.031153273	0.06803706	0.024994556	0.037428983	0.04183435	0.03187522	0.03289864	0.027872762	0.042629447	0.04423244	0.023030637	0.030720506	0.10775885	0.038503375	0.037978552	0.02922208	0.01779923	0.014882291	0.016631788	0.036858756	0.05297937	0.020234631	0.0054270066	0.0328411	0.025191428	0.032902908	0.058948677	0.051406715	0.023048565	0.017518083	0.031039543
MEGAHIT-MetaBAT2-S986.76	0.07893903	0.1108395	0.20110983	0.06120788	0.27070802	0.2589624	0.12296398	0.15267353	0.11710966	0.20819722	0.12521166	0.03879504	0.06078922	0.094181985	0.119832985	0.23779689	0.25721294	0.13223092	0.15630722	0.1800335	0.09245635	0.04103335	0.27769998	0.2588214	0.1572312	0.10639062	0.14140308	0.11174893	0.22250557	0.03593472	0.11128793	0.09925233	0.16836564	0.08233182	0.080773875	0.014836478	0.1171871	0.08767064	0.30328804	0.050816007	0.07856011	0.27462533	0.3245912	0.06353338	0.10985156	0.14158064	0.117541105	0.15793832	0.06583904	0.43914595	0.33691	0.112574786	0.24611542	0.16436128	0.04421584	0.08729452	0.09722903	0.32742107	0.095332414	0.18632795
MEGAHIT-MetaBAT2-S955.226	0.6754056	0.7249678	0.7180546	0.20462213	0.32479647	0.7815994	0.28728586	0.33197868	0.21317463	0.20001224	0.24551962	0.2463754	0.13217089	0.06406754	0.17727548	0.21225254	0.47753507	0.4391927	0.623478	0.5579186	0.8039519	0.107121706	0.7616988	0.4166333	0.65809417	0.52596635	0.5387202	0.89152604	0.528679	0.13777354	0.15454328	0.52108365	0.5748607	0.1742872	0.3728449	0.23617722	0.22142003	0.18300089	0.34152868	0.06868097	0.20804605	0.7971488	0.5859739	0.35714227	0.18402177	0.2230607	0.2416655	0.21251254	0.23107372	0.38974872	0.25120914	0.1340499	0.5716395	0.32040566	0.26935136	0.35371482	0.24092188	0.22059536	0.2673431	0.24505799
MEGAHIT-MetaBAT2-S947.8	0	0.008781208	0	0.24135113	0.021505458	0.3386929	0.042989906	0.0065925806	0.07331289	0.042226337	0.08123518	0.0086757075	0.24024098	0.09934951	0.21649618	0.054568972	0.059698712	0.18173394	0.008616085	0.14584924	0	0.13645013	0.01259275	0.009950778	0	0.015580332	0.017667811	0.007210707	0.009855569	0.026071599	0.01180301	0.056820355	0.23177922	0.20911808	0.08792995	0	0.20085792	0.22711188	0.1124217	0.038633756	0.08558196	0.01691843	0.02334753	0.040934045	0.22594543	0.03961513	0.0993854	0.0405037	0.06430168	0.09853236	0.008020461	0.06163213	0.044238538	0.016488638	0.03190464	0.004303943	0.014949705	0.025510505	0.12798744	0.013094892
MEGAHIT-MetaBAT2-S942.153	0	0.008037129	0.008773196	0.010469803	0.010406836	0.00998338	0.019849483	0.0064219534	0.011742726	0.16898966	0.017057518	0.03390602	0.010832303	0.007605755	0.017714072	0.009857801	0.011363563	0.0089814	0.008459643	0.011804032	0.010850154	0.016063517	0.009690434	0.010515851	0.0074820616	0.014743315	0.0133482525	0.013195944	0.013750482	0.012431916	0.016899653	0.01517246	0.013264242	0.026411166	0.011353592	0	0.08537717	0.02186214	0.011541094	0.015439436	0.012773265	0.013429301	0.017971076	0.012674037	0.015746405	0.012167331	0.013629361	0.017617388	0.010413132	0.008504372	0.01384161	0.018915737	0.010561278	0.012511154	0.008307889	0.009879996	0.018700134	0.01452664	0.009752541	0.015070476
group3_bins.202	0.08909892	0.06721839	0.044467166	0.009200719	0.04506897	0.04771621	0.019290205	0.06343925	0.017594432	0.015049369	0.010179597	0.03519299	0.0057032383	0.006749068	0.02135407	0.021129493	0.04202685	0.07116765	0.0062703346	0.031269558	0.024106452	0.051105283	0.023369329	0.008884027	0.031822633	0.047426447	0.003266013	0.13160053	0.15292107	0.112589605	0.05428276	0.009600148	0.021020109	0.04082636	0.051571533	0.0447916	0.017374892	0.050726227	0.023410492	0.025340468	0.07164338	0.039768834	0.019790817	0.0058681415	0.016933393	0.045383845	0.025352985	0.026538331	0.021949304	0.029581757	0.04206917	0	0.010074917	0.04492714	0.036902722	0.014017594	0.014265309	0.019432409	0.04014548	0.025240932
MEGAHIT-MetaBAT2-S942.43	0.02985856	0.020960903	0.16172129	0.038111217	0.39582604	0.35552278	0.06985198	0.021286042	0.09564955	0.21497999	0.04724997	0.03410861	0.008951829	0	0.04215131	0.11469296	0.4116882	0.047241144	0.042917874	0.124301285	0.05617694	0.032649916	0.0043471144	0.16507785	0.34843948	0.059014685	0.0047653904	0.034655865	0.07702984	0.008195245	0.04283118	0.15775676	0.024837589	0.0047909007	0.02517135	0.017391294	0.009180959	0.007652744	0.11763615	0.0036614805	0.008145553	0.4582965	0.46175015	0.011734348	0.014177709	0.06341842	0.050075866	0.05898692	0.034008924	0.123673	0.19833823	0.0053162165	0.10401859	0.19201003	0.0038160067	0.012418074	0.083685085	0.20427077	0.0073710647	0.10311503
MEGAHIT-MetaBAT2-S957.57	0.3041881	0.22029759	0.18575376	0.050474685	0.30563092	0.31281605	0.05721065	0.23072931	0.07917623	0.11259527	0.1893896	0.13066268	0.016694807	0.012644483	0.107309245	0.27868384	0.29710042	0.15355323	0.23966882	0.23943776	0.13760482	0.012042661	0.11309014	0.20286748	0.33179557	0.18860736	0.155253	0.28822675	0.11548117	0.022679184	0.05914916	0.058987252	0.18533969	0.10960153	0.08651177	0.080601305	0.05283895	0.07146325	0.16428585	0.013267054	0.04582506	0.31298107	0.24681781	0.05676495	0.1091718	0.14754209	0.16899881	0.18232872	0.0938308	0.20242019	0.12416752	0.055328995	0.21712354	0.23531887	0.093174465	0.088344805	0.15679602	0.06582131	0.10608364	0.13459083
993_SemiBin_2	0	0.010010591	0.011921341	0	0	0.025106004	0.007784743	0.006903131	0.008062957	0.012288629	0.0067296517	0.00804223	0.005222235	0.004556033	0	0.0088174855	0	0.0064326203	0.010826161	0.026303172	0	0	0.008124037	0	0	0	0.004559114	0	0.0064005516	0.006271402	0.005059472	0.0073842374	0.009796901	0	0.004299945	0.0036671986	0.006187553	0	0.055667706	0.00500087	0.0042321347	0.034668073	0.061647415	0.008230272	0.00551727	0.005271213	0.0050517074	0.008150363	0.006997812	0.015574117	0.010987473	0.015904317	0	0.018417139	0	0.009423101	0.013871831	0.023256712	0	0.25953698
MEGAHIT-MetaBAT2-S980.38	0.06989167	0.24785155	0.104962215	0.0076697324	0.03852371	0	0.08074685	0.14302818	0.019867249	0.057995502	0.03567313	0.085814424	0.026309347	0.08124279	0	0.014352385	0.012651399	0.073114306	0.14289893	0.016418744	0.069702335	0.045398135	0.015421643	0.036119614	0.017706519	0.013265985	0.017040381	0.11280568	0.04174758	0.062019497	0.0152457245	0.10306893	0.005721428	0.017475985	0.04901047	0.45227724	0.09210394	0.01308234	0.0058892174	0.033256575	0.1043207	0.011221115	0.0040075295	0.10733919	0.027812516	0.11823177	0.20441294	0.012395152	0.096493326	0.012796648	0.047913708	0.0035135385	0.031435166	0.030078612	0.08241521	0.13554025	0.012799622	0.08869662	0.015725689	0.012692781
957_SemiBin_50	0.009293187	0.022423593	0.011004835	0	0.030553332	0	0.0076926476	0.012523747	0.013025367	0.028882101	0	0	0	0	0	0.067917846	0.024053412	0.007800273	0.031471975	0.028221564	0.017589416	0	0.006914447	0.044228964	0.20027742	0.009102709	0	0.117151566	0.0119081335	0	0.0068451823	0	0.052849185	0.0053130984	0.015334426	0.013472009	0.004284048	0.0046638562	0.024291037	0	0.005045123	0.052613813	0.023102649	0.0063379	0.011215777	0.013942164	0.011506249	0	0.0123037435	0.018537333	0.019620052	0	0.017412944	0.015900142	0	0.02787422	0.012894867	0.009577413	0.00963578	0.006309955
MEGAHIT-MetaBAT2-S967.46	0.0030320648	0.12666439	0	0.16583985	0.055903062	0	0.022721073	0.1642976	0.05414047	0.032855723	0.02186274	0.07905861	0.016228989	0.010800635	0.05148878	0.083235025	0	0.06122827	0.017800981	0.06922242	0	0.011014035	0	0	0	0	0.0070825387	0	0.020098265	0.019931033	0.030423524	0.0040655797	0.0030551625	0.064415015	0.3964321	0.002150049	0.067380846	0.0063957074	0	0.027635531	0.025473718	0	0	0.12586589	0.008433526	0.056310788	0.03935579	0.032545216	0.028335772	0	0.0497082	0.01783864	0	0.003960519	0.06786815	0.015549381	0.004279131	0	0.03912221	0.017444294
MEGAHIT-MetaBAT2-S948.11	0.34969732	0.15689138	0.2163643	0.072098024	0.2129832	0.33086538	0.20353878	0.24227786	0.10457006	0.07865874	0.10801534	0.18683033	0.037088744	0.01617601	0.017896334	0.33838302	0.19733512	0.31683284	0.22026128	0.093269885	0.40101126	0.21417277	0.24530366	0.07380422	0.106083885	0.060485695	0.12534226	0.23304097	0.24168733	0.13241422	0.065600835	0.17224044	0.114134826	0.07589275	0.13376161	0.27167174	0.06608828	0.1013055	0.38325477	0.049448468	0.20024881	0.24346109	0.13354948	0.08168055	0.08076108	0.1762051	0.121196516	0.0594326	0.102243476	0.17576167	0.14701344	0.07787007	0.23694105	0.1104446	0.10356168	0.22072788	0.14263245	0.082311235	0.26971206	0.120345645
MEGAHIT-MetaBAT2-S960.129	0.2462297	0.09218008	0.08521833	0.1643041	0.058069836	0.012069359	0.047797967	0.040324833	0.020016018	0.036589213	0.03439116	0.052230682	0.011569538	0.08128732	0.027589358	0.021987041	0.028186552	0.078959666	0.05245371	0.022911362	0.12503275	0.041347515	0.060161658	0.074992925	0.018192513	0.045139786	0.027906561	0.2748982	0.056622602	0.080052316	0.015023695	0.07518075	0.023968844	0.023918828	0.036499698	0.123387985	0.09017422	0.054187257	0.055911683	0.015222346	0.05051971	0.030880708	0.023563275	0.05736561	0.019885892	0.05789267	0.046488535	0.04753972	0.071562424	0.10140768	0.047159173	0.0040778993	0.07527169	0.040695406	0.022196444	0.046920095	0.02110733	0.022328986	0.028740639	0.019097578
MEGAHIT-MetaBAT2-S948.142	0.038843464	0.05060473	0.057207923	0.04169456	0.0057429285	0.004147907	0.06283243	0.015726771	0	0.18386821	0.019343909	0.017101092	0.005394803	0.18566577	0.044474754	0.40719214	0.006021634	0.08987768	0.06827179	0	0.1408399	0.18249723	0	0	0	0	0	0	0	0	0.012949405	0.028704539	0.025069622	0	0.15728088	0.119432375	0.07154421	0.0600339	0.0027585842	0.54749566	0.2110609	0.008819986	0	0.030041197	0.13034938	0.04450949	0.4523864	0.021966938	0.0148920445	0	0.0592678	0	0	0	0.07238824	0.010878756	0.037522595	0.062448796	0.019553065	0
group10_bins.111	0.03178087	0.026387258	0.031226886	0.07105239	0.08025003	0.046026174	0.060894486	0.06365125	0.053377207	0.07713525	0.09993103	0.059790887	0.048340026	0.051760443	0.037679765	0.04726353	0.025621789	0.07021367	0.019002177	0.050566036	0.044360187	0.07078427	0.064556494	0.018195176	0.0144816525	0.0828877	0.06695415	0.03597877	0.04486732	0.013122479	0.058082417	0.05676688	0.051955502	0.0905236	0.032229938	0.015990607	0.06176819	0.094511725	0.033056755	0.033419814	0.03731592	0.034771547	0.052871883	0.05699943	0.07151483	0.034956876	0.08261574	0.09476955	0.01071732	0.032303244	0.042340662	0.026824929	0.08048205	0.043372367	0.046654344	0.036697254	0.04577805	0.02089974	0.09030034	0.05220858
MEGAHIT-MetaBAT2-S953.154	0.18677984	0.366316	0.13875085	0.35846135	0.14340469	0.105529726	0.2950386	0.25200176	0.22401619	0.21764316	0.21728152	0.2639315	0.3479254	0.39009726	0.26850784	0.2651268	0.14672889	0.13162334	0.40759212	0.22742051	0.37240368	0.39452448	0.18083139	0.22067213	0.03914531	0.21160705	0.30147576	0.11634658	0.16837057	0.2171512	0.30379292	0.49031037	0.2680775	0.22784561	0.36695927	0.15232746	0.30604452	0.44643855	0.1756253	0.43710425	0.34714335	0.16888344	0.19547145	0.2450261	0.23130897	0.29127115	0.18730542	0.33705857	0.2681469	0.11931209	0.21163376	0.1703772	0.15118365	0.103465915	0.23395306	0.3860049	0.059558664	0.16900177	0.21410762	0.19105035
939_SemiBin_272	0.008550849	0.17226668	0.035325207	0.042406518	0.0038203646	0	0.29949927	0.048594676	0.056484506	0.028839419	0.018652126	0.028004415	0.0410915	0.030235548	0.018938376	0.033074036	0	0.092847355	0.014558806	0.00398438	0.021758247	0.04282537	0.09182437	0.02924621	0	0.04916881	0.020361474	0	0.25754058	0.23109852	0.030502494	0.10302515	0.027044008	0.088290974	0.025201434	0.022336667	0.12686986	0.07324882	0.021097794	0.07144658	0.044278268	0.01120483	0.014227004	0.06570892	0.025219046	0.026617814	0.028689044	0.025240589	0.045316473	0.0035455348	0.060736224	0.0242391	0.0190935	0.009275668	0.18483473	0.10005102	0.06068004	0.074563086	0.03294709	0.027717153
group7_bins.41	0.010338415	0.03374462	0.051394586	0.08208021	0.04005916	0.02474697	0.043328613	0.015166092	0.06849563	0.020279	0.033464108	0.06838763	0.034787197	0.07923833	0.027054809	0.016327513	0.036143377	0.04201849	0.047642868	0.03825348	0.022652691	0.037620567	0.0826095	0.040883407	0.005327162	0.0125409365	0.056104742	0.03643055	0.07504219	0.06712395	0.052859157	0.06371543	0.027528686	0.009931813	0.051171813	0.016710378	0.053039555	0.018890109	0.031758476	0.04332728	0.050814852	0.047544114	0.021542754	0.08467226	0.004373815	0.036234915	0.030524502	0.04364848	0.03193781	0.0069977287	0.042385496	0.019000942	0.051761854	0.023483561	0.07852828	0.09871582	0.03282986	0.053544085	0.02681855	0.048744574
968_SemiBin_85	0.14722875	0.13456434	0.06370303	0.033497866	0.057025556	0.025717085	0.052501924	0.05626073	0.032251548	0.02361299	0.048015274	0.07860761	0.026000187	0.032772794	0.041038774	0.040160704	0.032082308	0.071199104	0.060966484	0.044446085	0.12471407	0.05272282	0.04061175	0.03802302	0.032618824	0.043601267	0.036536846	0.103617504	0.03634021	0.13588798	0.019814981	0.041297514	0.04231273	0.024333294	0.05635409	0.43069375	0.0198282	0.07155335	0.059519853	0.047427084	0.07761881	0.040992193	0.02935915	0.051083203	0.022976477	0.040354952	0.047978837	0.017320432	0.06107197	0.045315508	0.06871386	0.024801401	0.051283218	0.032606564	0.07519492	0.11119243	0.027810011	0.04650118	0.020753143	0.024765227
975_SemiBin_73	0.012114683	0.014829723	0.012416653	0	0.029874448	0.015358137	0.007087288	0.0046679117	0.010219056	0.010192906	0	0.010710876	0	0	0.005555367	0.010398845	0.059811655	0.006803321	0.0060885707	0.03898764	0.031048965	0	0.004742136	0.021724181	0.027550874	0.0069956374	0	0.02703521	0.0062532956	0.008721188	0.0057999296	0.009228258	0.006039885	0	0.0074586724	0	0	0	0.03483978	0.006416502	0.007931597	0.06492692	0.37081718	0.004650237	0.005034447	0.008317303	0.0091733495	0.008243866	0.012444555	0.014801588	0.022143187	0.008078735	0.036211822	0.027285548	0	0.005644663	0.016708896	0.017889014	0.004090422	0.026145443
MEGAHIT-MetaBAT2-S953.28	0.1039161	0	0	0	0	0	0	0.033767387	0.004762814	0.007656571	0.021667833	0.011372994	0	0.0054773977	0.005112839	0.14762071	0	0.0043974705	0	0.0091943	0.20035559	0.09315237	0.04073266	0.010641664	0.13652954	0	0	0.065308355	0.030925026	0	0.006534239	0	0.021667734	0.028467797	0	0.050057463	0	0.016809281	0.018487537	0	0.0023670595	0	0	0	0.0055370606	0.023859097	0.10295782	0.053539127	0.003641822	0.014630264	0.10495318	0	0.15791848	0.11836519	0.09517258	0	0.017627347	0.023125801	0.014789638	0.02555707
MEGAHIT-MetaBAT2-S978.92	0.123744816	0.11682613	0.13647819	0.18486708	0.05632684	0.031067068	0.21620478	0.07348354	0.17155276	0.076032884	0.077339806	0.19226037	0.15709741	0.31232142	0.15504716	0.085929126	0.066756435	0.21781503	0.13598074	0.053814236	0.13812256	0.2842604	0.3689599	0.027803503	0.014692496	0.15293978	0.095911935	0.16319065	0.17352892	0.18960515	0.13185619	0.2339781	0.058833547	0.0885548	0.22336364	0.14478189	0.19837148	0.20990968	0.057603437	0.30485076	0.19542773	0.07014034	0.03270749	0.14204982	0.57541734	0.158247	0.14924581	0.07201299	0.088809095	0.019467924	0.08408023	0.048272144	0.062965885	0.08401081	0.21148188	0.1624289	0.19923562	0.15233408	0.20120119	0.08921867
MEGAHIT-MetaBAT2-S981.154	0	0	0	0.2724435	0	0.08659022	0.008649189	0	0.30852464	0.4061004	0.12569347	0	0.2939714	0.2316541	0.17271556	0	0.013452752	0.19192861	0	0.054242913	0	0.06793921	0.116405815	0	0	0.11641627	0.20103851	0	0	0.03671234	0.23336628	0.5225828	0.024286358	0.1409278	0.036367845	0	0.95662385	0.18707177	0	0.22458836	0.20883547	0	0.060967706	0.5118376	0.3961804	0.009225006	0.16456397	1.1419677	0.058517408	0	0	0.26025677	0	0	0.13480331	0	0.06423963	0	0.027738754	0.14095232
group3_bins.358	0.044453233	0.08904058	0.028327541	0.06249985	0.030678678	0.0048526777	0.04161654	0.04301026	0.022300797	0.023278968	0.019175557	0.054685503	0.03998466	0.08099286	0.029843474	0.038520303	0.01219815	0.07521473	0.048683137	0.016984059	0.033110913	0.01799869	0.11832652	0.04885058	0.016696278	0.023579324	0.02805147	0.03182552	0.062694855	0.04219879	0.030484464	0.0340801	0.07365749	0.06260012	0.04572576	0.09634783	0.022348179	0.050973173	0.02309312	0.10321217	0.057967857	0.015464612	0.011087094	0.102432385	0.025470711	0.045348212	0.029901974	0.031456146	0.047389165	0.019407012	0.030056322	0.05720218	0.04173773	0.045187127	0.05612977	0.07962441	0.03326946	0.023918074	0.07034887	0.013672548
935_SemiBin_68	0.1387284	0.07674174	0.13488679	0.46596298	0.076913424	0.16590984	0.058134563	0.08203011	0.19841425	0.15193167	0.2248835	0.15981625	0.10133413	0.19938515	0.13667363	0.07386351	0.08443925	0.09635754	0.053287525	0.17312935	0.06929254	0.045769747	0.094141565	0.07581008	0.12524945	0.060010467	0.109390534	0.10396123	0.07351892	0.022642547	0.08727536	0.21022083	0.13292672	0.1132821	0.04104737	0.036830053	0.11812389	0.14081922	0.17257886	0.034158874	0.088562086	0.14692353	0.21875568	0.06957922	0.1517968	0.068851136	0.35436106	0.18833756	0.031189786	0.25599375	0.06863062	0.082530126	0.2159914	0.09637287	0.07128549	0.057919227	0.058417294	0.06514222	0.08864135	0.116781995
group8_bins.111	0	0.0065474547	0.023620008	0.024279274	0.019259797	0.101884216	0.064992644	0.0087883	0.045501098	0.018808583	0.041036703	0	0.031594325	0.008178233	0.016293433	0.013434461	0.0859959	0.0077242195	0.036802623	0.05651592	0.004685118	0.0062136296	0.011372101	0.021904813	0	0.01716872	0.007948017	0.0050311126	0.040417507	0.003777532	0.025893211	0.041159257	0.009394419	0.0031691683	0.0051180283	0.00476404	0.008859025	0	0.021679118	0.0046012956	0.0031026485	0.047104105	0.05487452	0.0054437504	0.014304914	0.017427433	0.060984917	0.0767141	0.0054664165	0.029976863	0.039680075	0.07265761	0.025737625	0.008920743	0	0.0039883303	0.014845672	0.044566594	0.0051169675	0.08134121
group3_bins.240	0.010664461	0.019176802	0.010327439	0	0.004135586	0	0.016046623	0.009299457	0.0059948857	0.013035389	0	0.036045015	0.0059248037	0.003799573	0.0029037134	0.008635738	0.006895012	0.025132056	0.010385091	0	0.027698908	0.011937995	0.022943443	0.010630848	0	0.013242433	0	0.050588857	0.10672148	0.040694542	0.017908765	0.0026607977	0	0.015395886	0.034831382	0.0378322	0.007509703	0.008937967	0	0.007461383	0.014951537	0.0056512277	0	0.028725157	0.0033852635	0	0.004107819	0	0.005789834	0	0.0035240853	0	0	0	0.016919963	0.039088026	0.0045850812	0.023901472	0.020065071	0.007681869
963_SemiBin_255	0	0	0	0.027595459	0	0	0	0	0.3422763	0.23133546	0.8332612	0.010435259	0.03076832	0.017915491	0.038808312	0.008865037	0	0.21802694	0.010915976	0	0	0.060278658	0.014140458	0	0	0.006887219	1.0139531	0	0	0.013138445	0.44643554	0.31646255	0.17726423	0.56913847	0.47027233	0	0.40461966	0.76361346	0	0.11071048	0.008207655	0	0	0.009357477	0.48720434	0	0.43851724	0.24640262	0	0	0	0.010184517	0	0	0.35576195	0	0.030868568	0	0.6950167	0.65868384
MEGAHIT-MetaBAT2-S993.109	0.08239943	0.18129358	0.32582065	0.0073328633	0.5257991	0.39612302	0.23311153	0.047805544	0.12191014	0.17091392	0.14046223	0.02605877	0.0085397875	0.011936995	0.027087254	0.26691452	0.42596257	0.15165801	0.15630879	0.14131717	0.04591491	0.04610987	0.056865316	0.33688852	0.35693496	0.11316189	0.07847078	0.17339313	0.06595723	0.055764697	0.14870824	0.064776056	0.028004793	0.015388099	0.11379728	0.010242669	0.024406454	0.02289723	0.25839156	0.02795898	0.03609798	0.63295287	0.6948802	0.058475725	0.11732391	0.11044373	0.14255337	0.12804806	0.06975785	0.17593643	0.72469974	0.029428992	0.21685973	0.29607505	0.013841507	0.08723758	0.17478341	0.5208271	0.0476382	0.37541026
group9_bins.7	0.02550507	0.06873485	0.08767481	0.039879918	0.013203325	0.02044945	0.104869425	0.0918789	0.06015501	0.07480229	0.04258357	0.097000636	0.06994663	0.074022114	0.059739586	0.066251695	0.050636824	0.07879575	0.029934667	0.0094401315	0.080952846	0.10698951	0.036377255	0.027411733	0	0.069821194	0.045178622	0.009889937	0.058976714	0.10886727	0.093616754	0.10166519	0.0109610325	0.05423351	0.10670367	0.06359722	0.057925023	0.074855156	0.056885105	0.063595675	0.10649877	0.045110486	0.023158884	0.051629893	0.088244155	0.097215764	0.029391408	0.011190037	0.06371798	0	0.049961206	0.030968843	0.017773846	0.066379905	0.08869737	0.121243216	0.0676455	0.090786636	0.050955042	0.056186542
966_SemiBin_69	0.058522593	0.11021552	0.19156973	0.15770355	0.13021253	0.15328212	0.17089154	0.124121875	0.12417076	0.09530062	0.11784436	0.18448181	0.14416993	0.19302355	0.115550846	0.04390894	0.12680402	0.14196146	0.07301792	0.10859467	0.011699263	0.03756657	0.075231485	0.06732142	0.038142778	0.12584238	0.15812655	0.04881507	0.17053966	0.06463574	0.16373532	0.14421907	0.111477405	0.18863282	0.20807862	0.012216503	0.11832861	0.09945938	0.14246893	0.12204005	0.09665972	0.19929619	0.15925793	0.07425457	0.15921757	0.09492727	0.087267786	0.12850828	0.16058207	0.16887681	0.037862565	0.070957124	0.036489647	0.0770176	0.14140679	0.14968884	0.15524581	0.104632646	0.2165423	0.1391051
992_SemiBin_141	0.101485305	0.12418256	0.08585791	0.044414163	0.10800385	0.036859293	0.033387404	0.15222165	0.12157234	0.10825509	0.03038781	0.115207456	0.035365466	0.047600582	0.06933402	0.11150215	0.043645214	0.07168	0.07228569	0.07974836	0.02150937	0.03301695	0.066970356	0.010124625	0.079817005	0.04642392	0.10187278	0.10882833	0.013512671	0.07594694	0.048907503	0.06762949	0.13103221	0.07481104	0.086949386	0.10414116	0.12917064	0.16273344	0.36633775	0.06429351	0.09213917	0.103345394	0.16631486	0.039251674	0.10204695	0.077542186	0.26761273	0.12177536	0.082996435	0.1957076	0.10524954	0.06545864	0.41441503	0.15274115	0.14724839	0.06171722	0.09050276	0.08351513	0.27403215	0.070395246
954_SemiBin_221	0.017910507	0.028462786	0	0.11187787	0	0	0	0	0	0	0	0	0	0.018044332	0	0	0	0.01128632	0.015886253	0	0.028937679	0.23939827	0	0	0	0	0	0	0	0	0	0	0	0	0	0.047238365	0	0.010046078	0	0	0	0	0	0	0	0	0	0	0	0	0.020670852	0	0	0	0	0	0	0	0	0
MEGAHIT-MetaBAT2-S983.24	0.017197175	0.021114731	0	0	0.14291713	0	0.004529354	0.0046289545	0.009387349	0.0053085433	0	0.006272307	0	0	0.0062519754	0.00502367	0	0.0053633116	0	0	0.007821015	0	0.0071148383	0.007354935	0.005519895	0.0064471047	0	0.007893942	0	0	0.005578195	0	0	0	0.003711959	0.004473016	0.006032652	0.0039747166	0.05656589	0	0	0.011076623	0.0068747597	0.0037028268	0.00431899	0.00455071	0	0.015306706	0	0.353225	0.007092718	0	0	0.0083530415	0	0	0.010481952	0.004285288	0.024721783	0.0070505305
MEGAHIT-MetaBAT2-S973.28	0.12467105	0.08573818	0.08965442	0	0.3169184	0.14566064	0.019052941	0.14638738	0.027098043	0.07368161	0.0105081275	0.18203937	0	0	0	0.12324288	0.17619154	0.006564161	0.08912671	0.08112873	0.02758062	0.008067796	0.030060505	0.047558498	0.37817463	0.06414126	0.027393574	0.0571592	0.08760245	0.084784836	0.079787984	0.00936695	0.056763545	0	0.009074796	0.058087192	0.0045586186	0.046639264	0.3112564	0	0.25079104	0.2218729	0.13082264	0.029060284	0.03906401	0.02849502	0.012744167	0.030200433	0.052621566	0.20365457	0.02846077	0.012094071	0.19906476	0.13259383	0.08930897	0.029190585	0.013400597	0.04554839	0.08326101	0.00786711
MEGAHIT-MetaBAT2-S968.115	0.013970413	0	0.014863732	0	0.010475922	0	0.006675113	0.0090818405	0.011895154	0.0068987794	0	0.0072563994	0.015593672	0	0.010011106	0.019286638	0.009745274	0.07523243	0.04408727	0	0.011430534	0.017440993	0.11231659	0.008914816	0.009342678	0.010595234	0.036110803	0.024444323	0.039728593	0.023194894	0.0059992075	0.004668178	0.005049021	0	0.065438144	0.09623066	0.018919261	0	0	0.008926515	0.023719426	0.015117286	0.0074415836	0.057686172	0	0.009261907	0	0	0.011715884	0	0.014393972	0.005802921	0.011848299	0.017530864	0	0.061134692	0.008972884	0.008841358	0.013371555	0.007695108
MEGAHIT-MetaBAT2-S964.217	0	0	0.005990906	0.016722552	0	0.010464076	0.0054004695	0.019860053	0.051457416	0.046108574	0.051531017	0	0.05812698	0.12001654	0.071001165	0	0.006057149	0.08775407	0	0.02231062	0	0.015703894	0	0	0	0.09263568	0.028319044	0	0	0.080700204	0.020951342	0.1911954	0.00479645	0.03160636	0.04714572	0	0.13414387	0.027808988	0	0.042764384	0.017388212	0	0.0070377644	0.03384949	0.101550534	0.0049052862	0.04758328	0.07881326	0.038982812	0	0	0.026159829	0	0.014856804	0.031559877	0	0.06402232	0	0.037669588	0.08449032
group3_bins.371	0.008843336	0.009669314	0.009326601	0	0	0	0.0059830127	0.09882564	0.0062986803	0.0043707765	0	0.008511656	0.015747609	0.004451367	0	0.02508871	0.004057994	0.06770355	0.011978393	0	0.03254966	0.029558957	0.16978383	0.04991969	0	0.18798515	0.03319504	0.021497423	0.03579881	0.04219223	0	0	0	0.0045273146	0.021553276	0.047709398	0.007111362	0	0	0.008140503	0.14669362	0	0	0.025056519	0.0160067	0.02779623	0	0	0.0735216	0	0.019225297	0	0	0.0042023626	0.0072779986	0.005793374	0.009275652	0.04340776	0	0
985_SemiBin_129	0	0.005252177	0	0.16711345	0	0.0028678293	0	0.0122552905	0.03080137	0.04525554	0	0	0.09027435	0.025408784	0.03513972	0	0.0026537674	0	0.018454337	0	0.030986821	0.06631137	0.019199414	0	0	0.019363154	0	0.051325057	0.011220996	0.079760775	0	0.24675158	0	0	0.015152525	0.015721625	0.1276337	0	0	0.073543005	0	0	0	0	0.026071396	0	0.008738801	0	0	0	0.004441245	0.2816044	0	0	0.009635817	0	0	0	0.07178148	0
MEGAHIT-MetaBAT2-S955.122	0	0	0	0.025748642	0	0.0054737036	0.0053937887	0.011792073	0.007725994	0.010045452	0.049661733	0	0.024643019	0.013377706	0.023251722	0.012291346	0.012909921	0.01805822	0	0.005746822	0	0.008709163	0.15596245	0	0	0.017381033	0	0	0.008098221	0.004955082	0.009055494	0.027715713	0.011926492	0.037652962	0	0	0.010083056	0.04844331	0.013838805	0.010177431	0.013957954	0	0.013849666	0.017215008	0.036020912	0.0069620367	0.019373136	0.007772877	0	0	0.07518695	0.007712987	0.0063964734	0	0.023924863	0.007557113	0.010034472	0.007317136	0.011889278	0.008113196
MEGAHIT-MetaBAT2-S955.14	0.017286822	0.046382546	0.021055615	0.031683575	0.008571296	0.013046575	0.055776406	0.01924715	0.007846669	0.014315969	0.008960279	0.02831803	0.016103594	0.01841614	0.005254338	0.0085233	0.015286973	0.039433736	0.016054042	0.01942664	0.0906606	0.06773789	0.55817544	0.03064593	0.020083342	0.067208506	0.034699824	0.32653815	0.20947653	0.106543064	0.022671886	0.043365967	0.01982903	0.024489405	0.081238635	0.042014513	0.03286296	0.040628962	0.01074657	0.02815717	0.07354267	0.032109134	0.015989462	0.04189061	0.021644572	0.017075239	0.008343621	0.0074157915	0.02741718	0	0.022326995	0.007256969	0.007896895	0.010294404	0.015620178	0.045446888	0.017268093	0.017994154	0.011714677	0.012178616
945_SemiBin_50	0	0	0.042278465	0.12193243	0	0.08797152	0.052122194	0.07529741	0.08768747	0.110096514	0.060617603	0.03190796	0.4068995	0.21346879	0.13759138	0.034068685	0.057957914	0.10648336	0.04745441	0.07264909	0	0.03812133	0.086285874	0.032362588	0	0.07061709	0.047761165	0	0.07809985	0.03458655	0.06114423	0.23966274	0.07283623	0.08206951	0.069128804	0	0.1287633	0.122250654	0.06843442	0.09796746	0.09532999	0.038198452	0.074841715	0.1449591	0.13052192	0.02950139	0.052186772	0.09112572	0.04762855	0.023199912	0.020539574	0.11633399	0.028466443	0.036560036	0.05963691	0.04477386	0.05585762	0.04938585	0.04279891	0.064302556
992_SemiBin_359	0.18665132	0.25485495	0.24377972	0.089441486	0.11828667	0.029286088	0.2588198	0.1248022	0.10580437	0.13959488	0.19468878	0.28963983	0.020311149	0.05157494	0.08760421	0.21778035	0.07212382	0.3424488	0.14284866	0.08945249	0.10331768	0.07065761	0.14871818	0.16054013	0.08083313	0.18551932	0.1506877	0.12472765	0.1526007	0.22283274	0.19916871	0.20691541	0.13365896	0.10016213	0.12192091	0.27964756	0.12878288	0.29519123	0.14593624	0.14392613	0.21185252	0.07092959	0.07450448	0.25494215	0.38299447	0.14322634	0.24621034	0.2196364	0.2063917	0.11489715	0.14193314	0.16372241	0.17423	0.28709143	0.5047828	0.12338414	0.11164432	0.13935444	0.4227736	0.13509251
MEGAHIT-MetaBAT2-S972.40	0.016684854	0.10900448	0.3673824	0.2515483	0.047335006	0.6288605	0.2204329	0.7619464	0.31152168	0.15549147	0.13729785	0.25703812	0.13850904	0.112866	0.19654581	0.45833525	0.14665335	0.46690738	0.045236688	0.6308038	0.059333883	0.80430895	0.3439031	0.2947392	0.0071637784	1.08342	0.48631722	0.037916336	0.49508247	0.10290078	0.5266184	0.27095798	0.8631463	0.24668173	0.68222266	0.04968469	0.36657912	0.4696178	1.8876536	0.3854524	0.40826336	0.47119308	0.28839865	0.513528	0.2752226	0.21272388	0.028605726	0.3214149	0.14004828	0.074448116	0.08714918	0.5337761	1.1516569	0.45062658	0.7040416	0.11665386	0.8369716	0.18886556	1.1589057	0.30722067
978_SemiBin_64	0.12917377	0.07455555	0.19929965	0.13741769	0.017021693	0.035325218	0.29717466	0.17640601	0.16812669	0.103897005	0.046244666	0.10089712	0.113107495	0.59855586	0.100545675	0.123933285	0.11241434	0.40484425	0.08894031	0.0070649697	0.11713684	0.24258524	0.39694086	0.049584508	0.007666336	0.19512774	0.131855	0.03813168	0.24926265	0.29425418	0.17492694	0.36373675	0.0157147	0.088696115	0.39310277	0.15058875	0.16210912	0.12375434	0.042100873	0.2636024	0.45380723	0.08523312	0.055028826	0.45679644	0.312844	0.22828281	0.0053820475	0.014979877	0.34668308	0.022224348	0.07829689	0.06286866	0.049196742	0.092450716	0.41130853	0.28338507	0.21157852	0.14943142	0.20535888	0.11795463
MEGAHIT-MetaBAT2-S970.215	0	0	0	0.028027974	0	0	0	0.008285076	0.009119277	0.010510154	0.019655954	0	0.011234359	0.01276414	0.17261522	0	0	0.027156021	0	0	0	0.008273552	0	0	0	0.022947878	0.05672737	0	0	0.0063103214	0.04762551	0.012806252	0	0.036767688	0.010985022	0	0.029113263	0.19293226	0	0.025540734	0	0	0	0	0.0121881105	0	0.041425407	0.017923258	0.019567123	0	0	0.009774601	0	0.00704853	0.018894624	0	0	0	0.007398278	0.008306989
group3_bins.116	0.011336673	0.06713086	0.014632963	0.012011201	0.019651491	0	0.0251804	0.009746591	0.01577007	0.009060936	0.0034768197	0.02901564	0.025563987	0.011153318	0.008812256	0.0069421674	0.0055573536	0.025167553	0.021148862	0	0.008929266	0.032697856	0.0088439435	0.0030342005	0	0.006201238	0.007450261	0.015137734	0.016911361	0.12081541	0.03165214	0.04512071	0.0050453083	0.01302506	0.035075113	0.039988596	0.035879128	0.017170368	0	0.03692884	0.009906825	0.0033663986	0	0.045728527	0.022353211	0.016500952	0.033647742	0	0.040426925	0	0.019105477	0.008241123	0.005931372	0.0052066	0.011952108	0.016541122	0.02593299	0.0073608127	0.018106686	0.009406142
MEGAHIT-MetaBAT2-S985.50	0	0	0	0.04481541	0	0.026899736	0.009786764	0.010526099	0.047674138	0.109170675	0.09867711	0	0.055867217	0.034735616	0.029705271	0.010156786	0.014771057	0.05414599	0	0.023096563	0	0.019439751	0.015055169	0.012016087	0	0.0141826235	0.08316974	0	0.011100005	0.0149412975	0.03159313	0.028490752	0.011292958	0.02479906	0.02164975	0	0.10674317	0.02172104	0.012193628	0.034344245	0.040993694	0	0.04501235	0.015740892	0.086238734	0.0076939464	0.023077387	0.049376614	0.026770685	0	0	0.14685157	0	0	0.020446952	0	0.02175985	0.03492021	0.012946685	0.0251684
MEGAHIT-MetaBAT2-S932.72	0.46072045	0.31394815	0.18501765	0.011897274	0.07852256	0.0990484	0.06729422	0.115879916	0.019959228	0.031838797	0.031095298	0.08307042	0.0063920813	0.009054961	0.010641402	0.066353075	0.10092029	0.04335245	0.12349564	0.0999287	0.24495201	0.045990385	0.07263928	0.059166547	0.19766594	0.037248053	0.023042485	0.15441176	0.07010241	0.05276058	0.02144007	0.047230046	0.11102114	0.02767593	0.033816446	0.15227051	0.019950466	0.067393616	0.118347	0.0061539034	0.02856372	0.19313401	0.12154281	0.06851002	0.020291016	0.069113694	0.089743756	0.031522915	0.057469692	0.19228123	0.10514871	0.020428088	0.22103901	0.06332235	0.023011232	0.14797796	0.029779688	0.10844615	0.031022523	0.024123913
MEGAHIT-MetaBAT2-S938.148	0.05340279	0.032923464	0.030505892	0	0.05401528	0.60621274	0.01693578	0.013978075	0.022239074	0.006502287	0.004669299	0.019960077	0	0	0	0.026903786	0.047487356	0.03299047	0.0048841545	0.030239038	0.023535803	0	0.042749327	0.056747645	0.034215584	0.012081513	0.0062357574	0.115258165	0.017774777	0.012138352	0.013509322	0.0066586914	0.027037004	0.0082523925	0.029739138	0.019994989	0.008387001	0.00671033	0.06759964	0	0.012515433	0.13788307	0.074270524	0.010597344	0.012204937	0.04614678	0.009926507	0.0069363853	0.011960047	0.07321686	0.036927942	0	0.03541771	0.01731299	0	0.059566773	0.034409814	0.053131398	0.038558833	0.0091745565
MEGAHIT-MetaBAT2-S932.132	0.39469773	0.09007756	0.029286057	0.012687907	0.15559769	0.021973673	0.01940135	0.10399834	0.012559186	0.02023492	0.1521699	0.22813174	0.0077688904	0.010045344	0.049833633	0.05473557	0.03362731	0.017382285	0.020652149	0.03223801	0.01628506	0.009100943	0.016007435	0.039988343	0.045408737	0.13904563	0.04811909	0.035583317	0.03619667	0.030503582	0.0129565215	0.0170721	0.0291285	0.14816526	0.011418265	0.0392954	0.011527752	0.15069145	0.07684117	0.014205423	0.027856497	0.06931813	0.048026256	0.01635835	0.033995327	0.027944274	0.016064284	0.11154282	0.009336295	0.059168063	0.073477745	0.006404968	0.04233458	0.07051189	0.019024713	0.06589387	0.010715738	0.016272848	0.03952815	0.015596901
MEGAHIT-MetaBAT2-S960.65	0.03807306	0.015683522	0.01302296	0	0.018830027	0.011031619	0.009766043	0.012187295	0.014985679	0.007915503	0.008810306	0.021887133	0	0.007553185	0	0.01211295	0.012900416	0.01236333	0.024061495	0.013991553	0.01660451	0.032473538	0.020052683	0.0121797845	0.016403183	0.04374473	0.037141223	0.16270363	0.037112996	0.01384139	0.007651345	0	0.010094562	0.008391033	0.013573811	0.019691791	0.014827733	0.014752148	0.012414674	0	0.020401366	0.037812278	0.016109053	0.013275821	0.008677161	0.009987127	0.009620879	0.008557252	0.011864422	0.0132362535	0.011494746	0	0.013654465	0.014359255	0.0123270275	0.011576152	0.012120581	0.013012335	0.0125972545	0.01291927
group9_bins.282	0.011750245	0.06726181	0.014212773	0.0085631395	0.0103618	0.00802872	0.065709025	0.028912233	0.012240632	0.022330873	0.011926527	0.049380593	0.06719486	0.021259174	0.006466287	0.017575905	0.011264393	0.043440223	0.028868813	0	0.015205241	0.067919575	0.0786276	0.008104355	0	0.01999943	0	0.009697562	0.07149154	0.029014636	0.020921653	0.017373994	0	0.017774634	0.080655806	0.09496275	0.023718763	0.04728741	0.014541475	0.12720533	0.11024476	0.0069746184	0.005328213	0.0564357	0.010858845	0.029055946	0.017430378	0	0.045893624	0	0.011455161	0	0.0063468693	0.01135484	0.016007071	0.07816857	0.03267472	0.026996948	0.017351428	0.011669965
MEGAHIT-MetaBAT2-S956.75	0.35604495	0.9059383	0.6183941	0.23100787	0.37415415	0.7875778	0.36543193	0.3750752	0.28475666	0.36908135	0.3236497	0.23434289	0.20042366	0.20641217	0.27496895	0.42619744	0.54265517	0.49993932	0.9764754	0.4753757	0.5442393	0.30660883	0.6082821	0.36498198	0.24052754	0.42126104	0.38458124	0.48722965	0.4939416	0.37076905	0.36488008	0.56316334	0.80565953	0.1919487	0.42910498	0.4848894	0.3959433	0.24827123	0.5283108	0.21710815	0.3219594	0.6629055	0.3625758	0.41060933	0.39927146	0.50365126	0.37345168	0.2882347	0.3637702	0.82062703	0.42052603	0.24543034	0.4665764	0.31323138	0.34352985	0.5719252	0.2073144	0.5137021	0.40010715	0.33325535
945_SemiBin_110	0	0	0	0.0397629	0	0	0	0	0.014443806	0	0.020428017	0	0.20556025	0.02408769	0.05908415	0	0	0	0	0	0	0.01463102	0	0	0	0	0	0	0	0	0	0.011932964	0	0	0	0	0.011823359	0.010915865	0	0.06670162	0	0	0	0.009049324	0	0	0.01289246	0.022475252	0	0	0	0.011078853	0	0	0	0	0	0	0.010249983	0
MEGAHIT-MetaBAT2-S966.102	0.013064362	0.014852627	0.036296107	0.1822558	0.017099587	0.023968123	0.03963096	0.35917178	0.339534	0.28734145	0.31733426	0.015552538	0.19831806	0.3093594	0.40822458	0.020395922	0.14282048	0.33561918	0.099111564	0.23489127	0.01208389	0.2255312	0.18277524	0.020750474	0.012536921	0.15842639	0.1251903	0	0.019658117	0.30993837	0.28074953	0.37957105	0.020707598	0.40262067	0.20034306	0.009747441	0.55669636	0.32772282	0.045480564	0.55702424	0.1756902	0.024564989	0.030956844	0.075621836	0.4299852	0.036721036	0.17546211	0.74827033	0.5608862	0.028138245	0.023046207	0.2810793	0.018319706	0.023321802	0.20335822	0.0190055	0.32916942	0.045375165	0.20723885	0.3030398
966_SemiBin_95	0	0.010480699	0.013467033	0.10609489	0	0.13863538	0.15173328	0.015065182	0.10383666	0.07345451	0.08856989	0.036033854	0.14390852	0.0667923	0.0634078	0.012896037	0.005837175	0.097037666	0.010003503	0.06724865	0	0.060511783	0.07771968	0.006432088	0	0.084223114	0.049374737	0	0.022029592	0.18221666	0.06534466	0.11025994	0.05412034	0.34834573	0.13095115	0.004717925	0.43893832	0.1459481	0.0043615857	0.045390353	0.109885335	0.026914326	0.067237295	0.07840935	0.17645015	0.037719738	0.03969621	0.03211681	0.16790983	0.006415767	0.012491079	0.28110313	0.052780215	0.019912437	0.14092998	0.24556854	0.0059037823	0.049908143	0.12501357	0.1511319
MEGAHIT-MetaBAT2-S970.211	0	0.018937012	0.008569068	0.039982572	0	0.106231324	0.07468916	0.14644633	0.028178416	0.072826974	0.19105051	0.10659517	0.04659893	0.03471685	0.048947975	0.0482478	0	0.07475703	0.017390586	0.085900135	0	0.026922075	0.06592474	0.011054696	0	0.0381492	0.020014524	0	0.22081876	0.038595565	0.2540803	0.054349657	0.046262972	0.033640254	0.08882366	0	0.060738765	0.19215481	0.081917085	0.01428143	0.16204043	0.047015265	0.1141003	0.011962139	0.03717591	0.045248374	0.014980482	0.1163539	0.054467212	0	0.021849332	0.03410922	0.04992536	0.021992344	0.020621931	0.07770606	0.03182629	0.0740175	0.03495649	0.039918467
MEGAHIT-MetaBAT2-S976.34	0.03327748	0.13462102	0.034934796	0.02124474	0.023884768	0.0070305653	0.17168093	0.02603464	0.043776337	0.020966083	0.03091719	0.067186736	0.1224645	0.089461654	0.029400758	0.04859635	0.018501034	0.088794924	0.036457106	0	0.03996319	0.7782204	0.03545622	0.015201844	0	0.06849494	0.0080118505	0.043027557	0.011406218	0.19963147	0.07353651	0.0638725	0	0.02315334	0.17873643	0.13684982	0.052670814	0.04767566	0.010061826	0.24570544	0.16173832	0.012906377	0.012825361	0.25975206	0.06346285	0.21634094	0.035966497	0.004378578	0.08081602	0	0.0780047	0.0061264657	0.0059401714	0.014352982	0.03774177	0.07433507	0.06257732	0.07321313	0.047015376	0.03363438
986_SemiBin_101	0.04198333	0.11580135	0.064377405	0.011958939	0.09048508	0.024710016	0.05209106	0.06522857	0.15478747	0.019418275	0.039373673	0.07205858	0.0066907657	0.058557045	0.044480685	0.22842324	0.16343732	0.028310746	0.06502214	0.11384701	0.070248164	0.014961218	0.0148876505	0.16425322	0.10145668	0.038505767	0.041406382	0.1047589	0.037345756	0.044919305	0.01842275	0.008318055	0.029697746	0.028602606	0.039851498	0.0130899	0.024511872	0.07615774	0.1315428	0.006132662	0.01818761	0.2346478	0.43437296	0.010631234	0.03936838	0.034788847	0.069970205	0.1026148	0.064750984	0.18846908	0.17893381	0.03120393	0.36168036	0.34429395	0.0065218983	0.02041787	0.2060486	0.06320281	0.046068322	0.34172925
group7_bins.185	0.11935193	0.080874994	0.088789396	0.09405404	0.054444443	0.08622476	0.088479094	0.110396445	0.06470621	0.07674272	0.063936815	0.09445388	0.07945405	0.09128865	0.078732386	0.0773815	0.07048201	0.0964097	0.08570086	0.07552958	0.11585256	0.08830283	0.09722714	0.063421585	0.051754594	0.08890367	0.090112455	0.08981643	0.12469324	0.10491468	0.08272083	0.088486195	0.104478955	0.056989376	0.107759565	0.080278225	0.07874404	0.12850904	0.104119785	0.1034085	0.09661488	0.07801941	0.057322003	0.07592511	0.08324916	0.08560026	0.03854155	0.09107664	0.088974275	0.099552564	0.07252377	0.05754681	0.099557206	0.10692342	0.13735558	0.09778629	0.100781135	0.07216086	0.04720841	0.072936
MEGAHIT-MetaBAT2-S975.160	0.016316108	0.034570497	0.014994463	0.11969098	0.01971735	0.1403519	0.041935887	0.0732639	0.10062922	0.06344571	0.11842515	0.08825122	0.09145007	0.054789085	0.12928315	0.15013295	0.038518876	0.07332976	0.016549552	0.047716457	0.09772772	0.05934741	0.38645798	0.12660532	0.011906944	0.10761316	0.06349027	0.019538106	0.13722618	0.07318705	0.16234443	0.3538125	0.16211978	0.07769179	0.095026225	0.04301465	0.4301393	0.12308279	0.20838377	0.08444441	0.069385566	0.06788866	0.17482914	0.031608097	0.31003577	0.056180686	0.0625115	0.07925109	0.085576646	0.046163358	0.21912	0.045631263	0.15974498	0.03251506	0.09811611	0.04334796	0.024219407	0.053441815	0.109377645	0.059226513
MEGAHIT-MetaBAT2-S938.43	0.13450547	0.09860966	0.103043474	0.15297212	0.05700212	0.2742313	0.027765771	0.0068411143	0.017136969	0.036269568	0.060988165	0.02393088	0	0.008958515	0	0.059790056	0.19380443	0.025612611	0.09865538	0.069455884	0.0084827645	0.0040380643	0.03423876	0.12846166	0.061303128	0.019503588	0.036806308	0.05447633	0.009593581	0.0038161434	0.0076408833	0.04835755	0.035907514	0.08313173	0.020291183	0.019865664	0.019937031	0.034464154	0.12696886	0.0062021813	0.029285043	0.35426584	0.11473208	0.029923681	0.032898836	0.008471825	0.031485964	0.057972975	0.0063004596	0.09932816	0.08126639	0.048700556	0.11989793	0.03352666	0.032713376	0.0067641	0.03154552	0.033839233	0.05146012	0.018705992
MEGAHIT-MetaBAT2-S937.180	0.051672306	0.10750276	0.21597165	0	0.3491598	0.30406463	0.046912275	0.07683391	0.039070673	0.072336376	0.07600554	0.046040334	0	0	0.012069298	0.28442726	0.43084344	0.037147988	0.1079317	0.37605724	0.079179935	0.0079083415	0.03457176	0.24052235	0.65400726	0.049265783	0.034320932	0.16239873	0.11995678	0.0668593	0.038463764	0.029372698	0.051202707	0.015316735	0.037231274	0.053871103	0.024942368	0.022196434	0.3327166	0.008436355	0.0184446	0.36335015	0.29966283	0.029174715	0.0711473	0.086811386	0.029196579	0.027374858	0.044414043	0.3223167	0.3901151	0.03364016	0.10050585	0.19537564	0.008942874	0.035913598	0.1761522	0.18010971	0.08022865	0.3010897
MEGAHIT-MetaBAT2-S976.157	0	0	0	0.31239346	0	0.014957498	0.004462395	0	0.19846216	0.26386344	0.09366895	0	0.41393304	0.06495643	0.2482509	0	0	0.012484176	0.036348835	0	0	0.03943789	0	0	0	0.008285078	0.06197321	0	0	0.017826801	0.07195702	0.27602872	0.007964863	0.010097327	0.010667568	0	0.053894226	0.060857534	0	0.11513983	0.050625276	0	0	0.2528245	0.058487758	0.0040846695	0.07496057	0.07607549	0.006080356	0	0	0.13231261	0	0	0.04651413	0.011696763	0.008678667	0	0.07150852	0.08806918
group6_bins.237	0.008226724	0.04412481	0.00552996	0.0076017743	0.005743209	0.040545553	0.39881632	0.021187773	0.043670036	0.01209736	0.010280333	0.009199312	0.015989248	0.023891535	0.009463165	0.0060684816	0.015050227	0.0117248455	0.013997659	0	0.0068886294	0.019763088	0.0043543694	0.01952007	0	0.004993971	0	0.01691963	0.009498215	0.11570095	0.008741915	0.012194954	0	0.0069477945	0.015205148	0.016295547	0.027550472	0.014785377	0.005132013	0.017942283	0.008044337	0.011137724	0.062453195	0.027599633	0.011551518	0.017639006	0.005073097	0	0.01576606	0	0.040681165	0.007569398	0	0.0032012023	0.024188677	0.048930034	0.013311318	0.04853978	0.010217003	0.049889877
MEGAHIT-MetaBAT2-S944.97	0.017450301	0.12448977	0.028539754	0.0051218295	0.033602625	0.0045082993	0.12670568	0.06277951	0.116620906	0.046660773	0.02344024	0.36957902	0.014999769	0.019229902	0.01500823	0.012764635	0.07829242	0.03494807	0.023714725	0.008369428	0.039407957	0.2499321	0.043740742	0.025527224	0	0.06546085	0	0.17525414	0.022505796	0.19493523	0.036484007	0.018535897	0	0.007832995	0.13794439	0.111759365	0.040002756	0.041428924	0.010892003	0.15681584	0.043813884	0.037145015	0.007965262	0.041362632	0.0084741805	0.017805947	0.02786695	0.0062146825	0.026844507	0	0.011008533	0	0.013930011	0.052163713	0.16137235	0.12661162	0.054478157	0.15267415	0.27932507	0.04866809
MEGAHIT-MetaBAT2-S974.62	0.04269547	0.030553803	0.06996809	0	0.10430536	0.055293895	0.045630015	0.023011703	0.028507782	0.029981896	0.014856056	0.026068993	0	0	0.016901225	0.057388607	0.21792135	0.015941905	0.020041415	0.054401074	0.05179634	0.0028796343	0.02808328	0.11110435	0.10451662	0.036323592	0.010561029	0.039994705	0.022473903	0.0067539755	0.03142007	0.011215976	0.0103142215	0.0049925805	0.011705937	0.01000602	0.006933875	0.004996012	0.13128808	0.003666948	0.01353194	0.25344586	0.20292574	0.0077771405	0.0104377875	0.020421688	0.009537862	0.014001382	0.023198575	0.17305963	0.1729614	0.007782509	0.13659988	0.16471528	0.005126319	0.02423937	0.061758507	0.14685789	0.007877188	0.1240916
MEGAHIT-MetaBAT2-S970.51	0.33908495	0.14437163	0.13653693	0.48497844	0.13347062	0.014879503	0.06377995	0.05449237	0.037974574	0.07290519	0.101084955	0.08952699	0.01861273	0.1889999	0.06425469	0.0342964	0.041263245	0.10698153	0.07886639	0.029221227	0.14325836	0.07304593	0.08474735	0.083673485	0.029736897	0.059055857	0.045566432	0.17340729	0.06855264	0.09703552	0.025868677	0.16625784	0.056901384	0.043521013	0.055752527	0.1892348	0.1784594	0.21050337	0.109435685	0.013030355	0.072397746	0.05252036	0.042280994	0.055093404	0.03742277	0.095832095	0.15113905	0.123231165	0.0770804	0.2189169	0.09661965	0.0060163643	0.12307234	0.0828394	0.025627369	0.06976005	0.025234181	0.01873082	0.039327484	0.039394446
group4_bins.25	0.1386996	0.1728528	0.2341602	0.026609931	0.37185457	0.4272958	0.11737936	0.10576393	0.10538971	0.106154226	0.095054954	0.051097896	0.014266456	0.01069746	0.029078703	0.16010743	0.53418434	0.079687186	0.49430045	0.20567848	0.13426784	0.031305395	0.1266323	0.25249654	0.32381874	0.1425985	0.093700334	0.28470477	0.06353617	0.037874483	0.045387454	0.03332724	0.10185007	0.037156858	0.07720669	0.18175337	0.021863118	0.0387602	0.12527944	0.016937347	0.032834556	0.57801837	0.38697073	0.10043428	0.03991616	0.08709516	0.075297415	0.05793145	0.05313651	0.17838548	0.25684544	0.06642299	0.13254686	0.2901493	0.033818103	0.09727172	0.111849606	0.1675402	0.05906813	0.10761906
group10_bins.232	0	0	0	0.07482735	0	0	0	0	0.0066584325	0.01816085	0.006689808	0	0.01922456	0.012635707	0.017011117	0	0	0	0.009038314	0	0	0	0.023292473	0	0	0.0048063644	0.0028698843	0	0	0.007937919	0.039378528	0.10128571	0	0.014560818	0.0051615066	0	0.0409073	0.015304704	0	0.020858085	0.0038504812	0	0	0.004030186	0.00591872	0.020518566	0.01636563	0.0053496594	0.0037940072	0	0	0.022058353	0	0	0	0.011606655	0.009000569	0.0026125407	0.0075648683	0.006402876
MEGAHIT-MetaBAT2-S941.86	0.039421454	0.030471006	0.029163072	0	0.15788648	0.08013542	0.10464962	0.02649435	0.22074439	0.012695127	0.077080816	0.04176335	0.014367171	0.059418865	0	0.03016422	0.10956474	0.0226117	0.018818678	0	0.061460573	0.026953455	0.015938336	0.03750884	0	0.01990951	0.009106955	0.070822574	0.027006684	0.24339543	0	0	0	0	0.021928027	0.60582846	0.010299133	0.028930135	0.025383556	0.006002868	0.013754931	0.01409035	0.008507715	0.016329043	0.0078010485	0.008425078	0.008359962	0	0.0059679584	0	0.022119863	0	0	0.011829601	0.011853736	0.0064914743	0.025194151	0.11368676	0.09209245	0.008151917
933_SemiBin_252	0.29360306	0.33224723	0.33847284	0.019693071	0.14758521	0.21532173	0.10858347	0.103247985	0.067932986	0.0673298	0.06483473	0.1507688	0	0	0	0.095532045	0.13928917	0.09404809	0.06216385	0.114347756	0.12803072	0.09182303	0.10206393	0.049066227	0.05461741	0.043493822	0.061190195	0.09542782	0.07257623	0.03555898	0.067544915	0.1296394	0.21856654	0.042955473	0.082475394	0.085791424	0.023205483	0.07443774	0.13281237	0	0.043369792	0.23966917	0.25087714	0.07502909	0.0871138	0.12356388	0.25161117	0.10138496	0.09421586	0.29907665	0.095234565	0.025992647	0.20628498	0.13922088	0.052566558	0.08653429	0.0947463	0.1097387	0.044045378	0.05913461
947_SemiBin_9	0.1650031	0.084336706	1.277756	1.8668833	1.0537502	0.38640276	3.5348587	6.450177	3.497588	2.2324305	2.1968393	0.60945976	0.3851614	0.6387701	1.5095755	4.622875	1.1961507	2.4814787	19.97786	7.686927	0.7790315	0.34788963	1.0320126	13.710909	18.261755	6.0155764	6.553132	1.3047291	0.5576168	10.733942	8.05691	0.37127012	6.237678	14.800236	13.787929	0.82891154	1.7995874	0.5117675	0.50667804	17.857325	3.1679153	0.054804094	0.24144337	12.525097	3.8877	14.074869	10.8533535	3.0205574	10.872771	1.0123227	12.32726	19.899715	2.4274864	11.863133	19.391289	12.237023	1.4746363	1.0631722	9.78272	7.442515
MEGAHIT-MetaBAT2-S962.24	0.028447038	0.12570429	0.11754279	1.7091933	0.07755585	0.2482867	0.17029242	0.23208432	1.4572611	0.3490403	0.83087724	0.45230615	1.7374078	0.6336946	1.1635046	0.2772998	0.17016709	0.2778584	0.08427087	1.2154936	0.11825044	0.7418955	0.13871376	0.31915048	0.031565078	0.7154188	0.67983	0.059120238	0.2593134	0.56714195	0.6345494	0.8713289	0.5043068	0.44134185	0.3859564	0.04077333	1.253767	1.5467366	0.4968398	0.34389877	0.6039717	0.20875081	0.36353996	0.20296249	1.1117021	0.22384697	1.0785292	2.4458241	0.6030797	0.32663497	0.11966103	0.36679092	0.3543567	0.26215526	0.40483558	0.1237182	0.7225793	0.15124834	0.3645825	0.26019794
MEGAHIT-MetaBAT2-S945.103	0.035209846	0.080631934	0.048551567	0.030580347	0.046823278	0.04916175	0.11144384	0.0375081	0.086230956	0.08643991	0.036199145	0.0660012	0.34965876	0.20593196	0.058798235	0.13244672	0.025504714	0.25116807	0.09923726	0.007240707	0.07386414	0.92518675	0.034965962	0.023813717	0	0.07261578	0.025219284	0.02816297	0.12378658	0.16434239	0.17194882	0.11841345	0.008547788	0.065265834	0.4550451	0.028558034	0.15301175	0.13325965	0.03449022	0.42806336	0.09003857	0.02487215	0.020030512	0.19094656	0.22782655	0.09643502	0.031569604	0.012031028	0.08192586	0	0.027713709	0.009586544	0.018739212	0.030677464	0.07270175	0.08155647	0.056056492	0.1972419	0.058693886	0.0550102
MEGAHIT-MetaBAT2-S947.59	0.04307656	0.03879943	0.056018844	0.06345837	0.027192226	0.08958866	0.025294013	0.057476148	0.04995793	0.033113975	0.048861858	0.08893135	0.088147715	0.011967641	0.4213299	0.034149628	0.026852395	0.10905226	0.053556986	0.06736973	0.059471097	0.041725554	0.07671345	0.026510507	0.04085633	0.057758007	0.06456747	0.108945	0.065443255	0.12426141	0.062929906	0.04674069	0.046592183	0.028991818	0.08683087	0.111427374	0.028509116	0.064041525	0.036502723	0.07349614	0.08618671	0.06735267	0.052081857	0.06947772	0.10426845	0.040628824	0.040938016	0.069528595	0.054963447	0.037610233	0.032513376	0.052310374	0.076917924	0.05313486	0.10801594	0.04134477	0.04682925	0.037404567	0.08268796	0.03327076
group7_bins.394	0.061260957	0.087397814	0.069039315	0.03656912	0.05569664	0.05221152	0.06331611	0.045334477	0.061136983	0.040908452	0.034246303	0.10215837	0.04811082	0.053223267	0.09053773	0.043617774	0.031781986	0.0651617	0.057409663	0.0476656	0.033759955	0.040999904	0.032666214	0.03820607	0.007512599	0.031591944	0.035800505	0.030963467	0.037272066	0.025157588	0.06033826	0.12200413	0.09832405	0.026701061	0.043179136	0.07692935	0.071437195	0.076737724	0.15585281	0.038591407	0.06310382	0.050330482	0.04773936	0.056180775	0.060337808	0.061260127	0.049706165	0.08828456	0.049580958	0.054570094	0.055669423	0.06350491	0.07039141	0.039235137	0.08338205	0.07265705	0.055765335	0.0605914	0.07610429	0.056858707
group9_bins.155	0.14639708	0.0830455	0.083065584	0.07240171	0.04115326	0.07271073	0.044117358	0.07059724	0.047237195	0.047146387	0.07297756	0.057645764	0.026039653	0.033455607	0.07472365	0.04944141	0.035311464	0.09075174	0.03534784	0.04717312	0.09031899	0.030581634	0.04860146	0.018221661	0.036257997	0.029391684	0.115900025	0.08743837	0.0733852	0.03932468	0.03744802	0.06453269	0.079266176	0.07571297	0.06023953	0.043069255	0.04578035	0.15961008	0.113192245	0.025923284	0.06407272	0.11943472	0.102346145	0.05586994	0.07043821	0.046066288	0.078800395	0.09280406	0.061596245	0.09048603	0.03775951	0.025045883	0.14185989	0.06488263	0.05516339	0.05073964	0.02711385	0.02437223	0.090217575	0.06557355
group3_bins.187	0.03759841	0.025165785	0.040491495	0.0064096684	0.022336006	0.018166954	0.019248344	0.027009193	0.03313747	0.013518956	0.0121289175	0.036605094	0	0.0026079933	0	0.06280393	0.020059567	0.03703239	0.051407002	0.04261558	0.059811737	0.0073756007	0.04140871	0.041775595	0.06146001	0.062977426	0.048929643	0.09787184	0.06255033	0.06977214	0.020426745	0.0056980364	0.019202782	0.02458969	0.052742798	0.051755592	0.0060660318	0.057830982	0.029321337	0	0.02325217	0.06815128	0.052379377	0.047913983	0.01722284	0.019847041	0.019736554	0.011865575	0.08004126	0.037009172	0.029494334	0	0.020268613	0.027791208	0.016136942	0.033898838	0.07011748	0.03876649	0.02510383	0.030855559
MEGAHIT-MetaBAT2-S938.161	0.20552306	0.17250933	0.11228369	0.058982003	0.16133948	0.2789814	0.1349244	0.10050661	0.07324456	0.07100769	0.052903976	0.12845586	0.07408299	0.056460004	0.05375986	0.08675844	0.111541726	0.07723979	0.06269871	0.09749169	0.14946863	0.05585875	0.17645156	0.06920352	0.0681448	0.06646714	0.059774708	0.17033716	0.10993214	0.06358849	0.091185294	0.091614015	0.15031013	0.061712924	0.07845818	0.17340569	0.09387174	0.10424191	0.2108758	0.042273298	0.10543249	0.17450263	0.15165737	0.07705586	0.090831876	0.06124717	0.07181897	0.07812609	0.054415185	0.16842166	0.07162797	0.039445616	0.11415659	0.088622615	0.064700566	0.13951682	0.09376624	0.10688115	0.11369463	0.10995345
945_SemiBin_201	0.039508592	0.42724302	0.03534267	0.4106777	0.013093786	0.031438492	0.15338172	0.035452224	0.095230386	0.1702886	0.09320341	0.18625273	0.7900859	0.107605614	0.026061812	0.048554447	0.017281374	0.20796016	0.12998927	0	0.02650088	0.34408978	0.18761353	0.047116235	0	0.039484788	0.028678771	0.07058456	0.18537328	0.3139049	0.27480903	0.23466004	0	0	0.29614845	0.7089683	0.6674791	0.19900596	0.020612605	0.89980835	0.15906633	0	0	0.5414863	0.2832343	0.35062253	0.27226144	0	0	0	0.08247648	0	0	0.008316536	0.35297868	0.14444135	0.13779332	0.89014065	0.0489928	0.057914585
group10_bins.334	0	0	0	0.0051774494	0	0	0	0	0.036303163	0.04684003	0	0	0	0.02077095	0.01674111	0	0	0	0.011238592	0	0	0	0	0	0	0	0.008764424	0	0	0	0.08074898	0.10009724	0	0	0.014658399	0	0.031693388	0	0	0.014990426	0	0	0	0.038874723	0	0	0	0	0	0	0	0.012020695	0	0	0	0.012147468	0	0	0	0
MEGAHIT-MetaBAT2-S960.89	0.022545356	0.09497828	0.008767423	0.06986374	0	0.006074228	0.03564105	0.03271858	0.027086822	0.03841602	0.015311434	0.014095373	0.025118921	0.035483867	0.008274094	0.010091758	0	0.1037676	0.01034898	0	0.08037962	0.16711015	0.2408317	0.013381519	0	0.113836005	0.078382924	0.35426047	0.07233754	0.062541075	0.026600802	0.051086165	0.022440018	0.003928305	0.09760336	0.013379577	0.06326627	0.050805274	0.009072059	0.048415218	0.057826936	0.014032628	0.01465073	0.036706846	0.05916352	0.021984229	0.01413418	0.0100405505	0.015108434	0	0.04329638	0.008122552	0	0.003909926	0.017708614	0.04559783	0.016542675	0.032865167	0.029250057	0.0063518994
MEGAHIT-MetaBAT2-S986.109	0.11430464	0.32185137	0.22050059	0.2683372	0.19948597	0.28957635	0.14621292	0.21758617	0.2623869	0.18828765	0.19213544	0.2821899	0.39470753	0.4540493	0.29945844	0.11321627	0.11479708	0.20970047	0.28098395	0.2518266	0.20401327	0.31710467	0.20979334	0.11003745	0.10534483	0.33756435	0.3294816	0.2658246	0.22954902	0.25465772	0.24849862	0.37814826	0.26953095	0.18585907	0.3632232	0.72106165	0.22362213	0.36387745	0.15103707	0.20951697	0.3633314	0.22303948	0.17701462	0.23129493	0.20323242	0.21839792	0.22975227	0.2505717	0.15950175	0.07047607	0.12643073	0.10859253	0.25900123	0.09991493	0.73051184	0.20454162	0.20462067	0.09386894	0.35289186	0.21179695
MEGAHIT-MetaBAT2-S968.13	0.15566179	0.45440802	0.1974295	0.27348876	0.4412387	0.47411594	0.33581078	0.5969274	0.27377588	0.23300044	1.1659001	0.48126206	0.19547303	0.27600214	0.376516	0.6577083	0.17340428	0.6174335	0.23136409	0.36272934	0.25626245	0.17499286	0.16981547	0.9580795	0.10922735	0.38555458	0.40417695	0.28361246	0.5640166	0.2101628	0.30994776	0.3814318	0.4193788	0.4956137	0.2798205	0.31951997	0.36420727	0.3262517	0.8696077	0.1302427	0.306793	0.47385105	0.4871589	0.141594	0.29088646	0.18098669	0.12199155	0.54755974	0.16454433	0.5523563	0.403504	0.20589703	0.49129367	0.77100646	0.3190704	0.17099088	0.3424674	0.2964474	0.3046384	0.57743484
MEGAHIT-MetaBAT2-S954.74	0.005211844	0.010548794	0.0044568395	0.10195928	0.0029818644	0.005731839	0.007724206	0.006305981	0.034968916	0.014982179	0.0056558135	0.009533908	0.034314316	0.02001181	0.022316603	0.00535825	0	0.01620422	0.008758607	0.007308255	0.012264977	0.22955596	0.018439848	0.007165698	0.0034248326	0.00994022	0.01748869	0.019787818	0.01031569	0.013776559	0.009054345	0.022230446	0.0076716375	0.008514812	0.013407171	0.012054999	0.040996034	0.012793938	0.0037004515	0.038748357	0.030616084	0.00995573	0.009226853	0.057043232	0.0193385	0.010474509	0.009500517	0.009691728	0.017289752	0.0035815283	0.007507783	0.038067807	0.0036130485	0.0045833793	0.017820362	0.011658799	0.009160271	0.0047677686	0.010779157	0.005171572
941_SemiBin_67	0.0060270447	0.0048996876	0.0049275444	0.08247056	0.007832338	0.0057036565	0.045688216	0.009310968	0.19468191	0.14352272	0.14641145	0.016203959	0.025033351	0.049054332	0.042980522	0.021068329	0.004003236	0.02617175	0.04763174	0.02582927	0.025616381	0.026592731	0.037548766	0.06004635	0.0067708623	0.03857253	0.017238446	0.016998393	0.10830271	0.009424213	0.03410789	0.19670698	0.05913923	0.009277911	0.013496021	0	0.07324868	0.0455524	0.110665694	0.012339239	0.011580423	0.03793649	0.14261673	0.014214466	0.048549134	0.09710449	0.08572028	0.026301105	0.034619838	0.010760229	0.0102305	0.08536454	0.010732307	0.00908189	0.03543566	0.01918768	0.019708162	0.079037845	0.055438552	0.226034
MEGAHIT-MetaBAT2-S987.82	0.052255955	0	0	0	0.014300764	0	0.007837472	0.004756696	0	0	0.047663875	0.1013199	0	0	0	0.053156976	0	0	0	0	0	0	0	0	0	0.008257969	0.031909127	0.05142957	0	0	0	0	0	0.014364258	0.0035431958	0.045591332	0	0.09894727	0.008888984	0	0.009187769	0.009418301	0.04139557	0.0068046427	0.009983743	0.006658497	0.032587413	0.012968497	0	0	0.049330402	0	0.0057781604	0.23957613	0.009577966	0	0	0	0.01817506	0
group3_bins.134	0	0.0083519695	0.05836914	0.069774956	0.014279159	0.020463822	0.17381772	0.16734514	0.07594896	0.10644299	0.121548824	0.0061306274	0.076822944	0.0310142	0.12428833	0.08124097	0.1415659	0.25626406	0.06980277	0.08446305	0.07532333	0.06681442	0.022144562	0.13061103	0.02442849	0.076147996	0.077057496	0.023486525	0.06903298	0.18100427	0.12286837	0.021007266	0.011210882	0.09048075	0.17060494	0.026453886	0.3825405	0.07893098	0.044030044	0.10935194	0.060435575	0.015459296	0.027300023	0.07107831	0.14877726	0.08165497	0.12564419	0.1069146	0.096798055	0.04978004	0.15269618	0.06409429	0.01306348	0.025476674	0.04326466	0.11241284	0.053698882	0.08834242	0.0787515	0.09943451
group8_bins.266	0	0	0.024121126	0	0	0	0.033986736	0.021249197	0.016999537	0.023915308	0.021510117	0	0	0	0.018731046	0.025548944	0.018646725	0.014496742	0.055631805	0.02834319	0	0	0	0.07769208	0.030878408	0.020138789	0.030572213	0	0	0.014799081	0.027456688	0	0.018058017	0.058123566	0.042046994	0.021313975	0	0	0	0.034821708	0.021788908	0	0	0.028178237	0.039270476	0.06480107	0.034228113	0	0.0324143	0	0.024710437	0.10215456	0.018792333	0.02603126	0.01734127	0.04365594	0.022880685	0.017631974	0.022374313	0.027683314
MEGAHIT-MetaBAT2-S953.167	0.29037473	0.21935883	0.35337102	0.17680573	0.20492582	0.43116316	0.38087094	0.31194666	0.19614097	0.17159975	0.19665344	0.1920353	0.06213746	0.03452947	0.23356412	0.2646289	0.51169497	0.41689292	0.36055976	0.22209805	0.4574597	0.059346016	0.23514478	0.36666906	0.24926269	0.31198028	0.21568866	0.39365754	0.33004686	0.13228601	0.2786486	0.53147167	0.3438653	0.19628964	0.24961168	0.2381167	0.25751707	0.20885223	0.30269644	0.033181455	0.13494846	0.2507351	0.23063555	0.27139047	0.21861668	0.27756563	0.36301276	0.29630184	0.47642058	0.5119287	0.2480193	0.18816456	0.31370234	0.24697913	0.14544944	0.24438111	0.25660676	0.33469018	0.16966705	0.19999857
946_SemiBin_333	0.05110508	0.0823699	0.027265381	0	0.0069334954	0	0.10911049	0.103715695	0.042918324	0.3004982	0.105015434	0.0072563547	0.06806243	0.31119895	0	0.20856303	0.017452462	0.026790254	0.0149963545	0	0.014935858	1.9797311	0.091520734	0.065811396	0	0.22496937	0.008244606	0.017677931	0.38996115	0.20470387	0.011191584	0.010761448	0	0	0.5134855	0.3848977	0.011941863	0.0327707	0.010327142	1.4244435	0.49167445	0.008885772	0.005502759	0.18802924	0.44282165	0.33118388	0.007705449	0.008426237	0.05335614	0	0.20106658	0	0.008983508	0.1470304	0.15479283	0.07450727	0.09212052	0.34098384	0.22979707	0.016287928
MEGAHIT-MetaBAT2-S983.173	0.22144784	0.21950892	0.19196515	0.011737023	0.1663295	0.20879963	0.03828051	0.10175583	0.058461566	0.06835522	0.06983572	0.05976299	0.01581614	0.008218568	0.05155964	0.15541884	0.12177724	0.056359816	0.10683185	0.17917356	0.069434434	0.021409577	0.041443393	0.11348837	0.16829921	0.038280793	0.054651503	0.12245456	0.060450934	0.022465216	0.0314497	0.04532403	0.16133322	0.059164576	0.037309453	0.028402152	0.037256874	0.024834638	0.20796476	0.018073488	0.025925975	0.301861	0.2126394	0.03542136	0.073194996	0.081982054	0.018367162	0.054781336	0.028069902	0.60493934	0.13754053	0.04783907	0.16846567	0.14863153	0.021700742	0.048239984	0.05930766	0.06363456	0.04808084	0.11675659
944_SemiBin_44	0.571906	0.46579862	0.4421013	0.74015146	0.29775903	0.5262004	0.3285235	0.6725496	0.59511805	0.53159475	0.75457203	0.7343939	0.65806234	0.49085158	0.6873886	0.45221102	0.30429628	0.58704364	0.21240032	0.5382068	0.36462438	0.29078266	0.68672144	0.15673694	0.109909184	0.7989236	0.78507257	0.32804954	0.4642554	0.12598568	0.5973502	0.6991524	0.61285174	0.4802838	0.6343998	0.5035805	0.7013095	0.6096135	0.33192798	0.21070382	0.4450324	0.3296363	0.41638508	0.4318079	0.47571278	0.42762983	0.59985644	0.71301305	0.4989125	0.16791727	0.4214234	0.32391503	0.31018367	0.22633764	1.1538385	0.36533466	0.47799236	0.27937973	0.65050995	0.4589028
933_SemiBin_193	0.46543297	0.43909043	0.33942318	0.19392708	0.2599837	0.5289061	0.17836146	0.234222	0.23421404	0.22440588	0.21257885	0.16928403	0.14610998	0.12779471	0.31982577	0.24167894	0.28361663	0.28003103	0.3190073	0.28479406	0.3214077	0.09250646	0.3047642	0.15106474	0.17856751	0.15343194	0.20603484	0.114375316	0.20741594	0.121418476	0.16773993	0.3481734	0.42599386	0.13991211	0.13374013	0.090346485	0.21277058	0.14198713	0.4724429	0.08859855	0.15964764	0.24830312	0.31603703	0.18088081	0.23437527	0.29292795	0.23461115	0.2955632	0.22705622	0.5342746	0.19263251	0.17290482	0.25623262	0.15881695	0.12754829	0.32297856	0.19000679	0.2722714	0.17160173	0.16073301
MEGAHIT-MetaBAT2-S945.152	0.054349642	0.025919951	0.102552466	0.331555	0.07010815	0.18626004	0.1408977	0.13099085	0.12074658	0.1580114	0.108133934	0.080330946	0.21028504	0.12471593	0.16447474	0.13665009	0.07760638	0.11033235	0.044816464	0.08838485	0.10576322	0.1096778	0.13910809	0.08677893	0.016460596	0.083144434	0.09976996	0.015946338	0.10973578	0.0407796	0.1873337	0.2289594	0.1725726	0.082032435	0.074338265	0.024729589	0.13849524	0.16408859	0.23309334	0.06840628	0.14730555	0.077785105	0.09287385	0.1292105	0.15130547	0.08873442	0.09510102	0.17248806	0.08090215	0.17548752	0.08392623	0.074464835	0.14941198	0.057509538	0.11126665	0.040964387	0.1154435	0.09256798	0.09497202	0.1173328
MEGAHIT-MetaBAT2-S980.41	0	0.005598936	0	0.0044458127	0.0049383813	0	0.0044194954	0.0038596308	0.010824002	0.028315661	0.008066255	0.0051507577	0.0078429505	0.008857152	0.005944538	0.0042470866	0	0	0.0040294	0.006580656	0	0.02006251	0.005567792	0.0067435135	0	0.005434404	0.07970305	0	0.0044989735	0.0046378803	0.009334484	0.030824967	0.008448816	0	0.0043606134	0.0028030365	0.008141587	0	0.00609429	0.006250444	0.007450274	0.0064166817	0.01672823	0.004927166	0.005906421	0.0046212715	0.22717802	0.10897105	0.0080427565	0	0.007129643	0.012854014	0.004752903	0.0062057935	0.0039086007	0.0036231454	0.00906367	0.004874985	0.0056565865	0.0071780058
MEGAHIT-MetaBAT2-S945.135	0	0	0	0.071811445	0	0.026688082	0.015597854	0.006415084	0.11955673	0.023104917	0.0046590352	0	0.21917956	0.0073791915	0.19777586	0	0	0.13717267	0.026212804	0.12087665	0	0.17960587	0.07352665	0	0	0.17053439	0.20997624	0	0.018633299	0.1361598	0.16715997	0.20652772	0.058103234	0.3051023	0.09504767	0	0	0.1607407	0	0.043059558	0.18130964	0.0075321053	0.009578428	0.1706879	0.03126353	0.0213645	0.024509272	0.027060635	0.12201787	0	0	0.14367996	0.00916021	0	0.09806655	0.12902394	0.03349069	0.010880163	0.025911024	0.052120894
MEGAHIT-MetaBAT2-S954.101	0	0.005860529	0.0029782094	0	0.0024517938	0	0.01490451	0	0.010326478	0.00660393	0.003429437	0	0.019497238	0.030051233	0	0.009521902	0	0.02101871	0.0031064006	0	0.0078022433	0.4531215	0	0	0	0.018612534	0	0	0	0.08759416	0.022027092	0.0057946895	0	0	0.026112424	0	0.028761439	0.0075559793	0	0.08410744	0.03500269	0	0	0.030025948	0.011229531	0.011549036	0.00593818	0	0	0	0.011846835	0	0	0	0.0068133026	0.012147468	0.0059260847	0.006925912	0.011500066	0
988_SemiBin_31	0.03366311	0.039224043	0.04797653	0.034871858	0.02697693	0.060273923	0.033962686	0.040674753	0.03259224	0.020739585	0.035108242	0.0948138	0.03616682	0.011201744	0.056238994	0.023090214	0.016032146	0.071826205	0.05968119	0.048656262	0.052534837	0.030450711	0.10522139	0.020092344	0.033956613	0.042614844	0.05581039	0.08004358	0.08656793	0.15783867	0.06276027	0.028920898	0.05544492	0.03031429	0.063764915	0.11642419	0.028177613	0.044040013	0.023997359	0.040685914	0.11860588	0.040336195	0.04199776	0.08330718	0.06977018	0.035330728	0.03215591	0.05202926	0.026016263	0.020099798	0.038898427	0.03374356	0.05019779	0.04139279	0.38125685	0.084791236	0.03523163	0.058130387	0.11262466	0.030935448
932_SemiBin_176	0.16665037	0.0037738422	0	0	0.07506944	0	0	0.00978251	0	0	0.117600046	0.12746921	0	0.010053444	0	0.056505583	0	0.0037477822	0.01656487	0.009264986	0.04433319	0	0	0	0	0.07778283	0.011863164	0.031222543	0.02121931	0	0	0	0.012542279	0.0030586042	0.0022443177	0.06532519	0	0.091873854	0.022222036	0	0	0	0	0.0031498314	0	0.098456234	0	0.13039127	0	0	0.040546414	0	0	0	0	0	0	0	0	0
MEGAHIT-MetaBAT2-S962.15	0.01707973	0.17120738	0.015682142	0.17056623	0.021179706	0.06581841	0.30337086	0.25336412	0.21303406	0.20342615	0.10433649	0.30931476	0.16036767	0.4339119	0.16917439	0.20574383	0	0.2837668	0.2284528	0.11243691	0.040045206	0.15689531	0.19544995	0.01614198	0	0.22311655	0.1687625	0	0.11250122	0.2508153	0.28037664	0.38944912	0.2707992	0.08116084	0.13661835	0.12741183	0.17929861	0.025769355	0.14455178	0.19294944	0.34037963	0.07325929	0.11373476	0.22990319	0.178312	0.16363277	0.108161815	0.1695155	0.20787272	0	0.11562537	0.19707187	0.08648217	0.052289557	0.27303746	0.29130474	0.15988135	0.1538359	0.230593	0.0990539
MEGAHIT-MetaBAT2-S972.108	0.07570913	0.09217941	0.060437985	0.1760877	0.017984323	0.019077623	0.06948265	0.070634864	0.041984063	0.07387004	0.022011003	0.19911212	0.049379714	0.012370961	0.031757105	0.12251428	0.0067796805	0.028245829	0.06508034	0.010647265	0.028529245	0.023468608	0.04551004	0.022296596	0.0028622693	0.12407709	0.059760474	0.009741777	0.06401054	0.12147834	0.11216931	0.17615293	0.04812303	0.00840558	0.15768443	0.07898899	0.01866496	0.10041459	0.0714719	0.22817077	0.027392222	0.053292748	0.049790632	0.24989809	0.039187115	0.09443419	0.037686307	0.017543131	0.035254296	0.03178742	0.011830749	0.004637896	0.035039674	0.14293474	0.056907237	0.023476873	0.0740112	0.04065253	0.19584003	0.091000944
MEGAHIT-MetaBAT2-S947.6	0	0	0	0.09292795	0	0.010543982	0	0	0.06286569	0.062332284	0.013709369	0.016545063	0.20355372	0.077015124	0.32578728	0	0	0.014003218	0.008379293	0.013307316	0	0.042479865	0.014152189	0	0	0.014358467	0.014045034	0	0	0.017243082	0.019646682	0.053172372	0.012392261	0.014408666	0.017314568	0	0.027933968	0.044599958	0	0.13225459	0.018830916	0	0	0.031215306	0.013942907	0	0.025568672	0.07599019	0.012276919	0	0	0.13713485	0	0	0.044051357	0.009651373	0.010469131	0	0.020556932	0.020522771
MEGAHIT-MetaBAT2-S963.73	0.07114257	0.074702114	0.033424355	0.041863177	0.011767233	0.032195255	0.04933231	0.08367729	0.06505769	0.055653125	0.021168431	0.089681946	0.025350245	0.015344147	0.01989793	0.038685843	0.030037979	0.07736894	0.036454186	0.019267192	0.0677048	0.05440944	0.076513365	0.027082575	0.019970587	0.032274116	0.020479748	0.074259914	0.0545149	0.08032879	0.31844524	0.08707034	0.030506937	0.06910933	0.04118556	0.018595686	0.1515864	0.049857784	0.09240539	0.058016438	0.09883875	0.070650876	0.048398502	0.02507314	0.06545302	0.034437332	0.03256349	0.062027555	0.0343032	0.0844864	0.05079513	0.02215138	0.036604274	0.050502535	0.07002351	0.050246194	0.066489875	0.07102503	0.04612379	0.031335607
MEGAHIT-MetaBAT2-S973.217	0	0.03401643	0.010822284	0.010015184	0.0051572514	0	0.010225821	0.009376161	0.012320684	0.0084847575	0	0.02124295	0.016221372	0.03277757	0.010161734	0.014848297	0.006912655	0.032627285	0.02210623	0	0.02023483	0.13782746	0.009419396	0	0	0.019651186	0	0.016137734	0.012869411	0.042998828	0.023839373	0.0140341995	0	0.01038295	0.1015905	0.04170826	0.021163773	0.023190424	0.0054937345	0.09260178	0.22750182	0	0	0.05543392	0.023194244	0.02318056	0.008753801	0	0.02759906	0	0	0.003186592	0	0.006982807	0.122714974	0.03991698	0.011495146	0.008003937	0.018175106	0
group3_bins.177	0.10146498	0.04446203	0.04181114	0	0.00791949	0.013820023	0.02187142	0.07707071	0.0047614085	0.02315054	0.004473296	0.044734955	0.018109145	0	0.035923928	0.0069810916	0.021475596	0	0.037199486	0.02856465	0.16014571	0	0.003862762	0.05543464	0	0.022989841	0.0065046856	0.054655623	0.25225276	0.02931156	0	0	0.0050760955	0	0.004934686	0.0039044863	0.0057245893	0.0065001813	0.016857348	0	0.0902584	0.05806132	0.013736429	0.0983929	0	0.008122078	0.003407987	0.031155132	0.08087115	0	0.019403914	0.004782656	0.0059651076	0.014928985	0	0.008228312	0.05303157	0.009163257	0.006234882	0.0111141475
group7_bins.282	0.034275215	0.023440965	0.026702594	0.023982357	0.07758525	0.009984092	0.015000329	0.025543997	0	0.03187321	0.04261359	0.025828904	0	0.011762146	0.035493836	0.01935993	0.011975507	0.033120222	0.036879107	0.036271133	0.024952881	0.009206144	0.04156007	0.015576419	0.039312243	0.041889008	0.09849173	0.11523705	0.053435378	0.0064014	0.032986816	0.0043552327	0.050873667	0.015842918	0.0099599315	0.021820098	0.01005868	0.06227937	0.049796544	0.0041517112	0.018393794	0.043058254	0.030268295	0.07556007	0.034596793	0.020470973	0.017383676	0.06675236	0.02080472	0.03208386	0.0118213305	0.012932656	0.07724448	0.040292095	0.045514308	0.025976617	0.04336722	0.019847047	0.033688746	0.046882737
group9_bins.360	0.07733276	0.06860621	0.045973558	0.051825337	0.042463534	0.01128292	0.036807004	0.021214446	0.043306485	0.03520336	0.082421616	0.08039801	0.04863564	0.043629903	0.04860061	0.035199247	0.051251132	0.060503453	0.05948923	0.024298526	0.080574155	0.06751185	0.079165384	0.049217567	0.042125776	0.041865945	0.030038679	0.13592781	0.07334636	0.051535714	0.016821703	0.075247765	0.061511356	0.02236859	0.0472127	0.10581173	0.026899364	0.08224816	0.05214519	0.06195317	0.08413825	0.05591396	0.046030235	0.07307031	0.025480676	0.04634932	0.04258685	0.02031528	0.041485824	0.055685956	0.034601606	0.017369244	0.035921436	0.024417909	0.044944927	0.035620544	0.025139734	0.04656097	0.026724853	0.033696827
970_SemiBin_111	0	0	0	0.044385582	0	0	0	0	0.022414716	0.037090886	0.0055742944	0	0.10604639	0.12857021	0.14657736	0	0	0.004106869	0.0057210177	0	0	0.061866667	0.03250874	0	0	0.006446247	0.01598207	0	0	0.013441498	0.05833569	0.04166915	0	0.017656917	0.056937434	0	0.08205432	0.31860587	0	0.43368137	0.018194744	0	0	0.021062696	0.019423358	0	0.01575808	0.06260438	0.003692002	0	0	0.39062706	0	0	0.048289698	0.023094926	0.003659949	0.0038443175	0	0
group10_bins.307	0.014577343	0.019905863	0.016858492	0.027672127	0.012917148	0.008074079	0.021312006	0.011270161	0.028089404	0.026289051	0.021644231	0.019730981	0.02782787	0.03637952	0.027218217	0.017426018	0.008540246	0.022163285	0.01870541	0.010120237	0.02356952	0.022589274	0.023088127	0.0059521645	0.007885796	0.017413247	0.018109366	0.008120182	0.021417538	0.02266938	0.026986184	0.037360203	0.024626486	0.0182811	0.018019551	0.029984983	0.031576235	0.024674792	0.013732685	0.02479439	0.023460722	0.012088653	0.014934816	0.023406912	0.019655863	0.021836184	0.027402017	0.028804855	0.02084227	0.0077638817	0.020872736	0.018183429	0.01382896	0.016272895	0.028637234	0.017645886	0.011120102	0.016777832	0.022226723	0.016849352
MEGAHIT-MetaBAT2-S985.140	0	0.019025188	0.018034097	0.033351768	0	0.01487767	0.027912127	0.047491103	0.035369903	0.020748455	0.022376588	0.07244488	0.0666543	0.0224372	0.027523959	0.023760848	0.01773272	0.02418018	0.020754432	0.015913904	0.016138807	0.031705417	0.049145687	0.013213018	0	0.020995172	0.037082154	0.0075613894	0.030655365	0.033954814	0.12239561	0.046480767	0	0.039554853	0.03227898	0.01430022	0.19028716	0.050389137	0.028853636	0.06628004	0.028595395	0	0.012532819	0.046341658	0.042886205	0.03648801	0.02577472	0.049642704	0.052626904	0	0.012955864	0.06778952	0.019970523	0.020853167	0.046196256	0.043248482	0.06663157	0.013644882	0.03622285	0.021966351
group7_bins.281	0.006416883	0.013198688	0.015797623	0.009684214	0.013682952	0.012463962	0.018388819	0.006568603	0.010101582	0.007799444	0.008403393	0.007262557	0.008696866	0.01589536	0.0047508567	0.013715707	0.022195853	0.023853246	0.0059604673	0.017873898	0.017450394	0.020808013	0.023487408	0.004943731	0.005952986	0.018741269	0.022191005	0.016111529	0.013644821	0.004994966	0.018010434	0.011429221	0.044471134	0.0055519436	0.006289369	0.003599416	0.0093499925	0.018720418	0.01748462	0	0.008692078	0.024713058	0.014266752	0.010732251	0.0077726333	0.010882105	0.03176858	0.006566745	0.010059127	0.021971483	0.016186533	0.002654468	0.06844737	0.0368924	0.004636479	0.006952047	0.011883852	0.03476688	0.01935515	0.031276096
MEGAHIT-MetaBAT2-S951.93	0	0.07366228	0	0.09316464	0.004638177	0	0.00391611	0.008517995	0.014450513	0.021084568	0	0.005432792	0.0969656	0.028437832	0.046600528	0	0	0.0045489944	0.37661213	0.004888226	0.06604426	0.027080853	0.010296045	0	0.0042525306	0.02178974	0.14589842	0	0	0.007984772	0.0052909213	0.08897211	0.0032048565	0.0033211124	0.033592932	0	0.030528944	0	0	0.027138015	0.023740357	0.007112221	0.0038603784	0.10776011	0.031623963	0.003046789	0.01203091	0.0039294222	0.052588437	0.0048740115	0	0.031316053	0	0.020713083	0.025024155	0.061132245	0	0	0.0038370525	0
group6_bins.304	0.03870249	0.3411165	0.051080182	0.006084322	0.014816499	0.01723449	0.0954636	0.02995065	0.013404046	0.015551414	0.01309287	0.031164775	0	0.013631733	0.010510946	0.014553149	0.017957613	0.0333747	0.006405275	0.031992	0.022361772	0.0062100245	0.039179325	0.030128924	0.040173158	0.015716761	0.013330275	0.1294395	0.022156283	0.007062574	0.011943044	0	0.023458712	0.008596829	0.008363603	0.012219571	0.008696698	0.0096793035	0.044996344	0	0.0071869395	0.16908301	0.10426913	0.0067835	0.008293967	0.011678707	0.009019694	0.011913146	0.13807192	0.09649306	0.043627523	0.0081572505	0.07525055	0.040670473	0.0076698298	0.0051657646	0.027241634	0.042664707	0.00619993	0.017849304
991_SemiBin_80	0.008559299	0.059573255	0.053630427	0.010413665	0.01084302	0.13057707	0.021573137	0.12216526	0.052688178	0.061851535	0.08174736	0.022034636	0.010828476	0.040854905	0.011533638	0.05002545	0.03632046	0.028483022	0.024896186	0.024679206	0.026121974	0.027016869	0.08217991	0.013451388	0.016536925	0.012960287	0.058734816	0.0050744233	0.034487586	0.007681667	0.055033058	0.053952266	0.12337644	0.009634201	0.023083935	0.007817478	0.086003065	0.02112171	0.11036913	0.009574651	0.037871122	0.064307176	0.10047649	0.054169096	0.0715106	0.10753456	0.03340311	0.04996339	0.0374677	0.095697	0.06576473	0.033314858	0.044956904	0.074156456	0.02304763	0.05389819	0.04457775	0.22944611	0.04389587	0.05118648
932_SemiBin_172	0.4195754	0.29150754	0.024243569	0.016010366	0.023960713	0.028513003	0.016803885	0.016236195	0.024484998	0.025525203	0.022690123	0	0	0.014991728	0.018604148	0.020749355	0.029235419	0	0.017006807	0.023337057	0.03566246	0	0.02125617	0.02968065	0.02266766	0	0	0	0.017500767	0	0.017478528	0.018999798	0.018041234	0	0.013438176	0	0	0	0.03326821	0	0	0.04479752	0.041777883	0.012526217	0.017968826	0	0	0	0	0.03664556	0.029365296	0.021201858	0.023887731	0.02130506	0	0	0.02377766	0.028762002	0	0.032674696
983_SemiBin_265	0.22375132	0.19704366	0.14324023	0.1462994	0.13241874	0.14983791	0.13350455	0.09443673	0.18419243	0.107754566	0.11428339	0.12666911	0.121340536	0.15358329	0.11490326	0.07604378	0.086327486	0.14852756	0.13286604	0.12647375	0.13078587	0.055512168	0.12314655	0.0335939	0.08427122	0.074774645	0.08946447	0.12679563	0.11046615	0.053268228	0.11167516	0.21968472	0.21975504	0.0848074	0.0824947	0.13808241	0.19482517	0.26685566	0.17154734	0.060560547	0.10967721	0.18299137	0.15615347	0.1530248	0.20695537	0.11064135	0.09984587	0.12965322	0.05954667	0.26606944	0.08755617	0.0781263	0.20793897	0.09242496	0.11921632	0.14868125	0.0969799	0.19079152	0.1179513	0.10633097
MEGAHIT-MetaBAT2-S980.126	0.14925733	0.078172065	0.015510298	0.0178104	0.012052403	0.008124314	0.04442735	0.012162286	0.017804038	0.012647658	0.054186173	0.17332532	0.011884699	0.16330928	0.014792564	0.043660145	0.010299846	0.02491945	0.015921207	0.009623965	0.020774854	0.17162359	0.014801022	0.008341012	0	0.27499527	0.012406969	0.020031095	0.021079926	0.05938966	0.026413044	0.044168536	0.010011887	0.006706537	0.02567986	0.17871852	0.1354385	0.051086724	0.021903701	0.021297606	0.17337368	0.011160171	0.011684696	0.025596274	0.017136155	0.21406223	0.16798455	0.011046947	0.009345057	0.013357817	0.047153246	0.007832444	0.010157292	0.013717455	0.051471747	0.037840974	0.09028336	0.12319357	0.0145709915	0.012778253
MEGAHIT-MetaBAT2-S985.88	0	0	0	0	0	0	0.045265466	0	0	0	0	0	0	0	0	0	0	0.01882478	0.45604688	0.029570552	0	0	0	1.5701127	0.07021483	0.10813548	0.07041998	0.03236496	0.0237344	0.03647577	0.12969556	0	0.033570766	0.1463404	0.5174981	0	0	0.014566158	0	2.119656	0.07742065	0	0.0056036804	0.19838256	0.05053338	0.07741556	0.053734493	0	0.048345048	0	0.030466365	0.2711082	0.022647822	0.117813244	0.067215115	1.2412347	0.039036497	0.030697087	0.042780038	0.18482882
MEGAHIT-MetaBAT2-S964.235	0	0	0.02595115	0.050871894	0	0.055102568	0.01828847	0.008988178	0.039642833	0.029796476	0.061308853	0.016208554	0.053885534	0.049662795	0.052968185	0.02344653	0.024550721	0.11196224	0	0.030517576	0	0.021949053	0.08912224	0.009855103	0	0.04523731	0.079575524	0	0.02569404	0.015297961	0.026580434	0.19672596	0.022733917	0.031385843	0.07305079	0	0.04979053	0.03948989	0.020441664	0.041789602	0.049134165	0.01770357	0.043395247	0.101848	0.025191788	0.014721407	0.019423371	0.026115328	0.034873765	0.0115157375	0.017764512	0.046049904	0.017168166	0.02860467	0.022646245	0.012036259	0.0135898255	0.03621428	0.033596545	0.018400718
983_SemiBin_321	0.115193464	0.2210979	0.009092761	0	0.77803874	0	0.009796376	0.010996828	0.026824074	0	0	0	0	0	0	0	0	0	0	0	0	0	0	0.012209135	0.010581521	0.037375096	0	0.05339636	0.009198824	0.006998759	0	0	0	0	0	0.007445035	0	0.008610014	0.10046583	0	0	0	0	0.008504983	0	0	0	0.011634405	0	0.41348898	0	0	0	0.012446924	0.0074136285	0	0.038047984	0	0.03150817	0.010525421
MEGAHIT-MetaBAT2-S967.21	0.029389994	0.21872647	0.048896898	0.044046637	0.020965945	0	0.064667605	0.1071544	0.033200935	0.011503937	0.008775765	0.14589867	0.048988376	0.0053355247	0.072092414	0.069578156	0	0.1349033	0.031797662	0.040326852	0.13054463	0	0.016510174	0	0	0.10933188	0.013349325	0	0.038525708	0.0101966765	0.09099867	0.050919484	0.019076737	0.025009867	0.17698042	0.1810843	0.013837799	0.022319632	0.027457818	0.053740397	0.007651656	0.024749776	0.013986165	0.007977963	0	0.041734286	0.0153785255	0.19393976	0.42919165	0	0.03481613	0.010584338	0.024737038	0.017842706	0.032533407	0.033703577	0.015308385	0.06386631	0.017457707	0.008226344
MEGAHIT-MetaBAT2-S983.92	0.030498652	0.027139796	0.09355898	0	0.022600383	0.028366448	0.01068185	0.028480472	0.00875293	0.03455809	0.0717323	0.04792014	0	0	0.013345242	0.024741063	0.053768035	0.010835923	0	0.018922351	0.023619752	0.009647941	0.009483531	0.04188841	0.03342497	0.010403947	0	0.014036414	0.014279131	0.026637629	0.01586923	0	0.022584224	0.01023426	0.015648317	0.0077566034	0.026831554	0.056836437	0.03635639	0.008712679	0.010672614	0.0330996	0.027627472	0.00860979	0.018701605	0.017946584	0.023158466	0.010435196	0.008421894	0.31842914	0.020170566	0.03434336	0.03502373	0.014047918	0.010694542	0	0.013853824	0.048375748	0.017248817	0.023403492
MEGAHIT-MetaBAT2-S958.173	0.020089408	0.05348548	0.1340181	0.39493755	0.083850816	0.16385111	0.072004244	0.17384076	0.3165939	0.18344186	0.13663404	0.14906079	0.248039	0.29935443	0.34686145	0.104354106	0.12156149	0.23666607	0.09321277	0.26284775	0.029480163	0.12127774	0.2168213	0.062658526	0.020233618	0.37938583	0.18225268	0.049466733	0.0969477	0.06013094	0.256243	0.40293705	0.22170408	0.2127281	0.18227229	0.04597518	0.34105918	0.17362206	0.1412667	0.23459752	0.21862616	0.15588236	0.24129434	0.21160479	0.32895258	0.11959465	0.19846588	0.34457317	0.12665752	0.20975253	0.0535579	0.23045371	0.12785707	0.13925108	0.20575438	0.0830689	0.15270084	0.09018946	0.18036687	0.19599412
935_SemiBin_76	0.099434525	0.03768256	0.09825604	0.35024825	0.09579969	0.016820578	0.019291881	0.022434264	0.014587991	0.010720834	0.025398865	0.02152898	0.0122982785	0.012083275	0.02491974	0.016178947	0.013766462	0.045925077	0.018675191	0.030128473	0.04435399	0.020148756	0.033649396	0.014034083	0.015188755	0.03664675	0.04601783	0.06920763	0.025847604	0.12325697	0.011985428	0.018380934	0.0485652	0.04413132	0.015481621	0.06878895	0.01337672	0.015729332	0.07001388	0.017108373	0.026355965	0.03365376	0.01316539	0.03215565	0.013452509	0.052053235	0.018709563	0.021921283	0.04654986	0.057660762	0.026395265	0.0070326133	0.029481458	0.014934365	0.04309764	0.060062896	0.057200436	0.01042206	0.014148039	0.04005404
MEGAHIT-MetaBAT2-S973.81	0.007909524	0.01754407	0.007666355	0.010050281	0.0076967315	0.008343238	0.018797839	0.015323589	0.015689665	0.012209397	0.007954041	0.009846299	0.016275968	0.014430974	0.0064955777	0.011204274	0.009198668	0.030113386	0.011458698	0.0063261944	0.010977378	0.025463622	0.034041982	0.010976587	0	0.029842718	0.013396527	0.014463131	0.020342752	0.07225027	0.01968334	0.02979214	0.007039248	0.0090766195	0.062717155	0.026586391	0.02035527	0.014133744	0.005216621	0.022859866	0.28937158	0.020948859	0.0072818715	0.05325351	0.013264164	0.0198394	0.028480558	0.016157597	0.021037858	0	0.011516092	0.012308331	0.012183139	0.011695383	0.018583272	0.021144152	0.02336804	0.02484842	0.030108025	0.01304871
967_SemiBin_89	0.30288568	0.3557162	0.33091962	0.127945	0.15636338	0.30201674	0.34448346	0.5115504	0.11092312	0.23567125	0.9907035	1.5847225	0.0070382426	0.063634194	0.05461695	0.39258763	0.24706542	0.23718724	0.26351017	0.2805682	1.3728102	0.24630821	1.0599686	0.24118444	0.37447146	0.4022749	0.2739465	0.24817269	0.6343299	0.22503638	0.15087624	0.24193914	0.47979832	0.11751957	0.24839629	0.6583027	0.07187796	0.9931112	0.16587113	0.0877503	0.2256335	0.3432876	0.25649682	0.2562921	0.30577296	0.25184092	0.42137924	0.3465686	0.18272442	0.41083738	0.2921974	0.06404384	1.5158412	0.82406265	0.14685382	0.4541663	0.124130115	0.17500181	0.2981831	0.10665862
group7_bins.175	0.017614001	0.028604105	0.028375458	0.057236467	0.020893611	0.031514417	0.02058052	0.024604023	0.03929561	0.028608046	0.026709218	0.022768943	0.02499362	0.034045674	0.06826107	0.019512445	0.029397434	0.049104	0.02687367	0.054079767	0.023282751	0.016495587	0.025706878	0.01616731	0.02675076	0.02345737	0.068805054	0.031862	0.019556139	0.023375362	0.052802797	0.065067574	0.06691013	0.043991998	0.053653825	0.017891698	0.052875325	0.03613283	0.048948225	0.031697962	0.032820795	0.021158813	0.039257787	0.031715125	0.026399294	0.0266217	0.026403965	0.054808877	0.022370784	0.023187242	0.02999703	0.04415627	0.031567745	0.037714228	0.14962725	0.022849608	0.030059187	0.031826083	0.023876699	0.037798576
983_SemiBin_133	0.251054	0.3499079	0.06551086	0.07764255	0.13753988	0.5044609	0.055140376	0.39618978	0.20196392	0.08203196	0.40765563	0.18608786	0.12364428	0.2304844	0.08832889	0.11149026	0.20290193	0.1087427	0.02899682	0.15172777	0.088237375	0.07380293	0.082788445	0.047505166	0.06848977	0.08972919	0.1092348	0.035169773	0.061709616	0.0895897	0.08871512	0.14345525	0.32140455	0.056925915	0.1611206	0.04691885	0.09663212	0.10296267	0.09817398	0.04502785	0.25837448	0.20627353	0.2998621	0.14919002	0.06868296	0.20967329	0.061759487	0.06494766	0.060164597	0.5612189	0.1407142	0.031139582	0.06047726	0.10166352	0.088718764	0.1094947	0.06595773	0.15272442	0.10064862	0.20106609
MEGAHIT-MetaBAT2-S933.63	0.06808254	0.21284464	0.06378378	0.009525148	0.010220434	0.012531268	0.094681785	0.057436127	0.023651557	0.054560754	0.026374035	0.03167226	0.023014167	0.0341371	0.016832802	0.070087686	0.025739895	0.041292973	0.017495057	0.0071746306	0.0529187	0.08553851	0.023202779	0.022721408	0.008348925	0.008069765	0.012464532	0.010476929	0.019949123	0.094392754	0.050073497	0.07823493	0.011466292	0.012229721	0.033311862	0.046683088	0.04784312	0.044083152	0.02769186	0.07502103	0.06529956	0.019074773	0.018043658	0.05727336	0.035226706	0.036773082	0.035248764	0.014792246	0.0091654025	0.0148182865	0.032660577	0.0062737786	0.011179154	0.018056573	0.03838014	0.077271044	0.017531991	0.06743072	0.026745388	0.013111345
MEGAHIT-MetaBAT2-S960.200	0.01714165	0.01169279	0.009129079	0.019733308	0.01862249	0.01004222	0.0056736525	0.012750243	0.01665077	0.006503404	0.012355282	0.021631941	0.022718357	0.00993858	0.023160947	0.009956315	0.010601203	0.01415225	0.0029633476	0.019475948	0.029533194	0.027292918	0.07309487	0.008011554	0.017702334	0.03339566	0.02359665	0.35299963	0.044727974	0.07078707	0.0068637	0.021730948	0.012983552	0.007938113	0.01649057	0.006668957	0.0049898885	0.011285176	0.011061547	0.020830767	0.0324732	0.036368538	0.014114279	0.03847065	0.0044044345	0.018146526	0.010294435	0.016044023	0.013621219	0	0.0052924217	0.013569379	0.009992461	0.010642772	0.01189842	0.008339319	0.0138196	0.0086689405	0.014422498	0.009273627
group8_bins.322	0.038951192	0.036737803	0.026617415	0.039796397	0.021088643	0.022217905	0.029721381	0.014603291	0.03068036	0.028319648	0.04195169	0.037744373	0.0612581	0.053864956	0.040060855	0.028148632	0.0128782885	0.061991107	0.038503356	0.035835948	0.038279332	0.041803118	0.074119456	0.029398499	0.0118523175	0.042390257	0.058777813	0.024681026	0.027537778	0.028575566	0.04126954	0.043722324	0.05047825	0.060156256	0.055416837	0.03641509	0.070257775	0.0485409	0.028367227	0.05216453	0.03980928	0.02163047	0.024990236	0.0319495	0.05420218	0.02891696	0.042205367	0.039479237	0.024978783	0.0690658	0.024797423	0.024052316	0.03511864	0.025190236	0.04263516	0.047776144	0.02588309	0.017571617	0.040050134	0.02211686
MEGAHIT-MetaBAT2-S958.137	0.010427488	0.020727856	0.024146138	0.012981843	0.017342357	0.02670296	0.013044996	0.009139401	0.023657309	0.014277415	0.012097823	0.018393537	0	0	0	0.012575277	0.016782092	0.03493088	0	0.049419887	0.02550939	0.024555666	0.07292903	0.02206174	0.017791687	0.2723875	0.062185906	0.023817915	0.02027346	0.009171811	0.023477314	0.017681416	0.025176616	0.010655677	0.02378646	0.009279255	0.011470256	0.010371728	0.02669657	0.007309429	0.028185323	0.05692536	0.07678558	0.072335795	0.013606265	0.018377222	0.0138236135	0.026059797	0.013630349	0.04186991	0.012379262	0	0.018834887	0.008406041	0.009091346	0.019958133	0.019072367	0.024158789	0.023063248	0.01832502
969_SemiBin_466	0	0	0	0.21168208	0	0	0	0	0.15101403	0.01597502	0.07154977	0	0.17012486	0.24922608	0.15572733	0	0	0.033138767	0.07186453	0.006837149	0	0.018400578	0.011388953	0	0	0.00558958	0.03325543	0	0	0.023274746	0.073999435	0.107626714	0	0.16238073	0.013001698	0	0.2798381	0.15835364	0	0.08354095	0.17542233	0	0	0.036540594	0.09898868	0.0041463985	0.12714936	0.028246181	0	0	0	0.04377398	0	0	0.020444842	0	0	0.02752533	0.09231411	0.048486162
MEGAHIT-MetaBAT2-S973.204	0.054337237	0.03889672	0.024341075	0.008945437	0.0047474015	0.012337965	0.08775887	0	0.052212305	0.019417003	0.021984002	0.15575108	0.0198138	0.08879782	0.012048017	0.036525358	0.008461369	0.0926648	0.017178642	0	0.0071840803	0.06188974	0.013675507	0	0	0.043868657	0	0.06756594	0.028870419	0.14909674	0.031001965	0.1255045	0	0.039456315	0.17195997	0.2754981	0.109074734	0.19275708	0.007715025	0.03391608	0.25606707	0.02593494	0.011029541	0.21998183	0.02694253	0.04776307	0.03643198	0	0	0	0.011736338	0.002405153	0	0.009575187	0.14148833	0.6516818	0.01390112	0.05074332	0.037107	0.06055331
932_SemiBin_102	0.3108461	0.16204706	0.18861596	0.16554125	0.06512988	0.029944837	0.14911866	0.19380094	0.09995399	0.08706091	0.047987062	0.14430222	0.11382598	0.07255863	0.08555881	0.052538786	0.07337425	0.08143867	0.07477095	0.04687188	0.15296324	0.12936057	0.13839436	0.04834943	0.042350363	0.21755132	0.04787941	0.20676081	0.29425472	0.16247262	0.09156069	0.093030885	0.026300922	0.09834271	0.13578123	0.4007976	0.09420229	0.17668997	0.08230944	0.1878606	0.15186852	0.041772146	0.023121156	0.0996502	0.07057378	0.10146971	0.11183801	0.020721633	0.16970283	0.018476157	0.082175635	0.037872575	0.051991835	0.053192552	0.102624945	0.12299417	0.09370969	0.092765525	0.058153857	0.0770102
group7_bins.365	0.009221632	0.01397939	0.009525343	0.04056571	0.0062377704	0.015468953	0.011941182	0.013836388	0.038530916	0.04718614	0.05279704	0.03409993	0.06696224	0.027845314	0.052281637	0.00665365	0	0.023211768	0.0108152265	0.024139427	0.010748355	0.03087622	0.041829467	0.008076655	0	0.032688137	0.041722644	0.012632786	0.016679682	0.04634422	0.026005236	0.030047012	0.016997864	0.05371882	0.02479802	0.034587167	0.06962062	0.04707614	0.009804457	0.038455695	0.048668623	0.011015937	0.01776282	0.047636546	0.058247272	0.011481981	0.040253073	0.09884453	0.037243746	0.0045164977	0.008183924	0.046087407	0.018367603	0.006972902	0.19969666	0.02323421	0.015771804	0.010287442	0.037216235	0.052007515
MEGAHIT-MetaBAT2-S975.180	0.03352376	0.04924281	0.044622377	0.07680685	0.037935518	0.10578598	0.08705214	0.072191454	0.12498654	0.07278919	0.100282945	0.105256155	0.069589056	0.12185698	0.07006346	0.05734033	0.051416703	0.083806634	0.0717234	0.079735264	0.031067546	0.07275383	0.15928946	0.086968966	0.025452213	0.11971307	0.121005155	0.045559496	0.11101935	0.06922364	0.12063004	0.26360267	0.0959456	0.100780874	0.13074757	0.074367404	0.19186035	0.07469766	0.18829228	0.047645707	0.24883963	0.077846624	0.5344193	0.16572733	0.12433162	0.03505216	0.10169476	0.10133388	0.1174727	0.038188897	0.06777105	0.04743196	0.094185114	0.060372524	0.11527684	0.12058259	0.111406825	0.07909438	0.04112736	0.09640561
972_SemiBin_102	0.007570534	0.020878803	0.013392415	0.03332608	0.024262646	0.014848791	0.014068407	0.0092181405	0.033826858	0.07937937	0.06905302	0.0058220793	0.03054682	0.034038857	0.03878971	0.05269212	0.031111425	0.0704065	0.08285525	0.034188922	0.009386787	0.04716555	0.04568217	0.09025178	0.034038022	0.035828587	0.08611692	0.011813204	0.023754073	0.020934338	0.05013707	0.026441123	0.0109731015	0.0346456	0.036500458	0.0064781155	0.06993469	0.012223365	0.019890029	0.40450096	0.020661741	0.011537444	0.032086287	0.03321715	0.051672895	0.036404483	0.05303455	0.03156192	0.018082814	0.0134289935	0.045962352	0.060651686	0.014677875	0.037554108	0.024974471	0.028140765	0.01560241	0.027514983	0.039573412	0.035661515
MEGAHIT-MetaBAT2-S957.37	0.0133510735	0.02127587	0.007604261	0.004820038	0.007885933	0.0078500435	0.0062806606	0.0077490755	0.026784148	0.0074025025	0	0.0044201007	0.006648133	0.02316602	0.0070481496	0.0077037257	0.008864133	0.010256605	0	0.007893423	0.007615126	0.003881228	0	0.02470131	0.2630237	0.006669757	0	0.010766453	0	0	0.015776455	0.008520399	0.016234942	0.007649939	0.006311827	0	0.0053324345	0.0058750883	0.010787927	0.0042167343	0	0.013476913	0.015024884	0.004990479	0.007122304	0.0044249156	0.0050271885	0.005650465	0.018162379	0.012315239	0.013353802	0	0.015070691	0.008233042	0.00860888	0.0073204576	0.017357253	0.009494473	0	0.009601023
MEGAHIT-MetaBAT2-S964.113	0	0	0	0.02224116	0	0	0	0	0	0.0063102897	0	0	0.025294688	0.012294271	0.08882671	0	0	0	0	0	0	0.05175436	0	0	0	0	0	0	0	0	0.012516251	0.27472582	0	0	0	0	0.010110655	0	0	0.044028945	0	0	0	0	0	0	0	0	0	0	0	0.010108864	0	0	0	0	0	0	0	0.01438987
group3_bins.292	0.049211048	0.073631614	0.032538585	0.028098725	0.025654968	0.038330663	0.038116597	0.038428307	0.037619114	0.029847411	0.035878178	0.043805167	0.03235629	0.03682093	0.033599686	0.030654846	0.026065048	0.04432199	0.032541424	0.035125807	0.035275206	0.058189742	0.049863465	0.14954636	0.02244434	0.0439174	0.040220145	0.037268396	0.056484986	0.060496822	0.030498892	0.03336089	0.051610913	0.026526675	0.044791255	0.058164705	0.042912703	0.03579868	0.045422934	0.025153825	0.045323383	0.036633726	0.030368084	0.04019616	0.034223158	0.029637467	0.034008063	0.03528598	0.03453705	0.030478373	0.027840953	0.015847	0.03225292	0.027077222	0.04281961	0.035193898	0.028880956	0.037389144	0.030431086	0.031176908
956_SemiBin_187	0.0093004815	0.021688268	0.03365267	0.00742534	0.0381069	0.019402819	0.016363135	0.012788116	0.021381315	0.016889995	0.0090040285	0.0058267275	0.006521294	0.007241298	0.0113371825	0.06680838	0.043465003	0.012936437	0.017051496	0.021132741	0.015289246	0.0036801437	0.012845683	0.31465077	0.03351108	0.0064662346	0.009725209	0.028595855	0.0122886915	0.010516248	0.024060689	0.011781411	0.008643318	0.0046853316	0.004903174	0.013769329	0.01029177	0.0060348795	0.024255814	0	0.0070929658	0.10013672	0.08550467	0.0072637172	0.010938034	0.016678741	0.013293087	0.0076449527	0.012649789	0.02530164	0.06190303	0.009563177	0.023093319	0.053444486	0.0054395013	0.010873034	0.044309493	0.057254713	0.00707782	0.11517873
MEGAHIT-MetaBAT2-S953.47	0.19313137	0.23413785	0.10392437	0.0163682	0.032852594	0.014289635	0.2250691	0.07786083	0.04558617	0.044034965	0.03284087	0.24736603	0	0	0.017806578	0.060099356	0.030804746	0.2967842	0.11270613	0.04039207	0.29687208	0.11186043	0.025294285	0.06641595	0	0.16750959	0	0.30717376	0.14359649	0.07740292	0.013261578	0.012990417	0	0.019551128	0.223942	0.45993224	0.009969877	0.2740487	0.05805887	0.19434997	0.47673514	0.033831578	0.020776203	0.4124548	0.021673718	0.07485979	0.084376894	0	0.1551545	0	0.06843079	0	0.108685814	0.13865753	0.3984713	0.19545898	0.11254083	0.44014776	0.11211028	0.07774158
group6_bins.275	0.045617342	0.073639	0.07438951	0.0038594115	0.03586265	0.10720581	0.052195434	0.067808375	0.038366813	0.029487247	0.034281515	0.0282156	0.010091242	0.00999173	0.006407812	0.08116678	0.14191024	0.04974118	0.05859439	0.049229983	0.05293984	0.015369969	0.030151883	0.07606833	0.035574388	0.018669993	0.013564083	0.024570832	0.047461003	0.036870446	0.010204597	0.01787924	0.07461359	0.026464734	0.014621658	0.023129044	0.020153165	0.027843904	0.08896608	0.007031391	0.025875725	0.060068235	0.11244646	0.023295445	0.048526756	0.048237015	0.045843326	0.0056935553	0.05383693	0.0897	0.087002926	0.0337032	0.10873821	0.08104699	0.052933272	0.019049494	0.081541434	0.060094655	0.058170985	0.057262152
991_SemiBin_141	1.8244036	1.1182286	0.6473518	0.13596576	0.8659243	0.46927685	0.40008244	0.59955776	0.06108094	0.27578372	0.09352197	0.94780564	0.006121389	0.05297086	0.06357659	0.5168591	0.31712267	0.3155348	1.0844805	0.43997747	0.97622246	0.19254988	0.49268067	0.40789697	0.57349145	0.22238281	0.7432478	1.3713671	0.44415414	0.8916517	0.22464672	0.25698727	0.68321633	0.13377346	0.21433017	1.1790819	0.09377534	0.62563384	0.6791903	0.01867765	0.4185763	0.73174804	0.75808686	0.31011096	0.10858257	0.4611993	0.44444486	0.25365937	0.2270528	0.27298015	0.2636378	0.18918873	0.6135536	0.5724088	0.55321455	0.5561446	0.43837163	0.27296373	0.25544697	0.19651547
973_SemiBin_32	0.00925755	0.06505458	0.04488218	0.008090652	0.005795107	0.011035903	0.03884098	0.012944769	0.028380541	0.013848671	0.014810351	0.03146695	0.009682078	0.0042726477	0.0068047266	0.013973503	0	0.045808412	0.013672031	0.013227607	0.006832511	0.08236135	0.10336413	0	0	0.007080377	0.0054391534	0.01203839	0.045690607	0.036328286	0.07734343	0.0300971	0.014991746	0.019131692	0.01791085	0.00914855	0.016995165	0.027298016	0.008466264	0.03659526	0.23466928	0.014207437	0.0061838566	0.013717252	0.01622876	0.03663442	0.05135169	0.008048351	0.041889045	0.013280776	0.01671981	0.008859351	0.021248294	0.015960744	0.017518258	0.065804474	0.020457156	0.014154978	0.019200794	0.018793058
MEGAHIT-MetaBAT2-S986.81	0.04690642	0.073299654	0.044960517	0.011943049	0.10959405	0.07961006	0.029665662	0.03157149	0.018819068	0.02244587	0.0149723105	0.018573707	0	0.0067106057	0.013740653	0.07419166	0.09827822	0.044827767	0.031518694	0.06789039	0.029065628	0.013332743	0.027707351	0.060442083	0.11090139	0.037250753	0.0146858115	0.06326359	0.018765068	0.036587775	0.029663576	0.0195403	0.03703901	0.015052626	0.040029895	0.01444409	0.026604226	0.019909294	0.0767772	0.007393334	0.029506719	0.15119684	0.10802913	0.018273398	0.02423107	0.026434913	0.022776494	0.016850818	0.042470377	0.13712703	0.12338943	0.012603444	0.2643058	0.051393766	0.024340546	0.032446865	0.113815665	0.074664354	0.014982488	0.035234567
group7_bins.169	0.052593872	0.11858982	0.07411736	0.1289443	0.044211254	0.043361947	0.053342007	0.05133747	0.04532488	0.042944945	0.030639712	0.078592844	0.19876264	0.062183026	0.06827049	0.059308194	0.090998285	0.10641894	0.06821935	0.046760667	0.12882143	0.2543371	0.19817354	0.047804672	0.017297778	0.1456074	0.086702175	0.16015363	0.2524199	0.31281906	0.046740912	0.0765211	0.019619722	0.052986775	0.21041934	0.0969372	0.15577725	0.17763974	0.027180642	0.1623194	0.17749184	0.047267746	0.03992542	0.10641082	0.0701802	0.053024095	0.02880791	0.025405958	0.08279172	0.0067040115	0.1026092	0.06203493	0.028500529	0.03213213	0.07200415	0.26980785	0.095196865	0.100637205	0.057100836	0.07973519
MEGAHIT-MetaBAT2-S979.51	0.4821586	0.40340477	0.2607021	0.009256425	0.25902903	0.36110768	0.065443136	0.2628638	0.021078926	0.09417345	0.097535826	0.113888435	0	0.0070921746	0.009168466	0.17606299	0.3146707	0.10298599	0.2439032	0.2380882	0.26067334	0	0.10375762	0.16308574	0.34793392	0.07669535	0.12597342	0.15755422	0.16461639	0.04700905	0.075500816	0.1755167	0.352029	0.10421417	0.07735165	0.17936279	0.053975306	0.011581298	0.26412654	0	0.040403366	0.23432952	0.28358662	0.049357302	0.029965078	0.50381494	0.014556819	0.026936619	0.19899406	0.44075543	0.17642492	0.038046964	0.43450513	0.2204808	0.026258416	0.25571105	0.10811514	0.13269904	0.25477004	0.1105254
MEGAHIT-MetaBAT2-S969.165	0.016743276	0.029396981	0.016022159	0.051430434	0	0.020788493	0.012762181	0.020516306	0.029003216	0.026525628	0.011632005	0.012498806	0.03302896	0.017325092	0.01003346	0.03342869	0.011252028	0.029912926	0.0463998	0	0.008422365	0.07113846	0.075345814	0.009638959	0	0.021022348	0.016036004	0	0.01877123	0.039352033	0.05627795	0.055107046	0.0111799855	0.02447625	0.048189096	0.01390423	0.15228379	0.016315978	0.0072896876	0.04616807	0.09316313	0.007584817	0.010310819	0.04529912	0.049235664	0.06191942	0.017401941	0.0070154658	0.020332279	0	0.008931248	0.005336432	0.004705034	0.007064873	0.035325747	0.020774892	0.012897962	0.018343035	0.017715571	0.062021844
MEGAHIT-MetaBAT2-S965.170	0.14600217	0.12259597	0.1526166	0.11183535	0.10595966	0.092858985	0.067625046	0.10829889	0.096931286	0.13819876	0.13657369	0.08094901	0.04219366	0.047195435	0.11708686	0.06517093	0.11532052	0.13013126	0.12552744	0.12343523	0.016138997	0.020704757	0.09422374	0.08982017	0.10301888	0.09645868	0.14410926	0.08201947	0.1013494	0.0093766	0.06303063	0.13866784	0.3813417	0.09042849	0.046955343	0.032409377	0.053169627	0.094443105	0.14709705	0.011831606	0.028990345	0.15500614	0.16600455	0.07720314	0.12490881	0.108832724	0.15031946	0.13415352	0.112694584	0.16072455	0.09849997	0.09139741	0.12626629	0.06939609	0.16424593	0.09460465	0.06312882	0.044208847	0.0900168	0.14475955
MEGAHIT-MetaBAT2-S946.20	0	0	0	0.06834336	0	0	0	0.006935181	0.07811783	0.059850987	0.07132879	0	0.016312497	0.24105954	0.07322837	0	0	0.008140792	0.016490024	0	0	0.0292653	0.067919806	0	0	0.013932518	0.043693587	0	0.0361496	0.012064925	0.011486574	0.043174226	0.082346946	0	0	0	0.18194151	0.03065587	0	0.035917293	0.020663433	0	0.015076321	0.012998999	0.013182735	0.044124298	0.030268066	0.020063525	0.012577379	0	0	0.04359587	0	0	0.025277885	0.0074001076	0	0.011186347	0.01710582	0
960_SemiBin_428	0.22040854	0.07361078	0.063520305	0	0.1563499	0.13626303	0.012070405	0.029891033	0.016689599	0.008094296	0.008926656	0.025327008	0	0	0	0.021955056	0.06701502	0.0089958515	0.010690757	0.042133115	0.03162432	0	0.0078717135	0.03777057	0.083258316	0	0.00826103	0.31297314	0.026367106	0.013108361	0.029220032	0	0.0114541575	0	0.006606545	0.011789803	0.007583555	0.008611731	0.11383084	0	0.007837386	0.28715038	0.02425505	0	0.0065221763	0.013816425	0	0	0.007377113	0.17737293	0.11312332	0	0.07185237	0.08664485	0	0.016947422	0.06852052	0.07037913	0.010309793	0.027333455
MEGAHIT-MetaBAT2-S955.109	0.015493714	0.024829049	0.14813681	0.0076329964	0.009685466	0.010911679	0.17924108	0.0073838346	0.055376455	0.022565877	0.009636887	0	1.528296	0.01570816	0.010304477	0.04209229	0.015505905	0.039082136	0.046706542	0	0.01241223	0.0485264	0.39459717	0.006075465	0	0.15270568	0.039315175	0.009506518	0.009073136	0.32959017	0.17388134	0.18721679	0	0.012701368	0.15645126	0.011316761	0.28439364	0.01215742	0.0064073927	0.33445752	0.1932941	0.010134257	0	0.3725299	0.07101509	0.015107194	0.01004291	0	0.13741744	0	0.018451836	0.011746689	0.010316854	0.030454518	0.029750131	0.009564823	0.10543311	0.006651362	0.011043612	0.02359819
MEGAHIT-MetaBAT2-S967.229	0.72199917	0.5135664	0.63885534	0.13848826	0.5427974	0.5539924	0.3050249	0.32853854	0.20338687	0.30662265	0.25897166	0.17020838	0.037636034	0.029070918	0.14042675	0.48719382	0.9013963	0.39051685	0.5093834	0.76683444	0.5198008	0.049111668	0.23113635	0.47575343	0.79148406	0.17718615	0.25728714	0.8665038	0.22025988	0.030683896	0.18749721	0.1487722	0.1866377	0.11552184	0.20612153	0.08437619	0.08690937	0.04644918	0.6011672	0.036010772	0.1470955	0.88058	0.60844076	0.25448176	0.31020704	0.26677814	0.23306905	0.18134287	0.119288154	0.48475903	0.48107737	0.14810763	0.5728637	0.6880567	0.05673535	0.37225536	0.33504444	0.40911412	0.21287945	0.30055425
MEGAHIT-MetaBAT2-S973.219	0	0.017524682	0.026229061	0.32776713	0.022616599	0.054841418	0.05070539	0.017848141	0.32693586	0.09853188	0.07525078	0.08910726	0.34850502	0.21822879	0.54881763	0.023581944	0.02787162	0.05424342	0.02243911	0.05354407	0	0.24688005	0.027408114	0.018517125	0	0.13066673	0.057060838	0.015275222	0.01836683	0.114888005	0.18240316	0.2222967	0.024939584	0.037073556	0.108382046	0.012186295	0.22308104	0.26729295	0.020118132	0.35252598	0.37657088	0.05969759	0.07964686	0.15958048	0.11086794	0.031270914	0.059700474	0.1660413	0.07396751	0.014434712	0.019684767	0.07252058	0.03749061	0.021636887	0.088527	0.10187529	0.093109645	0.03500806	0.07027345	0.08791391
group9_bins.67	0.02589683	0.038690053	0.006613406	0.033967253	0.018873192	0.009768226	0.016480131	0.0119558545	0.014061202	0.013150316	0.006928785	0.037578948	0.014789686	0.00886701	0.014963774	0.01258948	0.013466242	0.033037126	0.01618508	0.0077741523	0.056436054	0.046246327	0.017590806	0.013284806	0.012901388	0.04007542	0.01960691	0.10542704	0.024912687	0.060289476	0.011014993	0.016566107	0.03136432	0.019043649	0.032018006	0.061574325	0.018898645	0.03542404	0.035173077	0.030090727	0.10516178	0.0053131417	0.005692375	0.03598932	0.010494369	0.034034945	0.021134563	0.013705518	0.009922362	0.02440501	0.0142976465	0.009985054	0.0060157096	0.016151756	0.05654301	0.026287125	0.013514576	0.0062980806	0.022897935	0.011898763
MEGAHIT-MetaBAT2-S932.23	0.20359416	0.013909343	0.07900461	0	0.022030683	0.024494646	0.03735937	0.008641646	0.007937516	0.034625378	0.011406612	0.019238202	0.004908872	0	0.0070563667	0.047799923	0.03625478	0.009171118	0.102948256	0.017150931	0.014263505	0.007523281	0.02743212	0.022564793	0.07611375	0.010732333	0.0052298917	0.018675162	0.024726655	0.0073769297	0.011761185	0.007962183	0.012732139	0.012318175	0.0076465877	0.008739426	0.015231759	0.0069097993	0.060437016	0.0032233365	0.005199101	0.046152543	0.026691865	0.009065456	0.007971286	0.02474433	0.005238643	0.01044271	0.0067730225	0.09992098	0.0293471	0.004026299	0.021906937	0.009334787	0	0.048204284	0.03437273	0.03405232	0.029656665	0.010879551
group8_bins.259	0.08412768	0.021154296	0.034400634	0.13378413	0.026751656	0	0.015164465	0.070561685	0.010771216	0.031880025	0.013949683	0.06586852	0.03282095	0.02619074	0.025521623	0.0721087	0.08331673	0.07353285	0.0040618335	0.028083978	0.039357085	0.05255528	0.03107481	0.053562712	0.035733663	0.078231685	0.043305878	0.21963425	0.043938633	0.033470202	0.02727809	0.033146914	0.018152766	0.041983385	0.124704845	0.030046528	0.22756098	0.043882776	0.009278869	0.08725778	0.09503784	0.024285084	0.01755511	0.10789386	0.01056008	0.060301624	0.026834872	0.020515757	0.064973086	0	0.022943353	0.03426139	0.027257215	0.0036467982	0.052534558	0.018187745	0.052571896	0.020872649	0.026591692	0.04886663
MEGAHIT-MetaBAT2-S933.139	0.06567135	0.1787586	0.0063200216	0.017896969	0.05377455	0	0.032034375	0.013162294	0.005076644	0.019628722	0.02012078	0.039274186	0	0.016384814	0.0038271921	0.0056304946	0.007513985	0.011341392	0.0036347013	0.0036566115	0.012501868	0.013857627	0.010653169	0.005432919	0.00893632	0.0071985414	0.0045463783	0.014977339	0.016529255	0.010384279	0.004465391	0.0069742138	0.0036359918	0.0063653034	0.007128964	0.043168504	0.013712889	0.0065549347	0.010314981	0.01047581	0.019480515	0.010383462	0.0050704824	0.0072751967	0.005682968	0.031816438	0.02420346	0.016783858	0.003843146	0.016919937	0.031826474	0	0.010927698	0.0042872424	0.006763206	0.007686553	0.006895586	0.01040683	0.007815675	0.0050102435
MEGAHIT-MetaBAT2-S964.51	0	0.024338264	0.005722834	0.20169765	0.008706384	0.025034543	0.08381826	0.08884709	0.12302279	0.08309598	0.052490693	0.080296576	0.10371563	0.0671702	0.14191672	0.06755502	0	0.108155556	0.022012725	0.07881588	0.017951326	0.044567488	0.1871177	0.010723444	0	0.22186579	0.15175468	0	0.1209996	0.13448097	0.20916612	0.2975849	0.08604546	0.09355429	0.12804669	0.010745641	0.09816384	0.20611435	0.08650394	0.062268656	0.07367451	0.043689158	0.073062986	0.079828724	0.07144182	0.050036725	0.11480644	0.31310052	0.19414724	0	0.052021645	0.09057847	0.050735455	0.030720832	0.10788867	0.0644131	0.060535267	0.025677314	0.10439323	0.08944702
MEGAHIT-MetaBAT2-S962.117	2.7930787	0.3119071	5.5948277	2.979685	3.896245	3.2221758	7.8010845	6.2401643	5.5588284	7.19627	5.759834	4.753871	5.393515	1.8779137	4.6007237	7.839745	6.1062875	2.960434	6.465713	4.954536	3.6662874	1.0831223	1.0077507	5.977081	5.604246	3.0445771	6.8059406	5.182803	3.6590574	4.6086087	7.394734	2.4810817	5.4907103	14.104298	5.693652	7.6935115	4.212026	2.007747	2.0842965	5.8309917	5.4808373	0.21644615	0.71259713	4.7489996	7.555075	9.954898	3.9585056	2.615736	7.5197673	4.021697	4.814478	11.692921	3.3893442	5.711388	4.3997293	6.39143	6.6272373	4.7068796	5.2054663	4.6491175
973_SemiBin_47	0.0699395	0.2253871	0.08284952	0.052845895	0.030299814	0.026696749	0.18685836	0.061119862	0.06903248	0.014822509	0.042711146	0.08428573	0.107049204	0.14213626	0.024904286	0.07009959	0.013608832	0.16995169	0.023956042	0	0.08435648	0.09659972	0.05862867	0.008200905	0	0.15152274	0.031063808	0.07571989	0.09178649	0.37718415	0.14384371	0.11687263	0.008459521	0.026518418	0.1960484	0.28933817	0.18312846	0.17126067	0.020316029	0.24769506	0.41191247	0.026118182	0.022547962	0.19814226	0.08347582	0.04405722	0.07545436	0.0039369836	0.06320439	0	0.06328529	0.0049639638	0.018955993	0.0074323355	0.21883586	0.11571121	0.061397236	0.08427191	0.10323211	0.037377108
MEGAHIT-MetaBAT2-S990.131	0.31228486	0.6247559	0.27425054	0.1238727	0.076417156	0.08256428	0.20072879	0.23997428	0.308499	0.23614995	0.17611632	0.3637492	0.16546823	0.20826247	0.016596345	0.18490663	0.14322434	0.41450217	0.32866818	0.03585292	0.7121091	0.69602245	0.2557157	0.113983504	0.06402047	0.12421943	0.16852838	0.43701103	0.30224028	1.2140428	0.039390225	0.03850176	0.058620457	0.08083132	0.52303535	1.1221954	0.16203146	0.16990332	0.06945333	0.053399514	0.31235024	0.11844352	0.043538865	0.31798762	0.06333442	0.1632952	0.15639478	0.012575395	0.11687302	0.006457994	0.24618122	0.004456725	0.057919547	0.10689511	0.2035529	0.110786885	0.243322	0.5838624	0.2871915	0.08652608
946_SemiBin_374	0	0.010013603	0.007163594	0.014026379	0.006483137	0.00831771	0	0.006378485	0.023813484	0.014593957	0.016243514	0.011181359	0.016676074	0.3256992	0.025963096	0.009351707	0.007431273	0.015445226	0.05965242	0.008846963	0.010466478	0.036922775	0.018792005	0.012442182	0.014240689	0.012831421	0.010572325	0	0.009255422	0.0133149335	0.012886031	0.020167898	0.010370292	0.006060231	0.014444866	0.018000847	0.015416518	0.010458434	0.011631268	0.021458471	0.012217334	0.0116300015	0.018299151	0.014491715	0.011579392	0.0079532545	0.012682477	0.016686019	0.008472621	0	0.01420798	0.037248675	0	0.008803788	0.006825348	0.010786925	0.010547476	0.0125806555	0.010433973	0.014991499
MEGAHIT-MetaBAT2-S946.155	0	0	0.0077677183	0.011778892	0	0.009634024	0.016436126	0.0071729654	0.028302953	0.1634847	0.028282804	0.007774876	0.008500995	0.23297301	0.0137326475	0.008070963	0.013992263	0.011702489	0	0.00978565	0	0	0	0	0	0.010920317	0.012742762	0	0.007520338	0.008767063	0.009762701	0.01363989	0.009154542	0.0084392745	0	0	0.052848905	0.01357587	0.012671259	0	0.008872011	0	0.011909973	0.009805611	0.023040459	0.008949259	0.040930662	0.010209697	0	0	0.008431053	0.015828662	0.00926509	0.010849298	0.007353043	0	0.008963603	0.009119503	0.007864507	0.17426795
group3_bins.39	0.023867354	0.038606774	0.016765384	0.030503508	0.0044952463	0.008048647	0.035682444	0.01612419	0.042577203	0.02813223	0.02073573	0.06336412	0.006564585	0.028731469	0.023463938	0.041233443	0	0.03629273	0.007578631	0.015729047	0.03748045	0.032585222	0.011102068	0.23033051	0.004503259	0.03125305	0.019480495	0.020684982	0.058482286	0.03197614	0.06194147	0.048251398	0.013424953	0.008758984	0.022298435	0.018548314	0.00846088	0.06468015	0.059931844	0.012982608	0.031219369	0.06091585	0.053183615	0.018416638	0.010209633	0.033679776	0.022186387	0.024511315	0.024740297	0.017698567	0.06582375	0.019608604	0.03902864	0.04345502	0.03528371	0.036638714	0.029560981	0.047830552	0.03014838	0.019436862
948_SemiBin_209	0.025384312	0.049722027	0.014093049	0.008276977	0.19100657	0	0.12573169	0.10402807	0.010877392	0.019941963	0	0.015894342	0.01631796	0.016446214	0.011197041	0.28216177	0.035212588	0.034327053	0.01656172	0.0256326	0.014490738	0	0.016784374	0.15390411	0	0.07931871	0.010461982	0.0789231	0.09856741	0.045770984	0.013169035	0.012700386	0.05463304	0.10559112	0.118281744	0.0570127	0.15001254	0.064507924	0.08237371	0.039383568	0.038354278	0.12103308	0.060008433	0.04234676	0.06842669	0.102582075	0.10887502	0.042798605	0.24305156	0.08443644	0.27308947	0.011152153	0.02529798	0.10012799	0	0.11223238	0.44473788	0.04778642	0.026431851	0.1557993
970_SemiBin_149	0.122845836	0.005514536	0.07303142	0.055368688	0.08299485	0.10746391	0.14676438	0.0886319	0.13796523	0.08346879	0.107662134	0.2087684	0.09467533	0.032778524	0.14937554	0.10892137	0.1568244	0.052881755	0.069513544	0.07961488	0.09817436	0.04047846	0.0113327615	0.13625133	0.26404136	0.05835623	0.08187161	0.13260047	0.08660579	0.12809427	0.09161504	0.058802903	0.13783132	0.1368368	0.11573774	0.09132939	0.09634905	0.3586659	0.150256	0.10537166	0.08091333	0.11538655	0.03409068	0.053273294	0.12407247	0.15302797	0.0822377	0.032419458	0.12488399	0.11236458	0.056583636	0.18794844	0.14618982	0.05933737	0.038076274	0.089781865	0.1836784	0.06530971	0.07663137	0.10726529
MEGAHIT-MetaBAT2-S943.132	0.0044222856	0.011170556	0.015095984	0.012213428	0.014362883	0.05797964	0.024206407	0.01100974	0.06864268	0.10748199	0.43753454	0.0048826984	0.08234633	0.034271903	0.049334314	0.017909419	0.035562515	0.011568562	0.0069735115	0.011967482	0.004414381	0.0054602767	0.035361186	0.05102877	0.010132241	0.055871516	0.14244202	0.0046485746	0.01773474	0.0042315503	0.02102658	0.028836763	0.03666248	0.042057827	0.012290913	0	0.060621623	0	0.047816463	0.0034722318	0	0.044066228	0.07022312	0.009466653	0.022825858	0.020097105	0.05901121	0.07393631	0.009495789	0.014214026	0.03640125	0.016591497	0.0162591	0.014076226	0.004207623	0.014388569	0.026902938	0.033224884	0.026791545	0.036777113
970_SemiBin_233	0	0.0055464446	0	0	0	0	0	0.004949485	0.005265678	0.0035307987	0	0.008326451	0.004419257	0.0044652643	0	0	0	0.0039022842	0	0	0	0	0.005504683	0	0	0	0	0	0.004526385	0.0050229263	0.0063999714	0.0046254294	0	0	0.0043753344	0	0.011207164	0.13735023	0	0.0078870915	0	0	0	0.0040680855	0.0040749246	0.004250064	0.025124097	0.01807607	0	0	0	0.0031226429	0	0	0.004336748	0.0038794987	0.003984558	0.0053466894	0	0
group3_bins.185	0.010145839	0.08144031	0.01880109	0.008753915	0.02643499	0	0.06469122	0.038259305	0.01845407	0.045877226	0.015925648	0.05370045	0.03041292	0.04655457	0.003025215	0.039820176	0.017090213	0.08383391	0.029955905	0	0.069193676	0.068316184	0.10985303	0.016384136	0	0.01846339	0.008482057	0.08584906	0.1266897	0.122558214	0.025851965	0.041156787	0	0.055444323	0.123773985	0.15868339	0.10352954	0.062435813	0.013321145	0.028646741	0.04611709	0.020094113	0.008821721	0.036394093	0.032749966	0.035199035	0.03482644	0.0036039946	0.039444964	0	0.016054308	0	0.0052719982	0.023397304	0.10263414	0.096880846	0.036654096	0.091725215	0.04688769	0.022597687
group3_bins.117	0.045275226	0.017555432	0.021092048	0	0.0059173317	0.013619691	0.006183766	0.012972518	0.020192178	0.006354706	0.00809221	0.056048337	0.007836423	0.010962891	0	0.014254272	0.011344466	0.017064903	0.041135304	0.013577583	0.044474576	0	0.015845932	0.012557031	0.021662759	0.07664828	0	0.10446518	0.019103589	0.035814624	0	0	0.009170375	0.0050069853	0.013445844	0.09784275	0.006697032	0.023928327	0.010197134	0	0.017344799	0.0123898545	0.009980503	0.007007501	0.005802206	0.01852615	0.007916474	0	0.009275306	0.010290545	0.035509296	0	0.007390999	0.008280943	0.017645441	0.012626079	0.0064299107	0.008680761	0.012207971	0.010699765
group7_bins.409	0.0264735	0.027057273	0.043996204	0	0.020909432	0.028577168	0.010044411	0.006465936	0.004318609	0.012753538	0.0068872673	0.0087804245	0	0	0	0.044462364	0.055250105	0.0039012674	0.0035353398	0.044393815	0.011571288	0	0	0.033597752	0.042005982	0.003933459	0.0027416598	0.01222168	0.0030580002	0	0.0049412465	0	0.0063701067	0	0.0024973399	0.002819732	0	0	0.08127391	0	0	0.1734858	0.10813169	0	0	0.012404308	0	0	0.003734869	0.12796547	0.03695022	0	0.06707323	0.063596725	0	0	0.018511716	0.025093812	0	0.09018851
MEGAHIT-MetaBAT2-S966.83	0.06457826	0.0062135938	0.16766354	0.024145907	0.045345455	0.051352233	0.020748822	0.030324927	0.0751895	0.2801001	0.12305273	0.030480744	0.016315008	0.0037374694	0.018891478	0.04050096	0.045765676	0.0436598	0	0.08222329	0.012398055	0.014636647	0.030744972	0.029244393	0.02028794	0.054148488	0.028350485	0.019132022	0.04212792	0.009948109	0.043702435	0.015312273	0.00769777	0.36368507	0.051684506	0.012332458	0.025687901	0.026338192	0.07662665	0.00884067	0.049208492	0.05041271	0.06678198	0.007946624	0.027016554	0.013880848	0.10754524	0.030747289	0.01688336	0.0144675635	0.022125231	0.009439013	0.10304271	0.06463525	0.13391533	0.035773974	0.10710339	0	0.031434596	0.038621213
MEGAHIT-MetaBAT2-S951.163	0.09320831	0.07145232	0.0253718	0.038426153	0.098191746	0.42460623	0.20994566	0.17521802	0.08495098	0.03604139	0	0.083572015	0.04406006	0.017605579	0.08387325	0.27954954	0.389017	0.2917745	0.5699502	0.15335192	0.44874537	0.034451835	0.542925	0.28457454	0.18889888	0.07631999	0.03953366	0.029138967	0.32347497	0.09320009	0.05706011	0.78137106	0.23425868	0.032832667	0.25887477	0.057268284	0.08493224	0.079980865	0.102127865	0.052484233	0.016261349	0.53974783	0.6279486	0.05879457	0.0894575	0.18653063	0.13345546	0.13560838	0.27315536	0.282088	0.29479378	0.07094504	0.021500412	0.15859343	0.042212244	0.16808197	0.017025795	0.02497808	0.10856919	0.06932703
MEGAHIT-MetaBAT2-S964.264	0.0057918453	0.02595218	0.009363343	0.032865334	0.014273757	0.06503353	0.009267132	0.04881861	0.036401875	0.019262211	0.00996408	0.0139574185	0.06396531	0.08564392	0.05520602	0.05031767	0.0894776	0.011440134	0.013182245	0.008345674	0	0.01576334	0.032998078	0.008749174	0.005718445	0.02276799	0.018106127	0.013640726	0.0792604	0.026595276	0.012583599	0.19022143	0.06726963	0.011457592	0.017465718	0.005060002	0.1269463	0.03517317	0.024801608	0.027043985	0.025996288	0.076893784	0.019795703	0.022573782	0.01446348	0.018795943	0.08458423	0.13640337	0.012311963	0.1493971	0.0077763125	0.064776205	0.052403387	0.014193962	0.0124505665	0.019212151	0.061732434	0.026566872	0.019571658	0.011644465
MEGAHIT-MetaBAT2-S979.94	0.43000004	0.38878322	0.43424508	0.44100207	0.38940364	0.3737069	0.37767404	0.41270155	0.32845503	0.42575377	0.45394853	0.4261327	0.21921062	0.4778569	0.58173823	0.29103196	0.20052926	0.59622514	0.2566498	0.2849808	0.3751272	0.3441286	0.34638283	0.20592995	0.15230913	0.42074734	0.37732947	0.3160987	0.4167982	0.39131355	0.3831065	0.47876266	0.39240882	0.4847909	0.4474782	0.5518632	0.43279886	0.580239	0.40432188	0.2639628	0.43352705	0.2951696	0.24441206	0.33375338	0.28334346	0.30751947	0.62163043	0.4420973	0.6413807	0.3443287	0.33414304	0.31951845	0.24739262	0.35251197	0.442238	0.2868094	0.2650443	0.36329302	0.36648706	0.2840016
945_SemiBin_23	0.035196073	0.10203272	0.018995168	0.07992343	0.013936523	0.010520374	0.06429639	0.020909978	0.063647375	0.033858888	0.01488502	0.03559742	0.35897413	0.12517469	0.04430621	0.018207144	0.01267559	0.04763063	0.024091566	0.0077319173	0.02991593	0.16267362	0.046861622	0.012427779	0	0.02541461	0.031787712	0.014353953	0.030660234	0.056849662	0.053017415	0.11810272	0.026373178	0.011574275	0.069381885	0.07005315	0.08452136	0.096448645	0.013144252	0.064133905	0.07603254	0.01113827	0.011901695	0.20588027	0.031898405	0.03158529	0.033931036	0.056051537	0.022949973	0.006872111	0.016271153	0.01975952	0.007774926	0.010376226	0.089010745	0.055442978	0.016721025	0.021353252	0.041700576	0.014786453
983_SemiBin_309	0.013057993	0.033033855	0.024279844	0.013472591	0.051433343	0.029391516	0.01278147	0.018139424	0.015311402	0.01708732	0.015148264	0.027803292	0.009580485	0.011331773	0.01217637	0.03592374	0.05105704	0.050169457	0.019875897	0.049584925	0.028608415	0.014067973	0.033201393	0.08516251	0.041446496	0.025559628	0.012441256	0.034330904	0.044521473	0.0148006575	0.018252023	0.03247757	0.021081265	0.012502348	0.019533195	0.01857995	0.01200387	0.014456489	0.069565825	0.011736972	0.021629518	0.3036267	0.1264713	0.044709302	0.016952364	0.01669237	0.030468527	0.018333232	0.012373162	0.34320217	0.016244294	0.009659186	0.2486931	0.059573587	0.010507452	0.017657874	0.016913587	0.0350227	0.011551757	0.04220702
MEGAHIT-MetaBAT2-S937.157	0.014148537	0.07695855	0.016374703	0	0.25754	0	0.0053752786	0.0041310494	0	0.009150189	0.01656709	0.0050056325	0	0	0	0.011494401	0.012176273	0.012394762	0	0.012909839	0.006768932	0	0.0050079203	0.017855555	0.024662716	0.025986582	0.011552225	0.042573463	0.011087807	0	0	0	0	0	0.0065838653	0.0035166352	0	0.013760562	0.028928623	0	0.0055781524	0.13677119	0.013169948	0.0036606777	0.0070529147	0.011415915	0	0.008280881	0.005225704	0.06478464	0.01601388	0	0.026811596	0.03288506	0	0.005340822	0.0074428953	0.015062936	0	0.03789303
941_SemiBin_237	0.0343304	0.31229362	0.079498515	0.05005738	0.041638575	0.2873454	0.053300332	0.019812781	0.47004798	0.06810743	0.01351434	0.32343256	0.082595244	0.022877375	0.017061418	0.05554977	0.07583237	0.035955004	0.040897414	0.050393324	0.017807089	0.025109101	0.013742966	0.11210308	0.034700386	0.20362109	0.07177407	0.0067618988	0.016161438	0.018636392	0.022321478	0.12052263	0.12100337	0.016680188	0.017935468	0.018281765	0.1469225	0.058433965	0.12931864	0.19826043	0.11093987	0.051066253	0.12627053	0.09468557	0.057123505	0.05471875	0.007195175	0.28083116	0.025185408	0.04097031	0.06265655	0.013755319	0.088877976	0.043726884	0.11278103	0.028802805	0.023391007	0.05704168	0.04767187	0.1361502
MEGAHIT-MetaBAT2-S935.62	0.008154024	0.03280563	0.02815968	0.4022056	0.028448096	0.020973481	0.053287383	0.032149166	0.09280927	0.055317543	0.05303232	0.04902871	0.0691919	0.07823925	0.08196282	0.03646432	0.0108951675	0.050613835	0.014257353	0.028548902	0.0061954814	0.06682394	0.07722696	0.01066995	0	0.0948096	0.045736488	0.008124043	0.019273294	0.029963424	0.048994508	0.07437442	0.043831356	0.042786665	0.03710438	0.017140415	0.091936454	0.08436227	0.050778285	0.03100848	0.0597231	0.025798956	0.046177473	0.039514184	0.053760275	0.026242612	0.059066035	0.07686592	0.06788523	0.016484097	0.018679911	0.049829885	0.029081268	0.037864354	0.049799263	0.021062441	0.042953353	0.02276697	0.06253721	0.056239933
968_SemiBin_131	0.07490889	0.10018431	0.14539832	0.061891135	0.07859167	0.2922433	0.12759419	0.09926778	0.0925428	0.20535666	0.09077811	0.17489368	0.06161466	0.12123819	0.058991577	0.05127599	0.09758866	0.14454633	0.020806346	0.21575277	0.12184827	0.06183822	0.22000886	0.05896182	0.014346414	0.090197295	0.08505874	0.15948924	0.15712976	0.071794294	0.09625933	0.16675963	0.14352806	0.090055324	0.091303885	0.24874724	0.15276352	0.092452906	0.17233847	0.057492387	0.12647018	0.1602389	0.26315728	0.12798013	0.061486684	0.031352106	0.057586018	0.12131606	0.04429582	0.17054173	0.038184736	0.032909267	0.20114264	0.07932874	0.09661526	0.13655023	0.06922216	0.0971203	0.0749189	0.102804296
992_SemiBin_233	0.057656344	0.1167411	0.29089984	0.2906795	0	0	0.05062836	0.018730728	0.026666539	0.35091713	0.038564865	0.015136445	0.007962673	0.019497423	0.45902166	1.6557759	0.029957023	0.015378703	0.19293068	0.19257268	0.5356878	0.06774834	0.010113331	0.012169785	0.004258904	0.026543964	0.012308794	0.01641485	0.00905814	0.014027097	0.26726574	0.11927525	0.08300933	0.018102754	0.011825229	0.011822392	0.04165926	0.04527762	0.052697755	0.13379751	0.014454922	0.0046506696	0.08955302	0.032429248	0.42643866	0.5379328	0.31023654	0.08194218	0.009976365	0	0.043338608	0.016097909	0.025644317	0.045501933	0.019948913	0.0050304504	0.076397	0.03958442	1.2380035	0.0920332
MEGAHIT-MetaBAT2-S933.133	1.4086233	0.99393404	0.7288533	1.136436	1.1083063	1.6248032	1.1568521	0.8736268	1.2608808	1.0672777	0.6142379	1.2361233	1.5775582	1.1175412	0.619561	0.8190761	0.8138614	0.4486832	0.1950119	0.5612326	1.1023088	1.373876	2.5047352	0.27153373	0.25050348	0.25922188	0.5814041	0.53362876	1.2750632	1.2528164	0.95278007	1.3108298	1.4683441	0.41152552	0.47559896	1.5355102	1.4030998	1.915887	2.2522728	0.9227051	1.5176141	1.8902632	2.149643	0.6571666	1.080399	0.4433481	0.7986231	0.7979226	0.336722	1.2707161	0.77496994	0.1341161	0.780411	0.40180448	0.6002683	0.70937157	0.9702969	1.4059932	0.99765533	1.23703
group7_bins.260	0.05026191	0.106473446	0.04000252	0.122759506	0.03840916	0	0.024792224	0.016815221	0.020195747	0.022982256	0.034998745	0.02061643	0.03297135	0.020689284	0.18133542	0.017213425	0.02021384	0.026553411	0.036620907	0.037987832	0.0604374	0.018534897	0.042625453	0.028830882	0	0.023296012	0.05845948	0.039879546	0.022958139	0.015436063	0.01347078	0.077448	0.02989334	0.013492827	0.033778664	0.024896177	0.030603709	0.05819307	0.044798303	0.029249446	0.015585471	0.043812286	0.02944339	0.0244948	0.013075041	0.023231408	0.026667815	0.06424595	0.05003112	0.014669565	0.030426966	0.024814447	0.051804133	0.014783565	0.016174475	0.014196065	0.069952436	0.019364595	0.05059625	0.04479268
964_SemiBin_111	0	0	0	0	0	0.06557474	0.0086413305	0	0.04933328	0.05958096	0	0	0.0115410015	0.039565474	0.021572143	0	0	0.017934144	0	0.021493198	0	0.037176993	0.033471912	0	0	0.0072483863	0.029513001	0	0.006447342	0.006160292	0.014549946	0.26325637	0.028868932	0.028945621	0.020303546	0	0.29371592	0.04285997	0	0.009718988	0.011112243	0	0.04741888	0.008443341	0.07489676	0.008204453	0.012589578	0.23765576	0.010205053	0	0	0.15424459	0	0	0.012075236	0.005045614	0.0058938833	0.045921106	0.005716861	0.015804732
MEGAHIT-MetaBAT2-S978.150	0.013442306	0.02584338	0.01880466	0.45143276	0.009728166	0.1606547	0.027978742	0.062465128	0.3519082	0.13367073	0.1246965	0.094390854	0.22500646	0.6743687	0.29974324	0.019939123	0.012996085	0.33053252	0.03495753	0.12591137	0.018233662	0.15172875	0.045801546	0.019830503	0.005700789	0.1745974	0.13919552	0.011372039	0.054610547	0.14153685	0.31910032	0.712812	0.18362956	0.48049808	0.078781866	0.017050592	0.3036016	0.23129387	0.08856696	0.10848763	0.2950477	0.03136582	0.07411566	0.34699455	0.4610271	0.05668889	0.08748213	0.18848605	0.23796059	0.01748111	0.014834975	0.24217418	0.026808592	0.031950496	0.13915682	0.040987566	0.035773497	0.023400325	0.15928186	0.28344506
MEGAHIT-MetaBAT2-S935.50	0	0	0	1.6650254	0	0	0.032653388	0	0.09279278	0.07214332	0.014862944	0	0.015740639	0.080353215	0.24821952	0	0	0	0	0.008407184	0	0.43306103	0	0	0	0	0.05388739	0	0	0	0.09888736	0.025965624	0.051558763	0	0.0021461535	0	0.00878679	0.005084514	0	0.008860437	0.009363418	0.009270677	0.01015647	0.0026980431	0	0.009674156	0	0.02615487	0	0	0	0	0	0	0	0.0318831	0	0.009896283	0.005499778	0
MEGAHIT-MetaBAT2-S961.20	0.506501	0.26340142	0.221371	0.054740127	0.1879784	0.22584428	0.13911289	0.14053373	0.060114253	0.05495821	0.06746686	0.067851976	0.050909173	0.050929066	0.05794831	0.123996876	0.19791014	0.1915314	0.11281159	0.1704607	0.17284079	0.04839951	0.21865691	0.1513738	0.23748377	0.13105315	0.07431803	0.25106597	0.6463028	0.05537372	0.06940054	0.1133583	0.32881147	0.05806269	0.08769578	0.050428245	0.06431039	0.0481785	0.4608907	0.029308716	0.0816269	0.24493396	0.19692981	0.085329644	0.057670478	0.09487859	0.02572229	0.059104253	0.15477054	0.27991712	0.09937933	0.062306635	0.21441552	0.17184167	0.03477965	0.08619607	0.14483914	0.13295881	0.047253363	0.14673519
group10_bins.7	0.017475305	0.021864276	0.060632974	0.103698514	0.03655783	0.13918307	0.044590876	0.07594514	0.1259026	0.08360035	0.05280657	0.041718546	0.1261068	0.05275364	0.14772628	0.06836969	0.07780139	0.08603938	0.021812012	0.117611796	0.01689027	0.017715009	0.1178495	0.04652901	0	0.107474506	0.07527749	0.025462283	0.11309111	0.025582343	0.07591618	0.0425963	0.04138649	0.11494829	0.04975109	0.012408904	0.13981842	0.07261062	0.063386515	0.030579053	0.044237804	0.06759648	0.0989886	0.06524608	0.04715254	0.024056789	0.05405125	0.081565164	0.059313085	0.03884871	0.050194915	0.09883247	0.045420002	0.065183654	0.037120335	0.023247778	0.07339192	0.038002197	0.029519446	0.12147823
MEGAHIT-MetaBAT2-S969.89	0	0.019215018	0.015429298	0.06458617	0.016556026	0	0.03140278	0.028581055	0.031300522	0.025145547	0.023506647	0.049812373	0.027421832	0.06420003	0.025523592	0.032499544	0	0.04745284	0.02128689	0.024927525	0	0.025560865	0.026059305	0.01647882	0	0.033047225	0.03187335	0	0.0447236	0.024136266	0.022652648	0.039728012	0.036241114	0.038265157	0.05374245	0	0.4203815	0.027981397	0.027378682	0.025735244	0.061921626	0.06979111	0.042095967	0.077277295	0.024402848	0.021917388	0.023785526	0.03553264	0.052783027	0.014019082	0.016422246	0.023692733	0.024645451	0.041962225	0.037718173	0.0342752	0.03791914	0.024983184	0.060965408	0.02983527
MEGAHIT-MetaBAT2-S938.66	0	0.007876466	0.027025308	0.12088412	0.010277383	0.34683582	0.010641199	0.017422525	0.1149199	0.08023571	0.07528913	0.023933748	0.058081843	0.055012558	0.13717291	0.025038896	0.036708716	0.0405245	0.012409393	0.08538742	0	0.016730854	0.027589625	0.0053963293	0	0.03534611	0.04761092	0	0.00854312	0.0060424474	0.06621224	0.29287213	0.10243607	0.044471208	0.022691965	0	0.10218707	0.04139816	0.11475002	0.015679795	0.021973722	0.07376093	0.18291423	0.025488805	0.093217336	0.017733332	0.06778658	0.1406254	0.031824008	0.10576169	0.0054145907	0.039600585	0.050663285	0.055939168	0.019438947	0.006434343	0.024882922	0.011115484	0.045956895	0.11872294
group3_bins.206	0	0.036761783	0	0	0.010944873	0.0056697545	0.031146865	0	0.07791848	0.016438816	0	0.008829069	0.23415571	0.048376877	0.038968407	0.0056023067	0.009093049	0.037328552	0	0	0	0.5017994	0	0	0	0.009935072	0	0	0	0.3361387	0.021793332	0.011213442	0	0	0.05153377	0	0.03425806	0.027201798	0	0.09305982	0.025545929	0	0	0.10482392	0	0.0068310658	0.023433773	0	0	0	0.007826673	0	0	0	0	0.018021684	0.027875757	0.0125629585	0.08825305	0
937_SemiBin_159	0.011206727	0.049541216	0.0071955207	0.0067635537	0.2799087	0.008037247	0.008816362	0.060459446	0.00849278	0.0061028614	0.035355683	0	0	0.028422777	0.035706423	0.006528146	0	0.03631983	0.028411435	0.035785113	0.059273954	0.004784654	0.0074242367	0.009850395	0.0059946566	0	0.0051606833	0.045975752	0.020024655	0.0073783845	0.018625626	0.05870695	0.022508573	0.00471437	0.022467872	0.009764873	0.030640619	0.023489846	0.14276832	0.0095641725	0.051020246	0.045127075	0.1642999	0.010724307	0.049831398	0.025094664	0.01339007	0	0.00716623	0	0.13493882	0.019902755	0.061025858	0.007584063	0.0069172755	0.009116773	0.04318559	0.016667511	0.008487323	0.0878019
932_SemiBin_237	0.54430884	0.26538348	0.48364475	0.6136908	0.33939093	0.7558821	0.2791546	0.34924805	0.89781874	0.53180355	0.9001072	0.9272011	0.39469144	0.13399729	0.6821588	0.50918955	0.7050295	0.97364116	0.124112405	0.9048018	0.19605961	0.21921448	0.54431254	0.3832691	0.092005394	0.86741245	0.37240908	0.43783668	0.39318624	0.2810223	0.77180856	0.70006007	0.17536075	0.59476864	0.35833138	0.15251796	0.33258006	0.24217872	0.23453696	0.33608162	0.3118235	0.77493197	1.186392	0.72039926	0.22139457	0.23131748	0.4044835	0.8776483	0.59433377	0.34343386	0.52146715	0.26474923	0.53883284	0.52672744	0.23024148	0.27545166	0.76504445	0.35055658	0.21706957	0.8830992
953_SemiBin_322	1.5871631	0.03475018	0.027377939	0	0.038939737	0	0.048619773	0.39300385	0	0.048626345	0.02096649	0.27781656	0	0	0	0.9277753	0.054243065	0.06997705	0	0.10043725	0.5499381	0	0.016330793	1.4095888	1.3051845	0.041280538	0	1.0595546	0.29178217	0.028129905	0.008922912	0	0.025486078	0.09412987	0.017794581	0.3427026	0	0.014509892	1.1114907	0	0.014393703	0.8032414	0.22496027	0.01084013	0.0101751555	0.025736388	0.06283782	0.049144365	0.026979744	0.022664057	1.1125307	0	0.10118292	0.16001745	0.012943348	0	0.049692526	0.013758358	0.040624414	0.095912606
976_SemiBin_228	0.087910146	0.25071707	0.04980878	0.03556626	0.03848935	0.013608032	0.08227876	0.07132141	0.0438475	0.05200384	0.028357027	0.16509211	0.04523677	0.070657246	0.021467615	0.060611345	0.022698889	0.08687145	0.0823796	0.011951397	0.12038344	0.15020701	0.3368428	0.015285122	0.007813702	0.09898339	0.08173324	0.09600823	0.14972538	0.14360331	0.1515191	0.11253257	0.016662491	0.027021732	0.18580936	0.17270392	0.05714663	0.12520327	0.025134504	0.19106202	0.5096486	0.04565967	0.017425971	0.5401662	0.056813926	0.08858855	0.08823725	0.017535446	0.05500229	0.015004566	0.030723412	0.016489834	0.0126767075	0.030822337	0.24696466	0.099657126	0.082959615	0.027038116	0.09483916	0.015865821
MEGAHIT-MetaBAT2-S981.151	0.005873235	0.0798305	0.009998643	0.04080614	0	0	0.089876816	0.05803779	0.024157899	0.010525644	0.0732132	0.009687638	0.013479078	0.04259404	0.00880314	0.048484676	0	0.057193063	0.045272168	0.004147651	0.0431225	0.03424197	0.11584246	0.0065735336	0	0.06700402	0.04262855	0.005827851	0.14489073	0.051347226	0.009825901	0.013679207	0.0073405015	0.006099224	0.054926258	0.012229485	0.011556662	0.07241674	0.04406865	0.013622917	0.048331775	0.03722076	0.008284576	0.03632749	0.029900037	0.067366056	0.08373978	0.1590745	0.028427463	0	0.050149534	0.0062141106	0.011560821	0.011059035	0.04311888	0.0635768	0.013100552	0.09837524	0.034480356	0.0064535835
MEGAHIT-MetaBAT2-S983.18	0.10292645	0.08939467	0.06874529	0	0.08950385	0.024586042	0.015704727	0.02968707	0.0099803405	0.04840701	0.019942753	0.05682528	0	0.008700671	0	0.035136286	0.07860062	0.018568411	0.021522373	0.03785623	0.06467732	0.0042567076	0.010564919	0.063628964	0.11226102	0.040509086	0.010020113	0.08851497	0.027712697	0.02017439	0.026161715	0	0.019557977	0.01286234	0.034054607	0.015265291	0.011874589	0.013270522	0.18045968	0	0.016630182	0.14404173	0.077097215	0.00796374	0.013468471	0.028388185	0	0.009007922	0.03492408	0.36806226	0.09337384	0	0.13406272	0.09251937	0.015757889	0.072229035	0.08630595	0.07020668	0.02416214	0.06624113
MEGAHIT-MetaBAT2-S946.6	0.016782098	0.07456047	0.13704556	0.20228513	0.061944794	0.19833055	0.123586185	0.12540312	0.1943803	0.18090591	0.092227496	0.038023733	0.16850777	0.18557553	0.20104119	0.084158026	0.13913107	0.16213204	0.049417667	0.17881517	0.090780735	0.084017076	0.1546761	0.1075285	0.056233987	0.0906578	0.105472386	0.03122664	0.13550773	0.04848626	0.18943043	0.27386108	0.15362756	0.14841999	0.12916762	0.00812201	0.25109327	0.12566675	0.20068972	0.11652707	0.11692097	0.14447103	0.21433234	0.11256613	0.22334395	0.084356345	0.15555479	0.19833446	0.11144404	0.1739323	0.117073976	0.1302247	0.13116917	0.028249916	0.104529165	0.076243125	0.087665565	0.10698435	0.12689023	0.14964205
MEGAHIT-MetaBAT2-S968.197	0	0.016013252	0.10152117	0	0.0105698025	0.19296712	0.115019254	0	0.028200477	0.0023111214	0	0	0	0	0	0.043862116	0.023673624	0.0424258	0	0	0	0	0.100362696	0.0509151	0	0	0	0.053304967	0.0032083543	0.078122795	0.009659311	0.0074133924	0.021350684	0.022860017	0.21916674	0.4710406	0.15900561	0	0	0	0.008615108	0.10503734	0.07560838	0	0.10198229	0.03712595	0.0041185305	0	0.01427541	0.010918459	0.09364641	0	0.028216101	0.00966525	0.0040320144	0.0077151675	0.18844186	0.07354713	0.011669331	0.18045634
MEGAHIT-MetaBAT2-S946.44	0	0.0058443756	0.003017047	0	0	0	0.006396608	0	0.05303517	0.007451051	0.002296773	0	0.050303947	0.084179625	0.0066943965	0.016831923	0.002646995	0.022738026	0.0051369052	0	0.0056605013	0.06708097	0	0	0	0.0076885265	0	0	0	0.010302044	0.084529296	0.0063538947	0	0	0.006582871	0	0	0.0074335	0	0.06544617	0.0034910622	0	0	0.012649058	0.021909777	0.0047819526	0.0039733252	0	0.034961045	0	0.023702651	0	0	0	0	0.00560279	0.058476854	0	0.05835259	0.008764794
MEGAHIT-MetaBAT2-S962.93	0	0	0	0	0	0	0	0	0	0	0	0	0	0	0	0.0030203934	0	0	0	0	0.013803861	0.10662547	0	0	0	0	0	0	0	0.1761862	0	0	0	0	0	0	0	0.009534996	0	0.04011189	0	0	0	0	0.0035109431	0	0	0	0	0	0	0	0	0	0	0	0	0	0	0
MEGAHIT-MetaBAT2-S975.132	0	0.044159506	0.13242602	0.34892288	0.04161846	0.060832903	0.19628273	0.15287481	0.10840876	0.3293899	0.20333582	0.036537733	0.1727395	0.26763788	0.18261231	0.09853517	0.17678961	0.30251765	0.101016164	0.14506206	0.0292515	0.1784182	0.20695423	0.108769484	0.03265099	0.20796964	0.14615478	0	0.08432952	0.21776548	0.18237355	0.5732155	0.058424953	0.36710975	0.3422939	0	0.9159041	0.097894795	0.12600179	0.28329226	0.16878718	0.058962576	0.31237578	0.127974	0.3180451	0.20896317	0.16124997	0.2318351	0.34084028	0.08266577	0.10104575	0.6096017	0.05609156	0.085979186	0.118016705	0.119203255	0.120111234	0.07288808	0.1432212	0.10199316
MEGAHIT-MetaBAT2-S970.119	0	0.008791611	0.018166907	0.2570514	0.011335098	0.04429042	0.041167594	0.042451497	0.231982	0.16669647	0.08339923	0.07568488	0.13611014	0.22237405	0.31292853	0.036835916	0.013655118	0.15393485	0.0071655246	0.10082804	0	0.17111342	0.025875354	0.009145568	0	0.098917104	0.08909176	0.0073613604	0.014475593	0.05360146	0.15429711	0.23473366	0.06413288	0.047952577	0.08981371	0.006259119	0.18766397	0.29755333	0.013049972	0.26732007	0.1977808	0.03115214	0.08125654	0.10101112	0.16262197	0.054076213	0.13222174	0.16421457	0.063531935	0.007820339	0.010496395	0.10260397	0.03854325	0.041947942	0.120358154	0.04748422	0.0901046	0.03129459	0.076487295	0.13008635
MEGAHIT-MetaBAT2-S946.102	0.017805373	0.03686066	0.016258836	0.030236108	0.015887186	0.013739667	0.02280233	0.015522851	0.03894425	0.019317491	0.023208423	0.027920537	0.02824417	0.17363723	0.027701527	0.0156101845	0.013353741	0.02715585	0.015414632	0.012499275	0.017271783	0.035726693	0.03220516	0.014914124	0.0076286937	0.018420571	0.045549627	0.019523457	0.026967108	0.048021294	0.028324753	0.05921462	0.022278989	0.011656228	0.032299843	0.02102316	0.04754809	0.032320626	0.01530655	0.046442553	0.03647688	0.013388504	0.014745891	0.06584267	0.019847339	0.022657748	0.019360732	0.026445456	0.018715188	0	0.016575906	0.029721115	0	0.012792983	0.045210335	0.023536792	0.015546937	0.01662134	0.01998436	0.014874178
MEGAHIT-MetaBAT2-S947.97	0	0	0	0.012377657	0.0054111546	0.007402308	0.0124773085	0.0051024263	0.007007969	0.04257163	0.008053421	0.0062544136	0.008750793	0.008366866	0.3620289	0.0043514795	0.012526444	0.0103513645	0	0.013881429	0	0	0.0044026305	0	0	0.013933023	0.02931631	0	0.0055805803	0.010088726	0.026095556	0.02685298	0.007082296	0.008450695	0.005383176	0	0.06312584	0.015760602	0.023220027	0	0.017327953	0	0.03636885	0.013735461	0.109241314	0.0062135723	0.18511352	0.011852741	0	0	0.0053836987	0.025130752	0	0.01955592	0	0	0.01037888	0.021779863	0.010205776	0.026780676
961_SemiBin_68	0	0	0.032509517	0.011812073	0	0.43263665	0.033403616	0.045606807	0.00929053	0	0	0	0.0047272258	0	0.0055006235	0	0.036599874	0.004912474	0	0	0	0	0.14569807	0.24464011	0	0	0	0	0.50704	0	0.0071000485	0.23740517	0	0	0.010597281	0	0.00425124	0	0.0076381327	0.10955966	0.0037998746	0.09482635	0.6465083	0	0.048499066	0.091722734	0	0.014688371	0.015799126	0.016517663	0.030004397	0.004572914	0	0	0	0.0076063233	0	0.07646078	0	0.083442785
950_SemiBin_52	0.04445425	0	0.0048485748	0	0	0	0	0	0	0.04297962	0.007488152	0.16710266	0	0.29110816	0	0.027597357	0	0.3904045	0	0	0.13375261	0.47284204	0	0	0	0.018359767	0	0	0	0.17116223	0	0	0	0	0.13998558	0.15340757	0	0	0	0.015289505	0.011608063	0	0	0	0	0.018481858	0	0	0	0	0.02947371	0	0	0	0	0	0	0	0	0
958_SemiBin_114	0	0.027250778	0.024131631	0.16310368	0	0.05646893	0.018259693	0.008941289	0.016502824	0.021594195	0.016311303	0.005784728	0.021345457	0.038934473	0.116095856	0.05044398	0.016291793	0.019596068	0.030970415	0.032020725	0.01142265	0.026678415	0.03426294	0	0	0.2540179	0.046090502	0	0.010165376	0.021577887	0.057735316	0.022324268	0.0117870625	0.012919696	0.045336824	0	0.03306421	0.032796323	0.020956554	0.030679751	0.018057544	0.06387759	0.047372375	0.07335211	0.02573459	0.018227413	0.014749306	0.13575351	0.033450626	0	0.009714204	0.09454726	0.014158663	0.012359155	0.014992402	0.011915372	0.0468303	0.013876436	0.03446994	0.026999597
MEGAHIT-MetaBAT2-S973.125	8.647189	0.36552224	4.567546	5.9104266	8.28141	7.426054	12.375914	9.723194	5.7986507	12.988959	10.370462	8.664694	12.249159	2.0598567	9.822378	10.867118	13.110104	4.988675	2.6293688	6.700962	7.5299892	1.6720203	1.0342456	5.6990128	3.8253558	5.1245494	7.5138755	4.8576694	8.465311	2.0831575	8.205429	4.0927687	5.17166	9.130629	5.481142	6.5837812	6.1787205	5.4331665	6.570189	2.220987	3.8996043	0.57213116	1.5219511	2.5949655	15.002431	8.760083	6.256444	3.8833904	14.269026	5.8330817	5.877635	5.4308333	5.110294	4.1243534	1.7615067	7.925546	15.730243	7.66782	6.1237583	4.853945
MEGAHIT-MetaBAT2-S960.208	0.47478423	0.5352927	0.20923774	0.07500075	0.21340156	0.051786307	0.13686731	0.13099954	0.06405421	0.094842404	0.09007347	0.16748694	0.06745057	0.11160854	0.096204326	0.1293574	0.08245122	0.27818227	0.29150558	0.09455723	0.30710733	0.24607256	0.13357742	0.13597472	0.06785097	0.105792575	0.08093361	0.42047685	0.20452982	0.33434108	0.069645524	0.11323872	0.16465579	0.04742653	0.13812128	0.46706858	0.060138475	0.19114263	0.21233334	0.12451447	0.27225548	0.15430361	0.07428779	0.22377074	0.04791101	0.16337	0.08109749	0.045289062	0.10242679	0.11681593	0.20322925	0.04949577	0.096460566	0.086429685	0.1079286	0.34277403	0.07906788	0.23975292	0.04592571	0.08821909
group9_bins.202	0.024818923	0.02556161	0.04421527	0.096679956	0.019639567	0.05355644	0.037163768	0.041051794	0.0808841	0.061162252	0.07196022	0.040025152	0.07540084	0.053427096	0.120208904	0.03680168	0.030535467	0.14523654	0.014416719	0.062480073	0.033170406	0.046835735	0.030508876	0.08255325	0.040805805	0.044730224	0.027518896	0.05114284	0.096772544	0.07928657	0.08733412	0.12113092	0.019814951	0.04217728	0.10280669	0.046552494	0.115794	0.059495494	0.03384772	0.038372878	0.10339618	0.03897027	0.045310684	0.037429776	0.045015108	0.036588173	0.04083584	0.07344309	0.044776663	0.032371987	0.038998973	0.11351086	0.038971413	0.027956344	0.03589511	0.014918099	0.05979301	0.037151173	0.03560789	0.04949946
983_SemiBin_151	0.75043726	4.439135	0.2160214	0	6.3324914	0.03740118	0.189827	0.18617946	0.0055391733	0.024745544	0.43150923	1.1466603	0	0	0	1.0309701	0.112356834	0.12824103	0.1801606	0.08886904	0.14424677	0	0.03275481	0.029302133	0.049736924	0.19227822	0.04619076	0.44290325	0.23501998	0.03795755	0.008143103	0	0.14922087	0.04804182	0.037883714	0.02758801	0.052832615	0	0.32526863	0	0.061922614	0.21193068	0.26223502	0.015233381	0.19526906	0.092644945	0	0.06905254	0.06195179	0.9535722	0.37037864	0	0.3781851	0.3610932	0.059518076	0.05550795	0.21078475	0.35261896	0.07799078	0.07122573
MEGAHIT-MetaBAT2-S945.140	0	0.00529938	0	0.015443095	0	0.006409324	0.004740601	0	0.02719844	0.010804078	0	0	0.15092236	0.027165892	0.013474243	0	0	0.00542171	0	0	0	0.005897033	0.0062011904	0	0	0.008444208	0.005021223	0.0050010164	0	0.00503568	0.009460586	0.059581134	0.0051249946	0.0052051074	0	0	0.012485147	0.005420412	0.0071421433	0.008786151	0.005391063	0.00894716	0.008877042	0.0058521423	0.0057720817	0	0.0052896584	0.0076829637	0.0063797734	0.009214729	0	0.008542573	0.011041128	0.005873352	0.005962393	0.0122588435	0.013068455	0.0075362977	0.005377088	0.007256348
MEGAHIT-MetaBAT2-S992.171	0.063668095	0.4016474	0.15112601	1.2713277	0.17839725	0.5355034	0.22252947	0.20074363	0.44340476	0.4016934	0.263376	0.8052871	0.69437957	0.5277399	1.7899923	0.31345677	0.2932631	0.30834764	0.24605738	0.6857127	0.21768895	0.52311087	0.44729578	0.43304372	0.12589286	0.5127468	0.5299576	0.18839905	0.15889022	0.36580682	0.31379822	0.4378654	0.7802105	0.42789775	0.8284638	0.46911496	0.41230443	1.1695297	0.6336404	0.6029779	0.3834347	0.32671344	0.3527953	0.4694598	0.3926173	0.28017443	0.60147184	1.0282631	0.26825908	0.251209	0.28916487	0.42629558	0.69473916	0.15281148	1.0707061	0.26387239	0.25899404	0.16188054	0.8855604	1.4298975
MEGAHIT-MetaBAT2-S969.185	0	0.020533124	0	0.020943426	0	0	0.008447616	0.021078298	0.04794598	0.049115404	0.04199966	0.009117845	0.02529808	0.031385653	0.033799656	0.026892688	0.00788852	0.011443611	0	0	0.015992058	0.025626972	0.032012507	0.019872278	0	0.00665354	0.01872734	0	0.017248403	0.01632194	0.030411271	0.0552653	0.034459975	0.005398794	0.01362597	0.013057502	0.24180683	0.013021427	0.009428836	0.021248845	0.041700527	0.0098969275	0.07428463	0.016929884	0.039121006	0.023466209	0.013146916	0.04150137	0.0073305103	0	0.009157089	0.013317603	0.009117441	0.009350762	0.022574414	0.019819684	0.033194013	0.018601999	0.027674917	0.045607764
MEGAHIT-MetaBAT2-S987.11	0	0	0	0.0051454846	0	0.013419877	0	0.0071138535	0.015486051	0.02194359	0	0.034538146	0	0.005246637	0.014849721	0.014116339	0	0.030762749	0.009274657	0.039007116	0	0	0.023830619	0	0	0.009303622	0	0	0	0.012436195	0.013906514	0.0077911224	0.0060777105	0.004671951	0.012896025	0	0.0064112167	0.005107086	0.024199212	0.0046488713	0.015826305	0	0.042035047	0.016583135	0.022105267	0.026489232	0.009152695	0.011272129	0.0056952904	0	0	0.007424069	0.0075759343	0.29178354	0.0043427683	0.008748238	0.03055281	0.03534918	0.015372727	0.028434083
group9_bins.392	0.043180764	0.07896753	0.037945405	0.06843328	0.050396778	0.027414074	0.022418257	0.034760874	0.033892263	0.022331288	0.021744529	0.058445584	0.032942016	0.0366677	0.040321827	0.028067352	0.034464806	0.034192935	0.027988369	0.034474295	0.04891201	0.04463721	0.09400612	0.033239465	0.023266856	0.046760686	0.019056214	0.053461988	0.04701737	0.084264144	0.02091866	0.059553828	0.058642708	0.032163136	0.04014586	0.06963075	0.031656675	0.065044954	0.042095926	0.11764554	0.034952264	0.037061997	0.019633617	0.039819777	0.026097097	0.033042774	0.03244616	0.04304655	0.049614526	0.04315757	0.027325036	0.022469535	0.03320706	0.023207203	0.016128723	0.0649539	0.021824317	0.029290117	0.014837152	0.023081213
group3_bins.377	0.034889203	0.051102098	0.052955903	0.055476997	0.027328983	0.035629846	0.026246037	0.019297145	0.02859634	0.024265198	0.023843661	0.061922174	0.009706192	0.026433118	0.038513813	0.017545657	0.075383246	0.03802819	0.056618758	0.03004055	0.04695486	0.011634151	0.032388162	0.024513341	0.015819013	0.033120837	0.03681767	0.08252635	0.02304633	0.046830192	0.018351741	0.02410986	0.024764447	0.010792884	0.018063698	0.06574391	0.016149266	0.07031263	0.020872576	0.0089553045	0.022038603	0.0306993	0.027613005	0.019115014	0.018814363	0.013568388	0.036709566	0.048475947	0.019607136	0.020547554	0.018531833	0.015008	0.025235884	0.033777997	0.06847164	0.0383831	0.030062629	0.011948553	0.036785726	0.019366184
MEGAHIT-MetaBAT2-S947.47	0.012471255	0.017986791	0.01747818	0.04121871	0.01900495	0.045097172	0.061396487	0.019201124	0.17347363	0.049527902	0.03348261	0.035411302	0.025604334	0.035462018	0.1460703	0.029875273	0.020683594	0.017651014	0.0055933464	0.014253363	0.015991863	0.035836942	0.053949885	0.066189975	0.042406328	0.045518883	0.072662815	0.017101057	0.07676127	0.024426095	0.07282415	0.16814339	0.040768966	0.015333706	0.023153333	0.02495449	0.13062236	0.043818824	0.028784657	0.09384179	0.08028467	0.15492636	0.07850427	0.08539869	0.14279526	0.03196299	0.025080582	0.041612502	0.024488203	0.11979093	0.01965969	0.017696002	0.02836146	0.010270108	0.05321267	0.031194862	0.042635385	0.054916404	0.058374174	0.058410067
937_SemiBin_148	0.05233557	0.13421461	0.1443114	0.015818542	0.3702951	0.1735592	0.0675758	0.04282198	0.02994359	0.06191259	0.045399547	0.022297421	0.011261259	0.017842578	0.021585794	0.1237821	0.1873031	0.038815245	0.086657815	0.09830732	0.03469904	0.013562253	0.030812351	0.1592848	0.17344084	0.041477244	0.02308249	0.1216178	0.032876275	0.01831549	0.03206038	0.029334422	0.039055746	0.022400089	0.037239704	0.01907681	0.030701425	0.030019538	0.10207673	0.013819705	0.018839201	0.42914423	0.27816758	0.026958987	0.03272389	0.054107074	0.035631325	0.033808105	0.04602665	0.12630132	0.2774637	0.019715372	0.15957531	0.09214999	0.016094536	0.03160195	0.0680715	0.16830784	0.025989097	0.069338225
MEGAHIT-MetaBAT2-S959.102	0	0.0156829	0	0.019976426	0	0	0.04243465	0.0131654	0.0102621	0.01947885	0	0.0077983183	0.00941907	0.005401693	0.00842484	0.021017378	0	0.013627304	0.0568636	0	0	0.048993446	0.017737608	0	0	0.07973077	0.14052877	0	0.009882495	0.033783656	0.01775357	0.023995604	0.0077750767	0.014012345	0.03391843	0	0.009889287	0.008190248	0	0.008370132	0.016451571	0.0071938676	0.0072077336	0.011385561	0.015774712	0.0146638155	0.06422455	0.012587912	0	0	0.025729883	0.0066688615	0	0	0.010475178	0.009200536	0.009742982	0.11168817	0.023369338	0.009034886
MEGAHIT-MetaBAT2-S932.87	0.32333997	0.10657504	0.023107463	0.03635224	0.04852526	0.011199598	0.03269121	0.048593704	0.016853163	0.030416418	0.07331095	0.047510985	0.02461023	0.017514722	0.019099472	0.027828818	0.02314076	0.0532839	0.08372113	0.02500611	0.103338875	0.031505976	0.031091494	0.052200723	0.034959722	0.023676453	0.027048523	0.113290526	0.04412119	0.037993655	0.01703215	0.021097064	0.028726976	0.021409404	0.024249919	0.15252107	0.028954782	0.061127782	0.029923886	0.015593168	0.04928644	0.03940542	0.018155128	0.029160064	0.02124045	0.05344625	0.07912068	0.050694954	0.020938845	0.037498295	0.05140458	0.009898748	0.035376363	0.048028935	0.07865492	0.074125536	0.021148982	0.029536536	0.028589416	0.023746759
959_SemiBin_129	0	0	0.009764817	0.013403882	0	0.020770652	0.02617633	0.032635495	0.009990366	0.012321505	0.012579867	0.041778293	0	0.007774335	0.009825288	0.008999423	0.03206871	0.030777147	0	0.0115428455	0	0.0062539005	0.008503056	0	0	0.022405354	0.26122516	0	0.011052868	0.0089569995	0.019574974	0.02602237	0.03809942	0.007278621	0	0	0.03174556	0.028396202	0.01896962	0	0.009513289	0	0.02189083	0.013552376	0.01580997	0.02358811	0.046519347	0	0	0	0.013127591	0.010727825	0.010736223	0.02272722	0	0.0068246843	0.06167888	0.007955377	0	0.009617368
MEGAHIT-MetaBAT2-S970.243	0.010897534	0.015779642	0.013761342	0	0.006234578	0.008934827	0.01349686	0.028105613	0.016664196	0	0.007925601	0.039024368	0.043847695	0.043917634	0.011781676	0.026850456	0.026888587	0.05018889	0.006737788	0	0.06753684	0.018981379	0.018568764	0.011282054	0	0.009037379	0	0.060026363	0.012258299	0.15165141	0.0135758715	0.010991045	0	0.017424395	0.033636894	0.06703428	0.019217452	0.30763572	0.015661824	0.047343843	0.023339476	0.012110111	0.008546625	0.011017357	0.018910535	0	0.00939066	0	0.029749623	0	0.009386765	0	0	0.015462477	0.016483093	0.0134645095	0.065178394	0.026240421	0.13028881	0.013987543
MEGAHIT-MetaBAT2-S971.50	0.017398776	0.007744776	0.0058484473	0	0	0	0.003227791	0.0065748594	0.0033768162	0.0034782211	0	0.00906635	0	0	0	0.006088557	0.006632533	0.008764262	0	0.005020933	0.006895268	0	0	0.0035532566	0	0.012387118	0	0.0067296624	0.004181597	0.0077404357	0.0049127038	0.0037504085	0.0045537027	0.0045698406	0.005654594	0.005251081	0.0054293796	0.012916711	0.4934997	0	0.006873738	0.0072057103	0.0055823536	0.01037442	0.003499322	0.0066990303	0.0041954303	0.0043729283	0.0097119715	0.013568505	0.004082048	0.0029005196	0.0044012647	0.006258668	0	0.004212447	0	0	0.009912092	0
MEGAHIT-MetaBAT2-S960.192	1.4218597	0.027772697	0.9332612	0.0549718	0.2544946	0.271208	0.10474902	0.17139482	0.080995746	0.16514573	0.62819296	0.13204478	0.047642116	0.018201746	0.05823412	0.18344824	0.23525634	0.23279928	0.016292516	0.3766371	0.062488485	0.053296477	0.48076287	0.45860648	0.14488979	0.4546151	0.11887613	1.0371974	0.40917107	0.041020833	0.1219495	0.08160514	0.03376969	0.27453902	0.25119027	0.1356222	0.11517594	0.1071564	1.2410057	0.02819655	0.033366222	0.27863225	0.3900765	0.046978027	0.098739885	0.052600883	0.19537526	0.07553553	0.074963726	0.07433642	0.11000446	0.031294625	0.51527226	0.42005327	0.13818672	0.17462267	0.57879734	0.016668126	0.1089315	0.17101057
MEGAHIT-MetaBAT2-S932.184	0.24492317	0.057750247	0.018827658	0.0045422083	0.02620386	0.008407748	0.011875479	0.010317341	0.0075438726	0.009484812	0.008485258	0.015158674	0.0037170833	0.018341308	0	0.020106893	0.024891812	0.049353484	0.012680858	0.019083366	0.046604432	0.015873918	0.01655967	0.046995003	0.10595125	0.031891756	0.008824	0.14829491	0.035253044	0.0151213035	0.011539817	0.008788597	0.010518305	0.008971571	0.037125427	0.094472185	0.00820568	0.004966896	0.012229312	0	0.022669878	0.17032138	0.034259707	0.012481581	0.0037198842	0.0044608205	0.0056005265	0.0033023863	0.023823362	0.033849597	0.010964928	0	0.023407467	0.010865655	0.0061480524	0.018850774	0.020515895	0.021942219	0.00332978	0.019162906
987_SemiBin_26	0.14693151	0.09442769	0.20874007	0.03878194	0.021109402	0.12534797	0.032692872	0.108233884	0.076022856	0.048748195	0.22987098	0.14573255	0.023684973	0.05589119	0.053036537	0.05643211	0.14370605	0.13166171	0.012400303	0.10402898	0.040445697	0.019952623	0.15351371	0.085614145	0.10739819	0.08856808	0.07751123	0.23442334	0.04932513	0.046596803	0.08748118	0.20691769	0.1201228	0.121429086	0.032615766	0.06899361	0.13728204	0.07487474	0.2969335	0.06381452	0.075809084	0.07981314	0.089805014	0.047536656	0.119635396	0.060769077	0.029762827	0.12653163	0.027608763	0.08569377	0.08175868	0.016908035	0.09575889	0.30631888	0.12080242	0.15487657	0.052102666	0.123750955	0.15370423	0.12779553
957_SemiBin_343	0.027194245	0.0056622867	0.0033975546	0	0.017171392	0	0.01794958	0.0043612123	0.0034226042	0.0046846275	0	0	0	0	0	0.019277554	0.023201788	0.0060296785	0	0.0059254104	0.017431362	0	0.030177537	0.15419456	0.26074594	0.0077265557	0.10781432	0.028019838	0.013693568	0.0059749787	0	0	0.003905517	0.005945478	0.008524729	0.08623642	0	0	0	0.0048796018	0.016071366	0.012403681	0.029391013	0.008713213	0.014799183	0.0036624705	0.004132658	0.0048891045	0.010742492	0	0.027511777	0	0.005060792	0.0067528356	0.002619008	0.0053488975	0.059734404	0.003899056	0	0.052897863
MEGAHIT-MetaBAT2-S942.110	0	0	0	0.048604265	0	0	0	0	0	0.18756887	0	0	0.21974558	0	0.005470426	0	0	0	0	0	0	0.054860216	0	0	0	0	0	0	0	0.037189547	0	0.013951887	0	0	0.012213099	0	0	0	0	0.0035645012	0.019463433	0	0	0	0	0	0.018365202	0	0	0	0.0071976413	0	0	0	0	0	0	0	0.0056313113	0
MEGAHIT-MetaBAT2-S952.67	1.791483	1.0478632	0.108812176	0.03584047	2.3148878	0	0.64549756	0.42614996	0.008495781	0.35889393	0.81655055	0.58898526	0	0.034895577	0.06388577	0.49091375	0.10988527	0.33386368	0.70007086	0.4809124	0.32459924	0.102924116	0.005896635	0.54358035	2.373048	1.2163996	0.9856902	0.49853027	0.7629368	0.04134697	0.20960917	0	0.17854004	0.74503267	0.43148667	0.83982366	0.07531907	0.36717957	0.21547489	0.057369445	0.20050217	0.052350152	0.15924205	0.17752811	0.43611148	0.47915944	0.968335	0.7658173	0.7732025	0.047369048	0.59433365	0.08286351	0.3600735	1.7657589	0.641863	0.64668113	0.21299921	0.111923404	0.4077015	0.34132943
974_SemiBin_337	0.025390133	0.0168004	0.006825286	0	0.017833548	0.0402705	0.020007329	0.010934598	0.018102521	0.016164465	0.016868513	0.005605129	0	0	0.0047491975	0.02115162	0.039446622	0.0076011242	0.017162254	0.034542467	0.021149259	0	0.009107606	0.05057512	0.033461932	0.008193283	0.005492142	0.01522502	0.010439229	0.0048714783	0.011817677	0.005655446	0.0072825854	0	0.0042101718	0.005146475	0	0	0.04426868	0	0.0059753098	0.4173856	0.056640178	0.005330847	0.0069963625	0.014413138	0.007514748	0.005756694	0.0144639015	0.06646522	0.14679667	0.0061733616	0.025017139	0.06678354	0	0.010211249	0.04244059	0.09531852	0.006284021	0.04598651
MEGAHIT-MetaBAT2-S962.71	0.036661264	0.055439547	0.041043412	0	0.010979017	0.013141396	0.09058305	0.020535374	0.01720521	0.016472917	0.008985494	0.07830184	0.023576576	0.021937696	0	0.02431279	0.017554322	0.038104516	0.0063132984	0	0.068395704	0.038114075	0.020629618	0.015973562	0	0.013705556	0.017887894	0.13063997	0.05628097	0.1900623	0.011797607	0	0	0	0.09587932	0.026241994	0.13169427	0.036242984	0.032565165	0.07707213	0.051949296	0.009994056	0.008086732	0.065332435	0.018330373	0.041178238	0.017033093	0	0.005099233	0	0.04712683	0	0.021029396	0.029725384	0.044415895	0.04691107	0.023689413	0.043272898	0.039508086	0.01992265
991_SemiBin_113	0	0.12067456	0.089868076	0.050104517	0	0.057403505	0.17158422	0.01973786	0.08946515	0.046409957	0.061490808	0.09443691	0.08531257	0.18964724	0.047363635	0.06266736	0.021726929	0.36892435	0.044680707	0	0.18460466	0.18397559	0.030377662	0	0	0.12105994	0.024758654	0	0	1.3215522	0.12893018	0.10620761	0	0.012432262	0.56249803	0.0742082	0.13873842	0.109050974	0.030572489	0.33427498	0.8346914	0.0590579	0.032446105	0.14472361	0.08352866	0.22804391	0.15274039	0.021708932	0.34712696	0	0.042588867	0.13062988	0	0.019517481	0.030116787	0.056089636	0.111624524	0.42758533	0.10291777	0
MEGAHIT-MetaBAT2-S979.62	0.33131275	0.33400482	0.24891405	0.10978023	0.32917064	0.27174968	0.123723365	0.143708	0.14683884	0.14244434	0.07889808	0.08703257	0.05779008	0.028722422	0.1652208	0.1371036	0.31304806	0.1351097	0.2885764	0.17571977	0.13354658	0.01739951	0.08184505	0.09443898	0.30650985	0.10027173	0.10172739	0.18079594	0.12048345	0.027593788	0.09908116	0.14593251	0.2677387	0.07637226	0.06531973	0.08464353	0.0724262	0.06671391	0.21831259	0.022094047	0.054965723	0.29478902	0.17370069	0.07667305	0.13464034	0.1970873	0.15373835	0.10581532	0.11809376	0.48714003	0.116925925	0.18613105	0.22597647	0.2049195	0.07170045	0.18134305	0.16486481	0.161433	0.070320085	0.11876846
group10_bins.399	0.028612496	0.108544536	0.030528223	0.007793853	0.015579816	0.013543192	0.039735515	0.019588968	0.025127575	0.02214823	0.016414598	0.03454683	0.0042265467	0.012526912	0.013729464	0.020596175	0.01782242	0.03400235	0.028459867	0.017669054	0.042316686	0.024890231	0.034307018	0.021658646	0.01712882	0.049347192	0.016071465	0.053287905	0.027335795	0.08352949	0.0122135235	0.019411145	0.02781773	0.013330477	0.063641496	0.077587105	0.035461217	0.049711745	0.036715776	0.037530497	0.10132423	0.03240827	0.016782193	0.030558722	0.011384949	0.025957942	0.025382087	0.008645611	0.024053985	0.04112334	0.027074942	0.006001889	0.02281015	0.02052062	0.057144403	0.032046273	0.02672955	0.05180347	0.030384481	0.02451222
group7_bins.351	0.016487474	0.043161057	0.030246532	0.054258008	0.026227405	0.01960375	0.04391953	0.038424615	0.0670793	0.044130392	0.035653085	0.07049678	0.074392214	0.028272752	0.072580345	0.041950382	0.013408242	0.049432866	0.042013083	0.036090855	0.07245817	0.03241478	0.031215884	0.035094444	0.00996965	0.04223643	0.05010798	0.024278589	0.037061796	0.030059822	0.087043904	0.098382615	0.036662046	0.035505384	0.06013209	0.11172296	0.058535352	0.090526596	0.030693453	0.073678896	0.04329064	0.020975383	0.01881153	0.03259674	0.03427524	0.028646812	0.045623753	0.08670402	0.060638715	0.01170061	0.036614634	0.03382767	0.031841792	0.0197264	0.046771295	0.042999838	0.048425317	0.013024692	0.09229873	0.08376103
group3_bins.223	0.027123256	0.062945105	0.071235284	0.014184476	0.006555891	0	0.00641545	0.033196308	0.007506814	0.008121251	0.0068334346	0.026622418	0.0059377006	0.018315485	0.007621067	0.0069846464	0.013255594	0.06043703	0.014781829	0.018606625	0.0826729	0	0.0139881205	0.008073942	0.012817799	0.019094778	0.0075183148	0.0480711	0.05921119	0.075756334	0.014284935	0.030095829	0.019606236	0.008163668	0.01418642	0.08073157	0.024702433	0.014969325	0.031627722	0.014565152	0.024990529	0.015159043	0.017411975	0.012615017	0.014387195	0.012994129	0.015164172	0.021408435	0.014491285	0.01677958	0.02097103	0.009740458	0.027832968	0.011743266	0.00969476	0.0078099673	0.021294449	0.023573682	0.0154186115	0.023901533
MEGAHIT-MetaBAT2-S983.51	0.11834518	0.05686502	0.24972652	0.113408655	0.09760131	0.6586075	0.13381018	0.119360745	0.9370778	0.16917506	0.07627862	0.06256336	0.15606812	0.12678014	0.07100511	0.054051913	0.08304844	0.048803817	0	0.1525437	0.06173489	0.10758965	0.41494045	0.01618713	0.2001418	0.03331127	0.07501986	0.03792668	0.17847355	0.042211212	0.070748016	0.40052375	0.15420182	0.035389867	0.016947728	0.03687793	0.113665655	0.2801953	0.18078902	0.01493895	0.012350124	0.3168785	0.3012697	0.019405577	0.05093938	0.042648073	0.20134862	0.30747244	0.02192416	0.8816357	0.15529542	0.059680417	0.71517605	0.039098687	0.07263391	0.0141271	0.14456952	1.5446486	0.16280876	0.5743188
MEGAHIT-MetaBAT2-S950.132	0.37949464	0.78638184	0.24359448	0.02280785	0.1403724	0.06674937	0.13408092	0.35931128	0.110011674	0.087341055	0.09724836	0.25116548	0.09273895	0.052851703	0.030547777	0.09512523	0.1298721	0.64298165	0.25874615	0.13055864	0.5434759	0.13696745	0.08372842	0.099552624	0.103926875	0.17756554	0.07787534	0.55914825	0.2818309	0.8151212	0.09489763	0.08354381	0.05418005	0.2182484	0.28873745	0.88196886	0.12992498	0.20348455	0.06064847	0.28730536	0.5602375	0.06870745	0.05017831	0.32803848	0.11695269	0.33646536	0.33759233	0.025818735	0.20719695	0.059270643	0.13005131	0.022226032	0.052799333	0.10550885	0.44327658	0.21788828	0.11417846	0.088537656	0.13458803	0.0963667
932_SemiBin_124	0.41816762	0.1412958	0.16889314	0.047562785	0.1835476	0.15608239	0.05224025	0.17858237	0.04643904	0.040226877	0.0365873	0.10974399	0	0.050319657	0.03842297	0.057884138	0.106866375	0.12198779	0.0887468	0.22493431	0.0866642	0.0645866	0.110342175	0.055868022	0.10365685	0.10221058	0.060569186	0.2597418	0.055683985	0.09999716	0.035205323	0.064564526	0.039192766	0.060785007	0.07698326	0.11480957	0.036963746	0.080011845	0.13794965	0	0.037497588	0.13118115	0.14875033	0.046961732	0.026032262	0.07363901	0.035373274	0.0414768	0.08705301	0.18288352	0.058338203	0.019213745	0.15423852	0.048454445	0.086542584	0.052979525	0.092991985	0.01989012	0.0799652	0.09098491
955_SemiBin_146	0.02729118	0.029112553	0.015195672	0.03888577	0.00456773	0	0.009656668	0.011767051	0	0.014552911	0	0.0108490735	0.027354272	0.013855037	0.023268793	0.0056664697	0.009660852	0.015591124	0.015322702	0.008212155	0.020662755	0.012869059	0.26737636	0.011185742	0.0044660373	0.029555608	0.007221882	0.00419461	0.0261833	0.09117644	0	0	0.006198483	0	0.0053268312	0.027312681	0.0052922494	0	0	0.009041577	0.07738669	0	0.0052806223	0.05689818	0	0.02885364	0.0057612974	0.008137335	0.0044269254	0	0.020026838	0.0028185858	0	0	0.0030812263	0.021511994	0	0	0	0
MEGAHIT-MetaBAT2-S942.30	0	0.010167384	0.047668364	0.024982398	0.0121565815	0.23313296	0.030725002	0.025141548	0.07418416	0.2768687	0.019672519	0.0052390513	0.07580377	0.069049455	0.29405016	0.025820471	0.08767361	0.07310939	0.06643337	0.08077714	0.01824566	0.006711139	0.08658663	0.08729497	0.012137405	0.023973307	0.034771714	0.009013549	0.029855283	0.0075401347	0.092951514	0.06514677	0.037350733	0.009132839	0.010583335	0	0.21459758	0.014508449	0.1263094	0.02678232	0.0147765	0.037423685	0.13563865	0.065114744	0.063102625	0.03323184	0.026592506	0.08269743	0.042453438	0.08844371	0.030059503	0.19143061	0.020863635	0.036655556	0.020857511	0.029083924	0.09331023	0.08971062	0.01680816	0.06849007
MEGAHIT-MetaBAT2-S942.31	0	0.011520858	0.009728344	0.020352462	0.010685619	0.02002564	0.18094178	0.027571497	0.09269771	0.23016115	0.23765199	0.012349472	0.03350022	0.029417207	0.021730438	0.01585931	0.012871593	0.009277394	0.09820907	0.028759036	0.007378088	0.0125910835	0.05515667	0.033305187	0	0.013729061	0.058566242	0	0.10943407	0.01581819	0.021740245	0.08480226	0.033139363	0.010356268	0.030809222	0	0.07876587	0.016533734	0.037106432	0.03703474	0.010406772	0.018755464	0.0655331	0.038363647	0.014841542	0.020827513	0.05004753	0.11916763	0.022794114	0.013095586	0.024606412	0.14181499	0.0151970135	0.020866891	0.015498343	0.077318564	0.1045146	0.07726421	0.018735632	0.090535514
MEGAHIT-MetaBAT2-S945.128	0.014894841	0.10724399	0.03302053	0.20781909	0.015176606	0.036654584	0.10951131	0.09756809	0.090512246	0.069678746	0.05548528	0.06723183	0.29677445	0.19154273	0.32704446	0.073584974	0	0.18329698	0.06678084	0.11166325	0.036440745	0.17794588	0.238637	0.035497203	0	0.17281306	0.10743979	0	0.122919984	0.09151505	0.06931615	0.1819344	0.07979969	0.18090454	0.04237146	0.06126857	0.05884998	0.08019804	0.039367802	0.25351593	0.104503185	0.048170246	0.05250416	0.047433604	0.0981909	0.02976419	0.06453439	0.087831676	0.1042653	0	0.06977127	0.11540799	0.044250395	0.027284939	0.090586744	0.05999411	0.082915075	0.018678458	0.045165643	0.08142861
968_SemiBin_116	0.004785258	0.020376896	0.0064457203	0.020099178	0.008876176	0.012499255	0	0.005004696	0.014636497	0.01300782	0.013316846	0.0082534505	0.012290386	0.015658474	0.017403468	0.009596259	0.006022632	0.0050145006	0.018671794	0.014392801	0.011682307	0.013607745	0.016241467	0.030353285	0.022503816	0.010829993	0.014476763	0.0065816054	0.007416786	0.009441007	0.013239346	0.010659831	0.012152667	0.005521792	0.007833952	0.14997268	0.01455201	0.008138867	0.022077516	0.010568287	0.009863916	0.021784086	0.03815034	0.016326763	0.00596668	0.0050087143	0.013992724	0.016498486	0.009828523	0.008083097	0.075267576	0.049930815	0.009199736	0.019303842	0.003972813	0.010521995	0.009614209	0.012724959	0.00645854	0.013052947
MEGAHIT-MetaBAT2-S968.241	0.17048922	0.22124894	0.103830524	0	0.084071286	0.14762042	0.101044945	0.16998444	0.056612488	0.079500414	0.021091864	0.13384189	0	0.0063301106	0	0.09585782	0.050305992	0.033045854	0.11496524	0.13441357	0.27720177	0.046118066	0.15633759	0.10911711	0.069515206	0.10208914	0.1467872	0.17343967	0.10205148	0.28253123	0.04412339	0.01779201	0.18350503	0.040577933	0.12634261	0.29007918	0.06295147	0.10678672	0.14065295	0.009550115	0.14421666	0.18896583	0.17425884	0.08963856	0.06615539	0.06056564	0.04192473	0.01932923	0.08962229	0.052088253	0.064227834	0.037264653	0.08639166	0.088829525	0.08472341	0.16040613	0.08688817	0.07524775	0.060375594	0.059140258
968_SemiBin_24	0.18236923	0.016968986	0.040304493	0.019950572	0.26580796	0.021635594	0.08357231	0.0527403	0.05280609	0.019551441	0.057502933	0.103313096	0	0	0	0.060243133	0.12457396	0.047667548	0.037360657	0.022025995	0.2746494	0.017239485	0.016396211	0.014243503	0.015878653	0.11464753	0.006648512	0.16193113	0.048210215	0.11080709	0.010125057	0.0989937	0.053294275	0.023807386	0.05544648	0.3510773	0.008119748	0.03903069	0.10127013	0.015050121	0.024857845	0.018866872	0.02117327	0.029163567	0.031880468	0.10881182	0.074927196	0.007791943	0.1306868	0.03533532	0.15073031	0	0.06086176	0.011209746	0.008597217	0.0067167543	0.050881453	0.032608427	0.021853846	0.04205183
group9_bins.80	0.12670374	0.026758084	0.10556621	0.0147519605	0.060627636	0.06512264	0.04095581	0.042660378	0.011005152	0.0536428	0.044717498	0.028784292	0.012246348	0.019168952	0.015034402	0.043652687	0.05247667	0.09830532	0.022726763	0.05905012	0.090694204	0.0208727	0.07766524	0.04654456	0.09170622	0.038871083	0.013281159	0.08929687	0.09938895	0.028394712	0.011986737	0.022554658	0.08734519	0.038855452	0.06750124	0.056515045	0.014321711	0.019123252	0.08983007	0.01481805	0.02194786	0.053664744	0.06785459	0.11956541	0.05742943	0.034618072	0.05832946	0.018470693	0.038788173	0.13717793	0.06054888	0.008815171	0.103974424	0.089815795	0.04790203	0.019665495	0.039703872	0.033442225	0.10066244	0.053841714
934_SemiBin_124	0.460365	0.5601447	0.34892112	0.06274305	0.19245069	0.10008004	0.1064492	0.09919494	0.07483852	0.054386187	0.05525726	0.19329035	0.03362456	0.027717125	0.0726121	0.06984443	0.10312988	0.077814385	0.1059078	0.087557524	0.16053896	0.09292927	0.11024657	0.054218985	0.13888827	0.07034639	0.05451475	0.21207608	0.09931989	0.15309298	0.065900005	0.13951059	0.10026833	0.036492664	0.051246926	0.27659792	0.050042003	0.09707852	0.12767181	0.03690294	0.10265689	0.17697209	0.109016985	0.07790495	0.056868408	0.09886669	0.055831376	0.059945304	0.07566552	0.21373767	0.08784447	0.028781304	0.19016644	0.116390586	0.07484909	0.17096104	0.07013235	0.08159755	0.10417029	0.06732283
974_SemiBin_118	0.014270638	0.02129454	0.015335212	0	0.025817094	0.025777794	0.011269168	0.013984146	0.010714062	0.012828288	0.010497738	0.0056824423	0	0.0039432594	0	0.01888969	0.028132454	0.010534272	0.009433129	0.018812466	0.018667476	0	0.010167511	0.018053686	0.017272923	0.0077698356	0.0041559893	0.011038647	0.008236696	0.0033752758	0.009752839	0.0056400117	0.0110750785	0.0032528527	0.00514381	0.0035766833	0.0073348833	0.0030562328	0.057837754	0	0.0059939525	0.32979235	0.072197184	0.0036072696	0.005825033	0.006437188	0.0065054134	0.01092401	0.006119241	0.045064233	0.08398949	0.009429347	0.021887267	0.019045243	0	0.0076724733	0.020787358	0.045735274	0.005770677	0.05226797
MEGAHIT-MetaBAT2-S941.34	0	0	0	0.07019378	0	0	0	0	0.19450434	0.04009719	0.014365177	0	0.09415889	0.007947262	0.10017093	0	0	0	0	0.0054653757	0	0.09489155	0	0	0	0	0.05230613	0	0	0.024339741	0.022167215	0.11234278	0.0053272257	0.008535629	0.016017027	0	0.16734779	0.13707094	0	0.07107358	0.06108787	0	0	0.0051409984	0.00446471	0	0.026055325	0.07641738	0.012310419	0	0	0.00879395	0	0	0.1700873	0.0035244557	0.006354585	0	0.024865892	0.017456193
MEGAHIT-MetaBAT2-S945.70	0.009049599	0.007574521	0.017096376	0.03072176	0.00627533	0.03809996	0.026486734	0.03985313	0.049469676	0.06791351	0.014244186	0.011576155	0.2385227	0.06923935	0.10240201	0.009542403	0.018511275	0.010469985	0.0122218495	0.017338403	0.014041725	0.029713612	0.026694443	0.016237741	0.0035069045	0.010722314	0.023884678	0.012262707	0.009692689	0.026017854	0.02564852	0.06637013	0.012112004	0.014839822	0.027470507	0.010617258	0.042770356	0.03919538	0.03230939	0.03157101	0.021635382	0.007352754	0.023178067	0.03298003	0.024269335	0.01150727	0.017682292	0.07099242	0.05545186	0.004815188	0.011641901	0.024254547	0.009839149	0.008299715	0.04001554	0.02796814	0.041179344	0.028077153	0.06141827	0.048961163
MEGAHIT-MetaBAT2-S990.184	0	0.007966173	0.008408428	0.009768532	0.009034316	0.014599471	0.0073938514	0.008112063	0.014735062	0.0141499145	0.0119466	0.0076890243	0.0079959985	0.0075159995	0.01270473	0.009231953	0.013191833	0.014560561	0.0077085346	0.011873687	0	0.005117376	0.013178521	0.01174217	0.0083825905	0.010022762	0.009379105	0.009588392	0.008813269	0.009474273	0.018084558	0.011403375	0.0072368286	0.0074108243	0.007393446	0	0.012361305	0.0067515625	0.093660064	0.008046884	0.031480733	0.019870784	0.10124965	0.009306909	0.011191676	0.005759311	0.008359454	0.0143062705	0.014189216	0.012400911	0.012269926	0.0145889	0.009590103	0.010526543	0.0067103216	0.008159053	0.1226514	0.019897183	0.006699011	0.08730297
MEGAHIT-MetaBAT2-S946.235	0	0.0842395	0.006232806	0.057200357	0	0	0.036843464	0.007846024	0.08962439	0.010727857	0.006109409	0.0047237505	0.1458944	0.14373213	0.005960035	0.017124018	0	0.02633699	0.0076000746	0	0.0042820587	0.10999846	0.014552067	0.0044094534	0	0.006826601	0.0040337876	0	0.02897994	0.03897203	0.09634915	0.081666976	0.004774959	0.013368683	0.064004846	0.0041774753	0.13706778	0.05202345	0.004082208	0.17458695	0.039004195	0	0.0029731905	0.17779377	0.1089816	0.034265604	0.03562214	0.008084964	0.015697522	0	0.01823927	0.027292786	0.0032092377	0	0.15918896	0.029668596	0.010054387	0.03868086	0.020893771	0.004174912
MEGAHIT-MetaBAT2-S975.14	0.120340325	0.18752643	0.17839459	0.028740972	0.14766446	0.23163438	0.03899306	0.114322565	0.08471693	0.049816348	0.026903164	0.043817703	0	0.006329049	0.005750526	0.058478568	0.18659602	0.0824132	0.14783892	0.2437963	0.07468827	0.012265562	0.08174035	0.12804714	0.23521511	0.08433958	0.036236536	0.039774172	0.062860705	0.009324941	0.038324375	0.15786326	0.18021093	0.04336893	0.028771209	0.025530888	0.02720375	0.020606369	0.12529546	0	0.0138050085	0.33053386	0.28699243	0.050895937	0.029019255	0.12553385	0.06304925	0.051543288	0.050499864	0.39602846	0.13287172	0.041089304	0.26963136	0.12692896	0.015124136	0.12389239	0.036531597	0.06944756	0.042005464	0.08477639
MEGAHIT-MetaBAT2-S946.206	0.015252465	0.023182705	0.009024265	0.051221702	0	0.010103074	0.024851182	0.027319599	0.05049872	0.038765166	0.009745252	0.029031914	0.07127788	0.1259635	0.031399596	0.014687451	0.0072266315	0.039148264	0.033189267	0.004651835	0.016820462	0.050086364	0.049134567	0.009689433	0	0.011782069	0.028784094	0.011704717	0.02393143	0.044030096	0.045123007	0.059230197	0.008844718	0.005452502	0.02111433	0.028554056	0.055436034	0.019462813	0.009800614	0.04176456	0.058047105	0.012836622	0.01822324	0.055614173	0.029926075	0.039996453	0.042293966	0.056351576	0.021467514	0.0077325096	0.014991887	0.015663316	0.0076781544	0.019132499	0.032726984	0.04135864	0.02783294	0.020359991	0.04439949	0.014401404
MEGAHIT-MetaBAT2-S946.39	0	0.0123967	0	0.009847071	0	0	0.03363783	0	0.010700261	0.14539199	0.029470064	0.15738541	0.013503713	0.1372416	0	0.030094866	0	0.014368594	0.040361732	0	0	0.21936682	0.0044023665	0	0	0.013729469	0.009267195	0	0	0.16094242	0	0.03663609	0	0	0.0351739	0.08708211	0.030076109	0	0	0.08414726	0.10731107	0	0	0.010023789	0.0127292145	0.04841275	0.18042935	0	0	0	0.026912255	0	0	0	0	0.0660481	0.004572315	0	0.034856338	0
951_SemiBin_21	0.0065621333	0	0	0	0	0	0	0	0	0	0	0	0	0	0	0	0	0	0.6820059	0	0	0	0	0	0.0062052854	0	0	0	0	0	0	0	0	0	0	0	0	0	0	0	0	0	0	0	0	0	0	0	0	0	0	0	0.016633524	0.006866898	0	0.019842412	0	0	0.005544033	0.00457193
MEGAHIT-MetaBAT2-S986.50	0.32836917	0.18100663	0.18292624	0.091467984	0.1707552	0.10624583	0.08648137	0.06264896	0.10786492	0.06565839	0.061470315	0.078439906	0.028872963	0.041983545	0.11192045	0.067594744	0.05095144	0.03951825	0.0077999476	0.096128166	0.10589933	0.017476816	0.11997634	0.054139324	0.0968294	0.09265495	0.06831417	0.12249269	0.08113752	0.0056244507	0.0478755	0.08213198	0.1843669	0.036685638	0.021959467	0.04022934	0.07211094	0.06975123	0.21891686	0.006465978	0.0228902	0.2891686	0.20292807	0.016249666	0.076138236	0.034709785	0.067484796	0.106110215	0.019795105	0.22783078	0.061294254	0.006468794	0.3592574	0.09567859	0.030256836	0.023908926	0.083341055	0.056533877	0.046413165	0.10808103
MEGAHIT-MetaBAT2-S965.107	0.031334758	0.01912044	0.022304503	0.016798044	0.019464552	0.051178448	0.022720277	0.01827313	0.019238543	0.03014115	0.0117020095	0.023619572	0.031003162	0.029516034	0.009501682	0.02265631	0.017508687	0.011790449	0.016554961	0.016971296	0.02516339	0.030226968	0.08738733	0.0105921	0	0.008080275	0.025340805	0.017798534	0.025664512	0.015367346	0.042605117	0.05830023	0.18354443	0.016026534	0.019067684	0.046894405	0.024365572	0.042502176	0.056530595	0.046985734	0.03276604	0.058361027	0.068361744	0.023808258	0.02072676	0.017782958	0.013924396	0.014857523	0.007275438	0.022743229	0.01715885	0.009190573	0.021304524	0.009466667	0.011460072	0.024836753	0.013688601	0.033807945	0.020470615	0.015539813
MEGAHIT-MetaBAT2-S933.151	0.1432468	0.6424726	0.06474564	0.024368197	0.06125341	0.048171088	0.053057726	0.05924248	0.042159613	0.04509812	0.04279668	0.10587833	0.023184383	0.044573672	0.04829	0.050051607	0.09657962	0.07923122	0.07512927	0.06322371	0.09640669	0.04183668	0.06077878	0.050278082	0.06420693	0.045273345	0.057142757	0.13795409	0.055008303	0.08964355	0.030035667	0.045780152	0.06299998	0.024281578	0.057437427	0.14107254	0.02949225	0.059891377	0.08894272	0.033918377	0.09285588	0.053211045	0.04653293	0.08181937	0.024360493	0.051124714	0.044600602	0.04307147	0.046434876	0.06905868	0.058179453	0.016751943	0.07022678	0.05085251	0.07205242	0.08762364	0.057949916	0.057871785	0.025810497	0.056309268
MEGAHIT-MetaBAT2-S978.143	0	0	0	0	0	0	0	0	0	0.025029877	0.0040341862	0	0	0.10819581	0	0	0	0	0	0	0	0.0059571736	0	0	0	0	0.02301622	0	0	0	0	0	0	0	0	0	0.006907972	0.011866623	0	0	0	0	0	0	0.20383713	0.013889856	0.05782437	0.06457928	0	0	0	0.004238653	0	0	0	0	0	0	0	0
970_SemiBin_53	0.016045341	0.027049638	0.029384518	0.042616718	0.0109794615	0.037103057	0.038606826	0.047800872	0.040237017	0.059948783	0.17968942	0.073942624	0.034221753	0.11582566	0.10347316	0.018954664	0.012969166	0.036384925	0.0090101175	0.06785571	0.030924246	0.03399351	0.07483591	0.008684433	0.00440015	0.055530135	0.06633798	0.023260899	0.08322274	0.06178477	0.12012879	0.07106297	0.05379967	0.08271773	0.03116511	0.021686768	0.047153816	0.25486007	0.05280516	0.03715506	0.20611726	0.044459324	0.13273989	0.07954063	0.02357363	0.0129682645	0.024601921	0.07132047	0.07547839	0.020757416	0.013581855	0.01721784	0.05310337	0.054989014	0.09876772	0.041095547	0.06217025	0.018775059	0.028319329	0.10463986
MEGAHIT-MetaBAT2-S932.36	0.48786664	0.33100376	0.24370389	0.2046478	0.29166052	0.26673687	0.116209105	0.14555396	0.18993296	0.230247	0.39325285	0.22550775	0.12139543	0.26302955	0.27312303	0.17704901	0.08751027	0.20097595	0.13087633	0.21538463	0.17384894	0.13247587	0.27304444	0.11740798	0.09920555	0.19493705	0.28275672	0.2555607	0.18804304	0.05883512	0.21707928	0.33634678	0.29497752	0.113368906	0.14420491	0.04549763	0.21054946	0.21911025	0.27470577	0.10002186	0.15536161	0.3184989	0.31442097	0.20645337	0.223505	0.2009165	0.25641897	0.3571138	0.1103523	0.27766588	0.15923071	0.090266556	0.21260361	0.2288237	0.14963546	0.16680913	0.15105413	0.114964195	0.21179047	0.19449984
MEGAHIT-MetaBAT2-S980.86	0	0.014294616	0.0064315414	0.028858775	0.006758861	0.006847885	0.008549041	0.0068186843	0.017486455	0.014165668	0.016226895	0.00915252	0.027237063	0.013713019	0.033368424	0.007053681	0.006937673	0.011174038	0.015902644	0.010827357	0.010026517	0.018830013	0.010479154	0.011943432	0.005826353	0.008387555	0.016111376	0.007604904	0.010033894	0.010805653	0.013622271	0.025111703	0.010462028	0.009496304	0.010450097	0.0081585385	0.017269902	0.01701428	0.012102037	0.013664825	0.012123483	0.009850479	0.013449845	0.022216203	0.010004329	0.008443867	0.1936101	0.051868364	0.01114788	0.0070828483	0.011889836	0.021373942	0.008669314	0.011072101	0.010492868	0.009748603	0.014746101	0.011456331	0.013612803	0.013126931
MEGAHIT-MetaBAT2-S962.187	0.16758913	0.11631353	0.097328626	0.1018855	0.08792533	0.036348257	0.025588507	0.071387574	0.08003	0.04115352	0.055194747	0.197313	0.042221416	0.06584271	0.02572507	0.0746808	0.034837518	0.057442423	0.056828383	0.060366537	0.15966071	0.020410214	0.034454104	0.10866192	0.041835282	0.045819614	0.03945098	0.30025378	0.11734322	0.32975098	0.044473816	0.03811791	0.12891103	0.021078829	0.12007487	0.19697063	0.05152138	0.11351495	0.06818413	0.03538809	0.090320446	0.10585352	0.03510743	0.06599415	0.055388838	0.07630137	0.061877638	0.03622466	0.041361336	0.087272845	0.07317753	0.0164943	0.06616147	0.04711658	0.07677435	0.08667871	0.044096254	0.0397061	0.078952946	0.04243184
MEGAHIT-MetaBAT2-S972.107	0.023427188	0.030128235	0.04024421	0.03600274	0.016700298	0.028643135	0.03318373	0.021420972	0.041228708	0.02769176	0.027035605	0.025018785	0.031461254	0.05038798	0.030674428	0.03290392	0.0149977505	0.05138944	0.021350566	0.018477129	0.03291725	0.04947587	0.09181832	0.019791478	0.0091657415	0.021649884	0.022985369	0.026707703	0.03530888	0.05998528	0.040115114	0.079152666	0.02388822	0.021066664	0.04593498	0.023031462	0.039363656	0.04743894	0.026850084	0.35843727	0.05016514	0.021152128	0.02875899	0.044374216	0.033307284	0.04973533	0.025165802	0.031212635	0.049324453	0.01970132	0.03127894	0.018783744	0.018402535	0.01573549	0.027341308	0.03183392	0.027667236	0.035235893	0.023428332	0.0259433
938_SemiBin_99	0	0.008103433	0	0.017994625	0	0.27075493	0.03207375	0.060359526	0.013975531	0.042922437	0.020407232	0.040631585	0.019120751	0.012754734	0.021340156	0.032920133	0	0.03237164	0.010876814	0.103383906	0	0.011326811	0.027917488	0.008230101	0	0.019180981	0.014473416	0	0.096492976	0.015807146	0.085667826	0.037661806	0.020863514	0.013589466	0.030742101	0	0.02409818	0.019115765	0.034654863	0.006191488	0.05876805	0.023479987	0.07069852	0.0053072018	0.016381966	0.021932395	0.0063765976	0.016587622	0.026669435	0	0.012595614	0.01903761	0.046534237	0.011058814	0.005518895	0.034071535	0.0147442715	0.033498038	0.022532294	0.019992534
group6_bins.106	0	0	0.040846378	0.102347724	0	0.005870567	0.1526698	0	0	0	0	0	0	0	0	0	0	0.018690947	0	0	0	0.015466342	0	0	0	0	0	0	0	0	0.0029495533	0.0073056454	0.0038526817	0.015984831	0.006191314	0	0.0033129703	0.030794881	0.01407712	0.010519405	0.015524643	0	0	0	0	0.0028409578	0	0	0.080945395	0	0.009266162	0.043857653	0.039310757	0.0045011872	0	0.019391032	0.02127988	0.020920387	0	0.010343779
group6_bins.9	0.06777033	0.06834936	0.09782643	0.03879356	0.036264185	0.015403414	0.059543587	0.018085776	0.03162106	0.026942192	0.016240267	0.056582913	0.027516657	0.02467772	0.015700405	0.02824621	0.01478264	0.03762886	0.08961434	0.013222921	0.08908598	0.056813926	0.045784794	0.043401565	0.018642996	0.017970344	0.0343303	0.037251916	0.047876757	0.07482851	0.03873432	0.04197138	0.03754199	0.03719844	0.12579253	0.4325179	0.05714333	0.06642625	0.02328835	0.08166867	0.04756525	0.034167472	0.015875664	0.022531988	0.023807945	0.03377678	0.026239473	0.012905994	0.067172825	0.015285984	0.02192876	0.0065735937	0.018008307	0.026224332	0.018267011	0.031240162	0.035075318	0.030921614	0.020915603	0.023093984
983_SemiBin_75	0.025123918	0.18356599	0.078854784	0.054382104	0.04007016	0.10096116	0.025559848	0.020030273	0.11472372	0.037416596	0.017798899	0.008149791	0.04535332	0.0146563165	0.10629835	0.08313105	0.086686924	0.028999468	0.033967547	0.030654956	0.01923605	0.020011807	0.020809917	0.44523618	0.1365003	0.033390608	0.05123851	0.021134201	0.020572633	0.014990685	0.047995646	0.016181573	0.011190161	0.018187022	0.030138778	0.01354059	0.01922485	0.01557298	0.03867323	0.04409273	0.019993672	0.11788671	0.046274155	0.019999696	0.08397661	0.0073607313	0.03364548	0.085894674	0.017172076	0.3406064	0.05647002	0.07054342	0.027919203	0.07192409	0.0047334176	0.036189318	0.11539558	0.11863121	0.018142963	0.059857417
MEGAHIT-MetaBAT2-S964.154	0.020290673	0.05002826	0.12792203	0.9499533	0.05718825	0.39948645	0.095928125	0.09786324	0.31767797	0.22284111	0.40231737	0.0535491	0.19348282	1.3427314	1.1452463	0.12582123	0.089683	0.1855022	0.08426999	0.17439553	0.0674072	0.14511393	0.07555144	0.15026829	0	0.16285431	0.1855929	0.037918687	0.086836316	0.046840984	0.23452601	1.0276705	0.37242284	0.2907817	0.18745668	0.018865239	0.9699967	0.41035545	0.15825768	0.13676693	0.15551683	0.07814661	0.21527879	0.14908977	0.2991398	0.103566885	0.4768208	0.6990372	0.28960153	0.14488913	0.075136006	0.6276743	0.15886988	0.06634649	0.28613198	0.03679398	0.28679037	0.11068491	0.2422503	0.15221177
MEGAHIT-MetaBAT2-S944.7	0.05783219	0.056442324	0.045510907	0.021826806	0.03523642	0.030776395	0.037440978	0.043788884	0.031931438	0.016646177	0.02908452	0.23379984	0.028305741	0.016756462	0.018399145	0.036603756	0.030796558	0.06788947	0.02213996	0.03323348	0.04440188	0.044082012	0.046367176	0.037291627	0.022335432	0.03645839	0.024163155	0.06337071	0.047031857	0.07922554	0.040038146	0.04817199	0.028936403	0.022110803	0.049837776	0.10998079	0.032374352	0.033454947	0.060834173	0.032032587	0.09295	0.047048945	0.035645943	0.070715114	0.03716813	0.035096098	0.033490006	0.028626159	0.056757137	0.041296005	0.051701095	0.01362144	0.04164651	0.05345618	0.047755677	0.043712616	0.07571704	0.05605316	0.09703361	0.036920104
MEGAHIT-MetaBAT2-S984.21	0.10630169	0.1216869	0.11444547	0	0.14831609	0.2163453	0.04636596	0.07674046	0.0530588	0.088405184	0.07742733	0.06883205	0	0.015871316	0.018793806	0.12211235	0.17486323	0.07150917	0.10988678	0.18812779	0.069385104	0.02508186	0.11608565	0.19633625	0.15575734	0.102475986	0.07691962	0.11451122	0.1238246	0.02052771	0.041644294	0.052233864	0.13987927	0.036981825	0.043872148	0.03253186	0.03154885	0.034535646	0.10671224	0.0113275265	0.03558261	0.27578634	0.29017216	0.02827931	0.04965042	0.074084304	0.1162042	0.060504586	0.047539797	0.14118508	0.62721926	0.05048831	0.12384206	0.10106856	0.030119589	0.0736329	0.10639903	0.13793227	0.041976213	0.08911157
group7_bins.426	0.08717389	0.08900988	0.113331795	0.08133557	0.08018225	0.053510472	0.058752008	0.092427246	0.07801741	0.09891374	0.06806098	0.07213219	0.08574102	0.041139677	0.11066142	0.12347411	0.030259565	0.043235935	0.084557466	0.11754508	0.07315005	0.04823823	0.11996999	0.1210421	0	0.08814513	0.094344735	0.15575513	0.08612897	0.038811963	0.07832689	0.052165538	0.084863305	0.077857204	0.092960864	0.052365277	0.09856529	0.046495687	0.08876462	0.07048006	0.07304918	0.10260826	0.14262937	0.0921727	0.06335847	0.09693647	0.09845294	0.099323794	0.07183904	0	0.111101374	0.06434611	0.05606317	0.102356955	0.039384197	0.089612566	0.14339933	0.07251461	0.08449443	0.123329766
932_SemiBin_178	0.21041885	0.15458912	0.020185696	0.014339896	0.015311238	0.012438608	0.01797081	0.036518507	0.020186309	0.03779746	0.011673564	0.04848988	0.013419507	0.00930996	0.02135237	0.027230153	0.014221127	0.039652653	0.022793127	0.027082926	0.021764424	0.017995546	0.0368236	0.010172424	0.0087472135	0.031442344	0.042935707	0.05410444	0.027601842	0.05357279	0.014667251	0.020495357	0.013689137	0.02655429	0.025196468	0.035662934	0.07843781	0.035610247	0.031279713	0.017225163	0.0389819	0.030773317	0.020426372	0.0334437	0.01498633	0.022860544	0.024688771	0.017077645	0.015297628	0.045317188	0.020712	0.0092703365	0.07095479	0.015467285	0.049503714	0.024188913	0.049528908	0.03278728	0.04303788	0.045278274
group7_bins.369	0.022107204	0.0025027683	0.029891534	0.08487158	0	0.004858325	0.030392567	0.04484463	0.0080476105	0.005527518	0.003380196	0.025090495	0.012330413	0.022183502	0.020265732	0.0020452072	0	0.019382115	0.0036195933	0.025347248	0.018033653	0	0.017872054	0.009798506	0.013993346	0.03276273	0.011332492	0.0044466406	0.018054612	0.022663591	0.021936389	0.0041540177	0.028996823	0.042666472	0.0067061936	0.0051696026	0.04171594	0.0032802708	0.08170751	0.04577898	0.034520976	0.008272575	0.013769318	0.011695127	0.013784688	0.0057704477	0.007215875	0.015316922	0	0	0.024869842	0.015919207	0.0022888908	0.053363144	0.039540965	0.18614595	0.026693435	0.02340113	0.03333977	0.033479497
group3_bins.288	0.0263043	0.030153368	0.01742259	0.013780803	0.008248498	0.007759749	0.009393864	0.013381025	0.013664294	0.00935086	0.011034553	0.044716917	0.015086021	0.0149094965	0.0046259565	0.007509993	0.008015521	0.014640145	0.016001347	0.0064178472	0.023937723	0.027710978	0.008446195	0.0048702145	0.005671728	0.021315113	0.010254541	0.044792455	0.021641392	0.043641478	0.010830092	0.017767074	0.007225157	0.010187509	0.012904478	0.04223701	0.0166744	0.03818998	0.010066865	0.013301197	0.01708585	0.005205761	0.0052090995	0.01100954	0.0059745	0.01575624	0.015214019	0	0.007103923	0.005665668	0.010958293	0.004578055	0.007580726	0.00805666	0.0338577	0.023149733	0.008462225	0.012378514	0.018675582	0.010280669
976_SemiBin_24	4.6546507	5.4312825	13.337694	9.995716	6.789509	5.767664	8.637801	5.506329	6.463985	6.4323554	10.171605	9.131461	8.476981	20.705685	9.675065	5.3019085	7.2317543	9.397884	0.18497273	6.666994	14.335233	13.782512	10.069966	0.70637745	2.408399	8.87985	8.396059	3.738542	6.4488673	1.5062414	4.339258	5.1163425	9.19575	0.31977734	0.19220541	1.4012185	0.8627346	8.369838	2.5367599	0.15308446	1.0753225	6.0419555	5.5579944	1.730037	1.6751041	2.3496394	5.5241117	11.2244625	1.6213398	8.383849	2.6600485	1.2748634	13.309708	5.99759	1.0601058	0.47758245	2.2030087	6.9995084	6.804336	8.02741
group9_bins.96	0.06713464	0.042698227	0.055477493	0.028927408	0.05553055	0.10181491	0.032858185	0.046353295	0.07103391	0.078356296	0.03807599	0.019593785	0.047016703	0.04806908	0.042906377	0.054204494	0.052848667	0.057568375	0.062036693	0.045140676	0.036015846	0.042120636	0.050628174	0.036709845	0.04010949	0.030178867	0.077221096	0.04959311	0.077192344	0.019374369	0.05474292	0.117133304	0.08170863	0.033211704	0.038102057	0.021205127	0.054370034	0.041909933	0.07284557	0.04352773	0.023390755	0.06772562	0.07407432	0.028972497	0.07414362	0.053752616	0.042072482	0.04356141	0.04435223	0.11443254	0.04605647	0.049551744	0.047129083	0.03634903	0.03186773	0.051190272	0.039602328	0.053254824	0.04284699	0.04782828
MEGAHIT-MetaBAT2-S983.2	0.5462852	0.4641352	0.22196126	0.06154146	0.18836229	0.09969137	0.066731386	0.13989036	0.055161174	0.05404029	0.04929139	0.09601877	0.018776428	0.014823989	0.04604619	0.09290119	0.11642304	0.12437448	0.1221517	0.0912477	0.117308795	0.0336266	0.07718272	0.082532205	0.19879548	0.081862144	0.05697357	0.21629508	0.09215964	0.035611015	0.047104307	0.082872264	0.10731889	0.0432329	0.060980152	0.11535355	0.059095625	0.05311393	0.14610076	0.011095854	0.038830332	0.13074	0.107701026	0.04558432	0.10144536	0.1315397	0.083635226	0.062475014	0.10724958	0.39587012	0.09869339	0.0217997	0.18949352	0.14629923	0.050207708	0.16042763	0.08051969	0.033023912	0.06883253	0.069024056
MEGAHIT-MetaBAT2-S933.74	0.026441915	0.40113702	0.05783104	0.015530116	0.0034390844	0.015253172	0.0101863835	0.019809116	0.009786652	0.0068789697	0.006029478	0.047425114	0	0.006839683	0.0084526595	0.01974066	0.019358596	0.07228883	0.021784807	0.012527387	0.06606525	0.020206217	0.013354386	0.018958025	0.0134410355	0.0044077723	0.013069876	0.09172236	0.011169325	0.016063878	0.0138663305	0.026705407	0.011313244	0.02210513	0.025052357	0.023336312	0.0060214	0.04705355	0.07647976	0.0054560215	0.014821131	0.018348904	0.010224204	0.00894264	0.015127009	0.014722151	0.02121952	0.008424045	0.015046131	0.09472091	0.0361154	0.0032762156	0.008823444	0.02677523	0.008084352	0.051377483	0.018296286	0.008015305	0.0125184655	0.0117029445
MEGAHIT-MetaBAT2-S950.5	2.019144	2.866713	3.125556	1.103291	2.586361	3.1329045	0.9462241	1.5388538	0.80457056	1.2441474	1.1122342	0.58202124	0.21495657	0.2758389	0.5838124	1.611036	2.6111293	0.91078776	1.9143214	2.2201204	1.3013607	0.2479952	0.6937052	1.5813247	2.2170196	1.369657	0.989758	1.2700988	1.0196791	0.172967	0.5009461	0.7607733	1.9816891	0.49626812	0.4502303	0.52995497	0.44308048	0.5188014	1.8232185	0.10439229	0.18196492	3.1850367	2.8321452	0.48783442	0.4284039	1.2939516	1.0596671	0.86255485	0.7809936	2.001459	1.4852619	0.5909441	1.8030287	1.2934735	0.4092746	0.7641504	0.92554754	1.4346168	0.9472717	0.7990183
MEGAHIT-MetaBAT2-S990.160	0	0.010395418	0	0.1416495	0	0.0053850827	0.12729166	0.18191662	0.10771004	0.12254878	0.01601449	0.0081937825	0.050800778	0.031481687	0.011370879	0.0058114827	0	0.02628531	0	0.019175516	0	0.106546	0.009861734	0	0	0.21797316	0.0923506	0	0.08109563	0.19589901	0.07512145	0.025487844	0.013343135	0.04630639	0.073926084	0	0.7079999	0.05854519	0.0053206272	0.007954308	0.067029886	0.0062686196	0.03183664	0.058357734	0.027589764	0.009054892	0.0104997065	0.04843563	0.1621114	0	0.035966344	0	0	0	0.15612139	0.040686186	0.15367669	0.018100822	0.018896583	0.020560706
MEGAHIT-MetaBAT2-S973.238	0	0.02748135	0	0.030255899	0	0	0	0.010104545	0.0053700167	0.020808611	0	0.0065846387	0.010440454	0.041656177	0.0064742304	0.029403966	0	0.08119025	0.03231595	0.0054145805	0.038613386	0.037451684	0.035939544	0	0	0.019313993	0.035296448	0	0.012391426	0.029756766	0.010010002	0.067047715	0.0121990135	0.0098132305	0.020559987	0.021348534	0.029210351	0.0034664294	0	0.06639495	0.17136472	0.0043542786	0	0.051712554	0.07151071	0.06759414	0.0124146845	0.007912123	0.025592575	0	0.024520531	0.0038387587	0	0.0032142538	0.047188073	0.03106082	0	0.01881112	0.0063047945	0
group4_bins.261	0.011656654	0.0172016	0.010482599	0.027769703	0.019149859	0.013823622	0.010914356	0.004909688	0.018446684	0.02123941	0.0059387223	0.026518174	0.027148942	0.011539866	0.014412163	0.027289705	0.008536115	0.026166469	0.00884815	0.010670154	0.012159148	0.13813458	0.09312968	0.014040084	0	0.033564426	0.043557353	0.101191506	0.047233105	0.12015645	0.009017973	0.012728701	0.020114629	0.0076849423	0.02245973	0.078142375	0.04166085	0.017993923	0.015412993	0.021596313	0.04727202	0.022142543	0.011030466	0.055375587	0.019305274	0.009797708	0.010932956	0.016500589	0.022609707	0.008621098	0.016374966	0.008775394	0.009650377	0.0034103454	0.01580506	0.013471151	0.036969054	0.010629832	0.037788995	0.008597244
932_SemiBin_106	0.2932953	0.18272826	0.22367983	0.08002125	0.12084187	0.2249698	0.15190144	0.1726695	0.115681335	0.12393302	0.08663829	0.10852026	0.03890931	0.042611454	0.06847045	0.1452248	0.21375155	0.10503862	0.13847351	0.15024373	0.13938698	0.04103638	0.13360189	0.14139237	0.13432746	0.09777413	0.09631058	0.13974905	0.19979765	0.052347295	0.09925799	0.16056055	0.21817005	0.0864209	0.09545081	0.07112455	0.11609236	0.09319818	0.17859802	0.03365781	0.068614475	0.2038065	0.14829229	0.07241854	0.12973355	0.11726121	0.097938836	0.094286956	0.14812537	0.23561381	0.14649385	0.13674517	0.18508528	0.13904288	0.09104452	0.13313729	0.10754685	0.1609819	0.08874791	0.09454601
MEGAHIT-MetaBAT2-S962.48	0.12015885	0.11769266	0.06057719	0.09990065	0.04548699	0.074727334	0.05195468	0.06648324	0.109950796	0.09796394	0.051306587	0.2750174	0.02186809	0.089906216	0.06366643	0.05593572	0.032029573	0.12935208	0.10566687	0.07066778	0.17599085	0.18043756	0.1007878	0.05096222	0.04039338	0.09014317	0.13934767	0.17956883	0.08332598	0.3886512	0.103832215	0.12532341	0.07900031	0.03847406	0.27805972	0.34645432	0.110885404	0.23256972	0.12393579	0.0802348	0.22786468	0.086311325	0.07303832	0.11884373	0.07310116	0.078892976	0.11750261	0.16202487	0.05731689	0.03209353	0.11663638	0.033534784	0.0689002	0.04289903	0.2464049	0.08879268	0.055113915	0.10584625	0.12639983	0.053320855
935_SemiBin_113	0.018149648	0.03175992	0.02539096	0.4746319	0.011071992	0.038939517	0.045400836	0.039828084	0.03709097	0.034725565	0.048293635	0.07356521	0.059420556	0.080213286	0.0830488	0.018199544	0.012857804	0.030450294	0.012057854	0.037026487	0.021546954	0.13517635	0.07404942	0.010107799	0.0052194223	0.034541216	0.06736378	0.023317033	0.04287069	0.09622283	0.0674917	0.075211994	0.060953014	0.0711443	0.03558458	0.023379909	0.050931714	0.05200627	0.085039094	0.16713366	0.21720593	0.028459288	0.05506783	0.1286336	0.02813421	0.015757028	0.029272472	0.37052038	0.019423796	0.018840704	0.014442865	0.0887634	0.023455022	0.026460726	0.043740425	0.08166838	0.031931404	0.019085636	0.081342086	0.06780178
group10_bins.379	0	0	0	0.027593546	0	0.010213228	0	0	0.0061184755	0.004390183	0	0	0.04332991	0.032462716	0.02902751	0	0	0	0.008996296	0	0	0	0.008519132	0	0	0	0	0	0	0	0.011257066	0.09133129	0.029599288	0	0.00397379	0	0.036925193	0	0	0.023278465	0	0	0.0069198804	0.008025741	0.017066097	0	0	0.0050913035	0.006745447	0	0	0.025458578	0	0	0	0	0	0	0	0
group8_bins.65	0.020048298	0.03128209	0.024911933	0.06658	0.014875474	0.028325403	0.035281092	0.03809365	0.03588182	0.018599415	0.019823706	0.019044809	0.022138854	0.055324923	0.038999274	0.017032133	0.004405562	0.025781248	0.015116166	0.019723391	0.014231298	0.033711683	0.03737991	0.006585194	0.0040876907	0.013785274	0.03436148	0.009749623	0.01963671	0.042421598	0.0550474	0.05384119	0.032359164	0.021122815	0.029970655	0.011980249	0.06376387	0.05204218	0.041155737	0.031350914	0.04567033	0.018261677	0.023400752	0.024085522	0.042545337	0.018051667	0.044742506	0.05162307	0.029377509	0.025995463	0.020267585	0.028622985	0.02722479	0.027292188	0.035024412	0.015760042	0.032504115	0.017375909	0.052697632	0.021002987
MEGAHIT-MetaBAT2-S937.179	0.5607382	0.345288	0.3046582	0.04491535	0.26421362	0.2765057	0.079490915	0.19212429	0.10715305	0.10162829	0.09700871	0.16925466	0.021173337	0.005421788	0.080145635	0.16343886	0.19532013	0.15221901	0.25271806	0.2502079	0.20943135	0.06831354	0.15767004	0.15516302	0.33304656	0.1668834	0.13345203	0.42772156	0.17265849	0.05841875	0.07263817	0.09476941	0.23456627	0.059225928	0.07629614	0.092377834	0.04556391	0.07712448	0.20584509	0.017979922	0.07293746	0.3888561	0.19127503	0.09508342	0.12080975	0.17050466	0.13774267	0.09752952	0.113078505	0.3837785	0.15256187	0.054022193	0.3178095	0.18394496	0.068974435	0.14173114	0.1323591	0.10727719	0.12328668	0.11541442
group8_bins.18	0	0	0	0.16165496	0	0	0.009601787	0	0.035621148	0.045911048	0.06356359	0.008653678	0.08058283	0.14591765	0.15991616	0	0	0.03412861	0.010139223	0.012813476	0	0.044365413	0.0142461	0	0	0.024028696	0.09211453	0	0	0.027536703	0.128645	0.19967902	0.01818828	0.028057154	0.03256206	0	0.052622914	0.009156921	0.022034582	0.10779698	0.08130488	0	0.015503772	0.033188287	0.03166862	0.011539228	0.07113898	0.28694087	0.010528986	0	0	0.028261995	0.009794174	0	0.023128152	0.07881548	0.05277535	0.0503761	0.024832977	0.111065105
MEGAHIT-MetaBAT2-S951.173	0.4214992	0.5955499	0.7371532	0.13953537	0.78329945	1.2747288	0.16591164	0.35165927	0.26756412	0.32565454	0.4033258	0.19688846	0.057546478	0.06987069	0.26539394	0.41046762	0.83812433	0.24566433	1.1238943	0.7351981	0.25763586	0.0527624	0.3329494	0.5297986	1.0327349	0.53457594	0.37724587	0.513406	0.2490086	0.053045355	0.17415449	0.13607095	0.6063931	0.118675336	0.23205975	0.13711622	0.097641654	0.16680655	0.40061814	0.029912818	0.103598684	1.24155	0.986233	0.15766475	0.19423085	0.3667615	0.26752004	0.3211219	0.1799919	0.72630394	0.38474885	0.23923849	0.6779978	0.7185589	0.15301806	0.26057833	0.38222775	0.29341605	0.22406454	0.29474586
group9_bins.52	0	0.01600026	0.008042382	0.018243916	0	0	0.024046237	0.043457538	0.083921514	0.04622193	0.016153041	0.037733763	0.07409116	0.195933	0.07502071	0.018018302	0	0.04780625	0.026567828	0.033835024	0.008048894	0.031646896	0.087765366	0	0	0.07933876	0.08929509	0	0.016856913	0.011991615	0.07953493	0.08032903	0.053185884	0.06233684	0.047306735	0	0.060885668	0.093167424	0.0233857	0.028899122	0.04580277	0.009378742	0.05581904	0.10302323	0.018552737	0.027518287	0.07069815	0.0957351	0.034273326	0	0.008509445	0.026865097	0.022593623	0.009389894	0.100805774	0.040873237	0.048421636	0.012517993	0.06335028	0.07778962
MEGAHIT-MetaBAT2-S968.88	0.025855748	0.031069817	0.013256929	0	0.008326176	0	0.017070184	0.0144525375	0.011563423	0.0074568815	0.0067314715	0.020678893	0	0.01796729	0	0.012407686	0.008796555	0.025419181	0.008049027	0	0.03835593	0.017844321	0.01481723	0.0073965923	0	0.046295412	0	0.031887088	0.03369839	0.058248173	0.010979634	0	0	0	0.02461594	0.24134617	0.011280368	0.015099753	0.012320565	0.021771431	0.036593527	0.010350066	0	0.029967504	0.008402459	0.015085737	0.009418836	0	0.015270603	0	0.009791601	0	0	0.010404984	0.018158091	0.018869083	0.009882764	0	0.009075551	0.008739142
MEGAHIT-MetaBAT2-S957.66	0.11986926	0.13239811	0.11321312	0.03413584	0.10803313	0.10722472	0.06735902	0.08606567	0.049122714	0.049101703	0.05603827	0.048215903	0	0.014547244	0.023323089	0.054985467	0.11654334	0.060376123	0.18109879	0.077250436	0.08261302	0.016540105	0.04343184	0.07200892	0.18913917	0.04016089	0.03703024	0.10362483	0.088018745	0.018487338	0.05994668	0.04499383	0.106760606	0.042150315	0.041057136	0.10147248	0.034539446	0.046048265	0.08681313	0.011291681	0.029409891	0.10742423	0.078475684	0.0570549	0.06445948	0.08340121	0.0667159	0.060148764	0.056671225	0.15838994	0.12791361	0.02449109	0.12163702	0.10423372	0.019931853	0.09493743	0.042946793	0.05911927	0.03647686	0.0561832
MEGAHIT-MetaBAT2-S944.127	0	0.020735612	0	0.03672894	0.013592171	0	0.010151139	0.020059876	0.01363877	0.02720515	0.02895513	0.29240325	0.012311326	0.029304212	0.099099055	0.0073378533	0	0.008956543	0.012321605	0.00818662	0	0.0076225037	0.00884104	0	0.00525294	0.007898132	0.026742961	0.00800502	0.0069109583	0.016610041	0.049131293	0.07407739	0.0061476296	0.024496078	0.009903477	0.005726797	0.01275901	0.03253604	0.017285423	0.021704027	0.017006548	0	0.013837238	0.051144328	0.046225663	0.046185292	0.04279363	0.018481554	0.012995478	0.0066930573	0.023446063	0.0065565812	0	0.028617395	0.022956237	0.045418095	0.007584355	0.00779695	0.038473044	0.022645563
956_SemiBin_215	0.08778791	0.11866676	0.48591456	0.10609391	0.34765834	0.14973322	0.394261	0.23878273	0.086981125	0.20037325	0.10268349	0.023217203	0	0.038827013	0	0.16408306	0.39632216	0.16939454	0.6370597	0.24864484	0.3118744	0.10213664	0.13834329	0.4273633	0.5651853	0.16899043	0.2346667	0.035167463	0.33828595	0.3307446	0.08178663	0.08634278	0.09429086	0.0942109	0.37757397	0.14217521	0.16288005	0.118972376	0.14113544	0	0.0744485	0.3361756	0.29213238	0.12722817	0.23687859	0.24321876	0.24010234	0.2289451	0.3266312	0.22463803	0.78665566	0.12832496	0.348005	0.23933864	0.024822757	0.27147874	0.05418989	0.3498083	0.1449163	0.1397515
MEGAHIT-MetaBAT2-S945.92	0.035109133	0.08638938	0	0.03734693	0.25028986	0.101045735	0.021709304	0.030341463	0.246102	0.24231641	0.6874255	0.10746389	0.21907333	0.055348985	0.057109825	0.114065446	0.29685926	0.05095815	0	0.34498516	0.02374445	0.017327564	0.04274649	0.044808034	0	0.22825114	0.09294795	0.045018982	0.07335731	0.025252664	0.19376169	0.025979958	0.036404967	0.039545298	0.16382708	0.022402586	0.10394368	0.0893986	0.60660625	0.056806333	0.06327835	0.38642776	0.24571566	0.09672407	0.0314854	0.039374392	0.17143422	0.3324236	0.09999713	0.054631744	0.11632741	0.04118959	0.26402938	0.42724964	0.081961915	0.018096508	0.5134322	0.15827455	0.30673298	0.73980546
MEGAHIT-MetaBAT2-S971.164	0.04988317	0.03924308	0.038253594	0.008237127	0.0264526	0.093319975	0.010292579	0.018816192	0.012090447	0.011437909	0.010683556	0.03510898	0.0106793195	0.00805422	0.012228422	0.047940638	0.016023338	0.01700882	0	0.009317028	0.03362435	0.00774287	0.018746765	0.022001635	0.030574858	0.010593706	0.019536514	0.018292028	0.04497454	0.013147343	0.011698282	0.01306422	0.016538814	0.009557903	0.023377197	0.012020791	0.0107619185	0.007443789	0.16858552	0.006848521	0.05136599	0.015651241	0.018927205	0.015453136	0.017858196	0.018554807	0.011917788	0.010538883	0.029371789	0.093101144	0.01932842	0.006902235	0.022076897	0.010631958	0.0069511537	0.050202366	0.033789676	0.03208906	0.046448052	0.013816835
MEGAHIT-MetaBAT2-S935.32	0.034744594	0.016894467	0.07823856	0.27974308	0.007266425	0.03919008	0.04960964	0.033240557	0.04401044	0.018914048	0.009304959	0.018183568	0.05081429	0.14252736	0.095967	0.020283826	0.03629302	0.068750285	0.016563036	0.0062323483	0.023785671	0.07063501	0.0967137	0.016646074	0.0062059085	0.033424847	0.0334768	0.014570554	0.041512236	0.05912702	0.11292644	0.14756662	0.023985248	0.035304215	0.0874005	0.035238065	0.04574486	0.034165654	0.012993589	0.07284842	0.08538339	0.020825857	0.024199216	0.10741433	0.0356919	0.037192535	0	0.0070473305	0.08015635	0.01300264	0.015720857	0.08770828	0.022902878	0.024900032	0.06493834	0.052317508	0.053736016	0.033503037	0.05392281	0.05732247
MEGAHIT-MetaBAT2-S960.199	0.018353686	0.07824861	0.015153593	0.034561753	0.04533696	0.011913445	0.01767904	0.0063014217	0.124688335	0.08320747	0.012671564	0.013587476	0.017733544	0.10742717	0.04668768	0.03990666	0.017152004	0.013805729	0.0061544944	0.019368578	0.0438841	0.02838326	0.008093161	0.043151896	0.042371087	0.009100465	0.02808041	0.40320498	0.05186202	0.025639955	0.10306679	0	0.037423696	0.031977057	0.005626206	0.01728662	0	0.025768753	0.010599933	0	0.006621646	0.016492477	0.013465169	0.009093132	0.013783976	0.02647213	0.01228399	0.020163137	0.014171019	0.038620528	0.012818761	0.020526286	0.11388196	0.06395669	0.0088158315	0.050664462	0.11139342	0.011108608	0.009245547	0.031540968
MEGAHIT-MetaBAT2-S988.9	0.0031556329	0.11001781	0	0.035160422	0.017734496	0	0.014322048	0.025157548	0.0037003655	0.047237195	0.064758986	0.0046718083	0.011259641	0.006419839	0.054908622	0.07238669	0	0.042795725	0.060817022	0.0035489146	0	0.010908298	0.0039002236	0.00933009	0	0.055598393	0.027979802	0	0.021068448	0.042513732	0.008573276	0	0	0.004004244	0.032449946	0.011087144	0	0.0029505363	0	0.0147345355	0.028218659	0	0	0.17550685	0.005467101	0.07538098	0.033266418	0.12209898	0.005346278	0	0.070061214	0	0	0.048566796	0.26275602	0.023087375	0	0.017784389	0.02521438	0.004860997
968_SemiBin_97	0.043487787	0.026236115	0	0.011280663	0	0	0.01368833	0.015190769	0.014433852	0.015596467	0	0.011139145	0	0.010200161	0.014511464	0.012310554	0	0.029350694	0.022537937	0	0.028373359	0.02599689	0.029990977	0.013830775	0.013855432	0.009519767	0.012288418	0	0.014003513	0.010724647	0.01642794	0.017611515	0.013935123	0.009000638	0.0117969485	0.38506058	0.01473575	0.009134873	0.019509578	0.009583336	0.011185854	0.020354062	0.026243148	0.010086243	0.010362485	0.010869933	0.012744127	0.01903301	0.016253108	0	0.031889312	0.010204063	0.015471768	0.013014427	0.006681188	0.027984492	0.025433764	0.01759377	0.01051394	0.013648937
MEGAHIT-MetaBAT2-S944.84	0.23912193	0.22060934	0.09981638	0.109424405	0.11273292	0.041519273	0.05730723	0.23497312	0.081426434	0.08236912	0.03843034	0.7858911	0.045816224	0.065419585	0.047017653	0.09580879	0.081349716	0.19351898	0.16216329	0.06793506	0.3410457	0.053431973	0.12726162	0.048291992	0.07587645	0.1069234	0.06841346	0.35110518	0.094339915	0.2489266	0.037422366	0.13551448	0.116205834	0.085510604	0.10745198	0.35804558	0.083541095	0.08913614	0.059430756	0.053742427	0.15430042	0.08727395	0.034887332	0.11297446	0.058597427	0.19343027	0.10170065	0.045418482	0.043505643	0.08927232	0.13477938	0.034896012	0.08964616	0.08679215	0.18090545	0.124551766	0.06212116	0.05454182	0.052797735	0.057658393
960_SemiBin_66	0.041807715	0.0835664	0.031140596	0.0072890418	0.055845473	0.03596291	0.018945822	0.013257324	0.024422457	0.022565547	0.0057503427	0.018225832	0.019105816	0.052821424	0.0026299886	0.029636117	0.0644795	0.08360819	0.025151035	0.06451035	0.07496428	0.015149113	0.068772495	0.09915233	0.083384775	0.07345811	0.03332904	0.3209734	0.045223944	0.018561978	0.047447924	0.044653177	0.023397518	0.010021087	0.07932086	0.04929611	0.021447547	0.005900866	0.016332941	0.0041100783	0.03527523	0.1807877	0.0646807	0.041764963	0.0144763	0.009929672	0.009515841	0.0060301833	0.03936079	0.042362146	0.022229651	0.0069766603	0.041646875	0.019145539	0.010765417	0.02803524	0.03263782	0.043727927	0.00812955	0.03615695
MEGAHIT-MetaBAT2-S970.110	0.016676744	0.06379854	0.003948582	0.091780856	0	0	0.008839468	0.0074091936	0.016653053	0.008477224	0.009455376	0.03478679	0.13711324	0.025818007	0.010029172	0.0047837524	0	0.04651638	0	0	0.10955155	0.12370693	0.05793412	0.005174569	0	0.013862142	0.037899684	0.05355051	0.07813311	0.013249809	0.045954127	0.13679655	0.033037763	0.027562898	0.023482837	0.0119160935	0.08456644	0.2295814	0.006464199	0.039087296	0.025858844	0.011236979	0.009553218	0.023726847	0.023893146	0.0038732155	0.0042350176	0.011123125	0.008103634	0	0.004590651	0.008452001	0.004338199	0.008567647	0.02343715	0.008639301	0.0047953753	0.0068746195	0.020245908	0.005229733
MEGAHIT-MetaBAT2-S964.110	0	0	0	0.024634698	0	0.010957863	0.0047452436	0.0048204907	0.08676856	0.017372867	0.011408422	0.008054603	0.0453781	0.012015668	0.022645706	0	0	0.008215573	0.0061466037	0.0108295875	0	0.012476265	0.01023565	0	0	0.009310095	0.010279856	0	0.0059623322	0.011285585	0.030092778	0.26258317	0.0062934086	0.011404427	0.00804616	0	0.025719201	0.013874022	0	0.08379325	0.013163071	0	0.0071555637	0.029142197	0.0122733805	0.0039753052	0.0122789685	0.025113083	0.009419459	0	0	0.05152601	0.005536289	0	0.017507818	0.0078101833	0.005445887	0	0.01448722	0.011081967
991_SemiBin_110	0	0.021826377	0	0.028075729	0	0	0.014189582	0	0.033739302	0.037871443	0.02294199	0.025637489	0.041822553	0.07436346	0.020737346	0.024520984	0	0.018002506	0	0	0	0.042525623	0.027302863	0	0	0	0.052928764	0	0.017033806	0.059227973	0.028974975	0.033241842	0.06895596	0	0.03258012	0	0.102453396	0.03854305	0	0.025044903	0.054572035	0	0	0.016847208	0.024173938	0.02689523	0.03104441	0.09007607	0.009858541	0	0	0.036157414	0	0	0.046080284	0.06725589	0	0.18316452	0.012126627	0
group6_bins.56	0.048173983	0.0765832	0.056030538	0	0.035197042	0.059238933	0.048764244	0.051025447	0.012045183	0.018029664	0.021798352	0.031246023	0.0073892036	0.004632737	0.006341721	0.04459617	0.055097546	0.054148044	0.051372256	0.040163185	0.062428553	0.01491416	0.034800317	0.04288081	0.037377987	0.018068738	0.024021557	0.0532454	0.06548253	0.011457168	0.02072483	0.041253608	0.054247458	0.027702145	0.053636007	0.069769375	0.018491367	0.0318379	0.091515884	0.010116282	0.016264353	0.06816948	0.057541855	0.029199548	0.03854006	0.028642122	0.03277958	0.014072635	0.026911344	0.0746182	0.039588775	0.01796059	0.049890723	0.023247138	0.031398024	0.046321776	0.02692065	0.056512207	0.046616446	0.025491389
969_SemiBin_208	0	0	0.0056299414	0.2725039	0	0.04087099	0.021794593	0.005793089	0.1170166	0.14928778	0.023640031	0	0.3094412	0.19841427	0.20363136	0	0.014866153	0.026614929	0.071706094	0.0125939865	0	0.058563918	0.18763363	0	0	0	0.008065644	0	0.005965444	0.027359778	0.07537149	0.22221598	0.009634664	0.005895224	0.012808839	0	0.25561428	0.010740448	0	0.3496948	0	0	0.023323502	0.060869187	0.021880588	0.008001722	0.040057294	0.014271939	0.19304013	0	0	0.18437193	0	0	0.033820894	0.031845495	0.015486853	0.032077562	0.013921949	0.034895882
MEGAHIT-MetaBAT2-S988.125	0	0.042478785	0.0272395	0.019286064	0	0.010695868	0.050924737	0.073318206	0.022559932	0.022470547	0.015555249	0.10296678	0.048665147	0.025617188	0	0.02678852	0.019125424	0.030944435	0.02038872	0	0.02777673	0.03840375	0.05266865	0.009667184	0	0.023972582	0.027468402	0.015152534	0.04692406	0.044339966	0.08780988	0.036936745	0	0.039474662	0.029914847	0.02639419	0.17738102	0.041723132	0.013052082	0.0578701	0.027595414	0	0	0.039401013	0.03575131	0.044235628	0.035761632	0.042321783	0.03326541	0	0.021099957	0.031757925	0.01612665	0.015811747	0.08739538	0.039563708	0.04690089	0.022990502	0.026034296	0.017176092
MEGAHIT-MetaBAT2-S993.96	0.03148057	0.037588455	0.054005526	0.048186313	0.021590468	0.15349105	0.050617345	0.04986691	0.040520426	0.051345225	0.021981234	0.033782564	0.04065246	0.037977412	0.020193722	0.10819716	0.19800703	0.04668648	0.04545357	0.037674017	0.03422581	0.032331146	0.062518634	0.10094151	0.09373506	0.05265907	0.023918701	0.023235992	0.031978536	0.030969996	0.039128035	0.04078413	0.054738842	0.044450767	0.035588343	0.038793985	0.07161108	0.05641224	0.06718275	0.023638336	0.038192704	0.076159425	0.29247925	0.06890013	0.09698431	0.026582932	0.10868813	0.04214392	0.056466367	0.12715183	0.039608467	0.010685278	0.057425525	0.05556219	0.030208232	0.029216882	0.12465594	0.03942506	0.04253407	0.2684224
965_SemiBin_146	0.22781761	0.27169865	0.3696826	0.19608045	0.25010926	0.5097707	0.1298971	0.32350275	0.121018924	0.16626671	0.20500845	0.19704954	0.10166324	0.3208562	0.12290412	0.24333955	0.4035118	0.30857924	0.3092062	0.32422957	0.27428973	0.0982711	0.4862674	0.34569663	0.21628715	0.17673002	0.46323875	0.3004999	0.24886031	0.15057032	0.07650353	0.40658963	0.4886126	0.117435254	0.29603174	0.33941364	0.33648586	0.16652542	0.31606206	0.038295023	0.12342873	0.36706126	0.34405178	0.1610119	0.23999591	0.2591063	0.16749203	0.26424304	0.12647808	0.3322503	0.24821705	0.2466506	0.1768609	0.18809912	0.30453113	0.2382515	0.17508611	0.24874449	0.24033038	0.15275453
990_SemiBin_269	0.056313634	0.029098103	0.044100616	0.015693676	0.06670954	0.035546258	0.102015354	0.02502796	0.03485985	0.05253734	0.027744556	0.031039637	0.007258576	0.03596817	0.02000883	0.044643927	0.027602611	0.023000803	0.014533726	0.11980567	0.06287534	0.015108865	0.008255694	0.078402385	0.05950555	0.019790094	0.010377679	0.18657039	0.063592754	0.013749679	0.05203307	0.035546545	0.021559807	0.009704784	0.017541835	0.0073654535	0.04611751	0.037848435	0.080818556	0.005287589	0.015355594	0.13974018	0.16853252	0.007956345	0.014373405	0.035873502	0.053255983	0.043082893	0.026083969	0.06457541	0.0891334	0.010307232	0.101442814	0.06013867	0.01784163	0.010372919	0.17871445	0.09808215	0.031865556	0.12310846
962_SemiBin_52	0.022110984	0.030695178	0.024645867	0.022757987	0.032332815	0.020385657	0.01594701	0.024366017	0.027477209	0.03028784	0.06826748	0.027756989	0.054017447	0.008135393	0.022753594	0.022922944	0.025234856	0.02773249	0.025041342	0.051130526	0.04884852	0.11510524	0.07096459	0.018083092	0.014670115	0.06972786	0.09057198	0.051143147	0.024444137	0.24459176	0.019466992	0.045737475	0.03812713	0.029371811	0.0872303	0.028243985	0.040898662	0.07787265	0.026238052	0.033836275	0.19050232	0.02448362	0.03357171	0.049412295	0.04884809	0.020594347	0.019225352	0.026550451	0.025041092	0.0074520493	0.01976887	0.01648516	0.016315546	0.01924805	0.018277943	0.018576223	0.019572247	0.03151865	0.02983245	0.018457111
group4_bins.196	0.025505155	0.021041626	0.014087594	0.008059251	0.0068645542	0.02094864	0.009383354	0.036504734	0.032347113	0.007729196	0	0.008762082	0.048360333	0.01657782	0.030809123	0.028472943	0.5053486	0.044193543	0.009627976	0.031702757	0.17877053	0.049225662	0.015367859	0.016910702	0.016207363	0.038040224	0.016447904	0.015005236	0.034653824	0.0056735454	0.056412168	0.012853487	0.018183146	0.02262063	0.010738787	0.0115978	0.013948112	0.02511661	0.010285125	0.0575707	0.012221092	0.026778147	0.08313067	0.014185111	0.0085766	0.012922937	0.003025112	0.007980736	0.055442758	0.024329666	0.03862507	0.035963334	0.0148091735	0.029013539	0.005892711	0.011260951	0.025290785	0.016084557	0.004524491	0.018144265
