"Bin"	"X932"	"X933"	"X934"	"X935"	"X937"	"X938"	"X939"	"X940"	"X941"	"X942"	"X943"	"X944"	"X945"	"X946"	"X947"	"X948"	"X949"	"X950"	"X951"	"X952"	"X953"	"X954"	"X955"	"X956"	"X957"	"X958"	"X959"	"X960"	"X961"	"X962"	"X963"	"X964"	"X965"	"X966"	"X967"	"X968"	"X969"	"X970"	"X971"	"X972"	"X973"	"X974"	"X975"	"X976"	"X978"	"X979"	"X980"	"X981"	"X982"	"X983"	"X984"	"X985"	"X986"	"X987"	"X988"	"X989"	"X990"	"X991"	"X992"	"X993"
"1"	"932_SemiBin_102"	0.319338558057726	-0.261508896390708	0.0700497233941633	-0.656589740078941	-0.096998152251615	-0.0606464010778156	0.187944199235971	0.283895218689587	0.146669435006473	0.214642984584622	0.544876795831365	0.0917441365291749	-0.157280678884157	0.684836926269337	-0.118942822954759	-0.28660205549498	0.284297613738112	0.123926989555926	0.00767427198736659	0.377909779595121	-0.0892808339040476	0.118856267431027	0.659883946876704	-1.04878168254064	0.726721938195291	0.108274680871026	-0.0249783222851478	0.243072725845144	0.739489857336437	0.486726650640746	0.852122079670931	-0.0645205367321093	-0.657991359625667	-0.567126722451485	-0.743418106877205	-0.539017151511187	0.226323393613832	0.0039099223883472	-0.120507776355273	0.302716239540507	-0.524360346761584	-0.482081034288746	-0.696070007326878	-21.3987085160415	0.338639445337783	-0.000629760695362691	0.28370269796154	0.0560887137913477	0.0341426811264549	-0.0716274295818025	-0.0657361466065458	-0.174620877042689	0.0708630689020993	0.106987547054524	-0.0151291527088544	0.597335352490195	0.130944590059131	0.38216443781403	0.586727101459613	0.0880041396066655
"2"	"932_SemiBin_106"	-0.0660113795013491	-0.414948345649926	-0.486641022644871	0.243329964432402	0.221750681951865	-0.766840518709004	-0.0532574032443263	0.246964417181947	0.676735438068403	0.586738230664922	0.342779027621848	0.0271224904370406	0.393830678490443	-0.273840007064269	0.772429969635204	-0.0399153406582098	0.527809173075124	0.42584325299706	-0.096261099574491	0.226327756800304	-0.204809931157042	-0.938702176691281	-0.00863004298561165	0.15381159784834	-0.171893350718926	-0.505411769953022	-0.599931491007724	-0.225612076200996	0.113141546572995	-0.581181241707244	0.182849989525709	0.196996701289602	-0.193478392343797	0.0281935580267572	-0.841049502904627	-0.90526956872364	-0.0294481330700433	-0.108077791727212	0.0402324240256275	-0.746837969223639	-2.09354398865194	-0.492145100768557	-0.267338510184023	-1.69451312472757	0.124343306085823	-0.5168600436243	-0.0653763410723895	0.464754742146828	0.342312741656683	0.522024019581082	0.159092385280001	0.624712894406128	0.349555909093902	-0.0213659750161073	-0.321921969410346	-0.275115089071334	0.320822951629084	-0.394301294110842	-0.122908923119521	0.736098282077634
"3"	"932_SemiBin_124"	0.697994150961117	0.0281457450295362	0.358886314153182	0.12591469155221	0.418981648833312	-0.273729214140927	0.100707679070349	0.31270506873977	-0.00799165255447143	-0.113600571087987	-0.0466714856744668	0.237927551453075	-0.0859002377653422	-0.589626960197105	-0.00272719660451237	-0.63477361005179	0.0158469576347464	0.264767813343239	0.121896286476993	0.578925025149522	0.107550031730647	0.686871229412753	0.700282805558809	-0.593801723260411	-0.449720892801346	-0.599445635413694	-0.058898369198265	0.457892594842817	0.17415419467089	0.353497027008185	0.0581146508125521	-0.674569584400993	-1.20037816738571	-0.407994334239928	-0.254123237792347	0.195121810016507	-0.177036731147852	0.414693350313286	-0.10997373131247	-0.774538845442509	-0.7898483273476	-0.94876397333432	-0.430723510850988	-1.44070889211999	-0.0448256664470197	-0.204546454494475	-0.10777058672066	0.111216975113479	0.111322345056994	0.481521552057047	0.105086093825247	-0.171341732497902	0.0855667609801989	-0.654178611819845	0.296879664981192	-0.102296278045489	0.0967487206057625	-0.304297526677748	0.0511921003542151	0.172060811735982
"4"	"932_SemiBin_153"	0.800719551189251	1.86373095056326	1.15539995177428	-0.506960539708394	1.8731162793399	-0.203846715102955	0.543110966232518	1.16128794647794	-0.22835016726278	0.0544455306173441	-0.441985966512823	0.490153980653631	-0.292172790111506	-1.15514873792663	-0.335877849443486	-0.582798563332969	1.07137662068654	0.787458351663268	0.432491706504972	0.588948191675772	0.573389351689123	-0.856198742915184	0.447821894822209	0.454209760920222	0.357628875180587	0.203564257044999	-0.313376578219061	1.85155406535966	0.906338480221553	-0.942361246815893	-0.43218530319135	-0.144301736489012	-0.299592652389401	-0.222844439296757	-0.294278609432534	1.18914052975452	-0.197358957269895	-0.691404484490482	0.184913232735747	-1.29445379706216	-22.338842733411	-0.472662447086663	-0.941922673037628	-0.101527986489812	-0.403867089041444	0.18021675403619	0.0276571546686624	-0.055650177253999	0.915586829779914	0.73841554803061	0.572218248051424	-0.0346973924396101	0.520531318426142	0.516942213137203	-0.551058038677224	1.12640101024108	0.423074217271036	0.194331088017501	-0.393173358807116	-0.163434122092535
"5"	"932_SemiBin_172"	1.96289928949472	0.816177034504149	-0.407532731604904	0.44347690284238	0.0313894842835118	0.544687828736909	0.347648425290546	-0.0874584201706146	1.16887781240699	0.491411817434483	0.602799899442716	-0.112931000705149	0.397261396853172	-0.374348938773679	0.95723183599828	-0.0819960365432619	0.253752447171903	-0.695970061347614	-0.880095651503254	-0.148604448626005	-0.655065220911284	-1.09708519948193	0.42442484614056	0.419243113201473	-0.491092691346581	-0.676343838205664	-0.671671374519831	-1.53641204051044	0.170707286341258	-0.79293147299518	0.0761010303034251	-0.206720456727684	-0.374076480722025	0.00627504714279681	-0.899763081171352	-1.70397262333752	-0.403003566879565	-0.829062123634454	0.27404469454438	0.453929621793357	-1.64519097279959	0.0371092192484479	0.112240952695807	-3.15533647632324	0.376897341721484	-0.846351139962562	-0.240032398473057	0.433871273905317	0.156525465983695	0.328586324318278	0.210212018329049	0.566504758879971	0.249090907205826	-0.444124692803773	-0.845183018058638	-0.576927822124671	0.80356817503703	0.337883861415019	0.0576324659567895	1.00977927784326
"6"	"932_SemiBin_176"	2.02798088056287	1.05531921602488	0.796321817855309	-1.14007660933446	1.68240623589478	0.971919165584726	0.0335001170471436	0.146532406277181	1.64690179524122	0.84362963323912	2.14908946656514	2.59426057600361	1.25591032542601	0.418025510484132	0.910702719360687	0.837729425306144	0.403184741197181	0.757927690973056	0.394414060576877	0.728959399667593	0.0799692800541596	0.597853881594564	1.60690082471628	-1.43884138263867	-20.5320051104196	0.145842141193955	-20.5320051104196	-0.433708928859267	0.618463501789089	-0.798748346074853	1.01147592438065	0.261654365907225	0.624572680167176	0.659635230318799	-0.962327156295108	1.07824252031049	0.78959380384954	2.06440866690207	0.836759082310865	1.14910543689824	-20.5320051104196	-0.205143538905311	0.820098077158042	-20.5320051104196	1.15801215639191	2.27177835834318	0.717427678585169	1.82705454439059	1.05412353792701	-1.31621048865529	1.5133066641243	0.597699721911337	0.0988893093156396	-1.19295425392267	1.2001149968368	-0.844088850705616	0.849269598049951	1.0899437926388	1.19966239824684	0.961500660738502
"7"	"932_SemiBin_178"	-1.28293500708868	-1.28293500708868	-1.28293500708868	-1.28293500708868	-1.28293500708868	-1.28293500708868	18.7380637448403	-1.28293500708868	-1.28293500708868	-1.28293500708868	-1.28293500708868	-1.28293500708868	-1.28293500708868	-1.28293500708868	-1.28293500708868	-1.28293500708868	-1.28293500708868	-1.28293500708868	-1.28293500708868	-1.28293500708868	-1.28293500708868	-1.28293500708868	18.5849398903471	-1.28293500708868	-1.28293500708868	-1.28293500708868	-1.28293500708868	-1.28293500708868	-1.28293500708868	-1.28293500708868	-1.28293500708868	-1.28293500708868	-1.28293500708868	-1.28293500708868	-1.28293500708868	-1.28293500708868	-1.28293500708868	-1.28293500708868	-1.28293500708868	-1.28293500708868	-1.28293500708868	-1.28293500708868	-1.28293500708868	-1.28293500708868	18.1031486078393	-1.28293500708868	-1.28293500708868	-1.28293500708868	-1.28293500708868	-1.28293500708868	-1.28293500708868	-1.28293500708868	-1.28293500708868	-1.28293500708868	-1.28293500708868	-1.28293500708868	-1.28293500708868	-1.28293500708868	-1.28293500708868	-1.28293500708868
"8"	"932_SemiBin_216"	2.45861434649092	3.6478328782062	1.95509467890114	2.47186515712799	1.8214374966314	-18.8227403915551	3.60888306670857	2.54240123423841	2.83254771972996	1.42989034198407	1.29039295596867	1.86066878651389	3.56926366452849	-18.8227403915551	2.38078273425433	0.813009498965869	0.612887921124797	3.75815593443205	-0.519906804322006	-18.8227403915551	0.942046499486034	2.70822347707762	2.57663498883525	0.286138821786515	-18.8227403915551	1.98535148048077	2.68902854960411	2.59140005106901	1.88897243208413	3.71494932704677	2.55594729121666	2.51606144155038	-18.8227403915551	2.24283778403952	2.37889386409643	2.10706732723598	3.50415951593998	2.58353063728423	0.0365406335529981	1.49775389480335	1.46232003176296	-0.26261282837873	0.90038201972758	-18.8227403915551	2.87003665115732	2.30201182497284	2.35487251839468	2.70101702985437	2.84518335629095	-18.8227403915551	0.584943918347612	-18.8227403915551	0.946407358344365	1.27956307926089	2.46024873062903	2.40776719118433	1.71923925136757	1.5299394205613	2.0695790584647	0.760608461766113
"9"	"932_SemiBin_237"	-0.337778399917014	-0.534661912112184	0.0596819644233637	0.320775833771442	-0.248528037589535	-0.451672583974633	-0.10310119389172	-0.140714670083835	0.457575775049099	0.156512595722659	0.262407152061619	0.44751990241836	0.0741009192606423	-0.469771222367761	0.247250027451518	-0.244659683335806	-0.0673284008008057	0.528327922482278	-0.625046640040743	0.17412546999752	-0.408021041983464	0.185793424701393	0.349392687549112	-0.701249019217977	-0.705892730726416	0.1127756536477	0.150557148008775	-0.406391457929439	-0.231671307921384	0.313089145420037	0.601286950363364	0.0561485957774233	-0.741615946946909	0.0588186813567582	-0.318852269893576	-0.858050759090545	-0.0259310086594997	0.0209567642033681	-0.462438835136766	0.136426817437629	-0.432002623545533	-0.616477827702911	-0.201085528110528	-0.943504738134241	0.311797312392434	-0.207081722360683	0.191254868604935	0.423919119637094	0.22784725283738	-0.175818682122343	-0.152871201750531	-0.0617851636280324	0.141904020513387	0.0321340048584577	0.112656361126656	-0.352298975462602	0.317418462914297	-0.300036687161972	-0.0471309774655424	0.532854473932203
"10"	"933_SemiBin_193"	0.0898797676924632	0.353641153888377	0.0743969874975567	0.0719840588405081	0.259245195708201	-0.336657197850586	0.415904575474989	0.24813837946004	0.278117431230252	0.547396067783154	0.339556655207704	0.199482696259976	-0.0768470279838667	-0.833973788894693	0.527121337234942	0.409124858558089	0.414423319873962	0.373728426900505	0.0568945993246608	0.35142465275937	0.562932621959856	-0.105014579440854	0.567787455068888	-0.0931628930937904	-0.156316951678522	-0.305875795167307	0.39351647165493	-0.23537140276483	0.41795043340153	0.0497927113070844	0.123363581946316	0.162010943026361	0.121360041709373	-0.474039971126053	-1.1754542442111	-0.638029216162237	0.0240902961640579	0.47624832222417	0.441504778999143	-1.11159977156044	-2.50082449003961	-0.25048628494516	-0.163500851039115	-23.3937951283009	0.224597247596907	-0.0611737200510589	0.137484053445215	0.341704652985688	-0.166264586920109	0.846607623191189	-0.00399837648378476	-0.146622843291509	0.720483628712143	-0.297762498513134	-0.357287550360352	-0.0635214988551915	-0.00550463965292369	0.327572410874307	0.177876377555608	0.28105030934259
"11"	"933_SemiBin_252"	0.273742114479532	0.427069612356041	0.348088859425458	-0.508432729048469	0.485974801867838	0.088221855047073	0.264958939534448	0.00766859547042387	0.477055263289233	0.336035164857643	0.0940749655229425	0.52369991161175	-0.315987530930781	-1.0958380517928	0.254010514192603	-0.0285775895621034	0.428366324636522	0.00421499594316277	0.037245675567636	0.327164246956207	0.152001344649441	-0.406051325232509	0.230428468204567	0.18888312814993	0.0616749619000263	-0.263509116349604	-0.0562119376762631	0.271528599038091	0.169189223342786	-0.506482267332935	0.640109309904287	-0.371365939046766	-0.0546468166483463	-0.433588684091688	-0.0366235933085033	-0.321032464024932	-0.632775243392918	-0.403244958894883	0.0915553009491621	-0.268207924587265	-1.89064416943968	0.271220965492412	0.228619236718397	-22.316449874819	0.187401522439949	0.0916199165038449	0.519480538446571	-0.179991172466118	0.539200548115749	0.784344830861336	0.36965977196823	0.296461249431952	0.706345447285528	0.288370056537189	-0.168455887206738	0.228882413910834	0.445409267859053	-0.043164634054274	0.325302042276683	0.434829916592615
"12"	"934_SemiBin_124"	-0.161561882972161	0.168515024589997	0.462432775033004	0.371901959068218	0.3123398114282	0.000102633151811915	0.64955745451746	0.0950396991017763	0.674327913117265	0.821538740676608	-0.145374944481415	0.21098510871947	0.126534848141803	-1.53134585458359	0.24464166495787	0.029984156345229	0.514917749873616	0.60408682168468	0.630814783880554	0.445847961203794	0.493467253407185	-0.0697040409893974	0.88763713300966	0.288635438830346	-0.549775690851595	-1.70845079692887	0.203067124510853	0.119458761141527	0.515923585970452	-0.53117358709192	0.638134655431739	-0.433362283664505	-0.67795565449605	-0.797050921312517	-0.741767948266875	-0.310396559200406	0.165085596862948	-1.21681973385279	-0.121351303934694	-0.442322096980369	-1.60282044361865	-0.646919584807523	-0.165124796614094	-21.1868204180515	0.91936131494475	0.246405528771733	0.256546818426326	0.409244407920816	-0.272101181333865	0.391375418775676	0.662299507197667	0.369851392735708	0.400775736560886	-1.99833652591828	-0.645305507105292	0.53309027155153	0.276459650789522	0.730200678817	0.350385462241578	0.188164703589194
"13"	"935_SemiBin_113"	-1.37951859331459	-0.533387590763123	-0.461760682156186	1.14643989178168	-0.182393139949845	-0.689109456017328	0.172248937176261	-0.290624512150276	-0.163743811016392	0.690622628889774	0.960544618029081	0.343276501382105	0.0292142861316655	-0.573111571254882	0.469839707713186	-0.114021968082127	-0.109196374426658	-0.0177025825908057	-1.00726599618174	0.185818771304538	0.00871119939485876	0.301254588678269	0.932034152510577	-0.768823377418912	-1.09772391956952	-0.182205365652797	0.375902949847421	-0.361372168848175	0.330818690752402	-0.454053535675313	0.288971286285837	0.123412880427503	-0.295911813302535	0.0745892171544762	-0.567202861426487	-0.384589181383308	0.045528954399586	0.515096525531697	-0.032732781342264	0.124387421627044	-0.731574127970888	-0.583228794409571	0.162441729423124	-2.85071662308577	-0.391725028718955	-0.747181320204198	-0.610479343180486	1.25739778328066	-0.457079982866928	-0.359332608022055	-0.570399150586355	0.591202893528889	0.0854461659968555	-0.0760602751398691	0.0898935123136173	0.316922346910764	0.00424166843006724	-0.427723887882794	0.256614202359867	0.561232619588577
"14"	"935_SemiBin_192"	-1.21119658303788	-0.336025172612713	-0.16654180114739	2.26733026764709	-0.805321138500364	-1.49504957019251	0.0734396095090188	-0.492222069925519	0.22748337249352	1.12489282995878	-0.593432905541024	-0.479312483676191	0.346319714796584	-0.0761353057388039	1.39989419075674	0.0165598187070488	-0.763299046818243	-0.306856122076915	1.05117499696278	-0.64341569591187	0.436141743608609	0.634970801018063	-0.446819398414261	-1.18099168017607	-1.25883318552238	-0.749903303776383	-0.587743045662679	-1.11919796117111	-0.47992873834714	0.192530238859328	1.15231377520288	1.33531223855245	-0.923617866104228	-0.903402102945569	-0.687310946545055	-0.37198937314805	0.373849696995872	0.213205055567681	-1.21032944496695	0.582665728488065	-1.10694253579819	-1.46173820816231	-0.796656280531697	-0.605434809179598	0.566751894191472	-0.273971521893603	1.15718813337899	2.01597636642876	-0.391321507824465	-1.17578961426365	-0.29388105309587	1.85743223470714	-0.752789989346725	-0.802631137215204	0.202889811853334	-0.450604904831252	-0.516309876149262	-0.170547616312581	0.105260455433923	-0.284500302852165
"15"	"935_SemiBin_210"	1.01433065630779	1.07032244445272	2.43808759018369	5.14258533195722	-17.7897676895264	-17.7897676895264	1.43798508542863	2.31212158513804	1.95515438878954	2.30707738351186	2.41777092613925	2.52936388545445	1.71030508726066	-17.7897676895264	3.26631416465274	1.95729218135386	-17.7897676895264	0.280373723667503	2.50534185472437	1.45840715202333	-17.7897676895264	2.25555643284077	3.53599978722852	0.818180587561199	2.25916133791621	1.16777246880071	1.95462886464334	2.17418454786738	4.56634866638967	-17.7897676895264	2.80509520718758	2.70744672820006	2.98657804951043	-17.7897676895264	2.85638642857952	1.17432069795206	3.23796593856097	-17.7897676895264	2.83463804395096	1.86037495222855	-17.7897676895264	2.58473292340225	1.85263950121393	2.43387185125576	4.20868313058597	3.23256924023232	2.92828542857055	2.33767010041005	3.09261258072564	2.47316819161436	3.78660810466548	3.27660713202612	2.47467103406662	2.34015252047013	4.06533311259108	3.61504897883859	4.03090052037389	2.87376850974357	4.42380515639273	3.48343002993837
"16"	"935_SemiBin_236"	-1.1821919401088	0.500996988214426	-0.221083351747704	2.29022062654558	-0.704878608967793	-1.5405362976054	-1.85259378305099	-1.74729803460239	0.604615213396593	-0.271725556754062	-0.861952358078811	0.327105738818995	1.11273103002	-0.269549300374971	0.118321547425512	0.405895371485911	-0.0249935488258224	0.300485150879	1.69046242085567	-0.665252286599424	1.59011657034665	2.07478163302757	0.240451638414454	-1.94359453336915	-1.39481832890027	0.091145912700842	-2.07150493200119	-0.382678294320402	-0.813670393591187	1.59045139785397	0.698248016706208	1.53450652685456	-1.20275883429222	-1.43496117042559	0.243587276242128	1.24376587936625	0.815695963138975	1.29900976206958	-1.80650821308035	1.86327975889208	-0.305447693553795	-1.33036691308234	-1.72634567794471	0.0309070443897363	-0.539587760356079	0.949377051100385	-0.204403378725555	-0.539572707662036	-0.605166584686796	-1.58695121817456	-1.03302238427497	-0.28967904592391	-1.52607407238348	-1.33075076448158	1.31969141315211	-0.0770693371076767	0.361141572539823	0.475693916394798	0.577291891583045	-0.0310109251326924
"17"	"935_SemiBin_68"	-0.0992832916568362	-0.316109032262085	0.0169533478354928	0.641560793857465	0.115134688713224	-0.250866613925694	-0.279863814801821	-0.0304313068304927	0.432812888522959	0.523857276042799	0.701323599318664	0.18924981178211	-0.43029082345222	-0.551447137281587	0.115808553252671	0.0403035736471136	0.26201917353702	0.124694069295495	0.0837060953598838	0.38105782352249	-0.0259441931286784	-0.693042204228965	0.399103111044337	0.00112497958456803	0.274459292475862	-0.262960383811106	0.222135972812772	-0.245186918461267	-0.263431150874279	-1.01038240837289	-0.0838222414854997	0.282765181563926	-0.178697632589363	-0.0166182959211865	-0.505215287339086	-0.450688199645379	-0.141379115127499	0.0735534279112819	0.067449547219919	-0.971511821294111	-1.53774594595681	-0.146269716019123	0.260736773931087	-1.31469559862539	0.457047226628618	-0.0791144454608164	0.800261286816089	0.463510546321504	-0.489236400937249	0.502200846475792	0.103321752578855	0.128816219967296	0.596291004727965	0.215285908316366	-0.365634029301675	-0.394671431023014	-0.191656331491547	-0.416201666458737	-0.0459227445965471	0.373857036830498
"18"	"935_SemiBin_76"	-0.14026593523242	-0.10207512004819	0.1999565208296	1.2550196319413	0.553082327697018	-0.437352630705912	-0.276842817507792	-0.449277906180923	0.386628190551134	0.0545843730134106	0.732928494189	0.00752903628923285	-0.0555428995982625	-1.11803658059121	0.578777863261658	-0.0381840874308264	-0.288325290396949	-0.155382565356255	-0.931480029834713	0.502673046895394	-0.36424918764752	-0.388515656852259	0.112679605832684	0.525829203954827	-0.894559311720163	0.576673819066629	0.229549043363844	-0.0456617109909727	-0.142997888082019	0.217192323930757	0.18390307999294	0.472201079456225	0.00269421384893498	-0.109524916624796	-0.528520005616118	-0.447116247464599	0.235228437972045	0.179878176932284	0.55626969709378	-0.306775773346949	-21.8387455015814	-0.519890744705895	0.0145979530712275	-1.39379881859663	0.340923539293093	0.21985571889643	0.353257064188061	1.44793552460891	0.104592442669285	0.565383297977132	-0.292967537391799	-0.252651290613962	0.568448622880895	0.300736203769742	0.831380539379138	-0.157267671971749	0.440600882601188	-0.181842635548922	0.192918077926846	0.390439498211978
"19"	"937_SemiBin_148"	-0.337307106076599	0.244264979771362	0.292732994560189	-0.154325054676357	0.71051773275122	-0.022237985034308	0.467114407755708	-0.135109118709169	0.305804818027474	0.0289092832684181	0.133474281149006	0.225254019265676	0.350131510188126	-0.550444598880945	0.363040914133439	-0.126173916077161	0.24839208999448	0.118416203790887	-0.274976474640146	0.0207402466046638	-0.16686272214644	-0.14818198458094	0.522593811821956	0.193726075542394	-0.433944229366954	-0.800973181367792	-0.0515774309525483	-0.646347955688611	0.203433141689596	0.0808625277000177	0.208118328765711	-0.339002552393739	-0.407964851663974	-0.492771604818019	-0.918749102665409	-1.25816710831787	-0.625418149313065	-0.928086459722679	-0.0961837639026166	-0.5492155304047	-0.786109397484704	0.103648216958453	0.0950498960606367	-1.13629017281124	0.0125764401148754	-0.328437587228094	0.131228547978604	0.214080447035556	0.201029227612403	0.233641373980936	0.440823981602206	-0.18162203186226	0.473450545446827	-0.0629695676178175	0.193512636231379	-0.222349056141467	0.298602159499476	0.249461950629148	0.219228207853077	0.754533036159993
"20"	"937_SemiBin_159"	-1.27854410119657	-0.249854785395912	-0.170535144581884	0.345389482431696	0.332101476111635	-1.59361063758795	0.32248075594042	-0.651038120547207	0.998150434171227	0.710596634983482	0.548095874274316	0.359917059624792	0.845260575845678	-1.02416510217924	0.591081737698808	-0.429371942055547	0.015709535663702	0.215346714881746	-0.0529257000287719	-0.0263546537973456	0.0494507949751144	0.3975190873768	0.0145793852092382	-0.130673270446451	-0.800825901195286	-1.01680245439372	0.120607696353542	-0.934755339120214	0.0189503070209245	-0.583977160334414	0.261835122251143	-0.620483872304224	-0.940275310379043	0.42012434969029	-0.557701889876386	-1.37180771794644	-0.757342795423265	-0.408126348967015	-0.758223981201837	-1.02426911431281	-0.0498884134502831	-0.833191158168105	0.171683303421504	0.279470459920224	0.311337425365001	0.0683760447548467	0.253839387627063	0.294101557601151	0.196998580577965	0.138214685354416	0.417747820140218	0.649445353206406	-0.0247821829089387	-0.269197174313812	0.162107660299813	0.256962880914327	0.553390182341376	0.253338646129504	0.390197211352128	0.688106732185024
"21"	"938_SemiBin_99"	0.135739365889115	-0.312569040839909	0.0820652040216192	0.0885583430785974	0.213930329257729	0.109994385765328	0.371810937138258	0.0406027105192237	0.570450466687058	0.446941453387249	0.059142020064809	-0.23437417362029	0.353962648295453	0.0386339032911689	0.437811535829431	-0.182158236061333	-0.284353518818145	-0.235685650976477	-0.389076491780783	0.273367230258779	-0.145136223067345	-0.437188473914859	0.483685198860733	-0.150558809246333	-0.717882830691276	-0.254681098055205	-0.202170814595235	-0.345122407475814	0.461106253782025	-0.316521078618314	0.412251588627266	-0.133340649109577	-0.976868222584478	-0.210956000731655	-0.203719588273551	-0.448655818433791	-0.531523940303008	-0.303116807399049	-0.231234442753607	-0.739232085836304	-1.47995498165859	-0.664090367047578	-0.366452327884728	-1.82754127977062	0.0437655811813995	-0.00075508415336234	0.226507483818291	0.145244884989123	0.187628469449657	0.0615125118787043	0.336671411602131	0.298325795505359	0.282583400600027	-0.114345780418787	-0.0514681712550153	0.286443827838923	0.362067359902832	0.064648556469737	0.105749166819373	0.367832374004332
"22"	"939_SemiBin_272"	-0.109542178062363	0.489484580589494	-0.116034245291367	-1.00408938389659	-0.340756291950664	-0.382929622228083	1.40959961964451	-0.181575033346552	0.49521764100944	-0.195718678501191	-0.199278839356161	0.0118568671149237	0.336331823834964	0.0910714359760778	-0.603612873173943	-0.151557184235918	-0.198618553207681	-0.0252624042393013	0.00791853195546111	-0.448531770018316	-0.215766211169158	0.183703030537903	0.368190873220388	-0.00277820991749778	-0.298151991075423	0.282966993208016	-0.242565089839667	0.0858240796317533	0.769291883727546	0.9986638630162	0.299241422897715	0.542840881504751	-0.61467349611484	-0.00610480342042319	0.144404246040708	0.0462752581708115	0.280796121287863	0.205145214984973	-0.466491584357231	0.803129785679243	-0.51513459538305	-0.746406204402075	-0.554468332409539	-0.853276795085802	0.0376467033210295	0.280501435764682	-0.236146120278291	-0.790677500239524	-0.0713619547037947	-0.0140424150705636	-0.375591208062096	-0.378653310034932	-0.501247066533322	-0.457209774155621	0.802067006235825	-0.121348375451993	0.0879522236710404	0.306589166782517	-0.0703722550079604	-0.360273233264896
"23"	"939_SemiBin_87"	1.73498421202536	1.76011452063041	0.581639180713428	1.14527708591051	-1.1538394100683	0.105658859236919	2.24265737970058	1.86640906990265	0.819513681407448	1.38985281564922	1.12797874416432	1.12784869112239	1.99760930127375	1.45110477716255	-0.654786505426484	0.326140376645604	-0.909339708512404	1.59128498510466	-21.1624873149881	-0.215802189932695	2.20037067241252	2.83291448614588	2.95804105872782	-21.1624873149881	-0.620714236460461	-0.368114813339669	-0.579087223813658	0.702020118830673	2.1170605735	2.00078502034343	2.01859020878685	2.02959539866496	0.40885667562745	-0.658918001855527	1.00812781429133	1.01590205761576	2.00212622240859	2.49848092832208	1.12466864467053	1.03230967520238	-0.160268216135275	-0.139075602954153	0.385396551568827	-0.928028587150739	1.7300401936563	0.506024984618739	-0.720473199816912	0.401054195234313	1.04174791187411	-21.1624873149881	0.63645953421705	-0.553106634631976	-0.563130607570732	-0.139738430399691	0.616499083695147	0.695981818998645	0.488094245102166	1.2453898205195	2.07808563783374	-0.188651131714263
"24"	"940_SemiBin_253"	0.46957903652083	0.724010628553924	0.0113878542982233	-0.560161148723743	0.49447873465028	0.152772528088352	-0.256554405523766	1.40065231160096	0.182234216325229	-0.438999773202036	-0.109587082340085	0.469483577079689	-0.418801795610118	-1.75816145932345	-0.552240897752357	0.162408606091739	0.186006169790795	0.252731635346519	0.0956700658898866	0.496747834375836	0.108455395020989	-0.291223981902484	0.216341016771083	-0.216214387343894	0.845855479099248	0.0361056941494429	-0.142984546995626	0.26481667070086	0.232975975758836	0.0679301515390156	0.0447456686915251	-0.134193020223969	0.334188418872515	-0.643740140685987	0.203213945208089	-0.299765785664125	0.00224504602917808	-0.257405362607079	0.293059310936202	-0.484894372192065	-1.28183171175667	0.423725876510402	0.376854819359122	-1.3624327208676	-0.461236014075597	0.137858027815902	-0.61061066007515	-0.0309512982640188	0.13492129538034	0.615400939269868	0.126515352814191	-0.413332138178276	0.0636508412529677	0.211275970633984	0.531351989566148	-0.29163734669174	-0.202011769801868	0.0734472630758951	0.151440228291261	0.22822955710075
"25"	"941_SemiBin_237"	-0.406840128696104	0.989548829284927	0.289873350348577	-0.0445620143617296	-0.336393185557832	0.475148370843518	0.00769256315715694	-0.55911941708722	1.79555023803132	0.141560511249474	-0.581326209638116	1.46739895341108	0.272067965810899	-0.595083036012011	-0.44574326355841	-0.0549554667562688	-0.237105242464859	-0.182832443906168	0.0463302864797068	-0.340491467981622	-0.127657972083209	0.363606603410749	-0.315823576711304	0.379686724908311	-0.338100443147981	0.850731435588945	0.487508837080805	-0.845911679574018	-0.554512950219421	0.088168381709707	-0.230319200692658	0.140836947598139	0.278372557859103	-0.721860557097182	-0.672428687304756	0.47256811716417	0.958890058776303	0.0463074714544192	0.24163517855547	1.430700518221	-0.5531464067041	-1.04543811267419	-0.0949149840297778	-0.869687037564075	-0.340035586839559	-0.340311383243343	-1.11942748447045	1.27766394106044	-0.684499391549323	-0.581285651259626	-0.422745873078316	-0.706894025256562	0.163872729368419	-0.838322525002547	0.659509400360934	-0.342253460864124	-0.53970437308228	0.268296896714235	-0.254462104454973	0.457733762977205
"26"	"941_SemiBin_67"	-0.818716846630522	-1.1908502537208	-1.4265680828183	1.21999987605477	-0.547288044127792	-1.16349319703136	-0.159066684972458	-0.575631496942541	1.86346402173371	0.976280439785531	1.07785770057424	-0.614603226352731	0.186170089014591	-0.169729905099359	1.13677831280625	-0.116977780056102	-1.09696289899168	0.336353362157753	-0.606437765524948	-0.192606595547577	-1.37724724800666	-0.132177292019338	-0.443275576983101	-1.11610139391715	-1.33442623989858	0.273800218631535	0.570318887495338	-0.503729254962879	0.209220347784324	-0.271626187466586	0.330122705679877	1.01008552950092	0.32488731102322	0.402708936199545	-0.154725667522815	-2.11973500198564	0.418977234191871	1.43176059393347	-0.206733623249761	-2.44752637307421	-1.92319033730583	-0.418201245682794	0.491967596249561	-0.644716430364167	-0.297321691473196	0.38332098734886	0.737648776777082	0.137016661803647	-0.0422059826468058	-1.47605682613693	0.0254452791389408	0.268485018280308	0.0586458153077221	-0.643043362103556	0.259036013955508	0.540616952964302	0.710763157641535	-0.230789361213097	0.824782591633098	0.928274790686175
"27"	"944_SemiBin_44"	-0.142042178172891	-0.393821850224815	-0.0625266510139051	0.268761709530694	-0.49256520752489	-0.51677498566434	-0.0471579052552249	0.30340144807043	0.223675522597562	0.117973481077569	0.740505104485596	0.592604427194911	0.405449143228465	-0.483834586231015	0.388390244056513	-0.525657069359986	-0.419997618672669	0.436456608387163	-1.11824329952001	-0.143348684957554	-0.241088239552712	0.346217039317648	0.450058475381161	-1.4036974430551	-2.07375954087863	0.0426169029494634	0.229143368628785	-0.585112571321635	0.201598986409822	0.106078447426296	0.644397764328667	0.132268054577735	-0.68263280224388	0.206728199105136	-0.191638156003505	-0.108645696850911	0.291870434378044	0.579606510059126	-0.385545974159978	-0.250510502643412	-0.929020088168348	-1.18472778885215	-0.716911380690563	-1.40130576845776	0.299780848183753	-0.15838825421958	0.411681139650857	0.408188613699202	0.344343040881658	-0.707510458382798	-0.198781200180694	-0.315661074231667	-0.114629937856073	-0.763738179825737	1.13410873420842	-0.0676775026928711	0.219212833342633	-0.446214869968731	0.489372795091492	0.16428894708589
"28"	"945_SemiBin_110"	0.703303719041655	-0.659787665399542	-0.487699313987149	0.340244453181536	0.123518384411312	1.46168475471087	-0.158082578221878	-0.549340272616023	1.05330003869696	0.559078214229866	-0.312062417026469	-0.105173791187719	1.72986119111994	1.01612555157774	0.117552499954439	-0.767586217380787	-0.637300379294739	-0.200620014601556	-0.563500999607105	-0.424355508387342	-0.813894686801831	-0.729275020545261	0.147378106397046	-0.664133244443407	-0.551283554406844	-0.501944100661308	-0.746513415656887	-0.811436785384823	-0.345814833670365	-0.961686768411125	0.440955037938867	0.066975014074071	-0.652415679709583	-0.723302727443297	-0.874957385921334	-1.36561286648635	-0.112036937313951	0.0221187310807842	-0.580730521478649	0.452683937881192	0.30228916773533	-0.293181206439964	-0.529205957913602	-2.91363004624063	0.303460654555682	0.341271905169763	0.392639606743776	0.402430871988494	0.292787316679637	0.0877831097433388	0.17839095492392	0.122063071674565	0.204595882588075	-0.795334338401217	0.11413338890635	0.34255749080479	0.751917125050705	1.07612547642186	0.248906009865333	0.579432125965302
"29"	"945_SemiBin_185"	2.81458725401597	-17.0268521262692	-17.0268521262692	3.85439333700102	2.52430358060081	3.76449627707621	4.30070806501898	3.5984703088178	3.96917775009486	5.34270797932212	4.15537888097331	4.48207139271648	6.40086393727917	4.93768054888413	6.27110152474121	2.59899080780413	3.33048340159099	3.9184054433265	-17.0268521262692	2.88970613821818	-17.0268521262692	3.44961542894112	2.19690600414557	-17.0268521262692	-17.0268521262692	4.03829634083785	4.87606566279997	-17.0268521262692	2.95927628069044	4.06492921734965	4.19806169725727	2.98416761620653	2.53762413036608	2.23060234792361	2.38290321149281	-17.0268521262692	4.17161421506195	3.4855828137404	2.8768569075803	-17.0268521262692	-17.0268521262692	-17.0268521262692	2.7395397617869	-17.0268521262692	4.56706937441833	3.52468364848732	5.79856231647262	3.70437696775324	2.45391176964061	2.80890175044567	2.61797511968936	3.97358494629798	2.13638148750685	2.6831678773403	-17.0268521262692	-17.0268521262692	4.22379415858297	2.9359773824948	3.01993139122042	5.13945285816986
"30"	"945_SemiBin_201"	-1.27260584108321	1.344771203622	-0.92874734403448	1.6546143416414	-1.06517139011704	-2.8110859781257	1.61112907475458	-0.386636280797119	0.896094777329621	1.59615511932415	1.3272833916138	1.427285794229	2.64936359768953	0.875215170652662	-0.344824717669257	0.0279927235903514	-1.59738597112559	1.80817562715756	1.07063747299006	-2.24307303885332	-0.00366610417138524	1.45166990273545	2.37933816236323	0.0897324958246495	-3.17463961630298	0.290750310124634	-0.0730059913536953	0.546316132701748	2.13757946255838	0.903002221432574	1.95304249083092	0.708950113149137	-22.8373016313932	-2.10249433797696	0.97291344055288	0.955794930411812	2.30460132395878	1.19121048051311	-1.29042460372571	1.65662520495948	-0.0539309447238061	-22.8373016313932	-2.60685737920734	0.743052301121043	2.09349920989468	1.54217236487384	0.845994556192095	-1.63171195897974	-1.89976364794875	-2.12912618305299	0.695151030794209	-1.29770658619719	-1.75681282110008	-1.99232067943296	2.2445349031624	1.22071910027466	0.96326862799323	2.90595514104005	0.904073059999312	0.245191487953189
"31"	"945_SemiBin_23"	-0.260721205397802	0.618641043919394	-20.622089823126	0.417634678078512	-1.1614961388617	0.733307848539725	1.87713390589955	-0.185813638092027	1.45300205944646	0.721072067022837	0.0989502235443247	0.00178834329906774	2.37981556142669	1.51426549689635	0.468485585787799	-1.30366823735722	-0.0660749581261006	0.455547948580668	0.287017818207077	-0.265531841591923	0.19364706608297	2.15250264476246	1.8795154822257	-0.734002534371688	-1.2327519247156	0.3254866995957	-0.495448135644468	-20.622089823126	0.214166909133191	1.32521324004423	1.26992274434463	1.11644997026093	0.235826006411594	0.288880063252996	1.55014389351702	0.0566474097152883	1.34647428848784	1.81713277623644	-0.1435374637439	1.21410156530549	-20.622089823126	-0.983207413372187	-0.136498448453971	-0.0901333669012327	1.19803086089974	1.73688792133228	0.485222594438384	0.626918908845254	0.154802295572442	0.526903572732108	-0.486366836376449	0.899048948842192	0.947512855439443	0.489872255683511	1.58103749473845	1.48285235309593	0.606012161796485	0.816130206229615	1.37820549422602	0.660510133756065
"32"	"945_SemiBin_50"	-0.25590023605336	-0.618938516536288	-0.333360981009704	0.707628443817183	-0.168353458651717	-0.161857320076924	-0.437453491202861	-0.32449063345643	0.463957344387798	0.60700295269936	-0.0854766267710287	0.122527232790539	1.99752063826431	1.40098540773187	0.615499453890342	-0.909714972245391	-0.658122825896974	0.0660839319581923	-0.700251272142132	-0.319373737385807	-0.591174510793966	-0.130337183328138	0.136481677841131	-0.804495597816393	-0.714843025993583	-0.514458705727293	-0.319168729825329	-1.18150465110813	-0.165484580211103	-0.417308602224922	0.479471743843679	0.961460458439539	-0.629055471242054	-0.0578194781845403	-0.474188408078589	-0.958976489663915	0.605984625171646	0.291916501472359	-0.48953885537404	0.342082519061465	-1.70400006988266	-1.17098339445236	-0.610804410560658	-0.944403387016488	0.697896614857276	-0.561647092534518	0.253536284217205	0.416825835850679	0.0466226621320907	-0.150859277208149	-0.331721408208651	0.892265752517448	-0.301754207422769	-0.595657769697025	0.0496105353058258	-0.0952148450643131	0.291831704340464	-0.112613077920735	-0.276524910582796	0.432419933098235
"33"	"946_SemiBin_182"	-0.678012996733846	-0.248432162476568	-0.762896338424265	0.100772396221753	0.549610392932116	-0.283554437650471	-0.130120349897751	0.619019989412823	0.601315518533646	0.626249880900781	0.568376309323847	-0.189042539030448	0.233222833715687	0.720052046131533	1.01247847349187	0.500806693244942	0.710540675002075	0.788367035756013	-0.347231773285123	-0.198519935345352	0.0371544158321111	-1.93876529084127	0.144792874618988	-0.224190187315543	0.333388424009088	0.627313052563935	0.550466281760036	0.360582747421796	0.320250640752597	-0.924804289078808	0.784560091276648	0.725382305418838	-0.106245106512943	0.531368234074452	-0.0915441164423907	-1.10448194559397	0.129337063931258	0.370629386679383	-0.209812538753063	-0.444810825312732	-22.1242312444113	0.134619580823531	0.281260588803792	-1.16436114400058	0.684255266931943	-0.514576779737496	0.157850647782108	0.533391171635051	0.178365804490522	0.174023787544291	0.311680596036772	0.497407892341509	0.480894881313923	-0.159152987937262	-0.418689773677024	-0.891951289247253	0.645265165565195	-0.347840215298912	-0.620209845382312	1.05549091864385
"34"	"946_SemiBin_296"	0.264821154203255	0.296996907427721	0.236728566717817	-0.0114550957375537	-0.147667641530989	-0.59767617826239	0.163017796520076	0.397668521153097	-0.184223714128027	-0.560044631495678	-0.457010071898909	1.04527114332938	-0.639119391258553	-0.61826283906903	-0.299137610768306	-0.360347921001084	-0.496492719349241	0.245353667238397	-0.22888277754572	-0.0747331008451262	0.555951898185406	0.361481794095069	0.506035649357431	-0.519784914983166	-1.06002818431852	-0.606491780759653	-0.0296329830457802	0.268138356395101	0.586318591749686	0.877270890596672	0.402668241629196	-0.403710669112851	-0.299083513815322	-1.01091352678428	-0.311482017496496	0.725205938203474	0.156374175464324	0.79991503930364	0.0998157900752803	-0.0826279193562103	-0.967602146730991	-0.439402220794996	-0.641763283158451	-1.46474180483777	0.120853124424051	-0.253224262389951	-0.0123829231096328	-0.133227251369916	0.233595942398097	-0.353194750723731	-0.184095663678111	-0.560481156892179	0.188765735955397	-0.328441936053245	1.48205704334799	0.303453697923077	0.065056003344961	-0.0579102875874709	0.408783640011541	-0.5981491352555
"35"	"946_SemiBin_333"	-0.263056254450166	-0.373406175744122	-0.124226886893799	0.311278594588117	-0.6952861577562	-1.07106729404466	0.455658640254972	0.0373897046231733	0.116560779156951	0.809086511178588	0.0925153073441196	-0.366265239032304	0.302838312843693	0.481345553900144	0.000696821083814747	0.139839640912173	-0.544299001660429	0.0785722676073473	-0.805556185329932	-1.01282689402013	-0.480032729618478	2.26481357714097	0.56070874259108	-0.503059069383599	-1.29905556700114	0.20167388728964	-0.436063830411476	-0.922158684865956	0.917323759008065	0.396756738570139	0.0721332056576927	-0.314678203344768	-0.555686321417253	-0.611565272631091	0.426193670304929	0.116251305908586	-0.350891829380538	-0.239964198924065	-1.0788911783185	1.74445872854331	-0.113030726224474	-2.21203744402899	-1.50387699872653	-1.55413560604465	1.04363880150756	0.707567970534062	-0.12669052631145	-0.269777909721264	-0.0360574197470589	-0.863457253757674	0.371080881726389	-0.373719325799008	-0.613463638254299	-0.13826272342079	0.407683777740542	0.10588905076852	0.013356797441137	0.569162062876963	0.493567981703679	0.0578716841902107
"36"	"946_SemiBin_374"	-0.818413465488607	-0.949295793381697	0.0355740506984814	0.937318158117587	-0.35059632807324	-0.81759401400081	0.0154574758373291	-1.08541465425988	0.773246370172895	0.557849842950573	0.722300986687457	-0.084514487471866	0.883635326953163	2.5115217290471	1.0355501267906	-0.768571829734638	-0.983145196500486	-0.116487200308794	0.865274341229958	-0.572920546265286	-0.816833673148803	0.404249300020806	0.705781334095482	-0.524571449093069	-0.772377884110256	-1.37171915971492	-0.288642094252036	-2.15779260126971	-0.213821795062878	0.621694322604907	0.702099855232706	-0.125171351531645	-1.93074038181588	-1.35498652419728	-1.16894866663199	-0.0619944365236389	-0.101667059423966	-0.505903871299698	-0.573610273791933	-0.12636595751963	-1.32051647848598	-2.10245805990721	-0.541913615635993	-0.760023790832377	0.343189700823048	-0.00748548071624455	0.506948888699271	0.580207217502011	0.195963138212324	-0.545356544442154	0.64382434964378	1.26305288529138	-0.249344795622156	-0.331292822168964	-0.127962174674579	0.2352598916605	0.247763050149539	0.12705289369963	0.308738674249393	0.407746528024724
"37"	"947_SemiBin_204"	-0.117162758562286	-0.0775857787342273	-0.0452219861903318	0.434612035689744	0.00584859767384227	-0.287579942014745	-0.265117747237227	-0.135962641385598	0.119140453474344	0.566213362502865	0.142780050934302	-0.0482812284373626	1.13568900472504	-0.0244739381427648	1.5646709412784	-0.33707142232192	-0.180628911907274	-0.11546474047632	-0.267280387634839	0.0141476102111788	-0.177238716387298	0.764759685097706	-0.233892092914572	-0.320837724350697	-0.110004792414921	-0.435938974751158	-0.29044447037869	-0.194653698327445	-0.195283940825524	-0.118375212491089	0.310523344008751	-0.39491057628539	-0.693125799412632	-0.500209537146493	-0.753887279584757	-0.424942617242736	0.314062664608925	0.0978409890250935	-0.23093813960064	-0.218961942613843	-1.05001639102761	-0.507315072619453	-0.345121616782885	-1.57645261981639	0.550233435249786	-0.224645656633073	-0.0452711457309913	-0.0104387462398154	-0.168958635761446	0.0474027460889905	-0.298484844477805	0.194339422750172	-0.0245623433802136	-0.101327537674813	-0.221683560363561	-0.0916936843014033	0.0283256680586241	-0.0901701081165296	0.00538290877352221	0.11068778093185
"38"	"947_SemiBin_8"	-0.574031012456743	-0.736003735795472	-0.692876957390776	-0.7278410084977	-0.793082600696873	0.164765973767397	-0.201100371293903	-0.322567674543788	1.11027591614607	-0.567382310099077	-1.35442256152916	-0.330343273941319	-0.111395422117941	-1.40732502455416	1.35583692668682	-0.0171628808186286	-0.165616719201447	0.554100519494785	0.532167788712749	-0.200236771973517	0.399164201447137	-0.503074764288182	0.698358375641433	-0.343054534821547	0.0261973837580083	-0.784596281906287	-0.230126547342952	-1.21778028919921	0.228182749711929	1.35337394718316	0.890883018276114	0.778292870299716	0.0496830589228816	-0.971822016843549	-0.0485633961566068	-1.07325473111916	0.288546749409822	0.71987431808761	-0.638981284840046	0.175569484741336	-1.7317798365751	0.186456239078683	0.262643151546162	-3.2997843073046	0.799120663803934	0.13963508009434	0.497931679340701	0.778723483071234	0.177904129135145	0.242665743817352	0.086547420047153	0.310501878016428	-0.77177647497709	-0.766232445217854	-0.376039772294886	-0.592665426005063	-0.164266422528799	-0.763050489839586	1.33213672792114	0.721084551998226
"39"	"947_SemiBin_9"	-1.35585669768094	-2.41389235996811	-1.73915279055824	-0.497036785029064	-1.05036348774586	-1.90528455672446	0.293259849802543	0.754231164295839	0.183513213501567	0.0636428187410338	-0.199134005169674	-0.591037094973386	-0.776304880902838	-2.21956175410796	-0.297797204600964	0.297590969563843	-0.389792393963489	0.111855638507668	1.90168814552621	1.05746279350508	-0.341470459490646	-1.67439160117029	-0.549902491004392	1.66426398972779	1.08336190637735	0.707002532354081	1.0846176706483	-0.540164824694464	-0.627742229312316	0.259002299135047	1.00836029419387	-1.3240539867381	-0.144182360438954	1.34576443899569	0.844397204380901	-1.1563488889375	-0.583942140011365	-0.812367736944282	-1.19723043976398	1.30391754625074	-0.231553141481863	-2.73345342867671	-2.03016757654005	0.0483751379591251	0.579308884669628	1.33993826399426	1.32258723091505	0.268374637428822	1.15700263919255	-1.49507387427343	0.847267552913628	2.07850680242632	-0.0357548725866854	1.33459132346418	2.01755628616311	1.16388073209795	0.145957873933501	-1.14187633722556	1.20550165021676	0.885799102949897
"40"	"948_SemiBin_209"	-0.715744368626319	-0.17279648251259	-0.312974558155668	0.206583689449332	0.498949001876442	-0.907450717336923	1.00553384887307	0.459498125674269	0.0662270747891718	0.0339098749334159	0.00311756901089044	-0.0846683664921652	-0.11803532744661	-0.704736314624169	0.0444751190746215	0.902649474588999	0.110286121218242	0.108003317843066	-0.693687821562142	-0.362743061206571	-0.488243368299149	-0.218556112151535	-0.147819707336659	0.656009221910687	-0.323077728174426	-0.647842812735535	-0.124947337332413	-1.0960363372497	0.290362004788375	0.251631177692952	0.100648206696977	-0.592069071097944	-0.477657136144623	-0.195286865800737	-0.0948020595303065	-0.693894839233681	-0.164594830403331	-0.484231978044471	-0.228753295405066	-0.761464252168311	-1.37409110446788	-0.503119311234315	-0.266765384237684	-1.20653559412448	0.131836127707671	-0.0942822483436743	0.617924186237747	-0.045021312224927	1.21452173099796	0.24205770657942	1.01249508405344	-0.145165260104157	-0.0670392608476957	-0.188075677995862	0.16368691452167	-0.376121034650458	1.20204081241777	-0.0612188299249006	0.404619757887581	0.831082165076416
"41"	"949_SemiBin_129"	0.598216074798654	-20.3281399597925	-0.103814847913572	1.04316072782197	0.954996810458081	0.979227976934578	1.56641350227414	0.990867347938051	1.98055536836545	1.54938305467747	0.928695605207845	-0.388800173981678	2.06438622100509	0.190899678572988	0.874079401252571	0.868050968606946	1.41669120853889	0.805052402594089	-0.0837818365196812	-0.513071945656564	-0.866759641901246	0.11890553602309	2.54653396817638	0.641033912398407	-0.847973641024467	0.253251201233412	1.09165460850632	-1.29003331439632	1.6589993576564	1.36152923741493	1.52592098705529	1.3937208761213	0.128442522589192	1.07813737039006	-0.307764565436017	-20.3281399597925	0.516287373109339	0.308505985137948	0.440726586645482	-0.319170554474427	-20.3281399597925	-0.55462143548469	0.615351009684081	-20.3281399597925	1.59399895311028	0.0608653830197134	0.966780468517216	2.2635650780587	-1.29852565236741	1.66923181725702	0.708865822493127	0.749196041454121	0.852796255882049	0.493640616973047	-0.131420290240121	1.77465937974776	1.04692197814407	1.15466275245706	1.15413400610658	1.30239722007461
"42"	"950_SemiBin_52"	-0.0796502529387961	-1.55533342053587	-0.932107281532074	0.0502419534930842	-0.853287477444229	-1.17533447981356	0.0158342729558232	-0.980901342565951	0.440565419314699	1.21332568666337	0.233390276646406	1.57314727473736	0.0858835801830082	1.666138260895	0.262098901747926	0.254387412078957	-1.82307166221234	2.61838308174664	-0.658169713547483	-1.01006151329888	1.77106827385535	3.2561918386374	0.247010006296128	-1.3332619859381	-2.12061958334457	-0.588292869308962	-0.696427724287751	-1.23513501430196	-0.491796857594238	1.71209154504928	-0.399095129033519	0.182035926273592	-0.713881124481513	-0.7110874562809	1.75414168580845	0.421542417309726	-0.210410038676827	-0.0598396799352221	-0.478350565457426	0.0262381339986613	-0.599459284568565	-1.04676305141303	-0.261749253178898	-0.415774100684801	0.783388002027885	-0.425080642689574	-0.140465644073128	0.227563933904454	-0.465958203165519	-1.23406409069654	0.46606331299077	0.059399853235778	-0.12710593324252	-0.989903703824033	-0.615620498038187	-0.761504581446204	-0.176487410595686	0.774372278425855	-0.852058857955882	-0.254349914586761
"43"	"951_SemiBin_21"	-14.6992676335631	-14.6992676335631	-14.6992676335631	6.66686404702486	-14.6992676335631	5.82829012323898	5.3897240273767	4.08943401350427	5.54038750347826	4.61130378047173	1.74659966710652	-14.6992676335631	-14.6992676335631	5.63522246723677	6.88349633816733	3.03691475763156	-14.6992676335631	1.87029878854371	5.30833509660963	3.66374078153617	1.93617108801153	3.03148037532829	4.22542495210876	3.20860382402768	4.30101052793047	4.82715531738533	3.78516462194961	3.00175091302157	-14.6992676335631	5.20046151746073	3.54428550843971	4.1226449891978	4.71275064710724	4.69693377873117	4.81639253960173	3.26154889370001	2.82412838239705	-14.6992676335631	2.98886664767785	4.81239894051086	5.82924513876122	-14.6992676335631	-14.6992676335631	-14.6992676335631	4.80019776644314	4.26761892209607	3.04704051704466	-14.6992676335631	3.96176230356369	-14.6992676335631	3.45167096784602	5.43924691101172	3.14389957340182	4.31849098136534	4.980491695717	4.01374250482508	2.32233150083176	5.46901405295719	3.47340981928317	3.98497908245714
"44"	"951_SemiBin_94"	0.558175096356764	-0.465831381445003	-0.109354812502933	-0.166400916036975	0.582956403547156	-0.6486088739943	-0.0985031118205084	-0.0856017719113265	0.0647558425636081	0.256413963106602	-0.189623858797643	-0.0326108897332684	-0.0418270433334991	-1.0096362831489	0.172815797466553	-0.265348481901394	0.913284157420216	0.29373809277495	0.407469779854629	0.671247599940939	0.442943477949517	-0.861115343318636	-0.0387842641160292	0.295881235005951	-0.465433815821601	-0.943557297674138	-0.162221781562422	-0.311287977609947	0.580076538904213	-0.185965719453808	0.258071221030857	-0.353411888310465	-1.04992990343579	-0.58374423329741	-1.07601482201504	-1.05555914278779	-0.355779481774086	-1.17284736095526	0.08940125369213	-0.894222950863549	-0.8702947655161	-0.263300383766354	-0.344374739423792	-1.7454387937105	0.551828867839052	0.239526989968196	0.43733852858237	0.451194061903414	0.205093210252733	0.736202891062649	0.254273000458031	0.08803836954276	0.960202522293659	0.45043890940399	0.130307875278688	0.147786030780461	0.502150682085213	-0.168787435536863	0.36427974169482	0.775762340826594
"45"	"953_SemiBin_322"	1.23766194282666	0.304368259534844	0.0428040609463984	-0.615555629243921	0.434093239562581	0.020816631151396	0.0585009840571198	0.430082092254017	-0.21977375927418	-0.287650975173922	-0.371806125578575	0.708953466233174	-0.872181474610874	-1.25139452979272	-0.65537128901263	1.03239332371775	0.0763300307046544	0.0360095441084223	-0.198611217063242	0.217805855598833	1.25742499270016	-0.464146366142862	-0.109412164993073	1.33186311116475	1.41160340062153	-0.240176976081878	-0.167852719157515	1.09914514616014	0.757623809283165	0.317230654434199	-0.13706376546468	-0.807338438873956	-0.267942263670392	-0.0961647623859578	-0.519236529948408	0.874779427416521	-0.817073279403839	-0.496666284596029	0.876776284504658	-1.12150086816326	-1.17769712867373	0.551159020368138	0.0921009184751274	-1.2307637544313	-0.552464639311794	-0.041062600865172	-0.191332869281715	-0.266662252083102	-0.0643880532910162	0.36446536063609	1.48463274119296	-0.257338197124756	0.277722665788955	0.192775392943555	-0.475533377018415	-0.124790246259552	0.174679745402719	-0.0697820903762425	-0.0504931722380837	0.0684877195180063
"46"	"954_SemiBin_108"	2.14978412518783	1.48686733424508	1.64300022723691	3.80153910794515	2.66225745227646	-17.619792779028	4.61003027745484	1.53668702318836	-17.619792779028	2.98321514714524	3.6713139387695	3.12665703977295	3.35686079559442	-17.619792779028	2.87736918994644	1.38530632282615	1.53180857263456	1.55012391538521	1.37470329480164	4.27606807725602	4.2506224606394	5.64565107264803	3.05372229335792	4.04170356696342	3.38245230750824	3.41256562544206	5.41134218450278	1.39686785400829	4.82375385262166	-17.619792779028	4.83364212572302	-17.619792779028	-17.619792779028	0.956345753039014	-17.619792779028	-17.619792779028	-17.619792779028	4.32012037062211	-17.619792779028	3.9304839063009	-17.619792779028	1.56011680658174	-17.619792779028	-17.619792779028	5.47303439426518	4.58824602955758	5.13071228052208	4.99798711117219	5.18727267154572	4.00567067865304	4.79144693989584	5.08093119789458	4.53013076631025	4.55819646121203	4.99144025297178	3.86066915869095	4.72641795989705	4.22364027125533	4.91451677501514	5.11738541434171
"47"	"954_SemiBin_2"	1.91183958624071	0.878648330838541	0.954977365855047	1.48229866088564	1.81696070132531	-19.6554866384373	0.536400224359611	2.48426362056233	-0.155721243697799	0.498339285550972	1.27413781129473	0.745789326483359	-0.19205630475715	1.33344408032298	2.02790183495765	1.35810308206899	0.790732723695767	0.42898822072953	-0.429161702669276	2.11034328664321	0.63408717262934	4.38007498706042	1.4235702147407	0.367158535484613	0.849734895367172	1.04518098345496	-0.379987846515879	1.91756078761413	1.69187925928877	4.16220450723176	1.24398565920022	2.18908054753426	1.5468259891988	1.17771459219155	1.55448351142525	1.79395863489307	2.52464697579017	3.96468985832094	1.157579377926	2.08098405111182	-0.293171918730381	1.55915457565739	1.46875892543753	0.63284988258044	0.338092312742151	-0.385093693683653	0.713798596565007	0.72317951029099	-19.6554866384373	1.84290294448388	-19.6554866384373	0.0765914975394715	0.520506779405209	0.95519965558682	0.959999826472955	1.37095982969539	1.64615928240408	-19.6554866384373	1.12143201722882	1.38235519472304
"48"	"954_SemiBin_221"	-0.0552491799759514	-0.177841967146205	-0.0476302862870046	0.548422798061909	-0.486640834629328	-0.743611522917366	-1.06858703925912	0.979612585056693	0.736147638182057	-0.433450869523144	-0.405213119789217	0.500084590012252	0.330168585980182	0.19417241870919	0.180873677357997	-1.03434856706501	-0.783503728529828	-0.0135745982230526	-0.121461126783998	0.853478161795623	-0.556991349306985	1.58378665547304	-0.610976283228161	-0.54153042699564	-0.204233890090824	-0.289678538271028	-0.79024066865464	1.00392106173973	0.697476987162094	-0.322058490465542	0.137869248865647	0.105758736644364	-0.0488235752970354	-0.880669212767406	-0.36179772333379	-1.35422753691427	0.0375779526513815	-0.589662357906997	-0.263444508851226	0.41968390281884	-1.09775828740153	-0.12981304894138	0.17217034683944	-1.83756090781129	0.276702958584347	0.249469782500924	-0.463408332550395	-0.105655320313987	0.66081279881466	0.387518812664078	0.0263620207367845	-0.25932774222182	0.419510122840584	0.445370078555112	0.428712123428109	-0.0468582372889292	1.44583249148757	-0.11771710972338	-0.427245133565	-0.227738504762043
"49"	"954_SemiBin_346"	0.623776698537162	0.298322567183692	-0.551930023105833	0.277636359402792	0.445504673719582	-1.93423500536943	-1.08041274287085	-0.131170904742834	0.767894237087067	0.724601542545707	0.0131329750013105	0.21012716345259	0.820999255694717	0.405333202254698	0.838812494760107	0.0044312995742164	-0.583692937183107	0.153428194869988	0.51405486543975	0.0389152821306586	-0.581453570446797	2.65068773538635	-0.662292718271643	-1.22409029452359	0.0103508854072718	-0.530051057254236	0.15540246743797	-0.196190356649177	0.345870854371287	-1.33747490443953	0.805925218316137	0.744226929852137	-0.40057253819744	-0.0176727157844034	-0.281387440082209	-0.244072692851971	0.261437164352187	0.0982306129853923	0.284450561351431	-0.471720864446977	-1.05480967825312	0.150727968785641	-0.465196116780746	-1.66966103094546	0.42273746197723	-0.549286597573846	-0.775031109507255	0.246336559968358	-0.233888875808205	0.0506410481333637	-0.750885236848586	0.277990697274171	0.255230750486544	-0.121876032427344	0.00784327119343153	-0.319972101683144	-0.496258645881004	-0.609888765258519	-0.204664230706952	-0.609404496943853
"50"	"954_SemiBin_8"	0.37628450141866	0.886431200134845	0.325068713666663	0.571266276527648	-0.111051550043899	-2.03076107037399	0.757297426213798	1.14220221477315	-0.65322901454882	0.382558479445119	-0.530543977976834	1.06142835037876	0.750335775852304	0.405636462015234	-1.15509948242877	-0.07447958416462	0.560820419626655	0.907369727598696	-0.671076119915082	0.438943803845181	1.24154438007556	2.07856427913337	1.27674644867887	-1.2349137816785	-0.805415406983957	-0.148894152667596	-0.174674211574096	0.378111912054731	1.45003906853981	0.257220001146957	0.851797882311488	0.735567180102087	-0.0563499218485912	-1.3659862457067	-0.179525494348099	0.0237034887870475	0.360101448493616	1.68315049865142	0.411814853131874	0.139798635470207	-21.8047191840619	-0.287126352996021	-0.36768213086591	-0.792301611570916	0.772057503125281	-0.733080077364828	-0.920980877163826	-0.390624268268782	0.334727505967319	-1.48395314825682	0.00871497109627839	-0.218855286255221	-3.38477200155241	-0.553478823116449	-0.776124726623674	-0.270914464547614	-0.0398595342477437	0.0471648794546713	0.976063098366176	0.383700561053176
"51"	"955_SemiBin_146"	-0.198469969283733	0.35191137462476	0.328655297492769	1.15293106597083	-0.331416550614428	-1.80241500552129	-0.0915757378080597	-0.937155167457953	-0.128455765623474	0.93002204942145	0.278431840320086	0.178789922751063	1.52047809705919	0.481046234212972	1.27148342240501	-0.407171863805158	-0.638218639587778	0.0898931030107928	0.00890370674408736	0.103547424867367	0.130310337978983	0.309544725957445	2.29431166178921	0.379357948360179	-0.829268984580871	-0.0680312858327365	-0.114370520402439	-0.895239150932309	0.0121502364551622	1.43950142352079	-0.262534642745747	-0.171174765930827	-1.20067584977695	-0.380443712386525	-0.620692590182001	-0.141961818336579	-0.172976820134403	-0.58429504154009	-1.17650500977059	-0.396934295302695	-1.95947929959146	-1.28431430043373	-1.03952728986802	-1.55383481272462	0.117420288841361	0.357946791610429	0.534897566523123	0.521483578614218	-0.10710344991874	-1.03106795216401	0.273646977424101	0.162816438282916	-0.476239219359893	-0.340929164804993	-1.2403090897851	0.430683840311562	-0.35989919837419	-0.576925215680355	-0.383252887668507	-0.116307101855135
"52"	"955_SemiBin_256"	-1.46290608639456	-1.45522896757814	-1.56461570416256	0.615830036245304	-0.806406146664155	-0.103663862384519	-0.537828849554157	-0.431277982560359	1.05332562963799	1.08249331877449	1.1173824221062	-1.33478413538344	0.783146408819367	0.957680041546157	1.25649711670359	-0.602506989632572	-0.15541178939844	-0.401283745064475	1.01588390691324	-0.488378372700912	-1.31159390348939	0.965768864929486	2.73132062820584	-0.361035521701265	-1.74121664995162	0.492038520276465	0.716320335587724	-1.49673732526876	0.216464779867383	-1.65468529609602	-0.103814094759007	0.770725395066388	-0.644295620606708	-0.443113982572703	-0.957149503474483	-0.688941451179939	0.535772227211024	0.448326659303432	-0.151723915291527	-1.00445030863406	-0.763937701020803	-0.513753180085021	-0.099481679823211	0.651382827161296	0.43060540671731	0.116476630527496	-0.231143057890486	0.194607335055134	-0.331956091078924	-0.572280497347356	0.0542968459594269	0.440636771340237	0.00752708890714882	-0.699173303301867	0.378564145872977	-0.46360867499449	0.185951189012635	-0.0850857810224825	-0.233278350398776	0.52607300248879
"53"	"956_SemiBin_125"	-0.643015132605078	-0.54695663325578	0.0747103591635616	-0.673488428421715	-0.00950435369145186	-0.392170544912693	0.0119506015196285	0.477008979915618	0.6615061408158	1.17795768381591	0.348689746331144	-0.827402463176687	-0.182860681406353	-2.03916391250594	0.0568045819787919	0.366754374275135	1.02763085291988	0.421371856277058	0.942785806209712	0.532736493147281	-0.355279996392134	-0.916954252073929	-0.103898357852599	1.41878351545338	-0.154913644544165	-0.986425181871135	-0.570613819041008	-1.17525817657663	0.0727513329375196	-0.652245251063845	0.0899948366578345	-0.021709221339	-0.167519070091434	-0.620903789785058	-0.201101725528836	-1.28615079713148	-0.39261614849174	-0.622584122338473	0.354616709311354	-0.808410197935663	-1.41827027877311	-0.0576705307159839	0.953237834395325	-2.64357774704969	0.479302314330488	0.141707337769062	-0.022109967648225	0.27684457070185	0.24582629396197	0.899285019930026	0.681721576760943	0.389393068467804	0.162992384307508	-0.23124296361418	0.0394873807630685	-0.0431150298315623	0.260855634281357	0.65921195584331	0.334319136097954	1.07954087613814
"54"	"956_SemiBin_137"	0.161100800070161	-0.223087828521638	-0.108680900197283	0.213119877189593	0.223454977651877	0.00802990949992566	0.147573074693509	-0.130829886502205	0.357657916369044	0.264509251418509	-0.0265424498585931	0.144583169701281	-0.0960378857025033	-0.4551615354643	0.0521804677741473	-0.157275719303069	0.163397474019205	0.0507246233217575	-0.137210375482575	0.26772758063203	0.147655651755957	-0.35231967523632	0.166418058458189	-0.0758137600437561	-0.437113123764816	-0.532303262564435	-0.152738342672048	-0.392815937707404	0.135394236370567	-0.357227439644716	0.348763248747186	-0.31262858060506	-0.50263779906358	-0.27168603795231	-0.456490660236263	-0.236586145409746	-0.185589953244968	-0.062976724389606	0.094535699855439	-0.812026438168855	-0.336601214826746	-0.230737262350917	-0.307747648785226	-2.84242531591272	0.0577881777888392	-0.247237917743933	0.185744574279173	0.097780206510234	0.194344621271939	0.392397170703101	0.40309921474927	0.269620199130426	0.648445144560418	-0.0731191891227416	-0.00146436051646681	-0.126488173604636	0.299804471802262	0.124976790981284	0.132448676969061	0.526517648870726
"55"	"956_SemiBin_187"	-0.767157571393162	-0.0683713446032215	-0.263737843249673	-0.052934258009631	0.239984164742772	0.539911928340818	0.411658259117581	0.15068285967626	0.448411402074782	0.108045203441271	-0.0266686144839854	-0.579327228087121	0.192926433074039	-0.464243831379319	0.613121936679872	0.431023369771392	0.156017770231936	0.190557622801489	-0.328279593786863	-0.173953743466376	-0.381990641198013	-0.519554819841152	0.509415620767087	1.3244957494782	-0.441263803788399	-0.56421232593556	-0.263567646688156	-0.63441653028342	-0.00881068031320442	0.183849731539746	0.133223345295607	-0.235404879387072	-0.286696763085504	-0.187419703540766	-0.462736314359498	-0.904746858048678	-0.293112241909023	-0.21515290474345	0.397706322860901	-0.0695364662741049	-1.04627383435622	0.0636299553511446	0.509547916468166	-2.67142563563875	0.0798492125135519	-0.469282184771812	-0.145946213229176	0.0462987149542275	-0.00420171835646332	0.0907296051067474	0.443570297598957	-0.00969393024702736	0.253622003419639	-0.0483772524682609	-0.30673558138711	-0.112761016574123	0.513330226577427	0.067928340874837	-0.172211932630559	0.895904723238409
"56"	"956_SemiBin_215"	-0.0104918127584348	-0.760144112786767	0.218191973119317	0.203059116475234	0.155280196775315	-0.734133505616311	0.48024801941034	0.477693644347131	0.226024153465708	0.18210588269373	0.30618517416839	-0.241668279830535	-0.268274780637458	-1.07716447888057	0.457175531530148	-0.381452386491049	0.174586661332129	-0.175144626030482	0.155821127075667	0.114865022407833	-0.0276098541327112	-0.679332187576478	0.188526319164798	-0.517270635859964	-0.452180035139077	-1.44452533409246	0.0121367703989685	-0.295432323658546	0.409592246740851	-0.14081555585055	0.207941972718373	-0.875034010067338	-1.05438763981457	-0.281639384974018	-0.202653021041812	0.443596105678072	-0.295399698630663	0.363754613324036	-0.0210545959585566	-1.0772290732848	-2.03894840978689	-0.546519998636722	-1.40069344864622	-2.83408006291336	0.688808048076018	-0.0759008070705534	0.66522584157592	0.479152089415112	0.6521845972118	0.101817818339496	1.1504503241265	0.762878063489278	0.730616330196855	0.627215720721421	-0.476829080562411	0.212892324713938	-0.099109301513268	-0.227275061262455	0.526979725984783	0.457782596946946
"57"	"957_SemiBin_343"	0.722644802680455	0.608663913853029	0.134228647478773	1.51464756109389	1.13280820310271	-19.1473186298888	0.113925618737303	1.65014966634225	2.11902973039031	1.48432097881891	1.54164709302728	1.09241583155207	1.81951230327975	1.87529223549474	1.34634777721292	2.0624219425211	0.903996709408982	1.78695786578899	-0.0723843100857158	0.277346389765388	1.34570765013132	0.997885605709604	2.80240814647559	2.97098566493237	3.84676111113731	1.85196050092368	2.72052075757241	1.26720384347859	2.22791473332753	0.607411249378818	1.839309816186	1.52960698478632	1.91995953047058	1.3329074092093	0.659432851559773	3.21186397000773	-19.1473186298888	0.465691599472954	0.585688262597817	-19.1473186298888	-19.1473186298888	1.30490158237093	1.88809537829029	-19.1473186298888	2.07281982927231	1.56343365239766	1.75042759058703	2.20961067995662	1.95094406761432	1.06103748588625	2.1359377181709	-19.1473186298888	1.3180760272239	0.419370777489104	0.895187610883784	2.06112936505635	2.68417841543916	1.75778757279329	0.947960150746605	2.38344565377946
"58"	"957_SemiBin_50"	0.298749461211747	0.269449754078901	-0.0500837279295636	0.217457929921391	0.936408781559654	-0.467096740572009	0.295164897458294	-0.176644862389849	0.185037566121361	0.434220125456872	0.0368366911554565	-0.0750681213738025	-0.0869671876502185	-0.602915011943902	-0.0962625981196732	0.762490993550816	-0.0192923613043439	-0.34386454014444	-0.135393864708547	-0.17801077280555	-0.30693734533161	-0.377261560386908	0.0090206921761542	0.266546146701337	1.35775414604535	-0.619848932178524	-0.202930573534483	0.39006241928083	0.282602029903201	-0.044678541047193	-0.0640720676333562	-0.632229171743732	0.816813417239537	-0.382066175031333	-0.565123406011969	0.593938554072021	-0.467994724923727	0.0708693952249346	-0.189893007494188	-0.930731498240955	-0.399163032683505	-0.3264155522463	-0.365110872493949	-2.88465092104823	0.350213665710039	0.533930588886203	0.392650999107202	0.275015295273071	-0.112534418215353	0.00116123710644001	0.278341178378839	-0.525445325067943	-0.142850178386714	0.109392585170813	-0.0427889284776857	0.0274858987108741	0.0846169932549499	0.0584638847811529	0.0896024873662853	0.0562276627703149
"59"	"958_SemiBin_114"	-1.48838731744477	-0.718290369107162	-0.461398174194478	2.15743211128795	-1.21819230390528	0.132291198071926	0.0532009032557381	-0.151261416707362	0.284753722949369	-0.148669005547366	-0.0290913684070677	-0.57678483197227	0.476523860344081	0.25823486181219	1.30677793322863	0.0127597031763642	-0.857174916391882	0.291347425976048	-0.135548930705477	-0.358791521497525	-1.247437919002	0.247327881411123	0.138929947090625	-2.04578030647283	-1.20981982520263	1.11335896941875	0.463667222346116	-1.92744745668971	-0.655312005527951	-0.0242443677663369	1.7841469971972	0.828530733843981	-1.09979603400259	-0.41519248611867	-0.303729851304364	-1.48800280776827	0.052294524468083	0.289873942576921	-0.59894591630968	-0.182294724106172	-0.946488168737889	-0.927335710777575	0.278495506315908	-0.599510355600869	1.1197265196919	-0.427517395329119	-0.0849141484079157	1.97201521305054	0.840660592928481	-2.09016309490749	-0.766507269037634	1.34587414256012	-0.627772363131733	-0.675421754587108	1.04118496748251	-0.584881231698118	-0.00345840413210041	-0.376507419818907	0.367234432450932	0.460154369326081
"60"	"959_SemiBin_129"	4.64577999408146	3.75697426795992	3.59677924821707	4.80186136711671	-16.1143017192346	-16.1143017192346	5.25226778907107	4.95450551416006	3.47712434105385	4.69302533392537	-16.1143017192346	5.33492227820291	5.16886570698115	4.65227499620288	5.85849789850467	3.57279617709213	4.35342865361625	4.94243827115309	-16.1143017192346	3.65087908323108	3.70353270288817	4.89897367009791	-16.1143017192346	-16.1143017192346	3.97722200706367	4.79061652978437	7.51474611081837	4.2658743733781	4.20686230253775	5.10079697831803	4.70409101609356	4.90613498116662	5.06515692833887	4.30189574189474	4.53083834348599	3.82429781489355	5.12770996963946	4.99962736894178	3.76231771078686	4.72126353933823	-16.1143017192346	4.08059970935239	3.55285468411841	4.43624292647947	4.36247933132523	-16.1143017192346	5.41437488136541	-16.1143017192346	-16.1143017192346	3.69101266851097	-16.1143017192346	-16.1143017192346	3.76447675995729	3.47523642034847	3.94567043222915	-16.1143017192346	5.64064320175779	-16.1143017192346	4.69652572882994	5.20395558785097
"61"	"960_SemiBin_14"	1.23639924463327	1.99347240543554	0.112025594335735	-0.0601202174918951	1.89921148010954	0.13368755084795	0.185326978423882	-0.0052172209231065	0.34759696605318	0.523777499619325	0.993321755918009	0.71366717778123	-0.2606093988444	-0.322812041063584	0.22134619486511	0.534834605386199	0.583053538862933	-0.566351947539079	-0.170215778514005	0.0464600792852847	-0.187304731396851	-0.990489816878593	-0.0154117259653974	0.12621810333405	0.577391223225408	-0.511929221552727	0.0964470261495141	0.792706502744876	-0.430107294170271	-1.68081582989275	0.0524053108766385	-1.31596623301554	0.818308151046398	0.161987307217775	-1.06626878786849	0.537346465210225	-0.641233865893782	1.05505368352366	0.25677678172273	-1.44801367051988	-1.31949505912826	0.0368610469776751	-0.54193778361082	-21.964653335385	0.260309458045695	0.460987368554388	0.731699087183435	1.51721933808496	0.257979998844838	1.14744317636518	0.56676910431008	-0.364649441669147	0.270126377235565	0.988536150786117	-1.53916454597755	-0.632492855976907	0.182578953525762	-0.119131311796373	-0.0777619597244454	-0.202244252547062
"62"	"960_SemiBin_192"	0.128960775620063	-0.0663555247639769	-0.257202371539512	0.285462291198798	-0.0337954419440551	0.0965960654837739	0.266244673786498	-0.167072061842335	0.227424699744602	0.114768498666256	-0.00157189460222273	0.247316085155377	0.817863051647472	-0.0142605007522931	0.0283156318339728	-0.0603158964701125	-0.00359674545453448	0.0332588599016157	-0.783953066314619	0.153960167502274	0.274412144175801	-0.0356266893854738	1.05922328722203	0.00750046276974725	-0.524987122393737	-0.636881555472525	0.263513222224329	0.464980817812675	0.645377092402331	-0.694837192672448	-0.00540126118952244	-0.587528735764574	0.0680720301291373	-0.0139687456851663	-0.512435305602043	-0.805057863558307	-1.00499575319888	-0.822995857411511	0.203307290823089	-0.55899388453076	-1.3721276963995	0.433340960249225	-0.0423692334726216	-2.24886392456672	0.0144857387185935	-0.150293709882931	0.0347576378059689	0.303329954391444	0.289600067724064	0.478510849363351	0.304600049480309	-0.3969667793238	0.612639550055891	-0.847658995858087	-0.346629882306174	-0.417344951145308	0.66733083634592	0.169210866555694	0.189544714904921	0.30244109993225
"63"	"960_SemiBin_248"	0.469346470758904	0.963129573639247	-1.01119816440937	-1.7290509255236	0.797376457548026	-0.383153590575488	-1.08837182524951	-0.994799827953246	-0.0022110604090857	-0.402817701990173	0.550607127199927	0.656468528401751	-2.90565584722398	0.582016534478312	-1.05314782251658	-0.390953191211536	0.520878744704353	0.693163899743588	-1.10269637117703	1.10255877243048	1.25409826375262	0.583747986769152	1.56464215039724	0.413649397831048	-0.850607900991295	0.306002037192728	1.17248320446296	1.77208665498685	0.993297248460375	-0.430095060735149	0.0353045507079051	0.787362437319846	0.729493287343905	0.317443558664174	-0.0600983233249863	1.15562268035052	0.408170582978188	0.42198390653806	0.521255324630663	-0.140125749516164	-20.4720503140083	0.301400972666849	0.491934884483793	-20.4720503140083	-0.926228781942199	0.089970191835925	0.107275436304196	0.329101345194186	0.0596275854708237	0.555225784879336	-0.726748222405674	-0.344383466310684	1.11182269335915	1.32950311859627	0.86121437312822	0.776086943029261	0.92934497698655	0.489457746952457	1.25034786469058	0.974172455821464
"64"	"960_SemiBin_428"	0.828358656584163	-0.354610485275352	-0.0106266225296521	-0.713621991443128	1.0096337675835	0.68328314824542	-0.193539354250246	-0.265106119037526	0.442007120386942	0.307487570536342	1.04718993800731	0.89618713506295	-0.210833992888133	-1.97094698145799	-0.169681251413951	-0.395237489521072	0.620102198514794	-1.02118699368321	-1.0126925120441	-0.154822312060736	-0.455905442339909	-1.13690219311703	0.0942598857359709	-0.337388580209687	-0.570522690214767	0.438659772809289	0.995221853059774	0.727099857383089	1.00988391585836	-0.393238642416745	-0.0648528914904798	0.0644705293056198	-0.415196685010644	-0.198072908056537	-0.416807742103628	-0.902014956227223	-0.087253676127574	-1.15906484685141	0.630821887308389	-1.77707550516564	-0.880087755365428	0.927710713450673	0.604387538174212	-1.06977619198265	-0.237143553553897	-0.888800605181041	0.817873106426549	-0.621032076834855	0.845323891841406	1.07046179873419	1.13375243281044	-0.130719201790011	0.571128592773243	0.363905822857187	-1.25096898536663	-0.568825802875973	1.53677396616315	0.540025919405369	-0.825718943316662	1.48278061029136
"65"	"960_SemiBin_641"	-0.325483191007492	-0.447172538151212	0.938386996847354	-0.0875177034240675	-0.354440381450488	-0.268169048269853	-0.0846750227899831	-0.0834051807285672	-0.0529551668368837	0.123264258922853	-0.215058091915362	0.163335422964202	0.291650169643343	0.187492622537226	-0.116926772808426	-0.296001968007489	0.15135781429298	0.0399044163827389	-0.476325377544181	-0.119669693511366	0.335874230962997	1.16435713032312	0.555787818539679	-0.738494129103181	-1.08957318510314	-0.146590259875269	-0.123167957223269	0.748943606739747	0.111376512614053	0.704644054906747	0.114521986820223	-0.0536226803135591	-0.765797053044822	-0.829387147152577	-0.459219332057262	-0.50407907747426	0.185259800328362	0.0825293632957793	-0.100088482921643	0.992490166963249	-0.216243885188436	-0.618739098165575	-1.04346471998755	-0.755840878069702	0.148376007289715	0.0254483618197341	0.0329082600160149	0.125919042812421	-0.135292757984189	-0.114371043482678	-0.196390468146412	-0.283845243369919	-0.179282597836058	-0.316402257087159	0.0542388586402858	-0.0939093372526072	0.237964103649402	-0.0115292983486066	0.136454089616235	0.201280152321896
"66"	"960_SemiBin_66"	1.88823546725258	2.27007047492416	1.01131739567227	-0.0690196044878135	1.56223936258006	0.836066876306329	0.0430923301404711	0.504395552059493	0.673074008556001	0.558022658190577	-0.729025758574528	0.437155136941216	0.112121203148769	0.220731470407832	-0.586775854996244	-0.144645786755103	1.57904084574266	0.67313728161244	0.58090996482691	0.625295410448356	0.794760245084571	-2.86961648583588	1.1560247674305	1.28954119925576	0.924844474144615	0.745836098556836	-0.0254805677724148	1.88490561809279	0.588870047295092	-0.580559063750171	0.194160509852404	0.990331976496265	0.106189102248978	-1.24248094613498	0.656355554648679	0.922157276219831	-0.723670772520206	-0.825743378638477	-0.663128956513057	-21.373669631415	0.185297342002977	1.43149502249982	0.571989250493148	-21.373669631415	0.667070620056219	0.695004720504554	0.309963522267407	0.0285495831664999	1.08500972717308	2.02688297058709	0.717852781003542	0.34336887341068	1.38626001984447	0.100435581416719	-0.473616943052238	0.656087831164116	0.935754884897653	1.63642885050182	0.619783166044291	1.1229181459403
"67"	"961_SemiBin_68"	-0.9999234366637	-0.790852033021015	1.03919810010271	-0.279765567929513	0.135978883068756	2.57817194469215	0.956030516147504	0.810385026259045	0.132127716084811	-0.691887555058572	-0.779246993702642	-0.64623142252955	-0.0769747655676678	-0.903644220087592	-0.807245322221112	-1.50830994209712	0.572374919027363	-0.99045646751413	-1.65619287371033	-1.05481707271366	-1.20336396083305	-1.02542767657382	2.38160042056977	2.48608691619972	-1.24511858397813	-1.05656633305947	0.0394413795979762	-0.508862616101274	3.3087495081771	-0.619848784219221	0.0874745788150815	2.15732176052726	-1.90939532553063	-1.5397233147876	-1.41485723650948	-1.76087769023865	-0.780555796635253	-1.176200283866	-1.01784985469312	1.89306980823807	0.362050632043879	1.00064216187885	3.01914095552385	-0.725926845061877	1.56693105884234	1.75497508602656	-0.595592920155253	0.0095430274477204	-0.197917471814523	0.155921639320128	0.715332568933629	-0.440061765417538	-0.236366246806144	-1.14481678056767	-1.08238017467837	-0.787086834548153	-0.916818007845478	1.77971540927088	-0.477012690495737	2.18021296380567
"68"	"962_SemiBin_32"	9.17437915953749	-10.5903925276604	8.84681301849314	9.69640878605985	8.87399881222286	-10.5903925276604	9.19497045155518	8.49006078721842	9.79965668269089	9.88086228192919	9.11720477658376	-10.5903925276604	-10.5903925276604	-10.5903925276604	9.89082342518183	-10.5903925276604	9.10081371151904	-10.5903925276604	-10.5903925276604	-10.5903925276604	-10.5903925276604	-10.5903925276604	-10.5903925276604	8.73332888866959	-10.5903925276604	-10.5903925276604	8.46559053213368	-10.5903925276604	9.046837423946	8.77410956235775	9.31737857647766	-10.5903925276604	-10.5903925276604	8.56933560870537	-10.5903925276604	-10.5903925276604	-10.5903925276604	-10.5903925276604	-10.5903925276604	-10.5903925276604	-10.5903925276604	-10.5903925276604	-10.5903925276604	-10.5903925276604	9.35856777089473	9.11853279923728	9.18091549005012	9.62264525793874	8.7913454322577	-10.5903925276604	9.37344902823339	9.42884390052706	-10.5903925276604	-10.5903925276604	-10.5903925276604	8.97551222920039	9.20016487764442	9.39841638296449	8.90126128620789	9.51478717731437
"69"	"962_SemiBin_52"	-0.734372115822104	-0.326323210483098	0.195006401988407	-0.623442140315406	0.0529718852774872	-0.927790427627891	-0.555263214240537	-0.312762078003486	0.189445624691735	1.13231427146626	0.810547637157592	-0.0115931943025513	0.902143582115805	-0.858303042158425	0.57930971940678	-0.190658763558456	-0.56736782019986	-0.599085205518981	-0.406533802505865	0.132231721579152	-0.27622705602724	1.6022008851955	0.674046226757456	-1.11386841551863	-0.880132813546031	0.287658546597809	0.631765044508837	0.246662616353627	-0.46770224370943	1.70571002179873	0.142680773591866	0.275059815871112	-0.735120000893208	-0.70638675537663	0.685962363634027	0.315130721829262	0.182076565608481	1.10903509192783	0.0292069474343721	-0.371314274800739	-0.8038358153177	-1.29232393087816	-0.57159853933965	-0.93758898109717	0.431232841014665	-0.0794630211849663	-0.717642624846937	-0.392937541359749	-0.310901310851253	-1.51902375226844	-0.478011711179344	0.0497497472483808	-0.128050286410012	-1.11398677435825	0.293745044280821	-0.978738576770003	0.020268356736711	1.20738480352084	0.203130534092941	-0.125680878085046
"70"	"962_SemiBin_76"	-14.4352836836772	5.59858412999275	-14.4352836836772	5.90916864411632	-14.4352836836772	-14.4352836836772	-14.4352836836772	6.22986770568837	5.4114182094742	-14.4352836836772	5.80201756070674	6.36827973278739	4.79839396286719	-14.4352836836772	6.29922262299872	5.5676802447366	5.32135196428655	6.43096018795839	-14.4352836836772	5.20316059227658	6.31272632526608	6.67876130850856	5.18039316757735	5.22499066699107	5.03121504108216	5.94832649057918	4.92175662451155	4.80852434969198	4.8855787490944	8.3736981498242	5.65571226445457	5.98848788422273	5.12929172845734	3.6740512537919	4.7220376182079	6.06490245871493	5.62264542377147	-14.4352836836772	5.54783700646937	-14.4352836836772	-14.4352836836772	-14.4352836836772	-14.4352836836772	-14.4352836836772	-14.4352836836772	-14.4352836836772	5.37323871498876	5.90729587041565	5.48394200560524	5.21570772915128	4.170070685564	-14.4352836836772	5.98872003575963	-14.4352836836772	5.11161825227637	6.06609834335229	-14.4352836836772	4.99219536904365	4.64369419737606	6.49472123105195
"71"	"963_SemiBin_255"	-0.407999264035436	-0.818629847757991	-0.703312219282729	-0.182075711748161	0.0945679551940382	-0.0575311549318878	-0.405110003156189	-0.50680155188998	0.857144501437965	0.733328701223303	1.55973670886632	-0.68784240010925	-0.128618714342474	-0.604066946451168	0.12142261379288	-0.491454842709976	-0.176489647476934	0.279256580800022	-0.811602262010999	-0.611659579321999	-1.14684912878564	-0.928341053560484	-0.155433850140294	-0.20514713262976	-0.824166207690681	-0.876387657177051	1.17869524787619	-1.42286890435098	-0.467234177360892	-1.0690167290003	0.995593735294287	0.249300686088143	-0.501204532250543	1.0480575637079	0.7060102374792	-1.95316658053248	0.396777119142576	0.84663538869333	-0.471462193320542	-0.16558222775489	-1.06625310348645	-0.826518558662849	-0.487330526752682	-1.81539576298239	1.2909803134823	-0.205045402543506	0.925519419599785	1.06269793951174	-0.147842264735344	-0.0258644882272216	0.254301871769806	-0.0430302619510705	-0.153546689523347	-0.444241608073618	0.511735716336137	-0.502054387133465	0.193135810648707	0.241882502320618	1.16112543207364	1.28378262117262
"72"	"964_SemiBin_111"	-0.43182181838824	-0.0862456888647172	-0.22604002878232	-0.604684431433574	-0.28653956316395	0.17530870982529	-0.695671994526095	-0.329835618758722	0.362499855031289	0.392703262183341	-1.184407051377	-0.360308450025352	1.06889746717891	1.43881773922458	0.0585147693388217	-0.814955804924225	-0.55472994527976	-0.382634125499163	-1.14082955668164	0.114293216476763	-0.678659867205037	0.331236008297637	0.0294232285879215	-1.28096751310202	-0.929388817265367	-0.493577001884068	0.0807351838243449	-0.581069460275513	-0.63121237759859	0.490096639046002	1.09818099773433	1.57245306794091	-0.302265974837047	-0.0829405731968951	-0.671708009539216	-1.05190816580293	1.89624238255913	1.76640329872508	-0.819816211413698	0.11839135655093	-1.11576576210434	-0.91207002075323	-0.45316013249592	-2.68416015030461	0.721691812656176	-0.158669872344684	0.627559716698322	1.38170261806513	0.478258939899775	-0.543353326439653	-0.868124715245627	1.29061717956398	-0.519690751156658	-0.88022763430447	-0.0315155913028686	-0.426924629061272	-0.212701892920138	-0.0866463474684114	-0.509898742801941	0.552554252953823
"73"	"964_SemiBin_528"	1.01687116999424	-0.928406792792226	0.79810855446823	0.216504960782414	0.410246147460186	-0.588365714806589	-0.127567032291314	-0.604525087728977	-0.744526278368376	-0.398982883216044	-0.142667943424512	-0.704295211573074	-0.151249748533488	0.463542703615806	-0.0761526055260253	-0.786200559129058	-0.616224880418161	-0.721614079845568	-1.23274481910922	0.0323258111035614	0.107639434108112	-0.567946433234507	1.30598996165039	-1.12930379031061	-0.442590969747501	-1.17977485723713	0.386187856009714	-0.357266750225224	-0.203048049563709	0.656165597582857	0.586702007243911	3.41319597517887	-0.327796239118757	0.00361884768786247	-1.84466828082259	0.0131099358927376	-0.721837053175769	0.0491729101732004	-1.10889192870024	-0.448331265037716	-0.799411258649698	-1.21982311785088	-0.741551505167476	-2.59694494722714	0.401952514388705	-0.492221480651278	0.310085019348242	1.26406230633241	0.605358915518371	2.03829456957482	0.546154504743146	-0.131545022306839	0.658944108795642	-0.00141083714917478	-0.648168196059594	-0.238143253139874	0.708915493903351	-0.0542138904012957	0.218972115030196	-0.0388821195132101
"74"	"965_SemiBin_146"	0.0429205863934703	0.0180755495345304	0.273457465106405	-0.0148324573937373	0.260876443894056	0.306581229768865	0.228501772231553	0.414459612399134	-0.173332911167797	-0.195899198090354	-0.197639044034026	0.354828107395011	-0.286465965620788	-0.47103886597841	-0.33440019382419	-0.275017477682525	0.0704051669570944	0.254722622256199	0.0753899187443157	0.256020873128425	0.144277953572092	0.0684295244952509	0.493961751238324	-0.0694077125888022	-0.238522341373629	-0.590566536787556	0.207219128999234	-0.115442806562897	0.205053506721307	-0.0340765597257384	0.0281789815276907	-0.00515093265837585	-0.0548323198179119	-0.616320858546914	-0.0771390211312459	-0.488200553327152	0.0401774978801406	-0.0274358963693206	0.443201576160819	-0.897436157729549	-1.43364461834859	-0.183119501785295	-0.346326654648348	-1.27324083877261	0.113793252505404	0.00567275484029839	-0.105704410363071	0.15491430614495	0.0132890635373535	0.59773784339954	0.129840427997679	0.200418228395308	-0.0165305321930891	-0.0811712039079566	0.177396615195607	0.128303475058881	0.165519725098311	0.0956700729044524	0.171590803503467	-0.097968539795926
"75"	"966_SemiBin_49"	-0.160421580719865	-1.07082451493965	-1.06151121085324	0.662572051087642	0.273705828322488	-0.802834177568548	0.589898557302303	0.706587312635582	0.533252304234339	0.27823432368726	-0.204600757112734	0.469002022483948	1.16651801264919	0.486622212738796	1.98595554226052	-0.416236484100071	-0.195833334732397	1.56912435818361	-1.36497157454061	-0.733769682279665	-0.991508836428082	0.537924953519685	0.357353435572128	-7.88144371890453e-05	-1.20480099505776	-0.675688280190623	-0.348930115600393	-1.75824467377832	-0.496207980139627	-0.663962711542665	0.684042184861478	-0.0373593053954453	-1.57920499142579	1.60305834512813	-1.23613738652164	-1.36513258931778	0.978528074963137	0.526119495074156	-0.703477834447721	0.0474485804412632	-21.7744522319793	-1.00798518381612	-0.553809508599549	-0.536018356041124	0.646360533485949	-0.194708258790352	1.10785500946141	0.536064224980465	1.60898717665122	0.11115098137111	0.0976842703980267	0.55720160455823	-0.681672235169781	-1.09182031676158	1.48709920132613	-0.615831450857103	0.397711670579906	0.0477592124118065	-0.0628503333421788	0.662054867843845
"76"	"966_SemiBin_69"	-0.703785318302217	-0.885533603685986	-0.582460913511529	0.649956070077728	0.00929406187559856	-0.55987108774974	0.322881774242857	0.268207360781911	0.804790005053109	0.00660841315844607	0.686052634573842	0.519643667445226	1.05155761060226	-0.546575793243317	0.448174364370355	-0.327330713905963	0.139946702996894	0.772394100050735	-0.528201440703862	-0.0377447554491948	-0.842889561571572	-1.2338910337664	0.12273134619157	-0.732166533583969	-0.720298287638617	-0.390225125584485	0.888419116325836	-0.79413406521189	0.428210244883493	-1.16144049327998	0.859941539665299	-0.0860075416218171	-0.817311272147358	0.63183869466395	-0.1714373435379	-2.42242158429745	-0.473917812455547	0.581000007464369	-0.384913983947472	-0.439638655176837	-1.11765660517453	-0.869892275388733	-0.952318385132493	-1.65614509140133	0.705841225805936	-0.0263892151836123	0.503992796565103	0.613913816627706	0.420716327169346	-0.26087493879706	-1.00849078526816	0.472539405440163	-0.368563361803251	-0.351823444401372	0.982148891738647	0.0185262570530416	0.71490276510079	-0.761869874120522	0.876431204771739	0.650316991900499
"77"	"966_SemiBin_91"	-0.320599369449376	1.05408250728718	-1.26772471393113	0.683341347557391	-0.806998335226226	-1.4532733659952	1.14556786611168	-0.275740516759079	0.383931441208526	0.405464220582461	-0.82872460357377	0.211338808073947	1.62713480728071	-0.0189029349643919	0.326002328709743	-1.40465073087552	-1.55047640108572	0.500933133441707	-1.82477676710203	-0.773452969481731	0.645822528569689	1.3174183129903	0.849041115784498	-2.4052682167857	-2.50367626191906	-1.26618802226608	-0.906436224114136	-0.644517190293645	-0.0158855029196578	1.21179034881245	0.552291330756227	0.574623669698335	-0.646655477780748	0.775975908494097	0.503662917444001	-0.0367157516146781	1.06703688451899	1.04331363398935	-0.923403332062673	0.884454652593589	-0.111543844016835	-1.49022924435267	-1.55993715704147	-3.18728649691252	0.539718427734111	1.20864808342141	0.654686638808069	-0.520634533490177	0.935203857173287	-0.997386482883127	0.0161026106160449	-0.804508321457429	-1.35320197807927	-1.7775025734312	0.580841255266782	0.657593125805436	0.0932014347435608	0.180045819288927	-0.0113757944698714	0.0502753698967995
"78"	"966_SemiBin_95"	-0.555816265661293	-0.430773705818948	-0.740932744960212	0.534824909816671	-0.660671527803512	-0.565201535779159	1.26129506827089	-0.454837081575814	0.454606778485106	0.0576867143700275	0.0380439850497272	-0.382760495509196	0.564535534570768	0.0933984401369541	-0.345459605478517	-0.508944947284893	-0.620772983085935	-0.215187794149935	-0.86410201812571	-0.166038789389056	-1.34566757507843	-0.900719729950926	-0.471952821880275	-0.801196869116193	-0.589027944579421	-0.322312845042759	-0.763598312976745	-0.521877079062107	-0.60906032591727	0.615160560683875	1.14251677728851	0.757295540628292	-0.451988601683376	1.46744924872762	-0.107620124269802	-1.57296277174391	1.77608231324069	0.481134855543488	-0.697841749867966	-0.210493950699481	-0.510268969829017	-0.436344946824436	-0.37548397607434	-1.17176364199402	1.57292101693789	-0.0527184101021492	-0.729071739555939	-0.399977373782216	1.04594569624064	-0.467679007840883	-0.658361321438846	1.31653437004849	-0.0748728836757664	-0.71995922141538	0.968059720780369	1.3508515066515	-0.470319680330641	-0.38708379696457	0.626168722959916	0.663671735162018
"79"	"967_SemiBin_89"	-0.0581900089113372	-0.304757610559987	0.0372775574489923	-0.236697607695675	0.0632843392947198	-0.367762770428292	0.0627317190360817	0.25931461419693	-0.118208934899784	0.226256240549742	0.747601264720003	0.821424961690227	-0.861080262105758	-0.887249217632479	-0.321421574821782	0.136354399000027	0.28940359887559	0.100151104787733	0.126812939257339	0.276420942505118	0.988664000427556	-0.338202071000832	1.21305581423434	-0.00186498655238232	0.168521745896646	-0.147026000857067	0.0323790933241153	-0.289778109635003	0.253081949032073	-0.642588919942148	-0.155594460955716	-0.251572427740156	-0.319032873948145	-0.446543124743355	-0.421411923849436	0.173628248315483	-0.606187853997545	0.578841600726834	-0.289038024167783	-1.11229096900304	-1.55147255546359	-0.434368097845897	-0.130958399171422	-1.80027237979667	0.329375614536261	-0.0436121987976259	0.351047117002973	0.306154597854046	-0.216456273137351	0.401127660746202	0.244925538668471	-0.216950154259045	1.23042933669449	0.745740136568424	-0.397303512584021	-0.197693133889124	-0.123690989848225	-0.293182462431003	0.0881390185835915	0.1658531626341
"80"	"968_SemiBin_116"	-1.19331037043945	-0.685122776928477	-0.845251408088487	1.64190565762272	-0.216026921733773	-1.1031548758816	-0.980769688925951	-0.340543702155451	0.717678477849496	0.618778647849066	0.663966744345868	-0.560663439631941	0.88740477832769	1.96728586204243	1.73951913203791	-0.359736830691784	-1.16605044515752	-1.64778497448844	0.530014401613589	-0.41618311297125	-0.667388906444113	0.100037475933608	0.158582421366936	0.0518118511367698	-0.250552949542817	-0.673041657508058	-1.15343701957779	-1.59805525224951	-0.389684692134705	0.221197028633251	1.0362597802961	0.924904665513499	-0.892292328145562	0.59209762207884	-0.792729197580364	2.06581993124721	0.180014245920561	-1.68577803732295	-0.61274395697164	-0.0348455429589576	-0.879148454483675	-1.29994315988044	-0.0677883663972318	-2.41226726295841	0.290428791198236	-0.431797332300309	0.192553422149284	0.978047832662955	-0.969409525589561	-1.13620309649345	1.46154490888178	1.73345452785414	0.076363100914131	-0.532244220237688	-0.953332238193051	-0.186233559103488	-0.122624507039805	-0.0286277669910033	0.225153726042248	0.50501856370394
"81"	"968_SemiBin_131"	-1.39494164323842	-0.964068254105654	0.354381071857613	0.491943804450253	-0.420025432908893	-0.271780709173971	0.440745363634337	-0.20201909519799	0.00245454754314256	0.981770894439908	0.985981616738721	0.333583403441984	-0.0458989260118683	-0.13951145933704	0.309629003637468	-0.34936323267786	-0.186393288501331	0.138653081138594	-0.710913155252236	0.318288198968491	0.221685172925852	0.0240366191582471	1.06410875179575	-0.832690195792895	-1.99672038312347	-0.522880516414346	0.340336356986119	-0.45475569428261	0.433305290857448	-0.355131314137509	0.580908919852285	0.0775100757087186	-0.534964215469968	-0.134691222806934	-0.690293954764875	-0.337078090914929	0.0414269614235874	0.221381945151419	-0.389580420475248	-0.211015418771905	-0.434699169252861	-1.13110671472386	-0.213284240269284	-1.3969812173926	0.0813516541341519	-0.322262747247419	-0.0773708376650921	0.814236259936369	-0.363558058552884	-0.460515457787086	-0.637727710519915	0.298244346268547	0.32312412960178	-0.0631029021895726	0.260090814486506	0.381713995830608	-0.0661821502434981	-0.0901679910270348	0.261581734711402	0.385566376626182
"82"	"968_SemiBin_24"	1.38533083459867	-0.23100588793895	-1.25800181243248	0.300110893569588	1.92811923790456	0.677025050109036	0.900613698227535	0.704597683763694	-0.506031625246907	0.254304604425393	1.03423429256528	0.90186039983746	0.495557587786213	-20.6910752184169	0.942600844198987	0.510221988046015	0.948174540196879	0.788819845875475	-0.861389069981749	0.351853255538089	2.20982622614969	0.0949353934776269	0.15681366231579	-0.136503132322312	-0.930269090153478	1.0660193574816	-0.172375322612373	1.14342747307045	1.08260938931841	1.18675398558225	-0.314995155923784	0.835677927976396	0.526903179377824	-0.330520459087214	-0.078498899377653	1.80918313928752	0.0989359281473581	-0.11533290130254	0.476720120502597	-0.776164918328113	-20.6910752184169	-0.397295801769389	-0.276363628577773	0.673509636379093	0.200264063063753	0.149506470638597	0.775348786289725	0.210907167713442	1.12539135737713	0.0663013068202893	1.04306935044634	-0.409665452469126	1.37547239218029	0.731194541688614	-0.229977974415294	-0.981741370862251	1.33507137714143	-0.651120457750817	0.540975299831175	0.801704027339452
"83"	"968_SemiBin_313"	-1.68034336938117	-1.35747323713809	-0.582811058358311	0.182843899178137	-0.520700907334576	-1.02507014238487	0.0322113895158509	-0.492728244557326	0.340874533421255	0.593284528134173	0.252073906428342	-0.15287779439505	0.411343279553438	0.221133058495918	0.77917336917195	-0.168966109309545	-0.358735149589767	0.302494663790856	-0.53676369649873	-0.649192375354204	-0.749212037422698	0.28609091453264	0.412944605830683	-0.458610727603306	-1.32504099287237	-0.471393246720891	0.263536015546192	-1.1583307536772	-0.335661703207331	0.183962807064323	0.904039488771558	0.55517410522006	-0.624141291133558	-0.0256568284839735	0.118172892540115	0.401381896402494	0.533674724747842	0.233292553866581	-0.0715881771572713	0.497826065868982	-0.776521392943077	-0.525528919862727	0.0371921471184855	-1.69457450296207	0.498935966412893	-0.432568281226777	-0.228848298445095	0.0626183253726378	0.00692939221104183	-0.275629011653954	0.0864700318188341	0.870223105235183	-0.150623478868901	-0.355538908758581	0.358304928373357	-0.147446432403445	0.00627914871458302	0.200907130419005	0.238993664018758	0.595721160845931
"84"	"968_SemiBin_85"	0.197712562046683	-0.215099760608404	-0.169784998889804	0.121420182828458	-0.458855956889979	-1.0089294379151	0.195259839922636	0.301079875438409	0.427323067600814	0.356629795873106	0.442197483129966	0.0894935647799961	0.383034195755005	-0.49920488923679	0.33909001297327	-0.0639933033226452	0.0481115893847441	0.576974661695969	-0.729908241061165	-0.258691536968497	0.506464370167214	-0.0774551866458335	0.287136452323021	-0.290117221500871	-1.01205245096376	-0.293799790703219	0.000689087997101545	-0.0263336402093373	0.515271347822865	0.321187574751615	0.00357780796828244	-0.304382572284086	-1.02889435983959	-0.104460030343594	0.415326835087302	1.19345157501319	-0.0342489640146351	0.14629357150864	-0.0432765011714995	-0.144231150183181	-1.75503462941938	-0.826740770690358	-0.620425458885093	-0.981032537862526	0.511625876430104	-0.394389916914718	-0.180600775343019	0.0129732959185738	-0.304973543643082	-0.615297419698267	-0.387455255962773	-0.251686951409644	-0.344975030774533	-0.0889148335296355	0.791078982286313	0.177977588305341	0.167157463550255	0.247912051170764	-0.363765352226974	0.0647974886873461
"85"	"968_SemiBin_97"	-0.897585268764646	-0.487741757643365	-1.01321191935801	0.626807741857988	0.0744778353957534	-0.602292291516132	-0.300971053101353	-0.691593790670959	0.478986066090608	0.195878677411702	0.151425148024288	-0.531690215440053	0.365467579615151	0.0797819506408155	0.577977157365916	-0.162287905809811	-0.00976917176505676	0.117942516739421	-0.489965022291234	-0.0977675673468212	-0.501399650405312	-0.392772609752376	0.390028511713919	0.0675981126662721	-0.407161097468576	-0.441470017972649	-0.412458335870061	-0.887129820564763	-0.104401885428005	-0.211961107081767	0.508844649136361	0.00829908488604669	-0.809378362548885	-0.243910514212926	-0.345716964205169	1.58177242852928	0.0731165536839891	-0.223138041836378	-0.0988594666534679	-0.416033838762882	-1.17196821439768	-0.786801120707008	-0.230443958484482	-1.37305362955382	0.165456543980613	-0.82131650758785	0.697008529631761	-0.121258282172459	0.843131798301574	0.154362224389827	0.244808954790473	0.479370017500707	0.333746306830653	0.108822142829065	-0.165931620248455	-0.440385727425608	0.369682252577094	0.0406276737273563	0.505319706479687	1.00342902487068
"86"	"969_SemiBin_208"	-1.02316105286696	-1.58476496323912	-1.07511865809736	2.16342960038948	-0.860456435933628	-0.907062069020035	-0.301992520302107	-0.612594161186832	1.2917299357729	1.80136292828277	0.512530518376035	0.34867557545758	2.71281557098321	1.93400636247304	2.20344724373908	-1.08955018389629	-0.450024424600834	0.0482106329825136	-0.197059895991172	-0.603222665074035	-1.3138948361598	-0.215008278130688	1.48403787567958	-0.878475747589054	-1.70802332851728	-1.51493471070149	-1.18196378645655	-1.82440653370627	-0.958845714750621	-1.68183957842881	1.01511752529984	1.44964027033936	-1.41069673455106	-1.30227716346236	-1.61304032471747	-1.64989706253236	1.1690661095307	-0.92335948087708	-1.10626214879027	1.65943090758447	0.00717472750999448	-1.30059325221275	-0.930144629254204	-1.56024542575991	0.0264838155167331	-0.962421370655687	0.630929794282896	-0.0754314705280965	1.62894220394461	-0.545530761350752	-0.398302077057135	2.10033671015845	-0.537644323304471	-1.03777118628601	-0.290732225290435	-0.371042869306486	0.0065297584896653	-0.700473212029754	-0.282754609343362	0.617127415099877
"87"	"969_SemiBin_225"	0.696946274639797	-0.935438628741922	-0.57687384598306	-1.20189096458741	-0.411811676612992	-0.814760730931821	0.807845882273291	-0.347530890387067	0.11501850304429	0.890865099512855	0.54811974092976	0.607070937785981	0.879729705101869	-0.524194163116619	0.662259977508017	-0.530012036429025	-0.125571612599542	-0.023353155609076	-0.223024655591368	-0.0596767950094543	-0.0726783639961353	0.64712716801466	0.440671804053848	-0.55955972452783	-2.1850369760848	-1.38143385136711	0.244154574791872	-0.898590720249095	1.03197980918363	-0.873478724500497	0.833776835864528	0.31918629175314	-0.879631721475657	-0.046915464278185	-0.425920122895891	-0.898483594263533	0.0472765870787253	0.195195242520698	-1.19448315618599	0.284797767711468	-1.22627367415169	-2.36290483316179	-2.22344230940051	-0.498529369029718	-0.0040483872497088	0.614500039430277	0.523455142479172	0.460292327672541	0.847078788276466	-0.796924831794876	0.114541541913666	-0.264910603156051	-0.186130561912417	-0.336971246073301	0.999008676029423	0.582259284200175	0.695255235809767	-0.178784601294192	0.0834321956985908	0.876017573894287
"88"	"969_SemiBin_466"	0.687382605941677	-0.521932483008055	0.201825243585304	1.39843070370582	1.16074752982002	-20.0933304545258	-1.19253831031659	1.04792141388193	0.473746740919335	1.22914101596532	0.622905462661618	0.591363547576842	1.6086821473675	-0.449950217819584	0.945817964777547	0.543273232249652	0.844510215420354	0.721803678148563	-0.896378021734559	0.572332345665234	0.25460789094139	0.799580075665725	-0.263249006166846	0.285064580236816	-0.435122504461952	1.24349514039571	0.4730230063329	0.811560904012342	0.323397607212971	1.03833725526512	1.04418925538512	1.77401120963635	1.68113355068482	1.40208878028938	1.65783642237111	1.16063631686467	2.33906130176688	1.79810730530294	1.41991896145475	1.57870042399978	-20.0933304545258	1.41955146281733	0.717763113942788	-20.0933304545258	1.16566220920489	-0.898878723421352	1.11244504532049	1.20950963904171	0.975456211783831	0.320113058968378	-20.0933304545258	0.681285965378484	0.0614644519676943	0.18552321693628	1.21069999187894	0.271282755009906	1.17671829166995	0.446673959696147	0.374313094895554	1.69579558044973
"89"	"970_SemiBin_111"	-1.16715805696014	-1.10378254949351	-0.732796184266854	0.203695341996347	-2.23083512124021	-2.40081681808017	-0.916689499963771	-1.56062870567626	0.200258533174081	0.747090637385311	-0.158481362880059	0.190053573610564	2.28728995271278	0.631546806518565	1.62933792104093	-0.869064446069658	-1.21086171686334	-0.946100219770056	-0.477941173925382	-1.24136516444434	-1.19051257089282	1.2296832300499	-0.923834076490826	-1.21923012235869	-1.46712508226907	-1.09341124723446	-0.283679364174887	-0.93922243241281	-1.11933085931459	0.223392732684823	1.39801919504779	1.43044864928722	-2.0732548857815	-1.1049637082728	0.376561394067386	-1.49598312852586	1.17611826710464	2.08358297974085	-0.976288854716861	2.74268339993695	1.0607939912355	-0.926325110526249	-1.46592175631708	-1.18391413941453	0.739206663868276	-0.45938865417166	0.546598717134066	1.01248567533675	-0.437189665085469	-0.548426841055581	-0.0159518385670596	2.42596473884653	-0.149634098654068	-0.445495328920946	1.36678962615047	0.538633165883513	-0.140685188355818	-0.0879338988473215	-0.193931527513549	0.179078075130906
"90"	"970_SemiBin_149"	-0.495603646495689	-1.02308842820231	-0.694356217876653	0.321865844498807	0.253619171016999	-21.3802163905504	0.571489943445178	-0.0830103476529578	0.318016714962992	0.662363958463621	0.0894636328188785	0.22607874329104	0.79629711183058	-1.04509301662777	-0.185816677335704	0.20185365485372	0.77072631972628	-0.884401614294654	0.787738895658508	0.100062044791422	0.527691969543906	-0.739990222862422	-0.241967845087038	1.14607917428444	0.930183815665574	-0.182759935442391	0.0172313398137298	0.149133539459124	0.375800161757351	-0.739624587166992	0.42587380223434	-1.14814896650628	-1.05542675949818	0.759519237007787	-0.864586691727406	-0.326276285405378	-0.588710839970055	0.771646895281007	-1.47965455224909	-0.600566602745984	0.145550355923516	-1.91751201622672	-1.61251036161045	-0.195450744919582	0.891693729431122	1.26468865752803	0.978724642485167	0.374675136209643	1.22520236266426	0.125237842600198	0.670417698344262	2.05611046337748	1.01301395732894	0.597946608936827	1.28303685059505	1.12952697120642	1.29376073098741	0.210835577617382	0.934656013566194	0.916017571122037
"91"	"970_SemiBin_53"	-0.142706492297583	-0.166166214154494	-1.17560927503628	1.87391298308034	1.23795109571274	-20.6357607794497	1.04545729713871	0.668652007583628	0.600360329247462	1.87474827624996	2.46503144281177	1.05565581138311	-0.164955928012173	1.10564245254365	1.35616979092454	0.101639047651836	0.73705750796716	0.389056576662851	-1.49435724034695	1.40480487806217	-0.101499584926221	0.13112833705426	2.29541400461944	-1.34773930902616	-1.09873274810792	0.911543983791687	1.71037595860006	0.27112035114467	1.74238837269688	0.270269552487346	1.48014503835861	1.09843553588902	1.27246461912935	1.43383797145887	0.653932497787682	0.674497580067537	1.3220093730295	2.34426001829899	1.24189271612253	1.03684544018433	0.732286585388396	0.890964995318543	1.30707284329868	-20.6357607794497	-0.627440459594931	-2.00934181605983	-20.6357607794497	2.05270587268853	0.449301928082539	-0.123036513459919	-1.11798808501795	0.850405425046779	0.0768618815638655	0.0787590225179136	0.852248208513365	1.275205850936	0.782322969539331	-0.515460317935181	-0.431706111853427	1.6925097931259
"92"	"970_SemiBin_87"	-0.815301291735727	0.0110771203829731	-0.508185096498607	-0.127492182507292	-0.27679307592386	-1.44903383476001	-0.262266975545011	0.0525783771912449	-0.111140349763124	0.171863742885363	0.557647844722399	0.73084807502377	0.564241523541439	-0.608100324950716	0.724067258968097	-0.127789898340504	-0.0312560491766316	-0.0927918136557029	0.0670560689853472	0.452895941344255	-0.0368974663317232	0.426143041758134	0.39090639535356	0.485615880522184	-0.775347277020392	-0.120178528155161	0.288797447067851	-0.315126428349777	0.193362653731192	0.213807195652868	0.311130747767979	0.134448837599641	0.371025848649514	0.431291457577991	-0.109967741690992	0.09033798694335	0.69750235066573	1.88893257349791	0.628535087706368	-0.252451048507848	-21.2542179982831	-0.130903593040115	0.213548113353819	-1.164259901743	0.0500259524988662	-0.593370140097273	-0.0475405070269339	0.166182690906222	-0.122774977242685	-0.291247250936088	-0.0650864188994342	0.0657423147609411	-0.0333679505867428	0.238041584926733	1.15827032535745	-0.320472264248469	0.0536502318726093	-0.563664387673835	-0.00384044779182613	0.653770499379986
"93"	"972_SemiBin_102"	0.521049483815851	0.0837965688995155	0.842773686772749	0.278346024686495	0.361854149649468	-0.118495097212202	0.840339711390647	0.962314010438775	0.637140422370583	0.335854998403169	-0.188171106704655	0.803782145473498	-0.170017998835288	-0.644112404880895	-0.138850674676931	0.343945524199898	0.660580274327183	-0.250204440884371	-0.0564573255282665	0.539481573448646	-0.73238712853051	-0.178399081957684	0.66693357764847	-0.165029935174902	0.233611083486577	-0.497492631090915	-1.11079474608152	-0.695929244033874	-0.0689101107206067	-1.06162648881649	1.18403541793627	-2.08589130770947	-1.85753553182854	0.599279737679601	-0.0447834397391071	-0.952861038823547	-0.278600145469935	-0.681897865304231	0.131081687009239	1.15849668650422	0.368791739288964	-0.606186428830736	-0.228944531044982	-21.7434322717817	0.502530304720829	0.00742495301710466	0.435048113340471	0.0501765906332965	-0.0302156283663226	0.389737334785477	0.83414512265621	0.90852127949797	0.786223637934536	0.237621512004118	-0.140007763660693	0.0650613458374805	0.411112733139011	0.132780675014732	0.262742580611795	-0.0687448594022513
"94"	"972_SemiBin_103"	-0.356338049556166	-1.01102226861484	-0.655762678866916	0.216429242535862	-0.311182083017429	0.561792653424283	0.0695199746768873	-0.28117106531476	0.708857762466127	0.522118405149921	0.378665874078344	-0.187941310925128	0.355932743770757	0.434689057944214	0.475585042000373	-0.0814130158431459	-0.00749601219546037	0.447681164755755	-0.189705316133457	0.00219408470487092	-0.673980046275224	0.445859352982858	-0.574421311591415	-1.73208190251455	-0.532304611113667	-1.36174004542143	-0.180751961940003	-1.18390223815777	-0.0689846811148689	-0.350791258941356	0.468901805514828	-0.527883762416111	-1.3513527049438	0.136332693052632	-0.707286679585288	-0.0951633565634813	-0.177842285337227	0.590069381032457	-0.0428682223278978	-0.62384659975227	0.0747149324917311	-0.543799681025441	-0.495899949689455	-2.36441913060916	0.683172752360422	0.119412619934333	0.459438428876457	0.588871210971975	0.32738449555717	-0.0177672619295377	0.662071487598505	0.68723206741806	0.262842660799418	0.245842774510837	-0.508859797423056	-0.229269616204911	0.34160742281236	0.374831249750831	0.0767223245530895	0.723460183715843
"95"	"973_SemiBin_207"	-19.8617840338918	-0.208581453430082	-0.816846235650803	-19.8617840338918	-19.8617840338918	1.63924275442185	2.37652490214834	0.906828613815225	1.72797667562362	2.12953364762806	2.97823164109392	2.12448332751969	-0.999440425941057	1.4659497796325	1.94991676545291	1.6229298495212	2.65522437630583	1.88195814266046	1.09110100975514	1.4805450385263	-19.8617840338918	-0.183250528554253	2.83702702435451	1.92682828099398	1.36679649366737	-0.0506868974276102	1.75834663535112	1.89302001776417	2.0384225370603	0.466229564875701	2.53951814541518	2.52460956183822	0.660939845371229	1.53405980241928	0.812113929765445	1.39272328875785	1.08175902306268	2.20621819310648	1.91430275417757	2.22200573996271	0.939716570523589	0.59823912308305	-0.43970583499651	-19.8617840338918	2.09942347984859	1.55429931316995	2.01543017025794	2.04972272503632	1.66708072067179	1.54529071666964	2.10965159522779	2.49502925449137	-0.598757020649018	2.56166522626089	2.78555227755765	1.89168594015679	1.09078327912401	1.9981737639524	2.55592185743166	2.34564294239813
"96"	"973_SemiBin_307"	-0.860008368808588	-0.806248339583392	-1.1738509854679	-0.455093737631344	-0.912575743776254	-0.695817781415975	1.50826645817663	-0.880724281258449	0.170709569547188	0.127997734778837	-0.251123416070338	-0.33524871249571	1.47799757263286	2.09525638097266	-0.792994684493267	-0.729021386954908	-1.3120316714302	-0.244373394048603	-1.48782691342348	-0.779872271398009	-0.811369813675238	2.2897931324671	-0.673005783390113	-1.60040452283698	-1.036076090305	-1.12328692351102	-0.940963514416745	-1.0109036689718	-0.133018442318098	2.39868687285218	2.49208755184003	1.18977408139527	-0.669827368122684	-1.05993036991763	1.35221570497663	-0.849426210721544	1.84500371453862	-0.327450236735916	-0.838732565782685	2.67276076289863	1.13068218078229	-0.576584043895839	-0.512912827051168	-1.43007627895119	1.29656607551732	-0.628615549329195	-0.449114383630118	-0.443605214528772	-0.0832694101669071	-0.786389558399383	0.269553586490905	-0.894134288083759	-0.877779644227913	-1.18177333527993	-0.566217176403399	0.745952889562148	-0.173917435052154	2.0000667932055	-0.233446663938934	-0.171582038296406
"97"	"973_SemiBin_32"	4.84650451395285	6.24988516123346	5.01585831302582	4.80178868895697	4.74585771596219	-14.9754243692541	5.27162885899874	4.73960695328833	5.77262481059425	-14.9754243692541	-14.9754243692541	4.59429324707014	5.51399072186982	5.48222082802147	4.55851992606208	5.01213986486318	-14.9754243692541	4.64537816027451	-14.9754243692541	-14.9754243692541	4.70819118593872	6.81173566517477	7.37757877768384	-14.9754243692541	5.00331827507876	-14.9754243692541	-14.9754243692541	4.65193035566432	5.55798885030693	-14.9754243692541	6.10960251170413	4.49178761406276	-14.9754243692541	4.4460564368033	3.90470376898054	-14.9754243692541	5.55325562080419	6.55356616310492	4.96353907185936	5.01393241812386	-14.9754243692541	5.29293985932262	4.85097378282437	-14.9754243692541	5.29865087253764	5.95625047863328	5.69889915330962	-14.9754243692541	5.04124875038027	3.77489137297039	-14.9754243692541	-14.9754243692541	4.71420992474374	-14.9754243692541	4.93659257336463	6.45632524873323	4.4214777716692	4.70216517573057	5.34150071470957	5.22108898313074
"98"	"973_SemiBin_47"	0.00772151163838686	1.21455412612347	0.8723740953782	-0.693207863830716	-0.732439918196075	-1.3107373101679	1.77713179742066	0.0583383092963157	0.149291585781063	-1.28328954771811	0.675470804750968	0.589725226858121	0.816416714565996	0.771639677430364	-1.31799664524463	0.680072228850167	-1.73304760354033	1.37749550741516	-1.35728750777724	-2.02194293073846	0.359710466198345	0.776813169627774	0.593940767469927	-1.88687159348956	-2.17078679787556	1.00540513618325	-0.0466189972417634	0.796180769751031	1.1459999736211	2.42571883813264	1.39618933462847	1.00822788661128	-3.08874995817217	-1.45870516127276	1.44476498826295	1.47856551515402	1.48023653494834	1.65180500401915	-1.7936698407072	1.6107647194562	0.606537337733147	-1.99140662724444	-1.7311818799914	-1.04016102570224	0.437804207603868	-0.515862745498739	0.205630730785241	-1.60796837768225	-0.551289915377915	-2.51665304258405	0.162808506079443	-2.11317367480705	-1.62832233289415	-1.93583534956917	1.94601572795701	0.60517375536155	-0.448273389386662	0.419025338635534	0.544741639169159	-0.735245275624255
"99"	"974_SemiBin_118"	0.704351831696763	0.219725270051791	0.361734415049259	0.868304121012828	0.8071370875695	0.696612636346824	0.627191773182862	0.738199743230596	1.40057536131973	0.974739139521634	0.297389231074712	0.376151028635048	1.39156977421966	0.370335516009026	0.967275630676103	0.881687297730883	0.956003162303563	-0.00724154701093482	-0.172846515561741	1.14589114146257	0.696481471626553	-20.5735272662276	0.96853184569033	0.608495193900502	0.924890118073181	-0.617632439801531	-0.905174386516938	2.15880742080506	0.348047040097108	-0.886736751948567	0.701031753955448	-0.740066598452618	0.558794225197967	0.106159813729689	-1.3964654265513	0.168556718774287	0.168836562562662	-0.00783106706932379	0.718032514253679	-1.35887425477618	-0.238955196881625	1.61725511179	1.34000577021594	-20.5735272662276	1.15085465424307	-0.0442587465422424	0.54002522137751	0.730242323757295	1.10658600528689	1.08297597170401	1.34290714217438	0.614854689993529	0.795088007956875	0.0672014409779313	0.258782280434342	-0.148821525855036	1.31964204185957	1.0211789244103	0.573464017438397	1.48867161712341
"100"	"974_SemiBin_337"	0.434083137375951	-0.0594996858553838	-0.137217935854998	-0.249563281280786	0.652545555972127	-0.0536319574139297	0.106735714462429	0.184891790535469	0.959890997757155	0.765974023834072	0.29742782152212	-0.267279745954625	0.0450352307275059	-1.65141120446278	0.418001154757525	0.384455186676028	0.746214895420152	-0.068144868621304	0.371983320087193	0.401086063305153	0.141467374583198	-2.21883935600151	-0.102300323167993	0.968148073196863	0.146451092476745	-0.538410297971866	-0.527991993665432	-0.0838925688360721	-0.251516613452051	-0.533442305185657	0.0324082121435385	-0.198687363320417	-0.216860538982449	-0.343417048857716	-0.234284403544494	-0.484008981526568	-0.681271076021226	-0.498332642175201	0.647496163598956	-0.760225379543666	-1.53192221731433	1.46080831617947	0.465682862574008	-22.0113287415272	-0.43410861853554	0.442577543942212	-0.18103605756879	0.197222166579847	0.192152234590344	1.34184118568734	1.98594230818214	0.207094893749971	0.773690090517454	0.639319711413414	-1.16822980793277	-0.110272800495464	1.17608230560161	1.16485758235131	-0.328477754417391	1.25591729867672
"101"	"975_SemiBin_73"	-1.03944542756252	-0.345982068111041	-0.508408272292348	-0.366821508071383	-0.231049578404098	-0.665629091533599	-0.115602708379631	-0.474880768493967	0.334042951047027	0.653849797261612	0.646186146287074	-0.230652852461869	0.291579759263047	-0.379452187443915	0.302522508841148	-0.793917204059263	0.610082137572239	-0.311185874764601	-0.998855684020833	0.346428503834217	-0.0238470074042594	-0.190138615745042	-0.172462276283595	-0.0767748268305484	-0.791884733562962	-0.892785689622606	-0.334550736388845	-0.774544883354626	-0.405011807679444	0.409650100826954	0.347136823936594	0.25812430874513	-0.800802236544503	-0.319384464755305	-0.785865429189706	-1.11910349259338	0.271007683127976	0.620418373000854	0.0399385884539916	0.386358408701895	-0.808585416864264	-0.456161861628337	1.27236320776623	-1.15929860519171	0.0155801534706574	-0.0605642863172964	0.780186686213575	0.802538724204996	0.264896917439652	-0.817489359478937	0.362035763124811	0.722998816496706	0.366546220951695	0.246845907855773	0.394366113052029	-0.0276743939026849	0.136710549501468	0.221333395895448	-0.209644589215248	0.416417262735524
"102"	"976_SemiBin_228"	-0.336868836292099	-0.162272458702071	-0.766725759622201	0.22069501385045	-0.851777463398717	-0.801266135633433	0.360311564203179	-0.126759635778511	0.491502020159422	-0.00915874112491011	0.114020647975723	0.305074248316418	0.088989995424603	-0.457458041848188	0.544360698782427	-1.07012062166844	-0.0542492754010473	0.117877203736766	-0.121909541114182	-0.429421741396608	0.0920010998821148	-0.0249652926095703	1.37676607885249	-0.0401786630439069	-1.12774740733727	-0.957990686006063	-0.39959441940402	-0.64741014403728	0.448838061045405	0.0852189521841211	0.700037725878999	-0.805362325341573	-1.17395281350354	-0.665203248373782	-0.507276576633671	0.344669765634151	-0.758703821459938	0.183256093458813	-1.08442222598425	0.0725909543373255	-1.07489853643728	-1.10786774553679	-1.09200276626905	-0.720838701500149	0.654991567247889	0.0343114089123802	0.0269183594802405	0.5172398367149	0.305317350697603	0.0959139469025923	0.563959166739555	0.0865951831443645	-0.12567706697286	-0.145354937846565	1.016936653998	-0.0432642632266411	0.310125115144909	0.211446582188342	0.417668254320271	0.573995850310562
"103"	"976_SemiBin_24"	-0.316631204359765	-0.111294518100478	0.0548734029138771	0.623588081371016	0.271223731546853	-0.505820603511148	0.632875734704597	0.365113651597391	0.174051089143079	0.332075470751605	0.446357217830796	0.655171405806143	0.644604333345788	0.0467736407478228	0.55575800734487	-0.241342312760214	0.424558576162656	0.372478859789498	-1.03610165434564	0.56702481512857	0.988513746893724	0.959889884301726	1.0626802041245	-0.753782720042038	-0.826810901497824	0.258589884791024	0.792396475389129	-0.159583720643768	0.441776074422459	-1.02455172883765	0.225959941333759	-0.0383262501176445	-0.0421340048125547	-1.29250225642101	-1.94741695855573	-1.00829354690277	-1.16464559078416	0.6059686029181	-0.76746780011037	-1.76405937305735	-1.58041627430428	-1.22443097302229	-0.811614948545989	-1.75410137791795	-0.345819309334907	-0.433855425748146	0.429881147829715	0.939860596014825	-0.406889202273675	-0.0423647532152671	-0.432885333493039	-0.395365246785579	0.829219158909971	0.349825750452611	-0.548519144692335	-1.1407312779648	-0.149301714290773	-0.0965120693549002	0.643288818348894	0.469693510949831
"104"	"976_SemiBin_36"	-0.155630760956966	-0.390324226761977	-0.623016780057389	-0.924765939569198	-0.158209043634173	-0.616021377893091	1.97618251415845	-0.835443618130549	1.18971743701511	0.0898902854255521	0.231116038053529	0.509322610661952	2.16563388266638	0.273713688703294	0.11181107747887	-0.162299130486315	-1.48246299734024	0.896642074330221	-1.01354140868227	-1.12104742435359	-0.304916077129264	3.07886826179746	0.258549023526331	-1.05061482693001	-2.16195797980775	-1.77394448693681	-1.01340278512193	-0.660992195664269	-0.112424234048581	1.28060235285963	0.72370780673009	-0.435343814302143	-0.941101883207143	-0.508221950996531	-1.29946737194587	-1.23311715983907	0.00210988974130721	0.777887141099403	-2.04953819896802	1.5773237440487	-0.533838172297139	-1.8886388456007	-1.26445434344308	-0.639368547483331	-0.495535952568231	-0.296443757387197	-0.499622852943504	-0.681117095175851	-0.329772550667848	-0.354816178203075	0.00753389925785086	-0.698359217973864	-0.782242446342354	-1.10659818269944	1.09759458479401	1.43959350360762	0.234629634243722	2.15487291759383	0.725847101033457	-0.106800262988435
"105"	"978_SemiBin_64"	0.993886079474758	0.815405159687649	1.76748915153439	2.10317539225245	-0.305191019907061	-20.5024696490192	2.00838189219816	1.78252683418421	1.16363694529611	0.937050106446541	0.72898109973153	0.834489430610196	1.49719383999507	1.76791132707116	1.33046186416751	0.587457312600551	0.105580678448637	2.25981180009171	0.337638905998581	-0.14945465678604	1.01746612453534	2.29187389847875	2.49508394969483	0.593907512127313	-20.5024696490192	1.07133893415162	1.31516185544923	0.526065753675632	1.90087950602431	2.39125272904188	2.00153661632603	1.53304209450651	-20.5024696490192	0.660436893861908	1.19991185518637	1.33203734018232	1.46897345604896	0.769621932344025	0.161401800100006	1.60653866140639	-20.5024696490192	-20.5024696490192	-20.5024696490192	2.06864249212197	1.98484831511977	1.57942535587322	0.0428000736499516	1.03394152903077	1.88666173581369	0.484244173864313	1.01194310870564	1.21054614077043	0.382920474151229	0.573074280652098	2.07168589607556	1.77680422007	1.70876220486634	1.12639341363044	1.52182229644311	0.958288926247036
"106"	"981_SemiBin_196"	-1.10512700476961	1.15141816983165	-0.667610390577716	2.73415642941256	-0.868110894533544	0.222909849579612	0.0630781691978797	-1.1684472963246	1.04045020546137	3.02668031181453	-0.698608230762893	-0.514856780261145	1.4273593140834	1.15142006336276	2.52651875205874	-0.846826850174078	-2.29726859788107	-0.218235360767749	3.26860448246681	-0.824856229385365	-0.871448584962107	3.29558292447407	0.685038728609704	-21.7903904168794	-21.7903904168794	-1.43783630370069	-1.10524836622787	-0.348169276467518	-0.0169791890341262	0.421222337700486	3.78973673817236	2.62342935595707	0.121184091368442	-2.74919871339085	0.101187949474518	-1.88473595213334	1.46818449670254	1.21880653339162	-2.20486278672179	2.46439022469557	1.6467356950791	-0.780588670963235	-0.767461019366261	2.55176938156737	0.901598871357601	0.850680604683588	3.17028100509124	4.11822060219707	-0.278134901528148	-1.32519492247227	-2.44127924343919	2.44101610894524	-1.35329978074699	-0.677911122901049	0.158988195223966	2.28312724204106	-0.34729301676514	0.1500789116663	-1.03174586028821	-0.881122557788403
"107"	"981_SemiBin_432"	1.08457780819417	0.619969091390405	0.0260456502831543	-0.0379176741953167	0.905093803678686	-0.521677300343927	0.233901200972745	-0.312770282369695	0.0330459080050352	0.139994279765076	2.33342903405531	1.28642597332086	-0.231635631669394	-1.21854600486898	0.199744170398782	0.328488811201209	0.327119586922808	-0.029882702500899	-0.620959301809473	0.0089194149240388	-0.516202240979123	-0.301501801813574	-0.549325108876492	0.121900783138924	-0.00216357152654556	-1.09795984008234	-0.213678713057172	-0.501710600540177	-0.369394376438113	-1.23579247313799	0.226884397581803	-1.65133643469594	-0.51728674406062	-0.768950929669971	-1.96938922390465	0.546004663584938	-0.658722013889241	2.03395484902255	-0.215043456455821	-3.02808222284716	-1.29976300309206	-0.941918905468725	-0.93285158357989	-0.836058755038468	0.333053063944103	0.330026860031992	0.761611645050357	2.97762976215511	0.334796472039792	0.65697092278793	0.49347995208954	-0.159901859365092	-0.380443890510429	0.905592991865149	-0.797148643391951	-0.212682933123877	0.19349525004595	0.0213770568632992	0.0869212085408533	0.127352083257074
"108"	"983_SemiBin_12"	-0.517250216982488	-0.367955955258505	0.37703340784243	-0.00393509162115713	0.251957645443754	0.00408398196878856	1.28333941873325	-0.186467073433551	0.323052221783367	1.06351162079434	-0.255983059146029	-0.531363742261283	0.0101828345301955	-0.458500123317336	0.611515499380079	0.770504626235992	0.105863109678888	0.355436595153607	-0.510562672549652	-0.185050414538698	-0.113735618457294	-1.8559216585387	0.00223428495751854	0.331660326089092	-0.950178185170283	-0.646482845188617	0.2476040215582	-0.93611515992353	-0.217815596800834	-1.02997683459905	0.183632493827516	-0.0751596983969263	-0.763826629121285	-0.0625063049998724	-0.901973465788201	-2.77483646014088	-0.157275852735002	0.207798705970673	0.471565052111991	-1.20561251911771	-1.06000032284102	0.128193178100779	0.2903915547101	-0.953021964501501	0.272905368125528	-0.287155960526576	0.417476720972869	0.343614427317087	0.262188009278573	1.53636976590127	0.664672395033149	0.54113033633499	0.536206151016706	0.0454946752995671	-0.820979043907534	0.427909123755649	0.532335083689745	0.634971163263638	0.0762755997644282	0.829304473463951
"109"	"983_SemiBin_128"	11.5571136437424	11.5665483391795	11.4441944192686	-8.32336882575237	-8.32336882575237	-8.32336882575237	-8.32336882575237	10.2366661922919	12.189728358804	10.863079734503	-8.32336882575237	11.4957770931077	10.9535842468228	-8.32336882575237	11.7190779217206	-8.32336882575237	11.4058721408719	-8.32336882575237	-8.32336882575237	11.1807164435691	11.0428869945275	-8.32336882575237	-8.32336882575237	-8.32336882575237	11.5713520926028	11.2150665526415	9.46495217023898	11.098755830013	-8.32336882575237	-8.32336882575237	-8.32336882575237	-8.32336882575237	11.6125314527131	-8.32336882575237	-8.32336882575237	-8.32336882575237	-8.32336882575237	-8.32336882575237	11.6097966627975	-8.32336882575237	-8.32336882575237	8.89628151303112	11.714453970268	-8.32336882575237	10.9178287738438	-8.32336882575237	-8.32336882575237	11.4132162581846	-8.32336882575237	-8.32336882575237	-8.32336882575237	-8.32336882575237	11.1112408294326	-8.32336882575237	-8.32336882575237	10.5795968069933	12.2541185723918	-8.32336882575237	11.5415849506739	-8.32336882575237
"110"	"983_SemiBin_133"	0.599379239353643	0.999480447660051	-0.388619981818627	-0.116777767333491	0.244799459427302	0.588569623684481	-0.193986903869144	1.42181943137703	0.697158847082832	0.0492340112363534	1.30766932403447	1.00050576917405	0.17830668004098	0.634142883858372	-0.882737658758459	-0.00908922323906847	0.361026994933761	-0.0456951794101501	-1.9656998915743	0.294031610726952	0.131361871101067	0.613553851417971	0.155742810051276	-1.51555567013286	-0.543358041348103	-0.452010501423401	0.053954822940022	-1.01210686629996	-0.0138327581239999	0.649540707406284	0.0346107992511167	-0.104221032742025	0.466425937626615	-0.670678559481678	0.527162270664678	-0.434958850795335	0.130344339712602	-0.0301945396149064	-0.30942815420315	-0.695203902682826	-1.20129607640462	-0.0824439781417494	-0.0647229602766251	-1.08250876564602	-0.0498767032934113	0.687003006039955	-1.27832493389804	-0.547281650895546	-0.271844306538617	1.85029731335538	0.00260896671656141	-2.42353072238508	-0.630034257132138	-0.273973164514937	0.0795383260366158	0.661926393342448	-0.52159693704993	0.0693105854762797	0.258392702274225	0.598735611137641
"111"	"983_SemiBin_140"	-0.253498773093182	-0.252930734454743	0.272340888371808	-0.0399719954925386	0.468507130264229	-0.126253180907406	0.0190811690844583	-0.393934415526484	0.465897158990356	0.231180712171322	0.118973584605379	-0.673480448654357	-0.0734895535483879	-0.830175539728041	0.279842446538104	-0.0899345911406737	0.694875566145244	-0.295663042465871	0.1280339972235	-0.016615401220144	-0.514740322271542	-0.817545670831002	0.160045320355048	0.398304777214328	-0.0572038580578074	-0.513843973924023	-0.377642489807043	0.512432385179207	0.224877042711302	-0.581608968240359	0.108432276091931	-0.413383402209817	-0.705350735756116	-0.94669888413299	-0.701319733726351	-1.48086551313497	-0.320424462089829	-0.888073406316798	1.46777299770638	-1.03990117284985	-1.81467051508962	-0.15471543543389	-0.138885053450959	-0.484453200765566	0.169742981876913	-0.0764624444491613	0.221387942165141	0.0446259902442945	0.116945016279513	2.39984079190741	0.769310214929859	0.351726399298083	0.703185640777637	0.148015205226335	-0.639592236739924	-0.228795917291543	0.858104277517511	0.158984187354874	-0.211686630186299	1.56439397832802
"112"	"983_SemiBin_151"	0.557024474011985	2.13555494902307	-0.180770456756518	-0.171823193326119	2.84263077283706	0.0991042809211846	0.196988272540941	-0.287051676159495	0.179255884442418	0.20970777362615	0.82476336524482	0.825861213733045	-0.0853518553266248	-0.485609064958781	0.0857275158804791	1.22947345959972	0.0304556161623717	-0.125039275273437	-0.131110536819772	-0.327164152268093	-0.342822838913015	-0.703697875996138	-0.0340859902483572	-0.286736437273672	-0.714842514926408	-0.605100004032949	-0.403270459141985	-0.186874515154331	0.0749730647275433	-0.478329194551434	0.0458624309766877	-0.510214812792629	-0.508083903090789	-0.547858614836443	-0.926403674640197	-1.43382608109446	-0.57091576440164	-0.772091957696047	-0.0985187633529678	-1.12932347722439	-1.22495959976624	-0.362333765008652	-0.115640629985311	-1.47961835328209	0.229752176055787	-0.201587608755884	-0.178972435163444	0.08119248353636	0.0515279938861157	0.85254797600758	0.605414851661162	0.0733728388506938	0.522153368322508	0.197029345032833	-0.228940820836776	-0.176706119981383	0.357905434620911	0.422261892467375	-0.17526956883377	0.412598396407801
"113"	"983_SemiBin_265"	0.152345762742115	-0.275896846724105	0.163105499056533	0.357134015471231	0.10244416613316	-0.179193542182354	0.592478770211247	-0.514415215400579	0.53350098181788	0.548100878508202	0.630649868165134	-0.167822491704695	0.470618383825669	0.183302321611987	0.203675807877259	-0.780112760854865	-0.0212866743618738	0.101007791465278	0.19818649504193	0.0621368639522872	0.48032104468819	-0.687379435101969	0.857534493067799	-1.01598245003841	-0.581997743063053	-0.818731201139477	-0.135789902708749	-0.963728362220876	0.386778351841247	-0.602423692714339	0.265832490084103	0.211286526873089	0.17136934818669	-0.757792925184074	-0.888174363094867	-1.56249355346675	0.323919043679339	0.701382162533988	-0.122543410331668	-1.06597369275571	-2.08242807287202	-0.498872781804972	-0.340074016866822	-1.46044460118351	0.71605147597861	0.162911678110069	0.124709600250155	0.578760887144574	-0.197820358394398	0.615679499540171	-0.46511160762338	-0.222020899663755	0.447378216553259	-0.868748076586709	-0.022749608982874	0.483094283445011	-0.28495440442004	0.464582121202489	-0.100164152421833	0.0942650898300839
"114"	"983_SemiBin_276"	-0.740266226359449	-0.571246267176705	-0.123142625528999	-0.0361797759625606	-0.589855538994247	-0.456151655546641	0.25633129733423	0.0609214212863192	0.0927755292753725	0.360444150471376	0.380753462152386	0.0639637161446611	0.193447087647611	-0.742597204414913	0.265301965197505	-0.39189472981186	0.413605144881066	0.535349315232808	0.119775032524217	0.494056250353043	-0.270947887084823	-0.297169337437088	0.174839769900782	0.0981419835645676	-0.606032976606798	-0.176737020631845	-0.046473742760675	-0.586416772950288	0.371657874764399	-0.0340780857082192	0.658898852497078	-0.114866073672888	-0.4878986794787	-0.0664006442016074	-0.221488064152643	-0.305825661804745	-0.374425769426586	0.124042281752291	-0.157354711273134	-0.135427663286087	-0.7992772673122	-0.780947943575404	-0.669031161393831	-0.778786240606387	0.0637978528504011	-0.0539329648276592	0.0380576335827101	0.217484122654052	0.418003832055332	0.00480859794135746	-0.119169439983438	0.626671189717631	0.413970622163963	-0.499965639659639	0.197840329395478	-0.0617688555241935	0.121075355738104	-0.0648850596431894	0.207584108735321	0.302483892366121
"115"	"983_SemiBin_309"	-0.636073032800433	-0.377184471038125	-0.269290006441794	0.388288768469226	-0.0101097768254883	-0.804459126165289	-0.0238390814189815	-0.206272143524486	0.596837963753273	-0.0798814040333236	0.168556398493339	-0.0759337388868566	0.305639902649878	-0.149217631503338	0.426866966345587	-0.603397639426766	0.446398348535359	0.142980602003119	-0.343542079485276	0.0671818382707965	0.26914141307812	-0.251337543623346	0.352853935619916	0.355318575527936	-0.674339813899997	-0.975719462470286	-0.882231326653601	-0.532862218273797	0.148768178695944	-0.547622994202889	0.310572165945778	0.120558812363782	-0.507223723479119	-0.723308080120046	-1.11780329835465	-0.997678586926255	-0.430136469599599	-0.489824645466759	0.120626793436733	-0.808158428127456	-2.61351689632441	0.569093382805553	0.192503983612319	-1.15382137805508	0.0568865372398442	-0.254338800072953	0.350724969341095	0.428538109992135	-0.159290353576491	1.90824822363935	0.179109776039371	0.197424263594964	2.30784944546486	0.309927955683331	-0.0551621207322235	-0.637397467254661	0.346980887275067	0.0409499637066011	-0.369268395651708	0.700854530808089
"116"	"983_SemiBin_321"	3.30708626108341	4.18119199583798	3.10931098465782	1.21395267260527	5.33290636907228	-17.8171829462395	-17.8171829462395	0.157734153872841	2.88729047995578	2.49397652659037	3.44634129939781	1.94323118728337	2.24739869242402	3.79285937763622	3.65677696130425	2.02825107859411	2.19228361083232	2.5115303633111	3.85375065349584	2.37156444465288	1.89402327496724	-17.8171829462395	2.79235205010826	2.4015801909362	3.00538357455183	1.61154678784421	2.44422087277575	2.49211457843192	2.38045664002136	0.754067219742181	3.23626159811943	2.79949813872786	1.11870032904302	-17.8171829462395	1.82916203989417	2.01230423016034	0.6346747448755	1.00689457158017	0.768236540505146	1.53314717880346	-17.8171829462395	2.81146101310472	2.40677105357525	-17.8171829462395	1.70325504801084	2.10831782221296	3.67042597212272	2.89525486987866	-17.8171829462395	4.81974489284943	3.87572030904223	3.14041579512749	3.1675791352015	-17.8171829462395	2.23470731193834	2.30183035575805	1.11308350054615	-17.8171829462395	1.42097718990084	2.94436898447266
"117"	"983_SemiBin_75"	-0.694934183683249	0.261500206076778	0.0374033884583316	0.133644617575825	0.416875599531636	-0.00722508119198473	0.350047840041232	-0.741549005352306	1.03061335029718	0.690113379619553	0.0157198327264307	-0.71200648111454	0.345839719589666	-1.00084614888143	0.929835841853536	0.633826125957213	0.331673377068661	0.282681909795717	-0.240551144881489	0.133497081185489	-0.638391285191029	-1.82241141328808	0.244490520120086	1.41306410431355	0.415385043908978	-0.554174589617847	-0.0197991341192223	-1.06518555408139	-0.404653880041223	-1.21507805447205	0.25797965947534	-0.402321686298352	-0.511071632029803	-0.119074014395244	-0.466310988601867	-1.19129161737207	-0.253119645223443	-0.185412247289508	-0.0201201372742359	-0.701829285793063	-2.6604745352722	0.0922915597628409	-0.00423798758042349	-1.64710574016891	0.82048108614175	-0.585739108389326	0.376812314111636	0.560040848152406	-0.0276762601832781	1.13575082173345	0.491933365109798	0.692725491028373	0.253945828949447	0.51750369333746	-1.02587544841579	-0.221261257123005	0.785959983817623	-0.158793790104649	0.0760885177704109	0.90494936325685
"118"	"984_SemiBin_54"	-1.02475677462258	0.295785460124545	-0.14168345666122	-0.723572567231881	0.524777092672211	0.946037269834466	-0.31660810295009	-0.175549353465621	0.461055781637221	0.663714080145884	1.17903700694076	-0.00359010343452404	0.317260127741228	-0.270409647402891	0.0288559627096019	0.765194594460662	1.62631653900429	-0.260875184126784	-1.30205525204333	0.823564787251984	0.0720504321391413	-0.261425321058274	-0.391753696596042	0.44072728507379	0.655395231196913	0.343494553722054	-0.50146286751469	-0.377398292372103	-0.274278368192618	0.156699189167974	0.833451892159425	0.530381992942399	-0.0970155754155551	0.0956210331997722	-0.270163685461962	-0.890290157314134	0.230850162268382	-0.720552079260318	0.389970199492198	-0.0732264705161718	-0.788165281256016	-0.128985707066699	0.626783285534068	-21.0351559421414	-0.466201065233252	-0.00764674996057657	-0.290905945871373	0.0793915808562753	-0.69203958205786	0.650883952293987	1.86591021825231	-0.30922093566929	0.370251884113229	-1.36302589894574	-0.70705099631295	-0.183653589956492	0.851649364017576	0.230229608139864	0.520187479632526	0.814559643716253
"119"	"985_SemiBin_129"	-1.42034681174499	-1.14785797167573	-1.42371725260738	2.28507393846082	-0.850143219534925	-1.28364055548541	-1.0198368725116	-0.29592867839541	1.23176431084623	1.5204386026862	0.193834500727052	0.557639364435055	2.93440164107026	1.49485051338407	0.943278949971846	-0.370182691619444	-1.16687392443509	-0.578647212436808	0.346391134127765	-1.18050555240106	0.278230651628434	0.906883287090973	0.491366901943637	-3.01243023084769	-2.05373741924694	-0.851129770880105	-1.37528754252711	-0.619139379208042	-0.816167518103839	1.25449389608885	1.12538780104758	2.97844132417096	-0.790671732345392	-1.38433947087584	-0.30017175593696	-0.211508549475999	1.96661761321081	-0.187799597543426	-1.03526403791927	2.18214376196627	1.27429757034396	-1.37128506144037	-0.803131014879144	-22.8406631865849	1.19979741568985	-0.489664534843908	-0.202454607942008	-0.0590715121432579	-0.64065811219871	-1.31935635057864	-0.521674107130778	3.06759370616604	-0.673303119017464	-1.74138310140601	-0.180911204291733	-1.2636059523779	-0.507637607371474	-0.777021727394004	1.28373364117288	-0.341274687394938
"120"	"986_SemiBin_101"	-0.448797883821952	-0.0386768698995477	-0.0987730786976337	-0.279235313930603	0.612407097148949	0.12240241047737	-0.141832433059684	-0.220994480936217	0.725572274243595	0.204919868113869	-0.0476753772301919	-0.19214383195188	-0.134203228583138	-0.686362428216968	0.335196686561725	0.715129154937301	0.705764971458331	-0.109087324674944	-0.0127938841985369	0.232298349899007	-0.225093442795162	-0.678956032025559	0.166041013322871	0.522392319204472	-0.128607663043501	-0.62400885945173	-0.1493399325301	-0.702438193652231	0.0836348866068448	-0.364586108030719	-0.0739150918338662	-0.445402171816182	-0.774310832703859	-0.685772235442017	-0.45286691286926	-1.3691470884893	-0.371966108394106	-0.271627149639462	0.055832631522696	-1.22663938209069	-1.21644253184062	0.0741394589656812	0.850050454562598	-1.77720331657657	0.0145910643259448	-0.477611939437784	-0.09436198591278	0.622645922464176	0.0567459759656703	0.681812748481763	0.838291606083836	0.446149836892276	0.987917790003573	0.466504015777648	-0.296606284045636	-0.829011392856587	0.876988227185546	0.406958569857134	-0.227817612252623	1.34113430528077
"121"	"986_SemiBin_166"	0.255023240164554	-20.5208250345833	1.30512605223118	0.183289512846328	-0.842204933443081	-0.454649715080384	0.903034926892111	2.32622710955016	2.03274178523241	1.70509443299029	0.904112543789974	1.28628741847712	0.849532386621288	-2.27894233220938	0.304544429911446	0.318190850721081	0.183839926970952	0.00835181551313102	2.76448853626959	2.16171007146621	0.435828877437712	-20.5208250345833	1.22594911294113	3.12567075211307	3.31981312319434	0.888152473953369	2.64113037723005	-0.073462361740404	1.71540312719519	-1.44092566842575	1.60596867808444	-2.15075674799144	0.275737855036461	2.05078533968615	1.01037961403202	-0.740680278776727	-0.895499692216042	-20.5208250345833	-1.07181641077777	1.91804225631276	1.19648635536508	-0.178045374153912	-0.161692170346897	0.939232459266634	2.10861188478224	3.19757384582354	2.73113330799827	0.990935371312367	2.85670989311533	-0.029482035075902	1.67207577221073	4.15117510824243	4.95750397707041	1.71391143812255	2.62387286846421	2.71913900893362	2.37690126287618	1.4705821437585	3.5480054953616	3.14281228271804
"122"	"987_SemiBin_26"	-0.171875575548982	-0.835383746919231	0.687741689182689	-0.174669582213999	-0.496300907435223	-1.77195918767081	-0.478694120721886	0.439573015858277	0.176819066332013	0.210893369162415	1.20041972599414	0.33590921766117	0.425677395407498	-1.0081118246419	0.378929380733978	-0.525257749803257	0.632512462309951	0.281277833822346	-0.836565197379913	0.27951892864288	-0.668852968352852	-0.914645929125204	0.932289630916482	-0.164531774118253	-0.281729433698566	-0.499360296774137	0.0692217220836095	0.292909072498709	0.0269425458137098	-0.500190598098445	0.390108090695698	0.28302922438567	-0.409105564782007	0.250347625144786	-0.837266450505506	-0.799522509331354	0.416122746509286	0.173382893330661	0.799921429862358	-0.805103464674817	-3.48567695736318	-0.918526167995551	-1.0677955416831	-2.36499638522141	0.492728865997569	-0.168379004633431	-0.575590424119884	0.628768530449555	-0.170005310474884	0.0841608526335893	0.0496763289037139	-0.0757122588200128	0.361271329380681	0.804255577150277	0.355537007397653	0.377396265265534	0.156267581274169	0.0455534563891637	0.701601634855371	0.591368566371409
"123"	"988_SemiBin_105"	-0.432381539206697	-0.416698645669637	0.00781160390097746	0.0110291601473902	-0.49598632670133	-0.764449990549536	-0.0377785913226765	-0.0959055704508209	0.183258817113213	0.0913489410362676	0.227963667566708	0.321789303252186	0.512199266974843	0.179533823654349	-0.213543536830909	-0.201554638780094	0.480870040974394	0.563071738199192	-0.377451639814158	-0.353611927250022	0.322552624835958	0.0069506217353652	0.0313995299940943	0.180281763446914	-0.803972837769051	-0.140859350843686	0.323794239424178	-0.234724147153896	0.744248490095664	0.864597415247993	0.452888201538053	-0.173084421918998	-0.887252554529497	-0.274646330756061	0.344320430297064	-0.0388329526665814	-0.0812832060495134	-0.0232218078637949	-0.651022679357618	0.35938546560676	-0.55696515866833	-0.983278330993373	-0.875407730597946	-2.27674797977672	0.328531254558869	0.0766655296986505	0.243923216244994	-0.577116445872962	-0.0854782164588324	-0.596154712682858	-0.0372597081696959	-0.127387414590197	-0.497303323114711	-0.505951217254913	0.947244821416138	0.443070194300133	0.0849376161779567	0.230903090719467	-0.0674499530849477	0.267349399127193
"124"	"988_SemiBin_31"	-0.433409636051451	-0.266182410157617	0.704054265670207	1.29741016355588	-0.944872560333802	0.304498065242341	0.263871295399698	0.425551726672946	0.71468129075187	0.068149711898708	0.908592049136697	1.06078045275303	0.85553743759974	-0.117683332824822	1.30996307984686	0.0485581334187533	-2.05547330570258	0.934852756533378	0.10956874665547	0.381958656572527	0.945778885194352	0.796477670485733	1.37693187084525	-1.12649270565659	-0.202358163132311	0.186738247618496	0.827143424702761	0.378950408290019	0.699529107150191	1.96597366809891	1.65174525417788	0.463953932471219	0.271187979260254	0.183511330662346	1.11958756201467	1.1501797513253	0.399615458080589	1.23356706774024	-0.634443455692477	1.27752570865907	-20.9609098934815	-1.44851869851011	0.0274875748458241	-20.9609098934815	1.1666810902417	0.793124730208668	0.349725359666241	1.30614487846049	0.170836062359557	-20.9609098934815	-0.307964808741687	0.420970790097391	0.545381655945734	0.0462093067754861	2.18232988935383	1.1470285619935	0.263792892573635	0.754588047955226	1.55090723069153	0.424816156277317
"125"	"990_SemiBin_269"	-1.42588514018585	-0.679864325900399	-0.731755649553759	0.0670352106534446	-0.665550664085041	-0.816728404269803	1.06059863287956	-0.0130837640137775	0.621536514526229	0.518579441438646	0.858225827205746	0.69892365637204	-0.756837882364357	-0.347313837816091	0.736086591354449	-0.182908546132352	-0.263272187867171	-0.128075382373341	0.35625890606984	0.902506825734753	-0.306120431091943	-0.133435317176365	0.898899362108618	-0.200473994932123	-1.10449582901755	-0.604213096821409	-0.443314644857626	-0.464750825589873	0.534385805798328	-0.990333265558961	0.671541012942293	0.157649802033544	-0.570158174103918	-0.859009378412007	-0.9108214522112	-1.53790832252041	-0.0336620882987173	-0.225219296238191	0.158413559739918	-0.887445316045825	-2.19681464816535	-0.620379259457695	0.286187101612529	-0.741533179646213	0.18710608134192	-0.489799051141323	0.611088825680512	0.513740310690955	0.319650005753777	0.438893334936086	0.112804752548189	0.693547878143018	0.819538728003528	-0.021684272092207	-0.709232871093444	-0.922200886732277	1.06854301544092	-0.127331984503381	0.257037755565423	0.851688273062971
"126"	"991_SemiBin_110"	-1.4938973852066	-0.42593022929537	-1.1925968749843	0.305414545113706	-1.07591332760043	-20.8297151113948	-0.323893859718149	0.920427815638083	0.87250025010947	0.17696852729828	0.746272566422157	0.670121957086006	-0.271256298771943	-1.05176367523247	0.0619457002942667	0.348469045374424	0.489063098072406	0.757176355693427	-0.533128288941707	0.853300641448933	0.510210946220083	0.514143833334593	-0.0506473980571114	0.461262942624068	0.179866241135817	0.383500795650571	1.10426067572098	0.292123585979684	0.524464690066793	1.27435987571532	0.460398895540492	0.0778989811554389	0.819421827227932	0.798106292662146	0.717968772935926	-0.344703983272956	1.7004806592562	1.32366261118115	0.429525216408156	-0.644485766922681	-20.8297151113948	-0.32682964858954	-0.0354360705297827	-1.22303959636103	0.940659672165586	-0.724091681848166	0.614557854593662	1.67539612417388	0.03189250613213	-0.0548573995328505	-0.0566872068065107	0.89474795899335	0.520539704313298	0.40472466104959	0.520944235465147	0.533776803325423	0.653775408107744	1.3744885116443	-0.159416940420665	0.17930182265872
"127"	"991_SemiBin_113"	-1.03460436367549	-0.0943671631844394	0.970372488071611	0.148870186455861	-1.21494903384241	-1.88148107168053	1.4926339058543	-0.561752630308924	0.543665049675679	0.511690723985178	-0.11656073834224	0.0160362086488934	1.02908293067181	1.45624795962106	-0.408851431507872	-0.264442236866103	-1.60306604062344	2.19148463291284	-0.853286334190459	-1.86135383541949	1.30833168991234	2.21254092746668	-1.17621402517908	-1.72180097551852	-1.0128295456618	-0.000396265494051917	-22.6213373631283	-1.24866141957422	-0.459533598627978	4.29566784166265	2.15487543517313	0.46909968990895	-1.35891932505447	-1.92395131741235	3.15354682848026	-1.13584074033152	1.4224560579466	1.18330703970576	-2.59894356202375	2.8427299274172	1.6555221030543	-1.6969269325719	-1.74880542863492	-0.903478549891032	0.942945842185037	1.43091430351568	1.06801349788417	-0.405692523751002	2.52466987762969	-1.41580666053138	-0.276333131659531	1.36798299633462	-0.51218913973192	-0.881898523217339	-0.182108365061241	0.266830873271011	1.25168559984608	2.98832044303122	0.745002587271447	-0.269352356802581
"128"	"991_SemiBin_141"	0.928622570995822	0.640449470303156	0.453572518897958	-0.637881095242002	0.54759650795225	-0.389820644620536	0.25840093526728	0.514697395230527	-0.596569047704068	-0.574184963185187	-0.600837058577622	0.836928357873306	-1.06129783570945	-2.05769866523618	-0.830514198935714	0.159633052673219	0.0610779011549782	0.108458586518184	0.348439468392329	0.357989968413519	0.56807476267134	-0.232265514191833	0.385699204864781	0.0198935982893511	0.498388486148788	-0.263544072507714	0.27695109887963	0.74459309599556	0.423729933454079	0.949131739789208	0.270815865732609	-0.282144088602132	-0.205256811086717	-0.547070610114879	-0.31502164567049	0.824495659012386	-0.74132836143945	0.215686771521469	0.329150814249268	-1.14414850788117	-1.67989687594048	-0.0588366366774355	0.0540402611520499	-0.963245177490118	-0.525766770935869	0.17900980521428	0.164822071659038	-0.255293442864526	-0.0159147793830101	0.328641404449455	0.1339952764777	-0.323931886993633	0.473994176128246	0.405352448075758	0.308182190900232	0.43517958068811	0.385418241319302	0.0762937262855381	-0.0268636871724581	0.0237339642528172
"129"	"991_SemiBin_49"	0.195859011994018	-0.451258905380528	0.299557403001289	0.230545523067446	-1.31635312727405	-1.67403397762197	1.18453140660911	-0.11272113573008	-0.140855700775764	1.79937077534835	0.0298377391401123	0.247629824078551	0.8004252580347	1.20064704929684	-0.416239415888642	1.07839229521887	-0.203620355844342	1.87022051247046	0.991705448729266	0.048806031779316	0.960019406601503	0.531789590558954	0.130382178809711	-1.5886371968631	-2.19924840015708	-1.9303978418588	0.560626457682119	-2.75524822269793	-1.16050934364033	-1.56488361787645	0.359677244637787	-0.281939273158756	-0.0977612065176992	0.114236729606742	0.501882697894747	0.131734044786505	-0.162089278704694	-0.156037717832308	-0.584244837337169	0.566087769731315	0.0286271873109785	-2.42162650170858	-0.726502415689278	-0.170250437744813	0.197402285846231	1.4918120670792	0.176133196269959	-0.387811939691682	0.13380530009081	-1.481301917939	1.3377476023928	-0.415619233888199	-0.930287280469099	-0.630558244032533	2.31871698511134	-0.530478823033144	-0.688502991145819	2.11324733359599	0.0903034759111208	-0.884681763147413
"130"	"991_SemiBin_80"	4.78421950368248	-16.2348889037692	-16.2348889037692	4.10845586247564	-16.2348889037692	5.44038022323802	4.40904522237419	5.02070604249523	4.58350582923292	3.78970604023486	3.34519905570076	-16.2348889037692	3.7694794878111	4.44154620816496	3.3956877138379	3.29670077895905	4.1424512644183	-16.2348889037692	-16.2348889037692	4.4540662907268	-16.2348889037692	-16.2348889037692	3.63004038289478	4.34521595050768	4.1521064792769	3.32826726265309	3.76341596771958	-16.2348889037692	4.40237716589533	4.13201735994103	3.3058878664795	3.81984005412668	4.42795993754382	4.34952393347346	3.34662821696291	-16.2348889037692	2.89566437959043	4.06609281934885	3.85494976616182	-16.2348889037692	-16.2348889037692	3.9430535576758	4.38123190097084	-16.2348889037692	4.55620693660379	5.25575820995302	3.41858866794379	4.45058191365223	3.21681780362141	3.84621227675355	2.43915246256035	3.98697009114229	4.10038093069818	3.09171859862232	3.48489537384914	-16.2348889037692	5.31866028094142	6.22002407826875	4.30009342815892	4.41826167704232
"131"	"992_SemiBin_141"	0.35257522075371	0.0339769747029646	0.25415002415224	0.672875988470524	0.91658077227844	-0.171347292308113	-1.17792767830818	0.416961486416926	0.813355829012028	1.08227099603414	0.523668859452752	0.688401316038737	0.97702672343932	-20.73055030421	1.28391121377023	0.580190207955751	-0.114908399063349	0.089233695317116	0.551506113768459	-0.317734390805991	0.454346001917117	0.401334852248328	0.741060550014238	-20.73055030421	0.109323849251935	-1.55783194031933	0.736854762084137	0.246478983268092	-0.0591030064463505	0.459994594216589	1.66663338157844	0.490158419206028	0.398187262222678	0.891477782293183	0.560096156619405	0.00345887713646587	0.948219235280525	1.0140137141857	1.45100015387759	0.366636219318682	-0.741888804760793	0.450136288811452	0.781446016452106	-20.73055030421	1.37151110058515	-0.213978607297441	2.04053591102205	1.58196311422364	1.72171157130957	0.715956402696519	0.390772742333485	0.924608565899989	1.85741647015127	0.445553827917553	1.32797855304343	-0.105152570631112	0.710554657825391	-0.0781669823723368	1.70014703358062	0.758669362493398
"132"	"992_SemiBin_233"	-0.987587001098995	-0.285734393272087	1.14289461952834	1.57134167799428	-1.92681072991141	-2.33510561508563	1.62476615222313	-0.719813475444648	0.0555016985922405	1.70865661413853	-0.68185010052555	-0.502264550968686	-0.318630916601211	-0.78206840023325	1.27661891031674	2.04324196909403	-1.18757542791248	-0.263844507480631	0.390955723625767	0.396350470687123	1.03976183295664	0.649160652061918	-0.747866439960149	-1.34507684009818	-2.64590062214621	-0.95184937508767	-0.656238338228268	-1.91454031670767	-0.727490962476089	-0.258395983042106	1.77581008572484	0.604761382389331	-0.11864929367529	-0.771295338662461	-0.377894246669766	-0.246347613754143	0.551259320642418	0.024907535195962	-0.990498293144377	0.48213385042682	-0.992952146007121	-2.02273426952168	0.427582339177127	-0.910513882917594	1.8260182344265	1.55095445905904	1.44836822469127	0.22110882071744	-0.470218406337426	-2.79208930541717	0.150987814484076	-0.175930274979877	-1.47241817987997	-0.974835905593637	0.583380249913529	-0.700284899861035	-0.595500037200997	-0.00881981839440282	2.2837241324335	0.336844562513186
"133"	"992_SemiBin_359"	-0.0301227189407713	-0.24940454982181	-0.45332880083415	0.32866925382172	-0.101535432052195	-0.709553287451103	0.487731471410972	-0.166233167418481	0.639572779063525	0.936212689911046	0.117709248015116	0.903567221732239	0.70051454635384	-1.2576471348735	0.089744351941822	0.140114175860737	-0.261384559358695	0.923307784469245	0.0959914771879262	0.299849615554991	-0.0686358277156112	-0.0875598951567911	1.14449531086653	0.143161313354474	-1.46839487730939	-0.303200570428847	-0.468491921240491	-0.120341493211212	0.731010038670034	-0.51479863057878	0.345488461819434	0.39610593707085	-0.266708083026157	-0.0525660700187194	-0.808529275429741	-0.869980567640594	0.178840174496574	0.48698913455314	0.138369423360056	-0.37740081712051	-21.3757653932302	-0.907703842732261	-0.131590774920051	-21.3757653932302	0.924294140544403	0.137953360794948	0.307376647694973	0.902432095604452	0.0368089625986698	0.211469641003591	-0.314018204962098	0.625371869039585	0.61495989733719	1.01174629747383	1.63745817990832	-0.0422920698489984	-0.0637911991079303	-0.489463876307221	1.38270001137064	0.553132823402347
"134"	"993_SemiBin_0"	-0.933500773372423	-0.516137078130023	0.0371973236646221	0.0485779795052323	0.193173333539248	0.0434040004260243	-0.134919715914986	0.0995998845193071	1.21537310214946	1.12242886422917	0.964173004597014	-0.511153959811669	-0.139411615516248	-0.451447882914267	0.425303698831259	-0.13649778593225	0.268159490356516	-0.298901184825925	-0.286985180507646	0.079550290408033	-0.425935494815743	-0.793937087289707	0.211629176959096	0.507136524735608	-0.248014199906029	-0.771342944755145	-0.283413886255889	-0.971380606133192	-0.282131287015913	-0.325697550728592	0.260594344987806	-0.927811704681169	-0.881324148631284	-0.400930115860587	-0.659714834820665	-1.43375815330086	-0.313163297409411	-0.488579077428879	-0.161035339632685	-1.09711418191387	-1.40580042752527	-0.51203247414675	-0.118651031770101	-1.46784805193185	1.03586786697909	-0.190814515527785	0.200091391610922	1.14707416501859	0.301418122766992	0.160969493400181	0.542062371950731	0.238130212561306	0.177898607530998	0.0231881417956021	-0.30598783508356	-0.475607121668943	0.815092221898375	0.450488850038945	0.182269882174586	1.67250217813924
"135"	"993_SemiBin_156"	-0.568212310285173	-0.0163185879452934	-0.231509798901029	-0.262416170060469	0.252157175080526	-0.377368918721436	0.367337606399357	-0.338665921300309	0.847154097256866	0.498023368297183	-0.0217504408825331	-0.623662138858066	-0.0426050555901805	-0.932240738425143	0.720990326207678	0.253984842925675	0.0150779667894305	0.184515060448633	-0.356960026744783	0.0446881366396763	-0.493063461168865	-0.588861587518427	0.36792629061144	0.583621668163038	-0.304615073779305	-0.331749974844969	0.133501802735192	-0.593689250960916	-0.0215724795894614	0.0646910679005339	0.0885601344494598	-0.45666311017068	-0.58748141946189	-0.307518842650053	-0.405895967573689	-0.783326631293503	-0.384646535272424	0.00765925827750724	-0.0865174702060987	-0.508896907456461	-1.12459884496217	-0.330231277712115	-0.0127177037303472	-1.51294755538689	0.543406104497926	-0.495054024778272	0.507472117503737	0.270421082513025	-0.195406863388748	0.452674304736932	0.288589062922322	0.315531586445918	0.188642185515553	0.282532411642435	-0.39140714382534	-0.344864586546429	0.691108178156829	0.000469308325556916	0.268663359065672	1.05126931254146
"136"	"993_SemiBin_2"	-0.702960194625568	-0.303681529776938	-0.233097688690709	0.195052957949856	-0.174154020237808	-0.570570071506287	0.171064035054611	0.798357889756487	0.686300049672247	0.0722424952756926	0.446580534178461	-0.371036773240949	0.0775064446073843	-0.37451873095856	-0.149237882798106	0.399415242007298	0.359596627685004	0.0355408998508651	-0.19847992893173	0.688035477902578	-0.189727273032843	-0.553641841661342	0.323026771155297	0.150989274575193	-0.207657056535369	-0.209702519057316	-0.221774749217165	-0.406148061564152	0.126261041447892	0.262671312343174	0.397649199350635	0.0806424140784623	-0.800496199457164	-0.340934900584744	0.13640629150485	-0.572562719453236	0.0280011572318726	-0.245774945685314	1.08561584840845	-0.258622580459893	-0.447728159118032	0.667311843557368	0.627390316253855	-21.7618393290929	-0.549631240461035	-0.721785634870013	-0.953982157598299	0.445882620722592	-0.0608276558054923	0.336472057496606	0.274803540387609	0.319812461110864	0.402540359686661	0.499852033408808	-0.126669810019103	0.121595585733962	0.89036873270716	0.636650324731621	-0.0582354653664598	1.67758819553474
"137"	"IsollateEukC-trimmed-reads.medaka"	0.661118077818699	0.281968577222183	0.319940386906553	0.662380209570218	0.546203443866644	-0.426049510468592	0.406865664038836	0.20191649038436	0.769853205083233	0.607149498438626	0.368900447877296	0.254285800675778	0.641312624784798	-1.54937824067019	1.0259945614063	0.34460287764749	0.283487388623	0.513133706768744	-0.50982829455263	0.107231021081127	0.167088298491123	-0.109510327788513	0.142616870489091	-0.0102278161746696	0.366897803770425	-0.170596932187744	-0.347155552874694	0.319301808333223	0.269665357467681	-0.816752262607977	0.483298656932496	0.108403344148364	-0.454218244301506	-0.291199350442787	-0.393207772418583	-0.221873577786511	0.480802338454724	-0.835636684899061	0.0557638774060987	-0.338450008579409	-21.4167091049331	0.381425780855941	-0.00153634418472848	-21.4167091049331	0.217718178515583	-0.140778131003837	-0.0268880388625004	0.755006087742732	0.602769083737451	0.226288202463057	0.538775797031799	0.39050177463605	0.635705215783776	0.0646861473436422	0.210966074347508	0.263162379796412	0.445786989507595	0.0757759022103199	0.268579415482429	0.800958495287465
"138"	"MEGAHIT-MetaBAT2-S932.114"	1.31306824958502	0.649159191458546	-0.733944998203611	0.0999363718865718	-0.357141194430987	-1.39962045937766	1.06621350199115	0.826893472797863	-0.671100391367697	-0.942361809791266	-0.494982804332651	1.20202420871025	-0.461022073068329	-2.4397411550749	-2.89262413083152	0.24615235905456	-0.462377709359384	0.562478335603914	-1.35936412380603	0.616713706405176	0.992945447382886	-0.600189583988408	-0.566109921586772	0.269957692409539	0.232697482040274	0.85528306447313	-0.0722982779881631	1.11575797462054	1.63746592596716	1.19606733777724	0.528350694986827	-1.78309429337963	-0.269168450461208	0.991779145782169	0.221029704771305	1.42317854444288	-0.0226480535370746	-0.059285652644256	1.05352008938613	-0.343665025045344	-1.67874451224262	-0.274517748051847	0.129787616822703	-21.8835854924169	-0.208064212348833	-0.150258287137544	-0.721350220450233	-0.370891810389955	-0.455106297233772	-0.00626678266039615	1.03594728150498	-0.222798579300412	0.591767981587595	1.4160070559341	0.95494063760149	0.0640439003081035	1.85608396828966	0.0405836076407979	2.00976811046507	0.320833358195141
"139"	"MEGAHIT-MetaBAT2-S932.132"	0.425300739470222	-0.185998684074487	0.265352993465185	-0.023231484816276	0.376842277287845	-0.0801763583175479	-0.271832073505553	0.0986471961978879	0.359383725174016	0.472814945269997	0.861509529690307	0.684512942208332	-0.966632400912312	-0.691313150264746	-0.194429759746603	0.470596297476172	0.492490411501157	0.187026389782135	0.386301865027362	0.515323089776518	0.619523420068778	-0.67988349030366	0.768231953622954	-0.128399171855332	0.580648647256606	-0.0654243737136442	-0.0597048742727386	-0.115135962502113	-0.222495299661632	-1.31683455473681	-0.493732355064411	-0.0967979328952584	0.00148549046848245	-0.238502273563048	-0.440499725030986	0.032780888781371	-0.706184784527128	0.297864734101209	-0.0337883057957056	-1.30089074104579	-1.94028847505299	0.16723236518551	0.415379188572123	-1.40563320255193	0.407969576132471	0.166632203586013	0.401140909471159	0.357500057545273	-0.449723338738973	0.651617956960551	0.462969119792872	-0.216035256667899	0.819328081179843	0.485280921878973	-0.937989487384329	-0.31895564669896	-0.0509192680439883	-0.373854668223136	-0.0185447358155848	0.387776628440794
"140"	"MEGAHIT-MetaBAT2-S932.178"	1.15842849813554	-0.287555759188349	0.272413239431751	-0.349725330474585	0.255927579158495	-0.217728210079406	0.255893349304764	-0.274878303017362	0.304364403431008	0.27918220898792	-0.497036214594217	0.570227473288268	-0.11588031530161	-0.218183162095722	-0.666590440647245	-0.286360878846463	-0.416752428989799	0.127743842112557	0.705055055478544	0.426146434276117	0.0117677800823888	-0.301443452428087	-0.309475897832691	-0.6635630937007	-0.951090122325024	-0.616464261838665	-0.0350689802344144	0.686629427538059	0.542204981312574	0.441304551416193	0.275373345225231	-0.95962405683464	-0.650424346752288	-0.514005824945979	-0.202173504134202	2.03927463274025	-0.907801038217005	-0.115071300804605	-0.188036753657947	-0.055245624822664	-0.22735992510728	-0.861171409413987	-0.532215724259712	-0.351767379917557	-0.116274531725295	0.431765812275613	0.247038150760713	-0.343801258890712	0.177789267293413	0.253250324948878	0.222252148069142	-0.019449196367284	0.254604125488919	0.233839320082578	0.606570538237171	0.250845378664412	0.54510402166895	0.0705136143425156	-0.0348336417350783	-0.388842193815186
"141"	"MEGAHIT-MetaBAT2-S932.184"	2.28588009210022	2.23101903923537	0.254734487619223	-0.988843461184249	1.298846107858	-0.588711276263864	-0.184221620209557	0.00851838500746815	0.214120013095802	-0.771085313444098	-0.287586716844638	0.677327851198795	0.453129036086037	-0.311773932614346	-0.965486970020994	-0.54299532124738	0.807954741075819	0.272476227503289	-0.163732127804054	0.076405839564937	0.357346793335685	-1.40090454780201	0.251187364884515	0.306824114600855	0.994360056410938	0.33433070528533	-0.340271223150785	1.81682869843156	0.532810828228519	0.285253228285546	0.299465401319146	0.538742942095649	0.36740621002789	-0.13011242943587	0.154772551561052	1.58536785448828	-0.142451403653727	-1.12922541373768	-0.153676334766951	-1.34470341567386	-20.967757892272	1.8885001226868	0.254966041108752	-0.914649284472877	-0.478984349678226	-0.390336817921169	-0.308352406847273	-1.08342443881942	0.824388426720918	1.94364778309755	0.455742892178808	-0.174391151119417	1.25852630447903	-0.168979436834752	-0.703186300309877	-0.318966165265335	0.337152538787512	0.67071565852141	-0.661434563665551	0.468779443147438
"142"	"MEGAHIT-MetaBAT2-S932.23"	0.774166569424778	0.652132462235961	-0.246539642952996	-0.438491982985117	0.121838961303435	-1.11924182873546	0.385955236433602	0.607794770711854	0.371427634407442	1.08243233996109	0.687214707369275	0.362711957563499	-1.17716055232918	-0.466787404994919	0.641135490998424	0.406889005209817	0.365588534100698	-0.0797800039468113	1.30935567490279	0.128186480593808	0.807259320356938	-0.199231817743352	0.43873507103227	0.196254337241977	0.409952872764813	-0.114809180405279	-0.0287069893283114	0.590430279024856	0.570511932925868	0.203771636011339	0.252411193380744	0.147377583708431	-0.160299918851841	-0.0933709487009011	-0.0853376203221545	-0.480243250996367	0.0156883304516109	0.469670376415216	0.254106920168693	-0.26177492547779	-21.2748084750539	-0.128415085628435	0.356179438394195	-0.648859621590325	-0.135966277197719	-0.13575609151709	-0.365537368304989	-0.478761775369716	-1.40201091384075	0.795425703684155	0.304980670605656	0.152892257027364	0.327673221935906	0.453259041886506	-0.983447491905586	0.000455142027273148	0.197386241481172	0.354294679966704	-0.455215852119634	0.820439789931684
"143"	"MEGAHIT-MetaBAT2-S932.36"	0.170443105898015	-0.185973214594665	-0.142165191704944	-0.0934358549613368	0.433715302031613	-0.233048230361266	-0.0995505245627362	-0.0569897849373184	0.172342590398553	0.405836997441328	0.794978872662145	0.388442166357325	-0.0147794528739382	0.139490647642025	0.470937441878379	-0.395074850789472	-0.828863443333098	-0.0983830403842756	-0.702616568139641	-0.07400914316782	-0.128944216516977	0.0346855575962826	0.579588382512998	-0.763686035178019	-0.804293353430209	-0.598982627973546	-0.00829975192343202	-0.313720671544815	0.124325859209751	-0.301266642035286	0.625068539296791	0.0509051172001742	-0.442889068094007	-0.794346756103278	-0.532346119232645	-0.887495793866937	0.0293570440184672	0.329312692017671	0.146253460019698	-0.39890423836784	-1.34545127193311	-0.484221624222202	-0.409555356035355	-1.77041399986399	0.326734340687313	-0.149007736757302	0.281399492626555	0.561796362793169	-0.430567606649461	0.145483143028085	0.0869674155988331	-0.201546514427381	0.091117963360106	0.069319195665356	0.254940086800715	-0.499337467842659	0.39158144545806	0.107435300712602	0.537540469502907	0.358041095923271
"144"	"MEGAHIT-MetaBAT2-S932.53"	0.516892018333929	0.265218178035335	0.150782507430447	-0.282414121952628	0.420122557914693	-0.812102446507851	0.275303592461522	0.572941264242845	-0.283670509913443	0.192948949785706	0.427807903594699	0.227640465379241	-0.253033543121724	-1.24577936756851	0.0188908745215164	0.107939762348764	0.785013195815305	0.079723618549302	0.399603750012505	0.853283356430555	0.774768755373365	-0.792317516587864	-0.0499183533474818	0.234719063899403	0.291085854077469	-0.471616517800292	-0.234144251587417	0.640219232336817	0.579540568406182	-0.803811558257628	-0.0274541169017537	-0.0956669588279624	0.0406936703371024	-0.254466025069146	-1.19701525093445	-0.603553941423065	-0.420282463706164	0.048207037028015	0.362887339362297	-1.35749865741057	-1.95634254969607	0.00336684298322432	-0.162402960670625	-3.26735035225097	-0.0643421530813271	-0.462657528392779	0.131050637111779	0.262845951807049	-0.0154342166146675	1.08623476859652	0.372152604796165	0.418973572862103	0.999801989294325	0.291966902616307	-0.0343916386680965	-0.35741733817743	-0.137773629939904	-0.251556677005761	0.0517641253246754	0.126073198013056
"145"	"MEGAHIT-MetaBAT2-S932.72"	0.204611348251917	-0.203007533370964	-0.210041880574857	0.175192407560229	0.102352360944304	-0.162282208501439	0.0405694904453222	0.0950354817755805	0.476741303350305	0.253479157299433	0.410147402657898	-0.0375670347183563	0.346229798165895	0.0067004088258189	0.249235812084045	-0.301778584468693	0.299064300948431	0.210174155088448	-0.00842738557582035	0.141604070856937	0.221449637992292	-0.51249174654381	0.208967365275759	-0.194834479001122	-0.141038035354603	-0.67829505286658	-0.157378400912446	-0.388694768224341	0.0319561138288318	-0.919160798357352	0.296441118317454	-0.0718010108675937	-0.650943142709928	-0.218970536991562	-1.0325986397762	-0.919457150517071	0.576334483841291	0.146355358249008	-0.0827309014436493	-1.25463276213674	-1.19769336882529	-0.629821469601011	-0.458938612920637	-1.92940117757897	0.0629762828246463	-0.153299169405634	0.450693298798889	0.373959291842618	0.197657514108328	0.527617146831376	0.269382592357899	0.537387650133526	0.59280036657338	0.0930329456969412	-0.0266087577456826	-0.247006196380515	-0.00953272484805634	-0.294524288910346	0.0701817182465101	0.431225139122817
"146"	"MEGAHIT-MetaBAT2-S932.87"	0.908882200223462	0.507754560809661	0.324201622338217	-0.361514973860129	-0.0685932108324465	-1.75402520243324	-0.44072597930803	0.410098746058428	-0.267061175919754	-0.0296956846869065	0.523901450612169	0.243661839674589	-0.559415806724439	-3.15369850375154	-0.251430999814202	0.279411297143782	0.0226650735966789	0.597413327889627	0.859658065223607	0.290322722096559	0.923490661466399	-0.455142068442828	0.17263450945638	0.321360978715683	0.558780802982512	0.116829302655683	-0.193058780238141	0.693132447015756	0.00394406756562748	0.824010817632594	-0.315222277018965	0.175820870060583	0.164748411280386	0.199775440090565	0.435719877398148	0.903198344785046	0.289788096527754	0.637772809346176	-0.220653059191608	0.281599468996404	-0.846110081208666	0.29351727381923	0.152545873937182	-2.17194536558797	-0.139257762352446	-0.100530360433257	0.269910829870156	-0.125189813585783	0.0951099645616438	-0.570128570716383	0.423747604671933	-1.41611141895401	-0.0517882021001963	0.36489441836768	0.881135952453247	0.141432998918732	-0.550216282099027	-1.06772040908877	-0.274241027914397	-0.20505570643583
"147"	"MEGAHIT-MetaBAT2-S933.133"	0.55492362258826	0.706555582635888	0.10664713504572	0.465655880242876	-0.072927365338761	-0.030715509956047	0.32689426067539	0.355111550083953	0.585292694001108	0.0281001849863349	-0.210848007267066	0.34169681726061	0.6494925995622	-0.227587411314773	-0.0227940343748312	-0.214875802798705	-0.355358522867178	-0.425176065864838	-1.40309817267637	0.28196986456074	0.503018336824864	0.437271528221582	1.11066274767883	-0.893987764596113	-1.06318520949883	-0.695987924963982	0.0333439829389919	-0.383355257273251	0.624442228699612	0.112055510082094	0.0631878101571637	0.300934694389846	0.179334259490737	-0.882143459155584	-1.17311399210712	-0.738318634938783	0.429645201527463	0.728164975699821	0.674157712261056	-0.751332987444442	-1.13633418949756	-0.180070278618871	0.0821181686497212	-2.27107177309424	0.410461358911346	-0.853114907328401	-0.0298560480119976	0.25753783030886	-0.683841964685056	0.220570458892744	-0.546872410474403	-1.47665733426881	0.405141146743543	-0.20239534895855	-0.783007361852439	-0.451371954781279	0.217035946877839	0.0394166197263495	0.394364157912861	0.412986107902928
"148"	"MEGAHIT-MetaBAT2-S933.139"	7.50424938121854	7.54114719705889	7.38526634058417	-12.5009721553233	6.94787292436082	7.24214529290579	7.89770871603204	7.7344705021737	7.91725601453004	7.30073098913807	7.68592828983148	7.04821101814888	-12.5009721553233	7.26622157020362	-12.5009721553233	-12.5009721553233	7.17305241894474	-12.5009721553233	6.75019387711613	7.27013447352062	6.7511781607039	-12.5009721553233	6.9640656784146	6.74828215909333	-12.5009721553233	6.90438530553218	-12.5009721553233	6.94143707142716	-12.5009721553233	-12.5009721553233	7.21063037005447	7.66849284374442	-12.5009721553233	-12.5009721553233	-12.5009721553233	-12.5009721553233	6.96899106257775	6.94085800331199	7.37199375778939	-12.5009721553233	-12.5009721553233	-12.5009721553233	7.3523169681649	-12.5009721553233	7.20736550998201	7.28753735840291	7.00616710337358	-12.5009721553233	-12.5009721553233	-12.5009721553233	-12.5009721553233	7.3066267751259	7.00153654156075	7.14584239882693	7.24495800390188	8.0497674439417	-12.5009721553233	7.45804581604658	7.43060420109072	8.54577040693595
"149"	"MEGAHIT-MetaBAT2-S933.151"	0.868544965066973	1.04047417572357	0.981171444621534	-1.00466036703769	0.461289872195227	-21.3250452675308	0.586496617808094	1.10980909397728	-0.141193261569067	0.141559441845655	0.503176324543216	0.569407828331977	0.260824261103649	-0.611868275956192	0.166545223527474	0.561452414892913	0.795081766461017	1.6468869395602	0.825728434726371	0.751295982573092	1.25539498840791	1.19875648402003	0.357622752017592	-0.0889136306203353	0.718939358497369	-0.487646263967067	-0.502206239985098	1.08284298294282	0.804409143082643	1.32366914933909	0.223348936603212	-1.97152233541523	-1.32330477748523	-0.188196906914472	0.745009039746717	1.09487803574833	-1.00072455474855	-0.30740707001693	0.475736008293715	0.328975918500162	-0.160197928815252	-0.940674717787156	-1.25894990660962	-21.3250452675308	0.592177704539115	0.789890283760997	0.825665695338908	-0.277117244136337	0.571338986758886	-0.202342412745903	0.465489706762579	-0.128727130201542	0.190625557998404	0.401616273965337	1.03949712347478	0.593682326258825	0.372088451781627	0.740241119480281	-0.340479046430523	0.492077798322984
"150"	"MEGAHIT-MetaBAT2-S933.161"	0.341196346692948	0.195081491557676	0.037845434976191	-0.257924413043574	-0.142796186030406	-1.10241093604133	0.539759931972928	0.435861385147393	-0.234721974500395	-0.129923256489492	0.234512545788352	0.950659426927025	-0.742204800281934	-0.698121812135865	-0.408767336129285	-0.268811781328008	-0.195737896697838	0.284700412578597	-0.193649846869024	0.0822229387804558	0.831737893915796	0.424326322140594	0.0781728931329342	-0.366074760183302	-0.868604012850075	-0.23219079607665	0.00910777596591128	0.261694794202542	0.591399454783358	0.706249804305636	0.208535724435845	-0.910802801723769	-0.570844538973487	-0.202304441839547	0.507911903125458	0.964862502910781	0.00413808980069863	0.875151740061836	-0.204863955684703	-0.246392382383708	-0.53349727363894	-0.872519650620914	-0.655544690963692	-1.54464072600418	0.086492607549828	-0.100899627184246	0.203777926866048	-0.00632298661148667	0.111794856507012	-0.482124901452914	0.110112564115592	-1.23849449869669	-0.139356340827685	0.110521617704217	1.08280936404485	-0.0781598702318762	0.408986821635656	-0.248341652188429	0.108969410051426	-0.222231493032912
"151"	"MEGAHIT-MetaBAT2-S933.63"	-0.585128026000515	-0.469025438309809	-0.510510113482913	0.242288294091145	-0.639126127816459	0.245508830008982	-0.0758911616830638	0.37567145682092	1.11409184879546	0.566438300044093	0.67523190531536	-0.774630711073796	0.988178638804663	0.241854619336181	1.02179894119128	0.226370181651773	-0.692827748011685	0.459483389280588	-0.832770207549919	-0.250335469378061	-0.513966937080851	-0.0528528675573643	0.319121162852339	0.41878477232506	-0.265949962865479	0.283260588433315	-0.694283026894111	-0.236234695657897	-0.450187008290909	-0.467809883338004	0.390726373812514	0.163200437044072	0.10008869661002	0.650709404374014	-0.322716963202213	-0.382064724178369	-0.106212602265006	0.275529592557413	0.750079958960064	0.206996313852457	-0.569376183378348	0.3427464242344	0.60769848899757	-20.5152692718211	0.155331080262512	-0.00778182522607107	0.159217104030805	0.678436586116418	-0.0523180634029217	-0.696930478725247	0.267725570069586	0.347786906501582	-0.0695123779194544	-0.123710471595268	-0.490640106542984	-0.309117455945169	0.512126360873817	0.0797246932895543	-0.379560827878147	0.708947221407337
"152"	"MEGAHIT-MetaBAT2-S933.74"	-20.4650680002681	1.53813370670352	0.824827020840812	1.26530407087401	0.438047354970053	0.858433425907849	0.94622837365619	1.03331786558245	1.61655121602004	0.69918308337726	1.50749525451742	0.458351731453752	0.457344818815362	-1.32037382067011	1.38912830012668	-0.131789948344305	0.623463932578778	1.73489536947624	0.751707502284752	0.52834607658259	1.0422513340584	0.933481601739999	1.0657743597043	0.507202954622791	-0.975402584677087	0.462267567232608	0.898238154920801	-0.155171894391827	1.65732805610026	0.371807742230407	0.609399761715608	0.760161292333141	1.08603523891246	0.648692987887326	0.32857420029777	0.00081096365277844	0.681808758940243	1.18516751061261	1.78084666221798	-0.331436533518487	0.380608362261662	-20.4650680002681	-20.4650680002681	-20.4650680002681	0.373175666022844	0.254700709066502	0.964454184487201	1.7785052845533	1.77099927807248	0.8365912753005	1.52194267951501	2.16228484586726	1.01381934811886	0.882448594406598	0.943648984239695	0.644270947111994	1.53703111201132	0.164518121294314	1.44642380547331	1.96235964542957
"153"	"MEGAHIT-MetaBAT2-S934.132"	0.210447377832919	0.261335478390672	0.0884973038223809	0.147709171731432	0.319856634453536	-0.640168119896901	0.225667033551265	0.333042953205295	0.174898926245429	-0.0712743144844721	-0.0280403655414059	-0.170145103885483	-0.169521246312823	-1.47425636550095	0.305728442999188	-0.153162181293786	0.573146679959115	0.11690742505324	0.0877222183875217	0.489333765132855	0.217174260960983	-1.20408714033407	0.39047292260631	-0.0117427443281919	-0.115982749009708	-0.350306200579191	-1.06510964316204	0.0267468502071724	0.533162602162759	-0.37044659653331	0.477372809840504	-0.0409558537286303	-0.774103496200283	-0.336060118127698	-1.41847607409697	-0.675374868790732	-0.150228451507705	-0.182877742357533	-0.167996709580419	-1.17163894537053	-2.90955107220931	-0.73094492121196	0.159512035852251	-0.859534407530735	0.329216533729199	-0.00549411665342614	0.304935999442713	0.495287537164145	0.532788595889679	0.692098274117607	0.335204304282076	0.456805093277688	0.626303666993876	0.0550987188945733	0.144424004684859	-0.219440408083521	0.238442469591501	-0.113471544449342	0.34004727732844	0.622882802379558
"154"	"MEGAHIT-MetaBAT2-S934.40"	0.031016451986293	-0.115023296523546	0.537231952975595	0.287378217155469	0.145353507972692	-0.0290441868204239	0.46461394990417	0.243793392824021	0.688059823626586	0.477612747728519	0.154091029326913	0.0195447929777499	0.635996957911313	-0.0543677886577987	0.671550451276004	-0.519927784763595	-0.12792805491581	-0.3139701836366	-0.12333942489609	0.368297577441545	0.586958653249732	0.820448274758686	1.14627287152331	0.302075321710468	-0.768143379496898	-0.532129025495784	-0.647339189846917	-0.0621048789323266	0.690246771093083	0.462131015803734	-0.328752402710994	0.0376138494512182	0.24353968497212	-0.497795427963358	0.197830636635281	0.871467351620093	-0.698653303111322	0.344034194833811	0.59536865159627	-0.332245117159042	-21.695852495432	0.210981855956152	0.0979180133382691	-21.695852495432	0.254066221424364	-0.0606378283656452	0.208808804712721	0.658200918363744	0.366025090135991	0.909838184494107	0.252488417561525	-0.287095647828935	0.630561664533314	-0.252295278762531	0.347926313053681	-0.357127004038249	0.11215019737931	0.547704766140964	0.0171846385768255	0.230144677963041
"155"	"MEGAHIT-MetaBAT2-S935.158"	13.2306543148176	-7.25925475989305	13.1599141373928	14.9791098711088	12.641287908345	-7.25925475989305	-7.25925475989305	-7.25925475989305	-7.25925475989305	-7.25925475989305	11.451896543411	-7.25925475989305	13.0565266812817	-7.25925475989305	13.3243311423753	-7.25925475989305	-7.25925475989305	-7.25925475989305	10.2735279764609	-7.25925475989305	-7.25925475989305	-7.25925475989305	13.0977740469556	-7.25925475989305	12.8121863776618	12.9556694531488	13.165591120252	-7.25925475989305	-7.25925475989305	-7.25925475989305	-7.25925475989305	14.9445109140121	12.7533141296556	11.5838070697426	-7.25925475989305	-7.25925475989305	-7.25925475989305	13.1928271528291	12.6761774233712	-7.25925475989305	-7.25925475989305	-7.25925475989305	11.9883403525052	13.6820114703311	-7.25925475989305	-7.25925475989305	-7.25925475989305	13.1374386165286	-7.25925475989305	14.035071152115	-7.25925475989305	-7.25925475989305	12.4892547643866	-7.25925475989305	-7.25925475989305	-7.25925475989305	-7.25925475989305	-7.25925475989305	-7.25925475989305	-7.25925475989305
"156"	"MEGAHIT-MetaBAT2-S935.32"	2.13730472756301	1.60138169081164	2.14481893898977	2.97253135012805	-18.0631880760842	-18.0631880760842	2.11179916633993	3.0244525343386	3.21013862563522	2.96010848443028	1.97321105592105	2.56313491134077	3.19346548703585	3.71915886719637	3.20300331100191	2.41560897232561	2.8915543033623	3.58992538087953	2.8257919235169	-18.0631880760842	1.71754500235144	3.4871761862795	4.17591276893223	1.63740488369198	-18.0631880760842	1.97420967336227	2.45288241077728	2.26336441996244	3.48862400333866	3.5581373668102	3.60950152972381	3.77102132587583	-18.0631880760842	2.71687106058849	2.84718867067093	3.33456179350774	3.01822189032694	2.75127296488222	-18.0631880760842	3.36773361638308	1.80880045249941	-18.0631880760842	1.62681111015093	2.20314848376696	3.32966249914579	3.48593747662341	1.72051570110998	-18.0631880760842	3.51883555512442	-18.0631880760842	1.47117928269526	3.65835347108118	1.69824934219126	-18.0631880760842	3.64137292161241	3.3416144174554	2.9970044832628	2.62707995172662	3.27300249383871	2.71997532643627
"157"	"MEGAHIT-MetaBAT2-S935.50"	-0.566068184704005	-0.491583670403815	-0.892726044874559	5.00882179042591	-0.406582837175828	-0.940116510809744	0.0226788884785103	-0.622079272885076	1.65744297217478	1.83645265825393	0.538880954756362	-0.131086935091274	0.803296147675644	0.844935759546457	3.14372143318843	-0.379596327314834	0.290367075393795	-0.507538405982591	-0.614099157518526	-0.774347430272218	-0.280904471545743	3.24312783871672	0.6218010161509	-1.05457663588383	-1.02181099423013	-0.461817718581513	0.846720352429803	-0.0773795133614055	-0.660331348261703	-0.526225851142546	1.44864700758829	-0.358409071553868	0.264250767405566	-1.20992843067059	-0.823819277338416	-0.336305772458128	-0.354743380973193	-0.680671847826873	-0.680902235622812	-0.637409689488132	-21.2903757767489	-0.601707255552554	-0.455605467230122	-1.84524704517418	0.559683160998498	-0.120664749613386	-0.372763844000482	0.169162485231461	-0.468095697141117	-0.723089378998626	-0.621715816987161	-0.231365071526731	-0.611332834714019	-0.438625325199054	-0.857816026624729	0.034191695247122	-0.556103569714359	0.148915142079789	-0.257671852541674	-0.534998766709476
"158"	"MEGAHIT-MetaBAT2-S935.60"	-0.558952948485447	0.261999044707896	-0.0360706897195637	0.0615133517760391	0.67284511490304	-0.154627663408535	0.0429243918946227	-0.017863114870484	0.160659746493226	0.270248356631712	0.055509241322957	-0.349927982048469	-0.148571707806759	-1.06124495366509	0.0923942093565975	0.401545858497513	0.936670209588803	-0.184155048574228	0.217280279538285	0.690832250739462	-0.234612054989977	-0.697501470096044	0.021514063212118	0.653059922945427	0.2895275323815	-0.313771636171215	-0.0851093476715681	-0.294978386455191	0.195820613033166	-0.480506144647324	0.0107484474957786	-0.30603579293753	-0.147813110566811	-0.445324504402707	-0.454540164154819	-0.790031268758947	-0.423484078391614	-0.791213077617022	0.166969681654334	-1.09012921955869	-1.31677917676199	0.37587576920436	0.250986856218321	-1.3367492122987	0.16895351791965	-0.0585125461200144	0.153871440694918	0.0776965105449632	0.151756222124022	0.871630152873113	0.674595297457862	0.082977667211181	0.70164219154445	0.33012716124555	-0.596800587757273	-0.494228886627568	0.771782600619998	0.240482804357483	-0.0453496562719264	0.888900237724465
"159"	"MEGAHIT-MetaBAT2-S935.62"	-0.311913025424454	-0.592571073666438	-0.478024393364336	0.698111479918326	-0.114896995371407	-0.0563267498990614	-0.258201163771275	0.405110091535199	1.02853310217157	0.57020244977219	0.139641532280806	0.343644684304892	1.10581555466481	0.630490445585489	0.652882324027476	-0.0976139210649407	-0.250751525152137	-0.0181548536110574	-0.677903544386952	-0.0551252217159801	-1.01261146459255	0.0735639972435917	0.222911063067355	-0.327059478806267	-1.83852870628569	-0.355265809087423	-0.381840738026719	-1.05280853751911	-0.10627083667231	0.68030164728679	0.217884172099907	0.348600750353021	-0.598279129704175	0.0093536865467776	-0.83077156864893	-0.874945216247728	0.60492878730245	0.741456892871119	0.0220788782174886	0.168446290848811	0.867834963775272	-0.633483714913981	-0.39999557204734	-21.7926814478221	0.50891571088932	0.319119262802709	0.429627017760758	0.480259503171386	0.0931711621839453	0.0428537822742765	-0.00374631285487936	0.329136767017015	-0.160929092991755	-1.30280776476944	-0.0692930056476158	0.0706906573970238	0.733342174686945	0.242744832703845	0.0765627956719133	0.333587223940871
"160"	"MEGAHIT-MetaBAT2-S935.70"	-1.71444500431516	-0.0596963763689962	-0.724907493598133	1.76015472480816	-0.0187524260007841	-0.35889933390794	-0.196963399484348	-0.926446823654723	0.410777879655863	0.597189509831495	-0.0700287528536547	-0.0420922691068863	0.988786207185645	-0.89450605612415	0.692159914217637	-0.335621680483862	-0.12547863970069	-0.131884077091252	0.168194588743197	0.486773223088323	-0.530269806948475	0.76621855698169	-0.138638305271656	-0.481403120822637	-0.461094371631836	-0.167426813599843	0.0377090772484232	-0.522295668867874	-1.07436310439437	-0.367155559452407	0.485075679301921	1.65329863483436	0.564111364076612	-0.152163085238071	0.516584355178444	-0.946382756944266	0.922081641458036	0.866720987169584	-0.537373257381526	0.45067012717553	-1.4063864238478	-0.488370503123711	-0.362824661255417	-0.30019728504648	-0.11127740232089	-0.74033212309923	0.287560979326612	0.432587111867761	0.820660527657169	-1.19406870475846	0.0208729279174902	-0.391842905524403	-0.0511763729047594	-0.100389139663627	-0.377916186421471	-1.21050899260611	-0.139170253850339	-0.641640557286798	-0.0698413418919319	0.458746669570353
"161"	"MEGAHIT-MetaBAT2-S937.157"	-0.351103510183473	1.2511464826329	-0.141706576458102	0.120036894375919	1.52897999271502	0.300925239104394	-0.252554447900949	0.109192921082977	0.673720163495851	0.351769608290752	0.581048170720838	0.0277751192923237	0.492551258838646	-0.166967533334508	0.592726387550095	-0.105599994526475	0.136101583551401	0.101946769586808	-0.292474162175488	0.346077368794143	-0.386362961045429	-0.0829986463492833	0.382387682260456	0.112015737135616	-0.33043066548828	-0.285274692800731	0.257730247855162	-0.474739101307876	0.0915296712307736	-0.837842272877336	0.310501390650372	0.444450897425018	-0.70948717305544	0.0678569721980509	-0.623741656153592	-1.6892599756623	0.110199995691881	0.0418499639432746	0.450075727272314	-0.664623132598773	-2.45958583023008	0.179290602873152	0.033164933767714	-22.5140455969669	0.175978963596165	-0.370279813165868	0.135360556719915	0.322700662074389	-0.000533101238072042	0.817460667995181	0.364183227379999	0.297723060206833	0.608656324048924	0.190498056790712	-0.500025755373327	-0.635885203639305	0.251900089730237	0.162906118844858	-0.275500431245086	0.899849709382373
"162"	"MEGAHIT-MetaBAT2-S937.160"	1.70617076489448	3.38965128135307	-18.7587934904484	2.31569673837437	3.57145107174836	-18.7587934904484	2.71726816021444	0.915574822883728	1.91349712763481	2.60043271977413	1.60922517226539	2.02169023378331	2.22661017491972	2.77499353784118	2.18003762259912	1.43699564785716	-0.802508369442235	2.43593712643785	1.42434425529876	1.98864995315579	3.11624290557476	1.39346598944796	3.61701143878813	0.433809321116517	1.50688761709403	2.60161839486907	1.32288775095078	3.66806043487393	2.89374642140844	-18.7587934904484	2.69050591030128	2.40379977742178	1.72601358658157	1.67563009540212	1.37231043219721	1.65602235586943	1.0013383804199	2.19576723341093	2.32461041267234	-18.7587934904484	2.07184561007147	2.084778564311	1.25949072936414	-18.7587934904484	2.45129910576032	-0.0137565168150244	2.42145479444446	2.15771699819273	1.12972492090656	3.40770973672585	1.780017754501	2.11612707612644	2.90168103723399	0.321148507811287	1.62077270037657	-18.7587934904484	1.72949349580966	-18.7587934904484	2.36540067684093	2.16574979133265
"163"	"MEGAHIT-MetaBAT2-S937.179"	1.25261319696198	0.70656935295332	0.54354346907906	-0.481740331308832	0.930179274796543	-0.751209519521814	-0.187536833067537	0.303444611787428	0.0318572890250985	-0.151891172934145	0.0919506529513372	0.394263409872761	0.016028271430363	-0.971361962006236	-0.0195271236106951	0.310205633611725	0.566518429233095	-0.25725107470784	0.45536620229521	0.861607888281463	0.534257650873101	-0.921042160185234	-0.125476980499264	0.0510511115067036	0.505821812437765	-0.303206025851853	-0.656674056865973	1.07239965849909	0.0571196283716775	-0.415868990804603	-0.210870666493808	-0.26283075430205	-0.0709467583446743	-0.727170051982497	-0.674949276337796	-0.661016245162774	-0.342018854386329	-0.791365267088878	0.174459077563525	-1.10838241630307	-1.34559139272676	0.761623410852482	0.173954192579619	-1.62383260511206	-0.218104003072416	0.0524307875202972	-0.164135656336633	-0.060732620531823	-0.195843612382713	1.10482138982485	0.79866466381189	0.111388815033428	0.999181015857508	-0.01361938627252	-0.147094234926244	0.141041111857002	0.119706713504409	-0.224552493675199	-0.0162830586452314	0.139922745271068
"164"	"MEGAHIT-MetaBAT2-S937.180"	-0.254689592286216	0.114637460973411	0.294345632528936	-0.220235175259972	1.01984533521604	0.281016335092785	-0.0331363856277163	-0.0606887024621061	0.292186044095748	0.33962705212919	-0.00653126372583923	-0.235965136788092	-0.314336978517699	-0.683808040813514	0.0518801720076363	0.572075040706723	1.09423590221864	-0.448549473761044	0.102475549875685	0.923808644282286	0.0420643627167054	-1.26660726917753	0.0213240229790435	0.672406186164483	0.91751543544714	-0.635067289280951	-0.218049764034885	-0.177921236326513	0.649072611421669	-0.0867030661757147	0.148998564409905	-0.584186374363327	-0.56355298415684	-0.862558477460881	-0.699739960256261	-0.774728484483592	-0.542709782852949	-0.971844220690614	0.315801187011279	-1.47968194163646	-1.91240568551682	0.522794383556366	0.34765474002237	-1.10700296826058	0.193584579994719	-0.200207258209335	0.0737881781044569	0.0825768625210488	0.183353027814142	0.904760474381791	0.81144252897203	-0.0311033717391282	0.408197722546204	0.215338372515886	-0.684630227840202	-0.329889398289692	0.695548243805923	0.326584811164954	0.098377352899389	0.960464859000936
"165"	"MEGAHIT-MetaBAT2-S938.116"	0.475104866497108	0.0903083162760074	0.22183110147654	-0.210101642238508	0.260202265590779	0.193996766603493	0.147470125829425	0.335057045114795	0.0417100606687431	-0.0974395183515275	-0.0383659709083517	0.387099302171631	-0.455779789396371	-0.940275697780427	-0.264391983294005	-0.300473330501763	0.0206541716358517	0.0695603005430208	-0.0337588581000752	0.128078316222974	0.131021628104035	0.0294195736202454	0.265614586819571	-0.206974902166838	-0.0220794309719157	-0.0577378181099011	0.0149292844600231	-0.0531921457498399	0.244083068427507	0.433502965074253	0.113310424528936	-0.589476288108753	-0.462074923558958	-0.388820719429863	-0.444289402921656	-0.531514149397319	-0.434237639339635	0.403508535857022	0.0520423083513455	-0.426923780158403	-0.995953776090441	-0.226049091561539	-0.382400172566721	-1.75149253786343	-0.152792968929592	0.0602140639954927	-0.209353692884911	0.0451441575084139	0.21608091085393	0.268844913261288	0.22610344497014	-0.162217438458786	0.409494417333102	0.225077295486946	0.0203843741594651	0.181423012237143	0.459739873533644	0.16678058998192	0.567730078334784	0.064195326729819
"166"	"MEGAHIT-MetaBAT2-S938.148"	-5.94959955892514	-5.94959955892514	-5.94959955892514	-5.94959955892514	-5.94959955892514	-5.94959955892514	-5.94959955892514	-5.94959955892514	-5.94959955892514	-5.94959955892514	13.2434580458622	13.6285343761734	-5.94959955892514	-5.94959955892514	-5.94959955892514	14.2215027710338	-5.94959955892514	-5.94959955892514	-5.94959955892514	13.2216749047887	13.557377084753	-5.94959955892514	-5.94959955892514	13.2836299047633	-5.94959955892514	-5.94959955892514	-5.94959955892514	14.4843704485863	12.9511449906447	14.1711555746779	-5.94959955892514	14.1429233598649	13.6764727548698	-5.94959955892514	13.4147068642414	14.6626594696305	-5.94959955892514	13.6184866189185	-5.94959955892514	13.8670595400127	-5.94959955892514	14.4781316515924	-5.94959955892514	-5.94959955892514	-5.94959955892514	-5.94959955892514	-5.94959955892514	-5.94959955892514	-5.94959955892514	13.7029988340278	-5.94959955892514	-5.94959955892514	-5.94959955892514	13.301376094956	13.1967756369003	-5.94959955892514	-5.94959955892514	-5.94959955892514	-5.94959955892514	-5.94959955892514
"167"	"MEGAHIT-MetaBAT2-S938.161"	0.742840562018449	0.481645936145948	-0.0543064824061865	0.210581348564234	0.268954419246416	0.041087410926183	0.304806133039107	0.180138902025205	0.468827385275523	-0.0383645884813193	-0.511801565569639	0.226105704582069	0.246549265076723	-1.27145125441943	-0.135599655545861	-0.130167978145996	-0.0702655860399188	-0.525606394100087	-0.68074959586834	0.328509002079903	0.504081619870552	-0.0580593488062853	1.21002045923591	-0.396893458121193	-0.782664782629361	-0.54937047392473	-0.0214537439665641	0.24508741080999	0.607042086433337	-0.215086424479174	0.349312830956018	0.309170672097498	0.39321958998838	-0.881647927262465	-0.655874377498778	-0.545580673628661	0.0989149941854066	0.476120149789346	0.501315056344126	-0.921233113239117	-1.37231193189469	0.0413736588600608	0.238426220964237	-2.36704521992775	0.257021020369514	-0.403255813365722	0.0178004783285788	0.0605555834029765	-0.545128359186212	0.251523141812999	-0.00490120779113745	-1.512050254633	0.349900332959191	-0.00147858442168314	-0.621776146058584	-0.112835476718183	0.373975634903352	0.201026153695138	0.306291625334078	0.354582746372531
"168"	"MEGAHIT-MetaBAT2-S938.190"	0.247687711110737	0.0966994218927884	-0.0549990058530723	0.0333791717844925	0.378844060032785	-0.400906452691562	0.0904374810961617	0.35501424563977	0.143938375930374	0.0767370438751707	0.341618049548708	-0.0986650215848144	-0.246486626681958	-0.832894264679804	0.153886621308217	0.020068006959483	0.854533632540731	0.0865831305463338	0.280186329398266	0.701129800877651	0.14858375344748	-1.12447036616086	0.0890959524446036	0.0936038021786523	0.450631347928828	-0.509019496069305	-0.297266956607317	0.110837729156327	0.357784329740752	-0.743650284714873	-0.0355552891502837	-0.010045232095611	-0.0175737060055514	-0.0453612625312747	-0.813347248343174	-0.930714308669765	-0.090080621294506	-0.106380139939774	0.281724057434292	-1.06162615964457	-1.12721621953654	0.0158611270214584	-0.190869129382509	-1.37823692175289	0.0781315661661104	-0.343518726121255	0.0662560658484166	0.447021909195739	0.184352568932895	0.812170358042281	0.456466544375558	0.382574305837687	0.842776263685761	0.37050298982174	-0.348949930541075	-0.461748887299052	0.0923019663457669	-0.247391758559471	-0.0829007178957619	0.348689719741644
"169"	"MEGAHIT-MetaBAT2-S938.43"	1.16095247079951	1.1494699657042	0.932876664601396	1.57252173539789	0.995683084053726	-0.603266470171396	-0.292911300385994	-0.110620030884004	-1.64720076990429	1.26014760435662	0.890547135122478	0.681018352002822	0.607602952571873	-1.20950640109374	1.38096669488746	0.661678148968438	1.64462215424419	0.192015682762677	1.25161389098463	0.814541978602803	-0.129584843419112	-1.33426336995338	0.274023843740038	1.09014483783327	0.147795031419361	-0.953768759618448	0.510791026439402	-0.1851688713195	-0.836177057902019	-1.76652923617586	0.269217154464148	0.32180684965053	-0.0264839934904009	0.720633119210723	-0.558045125482074	0.235096617248209	0.208579559148116	0.176239646937391	0.428727458331228	-1.2859511886464	-21.3587980069888	1.69599503858213	0.564199021715907	-21.3587980069888	-0.115239027302658	0.0357892520759497	0.887643766271579	0.2462959592098	0.0229224522790599	0.332513259178454	0.0324231847479464	0.884688444636986	1.21194386934522	-0.104425779144868	0.337631027160872	-1.1242499462552	0.103128558747892	-1.84698125287615	-0.274469022845415	0.903318438600843
"170"	"MEGAHIT-MetaBAT2-S938.66"	-0.85513232398286	-0.915986427844924	-0.351823632080212	1.07879622711189	-0.341154469993813	0.835396444488206	-1.0937047340805	-0.082383600494853	1.34443513652666	1.02074614641578	0.709887860010296	-0.233042654814847	0.342712537162307	-0.885105011149208	1.42414032829046	-0.00615417155419351	0.484609419091768	0.102433224157363	-0.255333814655656	0.680158100661051	-0.717585909338787	-0.917394440183261	0.0922974498413147	-0.906739565216936	-0.360101556698287	-1.27203997061209	-0.400583294915466	-2.26478061471213	-0.673408210557889	-0.98910008960569	0.439207506779225	0.924233435108414	0.104943186378335	-0.0318847869302425	-0.692598163459	-2.75267982660065	0.651039514162016	-0.103300591409954	0.863354053922203	-0.77186858826612	-1.49486477732751	-0.304437397859752	0.906865886714198	-1.82726948372573	0.774043689844	-0.00986781714360241	0.145594818105903	1.17233209252068	-0.367741640587475	1.11802522741495	-0.099007456159276	0.459263581873531	0.809453436111018	0.614592405248109	-0.743656599979302	-0.938441263625263	-0.535301786800287	-0.905168258964375	0.256336696995659	1.26600109444472
"171"	"MEGAHIT-MetaBAT2-S939.26"	3.74458603289319	4.17027305023463	3.31727871450708	4.2588076466703	5.89066842239793	-15.8241525881354	8.4035101080495	-15.8241525881354	7.06595100873782	6.80067922721404	6.23228277890836	6.58417056929278	6.40891709328965	7.93124754278223	5.15847470609701	6.31813303646426	-15.8241525881354	4.93147321872764	7.730152798133	-15.8241525881354	3.43566509211958	5.43183029298413	8.4339681319933	-15.8241525881354	-15.8241525881354	6.72232970132458	-15.8241525881354	4.62795764999156	5.25151749002995	7.88259573042584	6.02282477910189	4.48392328543001	-15.8241525881354	-15.8241525881354	4.11662363157653	5.97024029664373	6.7333065662336	2.74873893186792	-15.8241525881354	2.44521998460635	-15.8241525881354	-15.8241525881354	-15.8241525881354	-15.8241525881354	6.13077068278629	6.46614933528692	4.12810892751054	-15.8241525881354	-15.8241525881354	-15.8241525881354	6.90541556508596	-15.8241525881354	-15.8241525881354	-15.8241525881354	5.97304569907933	8.36253980708976	4.22756247018253	6.46793161129734	7.69621619391501	4.90678631872944
"172"	"MEGAHIT-MetaBAT2-S941.34"	4.6911510906422	-15.8864537519008	-15.8864537519008	4.90594676940336	3.55576972354786	5.14370604462778	4.33057992457389	5.22347501090364	6.04208960633162	5.31026009227407	-15.8864537519008	4.84428854502976	5.5569986451269	-15.8864537519008	4.71373417069738	-15.8864537519008	-15.8864537519008	4.59684266999496	-15.8864537519008	4.32834928822939	3.55044242909523	4.22281917487671	-15.8864537519008	-15.8864537519008	-15.8864537519008	4.44761209167603	-15.8864537519008	4.59528619750647	2.85942907848957	4.17723305743502	4.88375429703885	6.14506813501473	4.56576807512595	4.50127466039391	4.46592409901429	3.94686743713854	6.41729033914775	5.87604348194548	-15.8864537519008	6.18190752327849	3.06725636001982	4.65068056026689	4.08720618153636	3.96206268688772	3.60036523982654	3.33653228769436	3.72507311119228	4.70231496482333	5.14294953060495	-15.8864537519008	3.3242290733671	3.09688534518394	-15.8864537519008	-15.8864537519008	6.35554132687543	4.39066739773788	4.61809696834653	5.29037131774328	4.21489112999487	4.932757697839
"173"	"MEGAHIT-MetaBAT2-S941.86"	1.71391094121406	1.54068149409755	1.37420486757664	0.179279580298874	2.68209123119591	0.5412688974299	3.58104219047124	-0.00587773587233631	2.78371694219948	0.546939368225679	2.18733608578646	1.34458372806926	1.16084622581208	0.781479373282343	1.51498272925972	0.282448812547355	2.22363013612119	0.886668473518863	1.23093618141103	-0.432919979537469	0.525430380910886	1.64751409982946	0.298957999118257	0.771847741696406	0.280722199090329	-20.441476038373	0.619823820950697	0.352754291664493	2.31237374592866	3.0220872768859	2.19096723919735	-1.11546214690298	-0.469277656995912	-20.441476038373	0.603815145455459	3.25941024656952	-1.9036994466693	1.84975967489747	-20.441476038373	-1.53508094743773	0.0428737180039001	-0.246970366416515	-20.441476038373	-20.441476038373	0.323448085407125	0.954818912493788	1.48745041007978	1.6041592312463	0.882729318782369	0.502292307278796	1.50131239146597	0.48676158191718	0.432127801095743	0.227301624858144	1.46490965489368	2.15598968803005	1.27488534372924	2.79352916386209	2.88498221815912	0.930824724281416
"174"	"MEGAHIT-MetaBAT2-S942.110"	-1.91500515571464	0.467637843629652	-0.627537493858561	1.32801732548815	-0.278791491408636	0.0830878875630301	-0.111644170167849	-0.855366061270945	0.400952236725424	1.63974349683703	-0.343874089620653	-0.184099523523011	2.50273975580686	1.21334121518028	0.575903577006702	-0.504214345117169	-1.74857265053897	0.247440926458557	-0.284434748765973	-0.0463771326651443	-0.638295287903262	0.849081804395124	0.156774814860596	-0.873855270946629	-0.697690854078512	0.138453255236081	0.499031849053921	0.556290009110616	-0.456600905410696	0.839523831046389	0.949136631322233	1.19453047429751	-0.356238016550614	0.641660810142072	0.325007315635317	-0.42105937164198	1.10671693991341	0.919827840697975	0.178430624513032	0.969920211073477	-0.541578538182256	-0.0685924671242395	-0.00310390616059397	-20.9868121110786	0.596077446300594	-0.992306386498724	0.199101966673219	0.348470552632189	0.345707396405601	-1.23552226659921	-1.50298629335362	-0.388563157819998	-1.4789880184005	-1.9674451939565	0.881263746608339	0.0334241394203607	-1.54953704576209	-0.49034451204141	-0.293710517141522	0.3354712028126
"175"	"MEGAHIT-MetaBAT2-S942.153"	-1.40589897268302	-1.56330964542689	-2.1764687344026	0.0652035926303824	-0.980411435314016	-0.920807341776436	0.197512783974391	-1.61393514331148	-0.155984566327773	2.91837346665459	0.703137997777063	0.385764460102656	0.635537664351604	0.64610621151423	0.234198168292269	-1.39888907745745	-0.602646207509489	-0.761379390547863	-1.29243712784849	0.539608355548069	0.326745214218919	0.481745354149858	0.50172876554761	-0.951422421545405	-1.29491009391958	-1.8083260026881	0.706102700611404	-1.10102413145673	-0.365046246961485	-0.0436641892629943	0.813855956621548	-0.250516731865768	-0.768372025358578	1.32303084662018	-1.50787050520321	-2.34426445358078	2.35861812553968	1.35317265703686	-1.08219914575898	0.276561507422472	0.184778962760251	-1.1400882010695	-1.17321496481183	-22.2463896435879	0.864162871630833	-0.171814529040785	1.64371475157049	1.01126372154245	0.450948573566841	-0.196036370051826	0.598156503421706	1.2842544437992	0.327792517244564	-0.737458645781842	0.524329003396057	0.116111880378283	0.799705212637303	0.56662800396599	0.705152409531621	0.528225750728406
"176"	"MEGAHIT-MetaBAT2-S942.30"	-1.6167862459124	-1.37525215527196	-0.144321665878093	-0.244060829157452	-0.067170718170102	0.498885852011675	-0.387327563202952	-0.282980196893704	1.09989977572245	1.32928202514225	0.200119755554506	-1.15761829369187	0.657299976651543	-0.378507574126496	1.6091427903796	-0.0413379846868747	0.458159282032012	0.215520183741231	-0.0492120671436185	0.0400827124041996	-0.89367633994715	-1.56316563816343	0.773193152967428	0.603095817593898	-0.784165136782879	-0.830896625202594	-0.335213222678248	-1.94327167669082	0.0840064906949429	-0.771182074263818	0.635120500872028	-0.376017899474506	-0.517727596985934	-0.348556943015411	-0.70853991913483	-1.95740141368998	0.865892151756865	-0.57961876884761	0.329055323963554	-0.479336697297461	-0.179446832218267	-0.0514390657569219	0.641567248475537	-1.35657955690885	0.399273709045965	-0.555908795632472	-0.0835545436746434	0.897940224371746	0.269457338569557	0.460408419908466	0.396464592024945	1.50742254544051	0.0210488433635341	0.0817787326864448	-0.356506703270434	-0.950460795756527	0.705952058683185	0.592307781922457	-0.593246526295779	1.21032244446061
"177"	"MEGAHIT-MetaBAT2-S942.31"	-0.685809663651114	-0.689947626289605	-0.680108786842253	0.257649660844203	-0.209604446091812	0.285435880446913	1.37249754141264	-0.146475369055234	1.09929962896439	1.56614997963122	1.67664533298608	-1.06506776243116	0.477389536541043	-0.462447469740178	0.511775880882854	-0.276277712186491	-0.0222195051827052	-0.700325837406397	-0.117836994992761	-0.47685472094854	-1.26233800087951	-0.652375534267749	0.267646519505846	-0.181498077266741	-0.553427416966894	-0.873254967061077	-0.0401870250141094	-2.01977389050467	0.0989342063819825	-0.729332290367173	0.168952165977635	0.226901646993165	-0.537803648619764	-0.657212635850993	-0.519967842061953	-2.92347382176592	0.18226214060022	0.246314071169713	-0.26902666819281	-0.428462090660335	-2.11111192068459	-0.13737581360982	0.0510316006040785	-2.37243640978629	0.431825848483626	-0.59132624387852	0.143492084767773	2.03253518975787	-0.0630890594774938	0.122492162385077	0.050261726836152	1.22627892582426	-0.113341398649073	-0.683374423850195	-0.590942558046508	0.391109243824325	0.844069217259379	0.395018743609912	0.0734950149138189	0.862668033296097
"178"	"MEGAHIT-MetaBAT2-S942.43"	-0.0995927745777285	0.0418495567434745	0.291685642672824	0.264111493503861	0.642088106420335	0.170953093350732	0.565428257691679	-0.166710131037132	0.596095760235757	0.635021776935907	0.0576996925086339	0.259140374295265	-0.00614728800194797	-0.480603836138556	0.537629349582947	0.572048946116819	0.826902649753422	-0.316824881593528	-0.0363999943845155	0.600145625023618	0.000285402009045477	0.243154293086259	-0.330698898163361	0.0932144442611333	0.111639577139869	-0.312059495876278	-0.673108410928361	-0.612213687734386	0.326684896937343	-0.420872779093189	0.273792698910448	0.422363707101799	-0.167244450164374	-0.637091762200437	-0.607267669832418	-0.567966144395641	-0.0461149969902168	-0.238806692818185	-0.161493634878888	-0.710253555272867	-1.62724302774028	0.288300074211348	0.768866703116924	-22.9654543554148	-0.449436493288541	0.060766754258105	0.48257705284031	0.590331808354719	0.428331834515876	0.463721216772434	0.349254359212721	0.0886156037828902	0.849470676908339	0.517134805828979	-0.469927753336504	-0.558458990450702	0.157606126504433	-0.121078820261537	-0.00734236460450877	0.543073363176093
"179"	"MEGAHIT-MetaBAT2-S943.132"	-1.98371945910887	-0.645443573190425	-0.77176284639118	0.242499139981714	-0.145613546406948	0.317279132662343	-0.0762280293373836	-0.96048505141841	1.29766658387007	1.33765619662266	1.64839358345193	-0.790739927511715	1.15369016409935	-0.0241018017264398	0.900457631935063	-0.182576045719077	-0.05753396600696	-0.479650768390561	-0.803322417377786	-0.914400392141147	-0.973683563315444	-1.56184178701016	0.00511907956147972	-0.132961152846605	-1.3829852496133	-0.0282413787325426	0.52098888214612	-1.73210052562606	-0.6579489831391	-1.1234072751651	0.417438654306457	-0.0760235760905212	-0.366463994608519	-0.177255539778767	-0.784795597792566	-1.06231579295987	0.11110618885114	-0.722196672173078	0.0381935711319201	-0.539224110131386	-1.12433657173194	-0.385696079728294	0.465130616731634	-2.31774341629203	0.83151206869566	0.0180261707272917	1.08598541545921	1.3000167386804	0.320237820596986	0.365958691889676	0.94154207204131	0.539053410375388	0.316003729898647	-0.76066172684994	-0.338261109020454	0.145737988818905	0.678046813001289	0.512626604621788	0.20654665640985	1.13156872065521
"180"	"MEGAHIT-MetaBAT2-S944.121"	1.12517325543638	0.421127592674797	0.256817701729593	0.416442757991637	1.18286143833165	-0.445164995724728	0.299261749446883	0.38082989242761	0.572800385592193	1.06098541419125	0.996048589488699	2.5380671772277	0.6050534005957	-1.1116362613086	0.277421950024572	0.211574099342835	-0.244376958095081	0.322452116756886	1.17569695983396	1.1457833201562	2.02158075734178	-0.180591663353884	1.39633214460942	0.450000456788536	0.244120893411434	-1.8441051829106	-0.70698790522699	0.650507544240086	1.53579375453568	-0.0861132141570531	0.370641897125576	-1.19426516319897	-1.13420802357609	-0.339061235335668	-1.59446966776493	1.09271704018656	-1.5012578573973	1.58754417624018	0.357994958920822	-21.240517495668	-21.240517495668	-0.158280208103098	-0.264245128121432	0.0126639076058774	1.04080294491635	0.832315549889168	0.390218266539896	0.304014312955841	0.328679597717112	0.809581313077964	0.839743401622313	0.0380666651617778	1.89635296127407	0.652543032338335	1.29328257651569	-0.00145272441419753	1.10591196101996	0.868346558641461	0.626749819115642	0.625438532793255
"181"	"MEGAHIT-MetaBAT2-S944.127"	-1.52181215088524	-1.26653697911496	-0.596741888124695	0.75724670359386	-0.0802565904817865	-0.560803000757433	-0.122876750813484	-0.5151031813902	1.0345748135273	0.941746632275425	0.933130260672893	-0.144633069620705	0.935343053639946	0.938952813273776	0.875569250297831	0.482316952087182	-0.344158527639897	0.288326795017177	-0.982086021545923	-0.118824099923906	-1.0989390544803	0.599567590625659	0.824804620795512	0.313326828854121	-1.11088994771693	-0.40086595525926	-0.214407511670852	-1.619622440469	0.525345779650377	-0.0943917251892374	0.646013802061719	0.667970747135447	-0.23957099976166	0.0198138929683349	0.191943347102824	-0.670827917503629	1.13654045178155	0.629157640838292	0.321286969281061	0.241755424841359	-21.0361388612011	0.0300037162413869	0.539653977911711	-21.0361388612011	0.329292278051802	-0.671781411638776	0.420995776136743	0.972331057449336	-0.0597220258400961	0.586656826084704	0.276339226610675	0.838309611759504	0.224495497826858	0.157915158789519	-0.10185582228552	-0.623372126620444	0.461258946901807	0.636715330846751	-0.00310309022134714	0.837234420712406
"182"	"MEGAHIT-MetaBAT2-S944.143"	-2.27521787784428	-2.27521787784428	-2.27521787784428	-2.27521787784428	-2.27521787784428	-2.27521787784428	-2.27521787784428	-2.27521787784428	-2.27521787784428	-2.27521787784428	-2.27521787784428	-2.27521787784428	-2.27521787784428	-2.27521787784428	-2.27521787784428	-2.27521787784428	-2.27521787784428	-2.27521787784428	-2.27521787784428	-2.27521787784428	-2.27521787784428	-2.27521787784428	-2.27521787784428	-2.27521787784428	-2.27521787784428	-2.27521787784428	-2.27521787784428	-2.27521787784428	-2.27521787784428	-2.27521787784428	-2.27521787784428	-2.27521787784428	-2.27521787784428	-2.27521787784428	-2.27521787784428	-2.27521787784428	17.9239527298393	-2.27521787784428	-2.27521787784428	17.73252841108	-2.27521787784428	-2.27521787784428	-2.27521787784428	-2.27521787784428	18.0256228126827	-2.27521787784428	18.1643413563393	-2.27521787784428	-2.27521787784428	-2.27521787784428	17.5301401383209	-2.27521787784428	-2.27521787784428	-2.27521787784428	-2.27521787784428	-2.27521787784428	-2.27521787784428	-2.27521787784428	18.0505068768093	-2.27521787784428
"183"	"MEGAHIT-MetaBAT2-S944.7"	3.8688877112681	4.38037230768081	3.88874214621889	-16.1252600327281	2.87544119222774	-16.1252600327281	3.94021096513977	4.33171552972375	4.37076561547488	4.24033165904357	4.29106500160633	2.3749941351803	3.92574917811616	-16.1252600327281	4.88725451561509	3.95677818356056	4.47096229089228	4.52235758489923	-16.1252600327281	4.94453455330605	3.52388708781428	3.48688622171689	4.49925048050263	4.40250678512291	3.50657387660933	4.24101175388786	4.46967454696768	3.67091221798299	3.23476617805834	-16.1252600327281	-16.1252600327281	4.46599320954631	4.37095665062084	4.78336865305771	4.00643353670247	4.59116270124655	3.45712370706719	1.98546903104544	5.18720254980427	-16.1252600327281	-16.1252600327281	4.20009483183922	4.37160121151689	-16.1252600327281	-16.1252600327281	4.18010783938632	3.63138156456552	3.74751050222667	1.95348543355743	-16.1252600327281	4.19709088491977	5.14004047823948	4.55647262702247	3.46369308940949	2.60034087089801	1.78703309903167	4.42686650266003	3.90533168698001	3.48641444759759	-16.1252600327281
"184"	"MEGAHIT-MetaBAT2-S944.84"	0.321587884065949	0.167646437311175	0.297940097495836	0.149125890481515	0.304804289399404	-1.2728315124888	0.0430074417250497	0.907496007860158	0.0215116692304385	-0.0727943688135637	-0.136466214741652	0.836018008259186	-0.230738255523639	-0.899080646806498	-0.555311305648647	0.0522274928805482	0.300231206368631	0.678570950218985	0.320429408332262	0.122864026960551	0.777549901147513	-0.213034818315941	0.099728291773074	-0.228212660702756	0.316844202012152	-0.376795923763203	0.312306973760981	0.73041580448497	0.362934692405126	0.963340179289558	0.0144904501501548	-0.251808655752717	-0.676674848084532	-0.279865263913106	0.073163179812072	0.53584286315362	-0.308477652485824	-0.300592182494809	-0.814314431810303	-0.261827467284474	-1.25255819272183	-0.829736941582388	-1.12089337468694	-1.99241896288234	-0.169025156892261	0.361734982215598	-0.106587458968643	-0.649535742155064	-0.613424981294602	-0.0525574788959338	0.481016362156479	-0.306399707466628	0.0880147339094117	0.00147428973916686	0.812832739027634	0.161830870129898	0.0691231203323204	-0.113144141231988	-0.21393640203581	0.172822870994204
"185"	"MEGAHIT-MetaBAT2-S944.97"	1.02296253505741	1.71949220686844	2.06859667574392	1.33556545025446	2.1136439420391	-18.445979381202	1.95615728606249	2.55005087024107	-18.445979381202	1.31807810368892	2.34829080419378	2.72233528253343	2.20470967478602	-18.445979381202	2.90314380743324	2.5352653928104	2.80413904291741	2.76791819999444	2.49239184471699	2.94749224486751	1.57162098124642	2.59253955991374	3.06976076116318	2.61918759493168	2.33528764419739	2.45121817884356	2.51433131528503	2.98255090493227	1.58877157744876	2.26135405787667	1.55202528395641	2.85527419503658	2.53181705709664	2.79374490242528	2.2674843604417	2.42518655505356	3.40616829836129	2.70452322232743	2.63022899922576	2.39040043295849	-18.445979381202	2.31086290833689	2.45485388049023	-18.445979381202	-0.231966645263693	-18.445979381202	0.905918722800881	1.54246265407539	1.57259601032324	2.44099897462557	1.03244303666662	2.10686435002538	2.58228985047012	2.57039119053435	2.34600856372274	-18.445979381202	-18.445979381202	0.727929313603835	2.33282639552579	2.05341953583924
"186"	"MEGAHIT-MetaBAT2-S945.103"	0.246801385445588	-0.442265863660263	-0.102996893882417	0.0136675948993839	-0.102079789859356	-0.542913071613647	0.377995244295194	-0.0699636632972407	0.444512635879405	0.61935114832487	-0.114731789367204	-0.0513069295019699	1.22221887395364	0.487639385298802	-0.0670150734935167	0.0821901248655124	-0.937073236661702	0.681374820965468	-0.00842190000145671	-0.822055855840309	0.284187514410476	1.88235170178877	0.0572736084384147	-0.796097166569528	-1.75752760542384	-0.890806463521147	-0.483844611415154	-0.571709665696033	0.358409205127598	0.57407442171032	0.766333274680723	-0.388107035705007	-1.75268392943808	-0.706915679135748	0.71393183289689	-0.14786448893345	-0.221715947971042	0.10810980232919	-1.35654406860819	0.634727493647643	-0.194111389755542	-1.76590116329425	-1.22834652425529	-1.09845026687221	0.838265895447937	0.0585935722316666	0.136451042703291	-0.0424294908129141	-0.00395959256299516	-0.974525500804088	-0.0717666165146866	-0.508379001254736	-0.671798618668008	-1.06796473623934	0.621327584085259	0.147627312677037	-0.0388105357917929	0.926840914659826	0.127771719224723	0.282373136593573
"187"	"MEGAHIT-MetaBAT2-S945.11"	-1.52106347064267	-0.688542668535399	-0.920449004513919	0.574218795831127	-0.658760580877406	-0.460005417257563	0.0207138526282042	0.293236172472771	0.363369353451453	0.194909910175361	0.891811354925922	-0.0572198019694978	1.11164180897434	-0.174722280553896	0.883355106572846	0.236393651643531	-0.445169537785945	0.253935464528156	-2.01065385711912	0.0331001430159548	-0.325238439896348	0.346120105016098	-0.3560622277671	-0.0185893088583269	-2.36803920949513	0.161427759332213	0.304288727990947	-1.02654040308748	0.274968913729166	-0.00612677939151052	0.359057570492454	0.49976976917629	0.120071644499522	0.366221996565382	0.0442922026024668	-1.04688010212706	0.598624569859137	0.384066833433983	0.74171628187479	0.579277287475372	-1.21711409853424	-0.348961919810565	0.190015594575187	-1.45181329090452	-0.033314541289112	-1.06631044325386	-0.369446463879302	0.807386463089308	-0.327221981196188	-0.142054202621565	-1.06789500947376	0.221783471845389	0.272344569439517	0.343369290005723	0.422521645677811	-0.595912673064444	0.283260172006421	-0.449567557210051	0.269288010014098	0.368422472151122
"188"	"MEGAHIT-MetaBAT2-S945.128"	-0.489908183600985	-0.20441873356914	-0.97839520182656	0.116087418308257	-2.54591412730198	-1.66085749774568	0.342630701942623	-0.212717680808971	0.470390963915986	0.327937081355296	0.439347894188046	0.547580031105834	1.28270001361835	0.103383485754705	0.940225693750701	-0.610363863253518	-0.699836125007423	0.744436956279748	-0.143122468945082	-0.363710051583213	-0.788271390051248	1.44822018645936	1.18938410203653	-0.787680156153431	-1.65027065218378	0.375237215737412	-0.325218696477227	-1.54212710520918	0.364268602766127	1.34783155302124	0.765855805169098	0.895506231978963	-0.997123193628028	0.24286756134121	-0.488617965761772	-0.0572957372709633	0.460943674437182	0.688201012197327	-0.928468312330228	1.73491810010636	-0.992323943537463	-1.39460733731011	-1.50342975316476	-2.04828967343663	0.632671035841035	-0.522310057274617	-0.00973266992470112	0.307576555588114	0.356969080788205	-0.943782273939245	-0.617652521148034	0.0728922832586214	-0.683083106608482	-1.60481179399031	0.734306412469025	-1.14062588231774	-0.0650806616694091	-0.134911969073104	-0.0181566113753329	-0.329103260924137
"189"	"MEGAHIT-MetaBAT2-S945.135"	-1.70450418763957	-1.86329295292829	-1.73078714597347	0.292248030939883	-1.4203972474842	-0.799239206415654	-0.982244668574142	-1.77629160785765	1.33504388675488	-0.32651831381306	-0.983113554316471	-0.445163348853955	2.0050670181406	-0.817602146420515	1.3376404467861	-1.69380385928525	-2.16759360934388	1.0079629458305	-0.000380678141274515	0.899286430217342	-1.69174373710971	1.33566219930346	0.7786221057557	-2.72294373487641	-0.431031430926711	0.42181750542432	1.76304498347855	-1.95878083107869	-1.27582649808138	1.66488382420857	2.25497000882256	2.09023862235035	-0.0183095218330189	1.7131619337974	-0.220609277861246	-1.46098373162912	0.0520879392096498	1.44202445576672	-1.82831061836413	0.850014785874254	-0.172874333831341	-1.43767883311947	-1.45265866297853	0.186820842502472	0.502514607808483	-1.03758459594401	0.265023834106389	0.567161957775624	1.46042054845624	-1.30202652336475	-1.84590519467235	1.66635637110375	-1.45521716579317	-2.07878156020287	1.73219636454441	1.18078029533798	0.36869629788888	-1.47390136854378	0.286645754901582	1.00473326819228
"190"	"MEGAHIT-MetaBAT2-S945.140"	-0.558988394589377	0.27202813676752	0.335510927629791	-0.364005415725074	0.894546617210048	0.438205048306895	0.628108049863208	-0.0412783456972479	0.574231390276267	0.238691590935775	0.297139807570508	-0.0153202170009967	0.814154205648083	-0.660808795075221	0.513647043248449	0.458503958355498	0.463233486135082	0.240766090840338	-0.385274846345909	0.246999906044734	-0.309584004051546	-0.346351880043358	0.375994040268451	0.370808122375381	0.267828523228924	-0.342847506273068	0.220192241805679	-0.624532210405052	0.0595287391364394	-0.0967489203026908	0.237303605448925	-0.184085326904906	-0.601511838932582	-0.32921847127596	-0.125309305650391	-0.859345305482978	-0.0607545301889871	-0.115358483856568	0.224246307193783	-0.913912591948909	-21.8256753534281	-0.089799481698857	-0.0555846494810863	-1.11985668195896	0.19703607418257	-0.161016839140701	0.0336811271128656	0.173059919860917	0.527631900420243	0.548316549970816	0.705574261078505	0.149751005936106	0.551287553585454	0.0475953345646998	0.115357646630503	-0.472232637694696	0.629620954750847	0.593566011023894	0.10097624311315	0.700581808518727
"191"	"MEGAHIT-MetaBAT2-S945.141"	0.387792637260047	0.541372116330859	0.529905560213145	-0.199675883039576	0.359731356481256	0.064557202458019	0.0997056020346214	0.188194937050588	-0.0505738931448505	-0.407838460605779	-0.324333761616123	0.262117535462167	-0.435615503820239	-0.984620754459334	-0.287997629663066	-0.200499753333119	0.219927710912371	-0.00337663850448688	0.130598852267129	0.337423439584587	0.0714885831716137	-0.0675764961033458	0.29606487168093	-0.147874966387816	0.119203487287519	-0.228978211741096	-0.0796519563207303	0.423019987230945	0.406508305784953	0.25823391091168	0.256443558130022	-0.239840035710717	-0.282098868354718	-0.331982148953343	-0.201734579299717	0.145153489146192	-0.299439749350973	-0.0914955978108667	0.065856527823497	-0.596937980897915	-1.0431258471545	-0.136995391916319	-0.49046207939889	-1.72497655970166	-0.203862377632665	0.0673597195422539	-0.171856388382333	-0.192882501707108	0.281790271719783	0.252862346382354	0.127074648572569	-0.14153518044947	0.268659692465158	-0.0174167542260149	0.337983691965306	0.389571932451731	0.248784606025951	0.221213283521225	0.15538282263061	0.0367678431807725
"192"	"MEGAHIT-MetaBAT2-S945.152"	-0.145431128063051	-1.21548165653299	-0.545015150031911	0.714002280030857	-0.166903153580751	-0.138763887082979	0.284411627323183	0.136899496033994	0.384555202399957	0.529191614456253	0.362322812505807	0.647023660796902	0.735584916423159	-0.502956747236622	0.286816284638189	-0.587337004740161	0.147636631723751	-0.147438596663362	-0.638044623232721	0.248700939369005	0.0333578765713405	-0.0981932470772993	-0.103381626360856	-0.463012491689528	-0.999496584906639	-0.597416094474943	-0.473596290008332	-1.1246012548351	0.48507396694437	-0.104472141718603	0.754170264776788	0.221211410972171	-0.692245934961638	-0.162628824778053	-1.24555973752708	-1.70825304889482	-0.0985582131873262	0.334314336961505	0.323579653686942	-0.720967058711534	-0.78255185402797	-1.16715719780041	-1.69267061663033	-1.53953502644021	0.436205891097508	-0.0279796873995064	0.197627554465988	0.308509738800936	0.367755819989943	0.190428063218668	-0.269225378921321	0.114651169035695	0.801582071084892	-0.478336757945425	0.725133363642581	-0.380750398919885	0.651161031294694	0.0706844775656634	0.272990060318523	0.569664458974444
"193"	"MEGAHIT-MetaBAT2-S945.168"	-1.09353515201403	-0.976644172531678	-1.47369668114992	0.450517321043481	-1.08647493599963	-0.866618216107586	-0.517793778288718	-1.59323094413966	0.576819042731926	1.07615810060243	0.305212448877309	-0.806389372153363	1.59772029816436	1.21134467844456	1.30139116499065	-0.780354332940958	-1.25045774967112	-2.48403631183362	-0.364364934557146	-1.60924323663921	-1.27947481625778	0.282689919769001	1.36218349775279	-0.186801604529515	-1.60328029007901	0.837810913997953	0.711003194510036	-2.83564303418227	1.33701370482907	1.21401184059781	1.57904064787239	1.2921640604709	-0.991969338398517	-0.405777968109369	-1.27026828044962	-1.31197707049598	1.7783116136253	0.827253990734289	-0.938147314873857	0.52757718534087	0.531971139629922	-1.55518120107951	-0.587861291659222	-1.19225036437956	0.200654646790799	-0.13039340478899	1.65257595273895	1.49179933956402	-0.0323731703935755	-1.03388577656626	-0.719083164447733	1.2873386887361	-0.713692157178523	-1.45897045330588	0.362708186359735	0.737311743135046	-1.90433021005711	0.752809359486386	0.161984893792512	-0.277319938832657
"194"	"MEGAHIT-MetaBAT2-S945.32"	-0.153317349184229	-0.683638192063718	-0.451383499494002	0.0715863221611235	-0.157406530175185	-0.460297448917022	-0.127876404890505	-0.299875588410226	0.824848487160192	0.223653452405042	-0.321895297946904	-0.119715680255404	0.768195295268247	-0.0777530611437651	0.315939190632031	0.021974750331089	-0.38441047988264	-0.148708246530947	-1.18785356990824	0.285788299087343	-0.282944528558361	-0.524679059289556	0.488658993180047	-0.0290663740874919	-0.0167486326780235	0.0307094848610099	0.187821642297762	-0.491123074087535	0.286647207970808	-0.640562618143982	0.208207799443949	1.06214817196548	0.503058273574773	-0.19116254773366	0.0462755801289063	-0.415135192169975	0.410712149906349	-0.0957303529261697	0.961387397874896	-0.77750324636459	-0.75006683630149	0.380184495617875	0.51165234664765	-1.36981250464467	0.872181262054327	-0.364643813651258	0.0488549170906625	0.334709161261381	0.249685272389153	-0.11085069475052	0.106514989874144	-0.503405606179415	-0.00921484398805195	-0.215244433508707	-0.644123178093463	-0.125508231915463	0.175343341446195	-0.0531205502500933	-0.0463334546680976	0.0361922230244858
"195"	"MEGAHIT-MetaBAT2-S945.70"	0.0354790756737149	0.0746883553114968	0.0768758803557166	0.83874702408407	-0.00149408705569076	-0.504237580724165	-0.0628819099913835	-0.242483257777029	1.23029769544728	1.01975664030714	0.391374655991297	0.510361696570115	1.41574010192136	0.691427685044681	0.65589009105452	0.285697273566348	0.141934859197475	-0.0406808458371994	-0.0434484844199874	-0.28159276893902	-1.00520752046248	0.445930863200244	1.24350877975486	0.608052102407913	-1.35404053305625	-0.50318933821211	-0.787372978136471	-0.376428644571744	0.469862272632676	-0.958372411920378	1.20682812804382	0.132545485617199	0.334373836865386	-0.115638855000951	0.183742192305259	-0.38156236960343	0.23558374731064	0.246725595461577	-0.202773117362181	-0.484596392308454	-20.8524309715402	-0.68629146478591	-0.825416914060638	-20.8524309715402	0.712159056969497	0.247521654443976	0.992213701835612	-0.492240073874357	0.344145807931336	-1.57492593335328	0.290301181973744	0.151056432719564	-1.65629095280468	0.0381769851264142	1.36253968416014	1.0452656468801	0.0740297396551046	0.785194882369281	0.523618493556424	0.607891221003581
"196"	"MEGAHIT-MetaBAT2-S945.92"	-0.238963375016115	-0.150706145028003	-0.452437791530805	-0.628326056398361	0.406827434645684	-0.663225954644195	-0.804997689527473	-0.44499297066099	0.138054962587782	0.455821020273488	0.898599030445176	0.441589645193842	0.552468133045361	-0.840057340983633	-0.58535957879826	-0.31646260367968	0.302802251989575	-0.195698794284676	-0.687860184366475	0.53034390190244	-0.541919901696089	-0.0672771582449982	-0.239127063962548	-0.791989101527153	-0.451400546144272	0.47827026657594	-0.0713276584053748	-0.408839894996278	0.29520558420519	0.0129676452828846	0.628943243400986	-0.891778201895469	-0.924492060166942	-0.846677936876729	0.0381391217533578	-1.0297484048382	-0.0676916827584879	0.286726549441213	0.566687896126385	0.279911864510218	-0.451950399197987	0.0775690739753658	-0.146418909744694	-1.09211412430248	-0.207853350013881	-0.508971483135825	0.00794989519768041	0.418526377855738	0.469087480413058	-0.16119350244041	-0.0956154507239493	-0.664174056780306	0.587017070767812	0.733897052367032	0.417483250180435	-0.51732478968236	1.03629131863909	0.143732288214621	1.07567526920247	1.12522589804336
"197"	"MEGAHIT-MetaBAT2-S945.93"	-0.494829081152706	-0.883419201630437	-1.17746670781588	2.07870672886918	-0.303673043555054	-1.1599222867975	-0.0828991977343048	-0.0508352848162978	0.63961197890301	0.662821924786062	0.289629703692323	0.100350887915762	1.59150267228654	-0.395330096952422	1.91121342166241	-0.699680433492832	-0.630388457841987	-0.148110461099965	-0.939261914537734	-0.612178666310327	-1.0970026568474	0.866903957152305	0.0670374313112223	-0.753789473906382	-1.77591683902001	-1.10435473173045	0.0364034751257112	-1.49422127234011	-0.465250188026182	-0.251647545878833	0.612994175720983	0.679744259057189	-0.879020424894151	-0.242918053405605	-0.09078445329913	-0.870268720547888	1.11596786365625	1.39336036896622	0.102078459301322	0.157807253441717	-0.806726714366435	-1.20558251296256	-0.525692604877283	-2.03306139690863	-0.04178223295271	-0.692636480056183	1.18788531260339	0.791903281563207	-0.164092167134363	-1.10748301471492	-0.336061366812173	-0.760069689628761	-0.791288140583167	-1.53319506113722	0.272358354883476	0.0210795279886833	0.239406594670735	-0.738099415678279	0.790439784936408	0.646067528035035
"198"	"MEGAHIT-MetaBAT2-S946.102"	0.0952161958984661	0.283899217254642	0.00506117653447458	-2.18117446307829	-0.253866642933629	-1.77749325568374	-0.118558857369622	0.621939035066392	-0.761188993204999	-0.393658628512799	0.629202843211863	1.08566034434503	-0.154553327924703	-0.805835665091802	0.440238249811823	-0.290930397334044	-0.168707023393768	0.0478075603617656	-0.279312277023581	0.326009494916224	0.0763529259961553	-0.368554203260045	0.604040604986023	0.28862106089412	0.356132506709245	0.109902455761979	-0.263992866525168	-0.333172759618449	0.536278034122069	0.356261451168625	0.723695080865178	0.342327447705594	-0.223330030330768	-0.0432349105647871	0.120144855883408	-0.129590207176868	-0.113611277140098	0.379624202542145	-0.000229978543647924	0.393016857155858	0.177366593154499	-0.308782333986597	-0.133605449189786	-0.213227377390784	-1.08036531363735	-0.260842456448344	0.229005957317235	0.3647207292749	0.422789456139881	0.373208941269403	-0.515097584157303	-0.012125216423847	0.403846016255777	0.201277737752478	0.115652884215558	-0.529754975756615	0.220074580099765	0.00768872877862314	-0.312460211931423	0.633647144450288
"199"	"MEGAHIT-MetaBAT2-S946.13"	0.689400942948515	0.872135442607441	0.168359279747963	0.617176890393301	0.511560583736978	-0.162575272657248	-0.0693906651597684	-0.0423122649797039	0.771571322466098	0.213692086267034	0.0660003867016608	-0.0727009370707794	0.3661523877425	-1.10526549858459	0.491367348518577	-0.131838051097373	0.207031519598567	-0.475908094159013	-0.921052190295227	0.327028630988586	0.208991232319401	-1.19335545941513	1.36366874292912	-0.604975275526939	-0.523726349067625	-0.526292768275226	0.283316951964823	0.163746406562455	0.44450406556242	-2.39492419918382	0.0201722251270589	0.499650727940984	0.740030097844549	-0.780866444842133	-1.46967564725047	-1.00088747130832	0.280059611406454	0.153460120032642	0.548302119354197	-2.10744279970746	-1.15744263113619	0.4271712423781	0.271683349496306	-1.58725101167537	0.473083075640707	-0.506414715169583	0.1563038903387	0.503176695501956	-0.349750745710726	0.609355626995225	0.155551792783593	-0.352834246272299	0.414342252029062	0.202956760479599	-0.679250584573566	-0.152721984521488	0.321060143609341	0.117761206735346	0.264802793304104	0.611896779044209
"200"	"MEGAHIT-MetaBAT2-S946.155"	-9.32574002926887	-9.32574002926887	-9.32574002926887	10.987131362362	7.88738786097251	8.79837238261452	11.9477239302598	-9.32574002926887	12.1395248697426	13.0849289657751	11.2548209692303	-9.32574002926887	11.546578024467	13.3815630273114	12.5474034604928	-9.32574002926887	-9.32574002926887	-9.32574002926887	-9.32574002926887	-9.32574002926887	-9.32574002926887	10.8340889814489	-9.32574002926887	-9.32574002926887	-9.32574002926887	-9.32574002926887	-9.32574002926887	-9.32574002926887	7.59515149579409	11.1957679199954	-9.32574002926887	-9.32574002926887	-9.32574002926887	-9.32574002926887	-9.32574002926887	-9.32574002926887	11.5106077838726	-9.32574002926887	-9.32574002926887	-9.32574002926887	-9.32574002926887	-9.32574002926887	10.6204782892116	-9.32574002926887	11.4886288106826	-9.32574002926887	12.566369236248	12.103658150888	9.91601482423225	-9.32574002926887	-9.32574002926887	11.1029592146053	-9.32574002926887	-9.32574002926887	10.6806967460275	-9.32574002926887	11.1642338270347	-9.32574002926887	-9.32574002926887	13.6835200672278
"201"	"MEGAHIT-MetaBAT2-S946.20"	-1.0315848219916	-0.109250923200148	-0.653825761350733	1.38586823463375	-0.331629755984165	-0.489528662871804	-0.644618200926017	-0.50375707094742	1.08746718546495	0.711960095344543	0.882102855222145	-0.763181607042146	-0.000699566308483668	2.17461842062588	1.20023577344539	-0.214705574983595	-0.346217805372365	-0.77929948223897	-0.315391224856815	-1.03432200242397	-0.952724638748577	0.35465817928101	0.959912214739199	-0.455610392726324	0.0374206737604847	-0.737943118137212	-0.18785150859476	-0.510301417656339	0.0964449395087845	-0.284843328273925	-0.123184025064273	0.407094516078297	0.55495492232795	-0.646020854368938	-0.91724365818638	-0.957343771743907	1.96797678013212	1.65240357617907	0.0163959063663919	0.646560661546808	-1.68395730231564	-0.682952758834301	-0.352994883857506	-1.77611283680587	0.034759611503941	0.796247670535859	0.337738932934554	-0.160413926872747	-0.808733053247414	-0.40141832325982	-0.746784904200692	0.560499414405468	-0.693030000863562	-1.09506901024751	0.656915674363967	-0.773687176114709	-0.0920047535662043	-1.11602346946769	-0.130825830880971	-0.0136435902621876
"202"	"MEGAHIT-MetaBAT2-S946.206"	-7.55269303673613	-7.55269303673613	-7.55269303673613	-7.55269303673613	11.7928161479384	-7.55269303673613	-7.55269303673613	-7.55269303673613	-7.55269303673613	-7.55269303673613	12.4589057738557	11.9689143313682	-7.55269303673613	11.0313508327233	-7.55269303673613	11.8311602404974	-7.55269303673613	12.6781874996471	12.0239509217273	10.54339604825	-7.55269303673613	11.9736222344707	12.2792353480564	-7.55269303673613	-7.55269303673613	-7.55269303673613	12.0912966757721	-7.55269303673613	-7.55269303673613	11.9930368812167	-7.55269303673613	-7.55269303673613	-7.55269303673613	-7.55269303673613	-7.55269303673613	11.8666427053558	-7.55269303673613	-7.55269303673613	11.6295361265152	-7.55269303673613	-7.55269303673613	-7.55269303673613	12.2756029515989	-7.55269303673613	12.8979451719146	-7.55269303673613	-7.55269303673613	12.0331763493755	12.5380199636725	12.9270175643416	12.9508254607875	13.0438875242502	-7.55269303673613	-7.55269303673613	-7.55269303673613	-7.55269303673613	12.6571341429832	-7.55269303673613	-7.55269303673613	-7.55269303673613
"203"	"MEGAHIT-MetaBAT2-S946.235"	-0.57201604982907	-0.217547265826544	-0.642309788707117	-0.130015588743038	-0.556455945047027	-1.09333641840967	0.658466836464869	-0.340808340595576	0.406781280798694	0.0874179653394611	-0.0840220208694697	0.0884322676509495	0.711634175186941	-0.798040664603096	0.292433985442186	0.258251654771593	-0.116858872385349	0.267859267107343	-0.937039903745774	0.117570177163019	-0.126570672721953	0.349866350138662	0.118884574870304	0.522617095882859	-0.628996436258151	-0.421175631218832	0.293363728614068	-0.417835176931979	0.73127896357661	0.245763366988191	0.463115264316498	0.224475350952518	-0.562826271045835	0.199259339932065	-0.54075360193127	-0.776148863066551	0.611177600481018	-0.11698238634795	0.377162565405301	0.542773732079566	-1.14320428340523	-0.809528512322652	-0.220859409462127	-0.322538789795976	0.641715903850887	-0.529345138314117	0.0452780798024524	0.382892825495048	-0.399964230940294	-0.619416097848422	-0.208182713539129	-0.139562805837728	-0.13066085801209	0.00723901087098344	0.808238867250481	-0.0282945983746874	0.0508481108480243	-0.0841449524811466	-0.442503599508972	-0.015308941917703
"204"	"MEGAHIT-MetaBAT2-S946.39"	-8.28013635220691	-8.28013635220691	-8.28013635220691	-8.28013635220691	-8.28013635220691	-8.28013635220691	13.2855805105878	-8.28013635220691	10.6310591869498	14.1647710682355	11.3737999789493	12.6998110668483	-8.28013635220691	12.968038855531	-8.28013635220691	11.5804651588366	-8.28013635220691	11.1292157531918	11.8766056172973	-8.28013635220691	-8.28013635220691	12.8963029189945	12.3839160189126	-8.28013635220691	-8.28013635220691	-8.28013635220691	-8.28013635220691	-8.28013635220691	10.1099877865494	11.2259181453287	-8.28013635220691	-8.28013635220691	-8.28013635220691	-8.28013635220691	-8.28013635220691	-8.28013635220691	-8.28013635220691	-8.28013635220691	-8.28013635220691	11.416865195386	-8.28013635220691	-8.28013635220691	-8.28013635220691	-8.28013635220691	-8.28013635220691	-8.28013635220691	11.7787265568894	-8.28013635220691	-8.28013635220691	10.9018918558997	11.807106866761	-8.28013635220691	-8.28013635220691	-8.28013635220691	10.5646719362826	13.3913499855286	11.1185347228215	10.9350600313796	11.8921108932514	-8.28013635220691
"205"	"MEGAHIT-MetaBAT2-S946.44"	-13.2207683904978	-13.2207683904978	-13.2207683904978	7.46541532701686	-13.2207683904978	-13.2207683904978	-13.2207683904978	4.40840009954128	7.44152944756435	6.11225579476134	4.81676871180843	6.59749240027196	7.9597366779152	7.82490198733465	5.33380778682614	4.6042764966606	-13.2207683904978	-13.2207683904978	4.90576143243186	-13.2207683904978	-13.2207683904978	8.04717917844177	7.14174081802349	-13.2207683904978	-13.2207683904978	6.75914561080041	6.32883982954776	-13.2207683904978	4.71640087257772	5.90974324755216	7.81191738093911	7.15781425863015	6.61396675596149	6.11531110620818	6.19222272172046	6.00958886890013	7.77549640039723	6.71464794335752	-13.2207683904978	7.82421696683113	-13.2207683904978	-13.2207683904978	6.21050236851156	-13.2207683904978	5.74902077713444	5.48104444792989	5.65603605541333	5.60528496589617	6.03545716736184	-13.2207683904978	-13.2207683904978	6.96342669475877	-13.2207683904978	-13.2207683904978	6.92895337928434	5.4309358861077	7.2956498052228	-13.2207683904978	7.57778408444532	-13.2207683904978
"206"	"MEGAHIT-MetaBAT2-S946.49"	-0.233918411984764	0.131995106935977	-1.44807344073644	1.82487430046967	-0.823371380726847	-1.4614131605561	-1.78451069328055	-0.160944075421069	1.81183405751344	1.51760487293201	0.239326793356939	0.973112310101282	3.09370604883198	3.00713307355255	2.38395794750548	-0.0531731516459173	-1.45868036590572	-0.433778786573122	-1.18345187171812	-1.13971438099791	0.124869935583678	2.87797621581399	0.286501856598231	-1.2087471006115	-1.00785361982035	0.350081574874068	-0.0146868306276255	0.274583556160361	-1.25116464254467	1.04989761932872	0.427028412275009	1.95346351741481	0.69754512116589	-1.27078206768096	0.368774420212292	0.38687125056482	1.93417920011492	0.777537337970316	-0.235200974359121	2.91240404123048	1.16929799238396	-0.313122895125649	-0.110319840585786	0.401711016348627	0.12735680189722	-0.129152258346006	-0.30164207399627	0.801859419782651	0.16912606185957	-20.8255106961377	-0.105929615046614	2.38201663392228	-0.381478369224201	-2.56246556626608	1.12886423528938	-0.265735101677183	-0.815762342578465	0.0667715048648256	-0.0303610041775864	-0.948082200780378
"207"	"MEGAHIT-MetaBAT2-S946.6"	-0.369680685902457	-1.3395134546993	1.06094686129949	1.78855189818476	0.814191842444122	1.10278234204294	1.37586905545673	1.00061937751576	1.69818454667038	2.24499722670315	1.11741296561796	-2.25114779288582	1.5951700186116	0.616590535533454	1.72603296607426	-0.189718393707949	1.48880757887152	0.880768862958703	0.207621518828564	1.1263961895573	-0.0347290899213348	-1.48449201549611	1.79166812662551	0.977146924943983	-0.498896787465764	-1.24687567888461	-0.204157425308573	-2.23713513774911	1.22655740805688	-21.5456302356321	1.71580242111938	1.46233286123897	0.0193355991878184	0.657278054234791	-0.141866928649368	-21.5456302356321	1.73534480964123	0.481457068292078	0.713572601126165	-0.0269260690637685	-1.43472256518855	0.0355652528106596	0.75608889665408	-1.84124821371081	2.12057718677102	1.05411213364572	1.73741729234093	1.85452058354596	1.14236301701112	1.2273321350361	1.24724186690318	1.73183447001001	1.18531407709414	-1.14948974009416	-0.0763545130331504	0.763752229432984	1.04875914360819	1.60548755882484	1.30227021318811	1.63322888081611
"208"	"MEGAHIT-MetaBAT2-S947.111"	-0.150822097606556	-0.0315300563628096	-0.0071257033763068	0.217901729858089	0.33623136802447	-0.63628099571362	0.587556668190959	0.165908166122751	-0.299901966326668	0.023281383594445	0.111249625390768	0.136707145035413	-0.779481552789029	-0.357335495881636	-0.219264770316135	-0.119539209054253	-0.0648863230177676	0.210180243471308	-0.109066660403547	-0.0425865169436141	-0.0508379941729462	0.328094244567589	-0.0182906791725639	-0.260822093238075	-0.146265005738965	0.0371771127503573	0.183918603582755	-0.208677199406873	0.0875364025062799	0.418359580291914	-0.205684602190912	-0.904686862327809	-0.210840462433555	-0.410086543569136	0.0572901985206835	-0.37833850869316	-0.272757668385242	0.617674849836915	0.227348424009475	-0.599834834313903	-1.27658804064672	-0.274718688732581	-0.0486669949533249	-0.842071731897663	0.124048366720677	-0.0565655405011016	0.441087738125312	0.529728450871973	0.0771293183364463	-0.0737282259888872	0.246330719461814	-0.278048696692919	0.050989645582594	0.273486765399353	0.272157550573424	-0.158343050157248	0.414184026256768	0.244709155763882	0.214412388432204	0.221550633124772
"209"	"MEGAHIT-MetaBAT2-S947.28"	2.07595253146346	1.00964354764837	2.27611839906518	5.61577289605847	-17.9811864168657	3.2593008328176	1.54463439891845	3.05893597797808	2.60498581351035	3.73517682592144	2.26087605231945	2.64750779310175	6.31947956438212	3.13793408833866	5.05292982321864	1.32151932194154	1.81965341371527	-17.9811864168657	0.646414480069016	-0.268929586192863	1.79521224417795	3.79507308920969	2.61879187256763	-17.9811864168657	1.68414354219113	2.00478400233171	0.155277464911721	2.39309929424279	1.9630463193069	2.10503693499979	2.49175891930944	1.48086568351058	1.6279870056314	4.89886543675407	3.15514646040957	2.43194158660393	4.66091698801413	3.19319010169176	-17.9811864168657	1.75463718054519	-17.9811864168657	1.57953845671571	1.24856929917109	-17.9811864168657	3.19112596582385	2.73722990778251	-17.9811864168657	2.571971332937	1.7631803906543	0.751501460778769	1.95793501201002	2.57494498591235	1.1839972550587	-17.9811864168657	1.90666104227726	2.81874402757067	-17.9811864168657	2.43796661554028	1.88466636942099	-0.0829621281814905
"210"	"MEGAHIT-MetaBAT2-S947.47"	15.7308988931456	-3.73521775242357	-3.73521775242357	-3.73521775242357	-3.73521775242357	-3.73521775242357	-3.73521775242357	-3.73521775242357	-3.73521775242357	-3.73521775242357	-3.73521775242357	15.461272615742	-3.73521775242357	-3.73521775242357	14.4889544558731	-3.73521775242357	-3.73521775242357	-3.73521775242357	-3.73521775242357	-3.73521775242357	-3.73521775242357	-3.73521775242357	15.2981895833565	-3.73521775242357	-3.73521775242357	15.6999121386138	-3.73521775242357	-3.73521775242357	15.80073278916	-3.73521775242357	-3.73521775242357	-3.73521775242357	15.8728122267299	-3.73521775242357	-3.73521775242357	-3.73521775242357	-3.73521775242357	-3.73521775242357	-3.73521775242357	-3.73521775242357	-3.73521775242357	16.6615803653126	-3.73521775242357	-3.73521775242357	15.7860101806372	-3.73521775242357	-3.73521775242357	-3.73521775242357	-3.73521775242357	15.0769868859612	-3.73521775242357	-3.73521775242357	-3.73521775242357	-3.73521775242357	-3.73521775242357	-3.73521775242357	-3.73521775242357	-3.73521775242357	-3.73521775242357	15.321616061552
"211"	"MEGAHIT-MetaBAT2-S947.49"	0.921589497396576	1.52603694946517	2.36683339873365	3.61856924732182	-19.7348734591889	-19.7348734591889	2.5082960986699	-19.7348734591889	3.88950236141049	3.74470775194475	1.07629349478239	-0.174281453976453	3.15024149904187	4.18949207508646	4.09250927126026	2.67978401156511	1.02740307062497	0.83132244823303	3.19943137855129	0.586821094665253	2.70737725985224	3.93705205273215	2.06903597476266	-19.7348734591889	-0.640165549769661	0.574610707863883	1.69385317777714	-19.7348734591889	1.84895049956718	2.7089177484454	2.5651404330959	3.60227355964269	2.23360670672965	-0.0666840492085727	1.50866434960111	2.31626088549526	2.85966264415738	2.64679310596321	0.0994594880259489	1.78800050694571	0.410342014032806	-19.7348734591889	-19.7348734591889	-0.502071686219841	3.8179990561879	2.34583325931879	2.11857759024116	2.2710472729704	-0.392680695442374	-0.133307096512298	2.06687567780732	1.39580098127891	0.209524364324083	1.49283683035063	0.539780720948554	3.5698957277154	0.203668531210753	2.78779204027297	0.831533695270267	-0.666703527529029
"212"	"MEGAHIT-MetaBAT2-S947.59"	2.42610020963923	1.50878095758298	3.43719218199705	-17.3348275493699	-17.3348275493699	-17.3348275493699	3.23998428469831	3.12985158884351	2.99687033256707	2.4221629630339	4.1218315316236	3.46152238407989	4.36895252006629	-17.3348275493699	4.69943216420614	2.96630105737959	2.6453100740079	4.42004917482861	2.64058677536878	2.11984589055628	3.9108206954246	3.23161842448927	3.17331690446676	1.31512035283437	1.98189679390446	1.787557303978	3.50161898558933	3.49973585580628	3.47231288517441	4.39924928002186	3.83393993363604	3.03955808697356	2.40417957289599	1.84871641579925	3.83651327669869	3.50115982531234	-17.3348275493699	3.996078207792	1.87227642341764	3.92455613390281	-17.3348275493699	-17.3348275493699	2.28396608974406	-17.3348275493699	4.46871558434804	-17.3348275493699	2.67701782789689	2.90921234193447	3.50619990219996	-17.3348275493699	2.70069824211155	1.59462053403118	3.24362675299086	1.69317647275139	4.85468319242592	3.81035658447426	3.16353459968926	2.74434602801724	4.32818421522513	-17.3348275493699
"213"	"MEGAHIT-MetaBAT2-S947.6"	0.0750933299136651	-0.530181049289595	-0.615029536767906	1.09800198533046	-0.687635597330327	-1.51815990128231	-1.33990596141637	-0.416981589505867	1.22446745158781	0.912502503964825	0.00605190651664689	0.325908837473625	2.4788257673444	0.62331832637399	2.62549691294378	-0.990226590540298	-1.40566927508159	-0.253835396583417	-0.63886189877012	-0.383218516788959	-0.687408098273808	0.543711558031471	0.0732910786920717	-0.472207054941218	-0.323524828669395	-1.03170955957012	-0.532159253641773	-1.19163396854225	-0.682791338266531	0.210505131527752	0.854312733577731	0.632116052190117	-0.656040279658125	-0.145269150278104	-0.516319398925789	-1.57362499976074	0.296650440955099	0.408160520007752	-1.06563176022724	1.88289861391773	-21.9855930602557	-0.675239021754902	-2.09041404349371	-0.961902295974219	0.389102842140022	-0.0420394162671078	0.311946541645903	1.26306317092694	0.519857474318367	-0.125339604426045	-0.263381400117138	2.25403664873029	-0.242946635169969	-0.672633606429081	1.20671668403055	0.14445393631452	-0.792862305408212	-0.306842286574208	0.529286107487322	0.28546414798307
"214"	"MEGAHIT-MetaBAT2-S947.8"	-1.82659291789153	-1.05033952741697	-1.55207343805165	1.2970865562893	-2.26049423983675	0.552982661699862	0.455368366274596	-0.484862178931599	0.170098406195708	-0.773425043678176	-0.816268130670519	0.364566770079673	1.11020218636543	-0.00254491070006946	0.295035046225343	-0.431550805893608	-1.02037067192255	1.12202460943872	-1.23297110139035	0.684170100161866	-0.264882417057994	1.75317527950177	-0.440747950222108	-0.890960203595028	-1.67709995704631	-1.1970906920315	0.263058750974555	-1.1400435831644	0.177726272415683	1.29150734906265	0.301659014327202	0.677095952577067	0.266583072768758	1.04817379184196	-0.193919207057301	-1.52099867281292	1.1206963794236	1.79790616966935	0.711148322740744	0.715679372885095	-0.237067306861075	-1.23332410295065	-1.3315257506225	-22.7808558925061	1.21760369978215	0.0250514868259	0.660652992502257	0.212173490118066	0.802899460654801	1.00693117472666	-0.72109560159894	-0.274993043364534	0.81932572023382	-0.988392847798858	0.151474762666945	-0.988059317192186	0.668861264998717	-0.434291009343505	1.31870669801269	0.494098333136798
"215"	"MEGAHIT-MetaBAT2-S947.97"	-13.4388440159033	-13.4388440159033	6.33690815128504	7.18047203026002	7.13511322633431	7.12271482268652	7.88571385190237	6.87228504924018	6.89876617794409	7.99507329280702	5.99037951256639	6.73416766953373	8.48458463944276	8.01321277913938	10.5740489775345	6.62785814981943	7.49785182121991	6.20652461908119	6.07023736850469	-13.4388440159033	-13.4388440159033	-13.4388440159033	-13.4388440159033	5.80825994625608	-13.4388440159033	-13.4388440159033	8.04903905902495	-13.4388440159033	6.10462581770404	-13.4388440159033	6.92197295968118	-13.4388440159033	5.97734519168159	-13.4388440159033	-13.4388440159033	-13.4388440159033	5.4032619547231	-13.4388440159033	-13.4388440159033	-13.4388440159033	-13.4388440159033	6.70197376859331	-13.4388440159033	-13.4388440159033	7.65337587675806	6.42568140876597	9.26487020605458	6.30799771287856	7.04994493330457	6.20859564694214	6.83938591558045	7.46533326769214	6.32022887423271	6.62277147270297	-13.4388440159033	-13.4388440159033	7.72547834800862	-13.4388440159033	7.29453221800165	8.73194409287236
"216"	"MEGAHIT-MetaBAT2-S948.11"	0.122349798173657	0.138608716644386	-0.387156164738625	-0.0325651643970648	0.642030993838766	0.0665966721497	0.15858234527588	0.353798458824475	0.195515357023297	0.135451235326586	0.105115995735159	-0.0167290478741648	-0.37637706824764	-0.334972203529498	0.0111177208482243	0.258297606983529	0.382054593800717	0.334943318109027	0.000243347124396109	-0.243503298676807	0.264131002233171	0.326212458543194	0.570011349223179	-0.463521986632564	-0.457147450032824	-0.659553633859828	-0.132253913692211	-0.282185124068622	0.190011778229382	-0.517956084057721	0.016218728608993	-0.0905234355697688	-1.34286598759091	-0.480567744341922	-0.191203586640767	-0.428419462048854	-0.115789670328132	-0.109062568314585	0.436901939557035	-0.347789864412689	-1.22445901109201	-0.0257038096026569	-0.153707520636178	-2.41240304449461	-0.0513002940448741	-0.120917648480686	-0.00811876728237859	0.0262427462447947	-0.0406003183820101	0.13775942700468	0.183960773326345	0.21276757349972	0.384284266138712	-0.0122438136949929	-0.119729778643059	-0.0885542314487804	0.235453866132446	0.152588821486439	0.464031985543128	0.318792930008847
"217"	"MEGAHIT-MetaBAT2-S948.142"	-0.319683062168185	-0.141193515000285	0.928104345648004	0.683545443551051	-1.3402281242522	-2.34444219718643	2.16498763430601	-0.326193885236011	-0.549255112745323	2.16540402513361	-0.0469547049151915	-0.272463877181127	-0.294115535455074	0.872900239865118	0.808264646809286	1.90572982203918	-1.1225633272541	1.21186044848525	0.832667522590937	-0.697928685970966	1.34017317045294	2.37974702521677	-0.50451128924661	-2.90669317441438	-4.09426669053677	-2.24754373222696	-1.7276571320174	-3.72534741829649	-0.955203229794564	-1.10960621198035	0.778491439635413	0.167106981236621	-0.75179377521691	-2.17406593970081	0.948102928765202	0.98587977616112	0.611049397740641	0.273284392093018	-1.24860815635474	2.52373467140656	1.17583906780969	-1.93660177892105	-1.17527976790975	-0.6621713337831	1.8023752264057	0.904048596958853	2.84913875544442	0.430896999546549	-0.356846119091244	-2.86037243841851	1.28121362451151	0.0672081784263954	-1.82957563795902	-2.29187548030801	0.989886613911719	-0.123864592464916	-0.223973912135527	1.17013942878286	0.356066261587904	-1.08032344985846
"218"	"MEGAHIT-MetaBAT2-S949.157"	-0.430747551610806	-0.761172615881466	0.489623919681889	0.619299389714144	-0.180623690454945	-0.27642812742249	-0.0757785740270478	0.379533530462759	0.51693620781082	0.316627841421383	0.789094888139021	-0.180241859111572	-0.00174198401784587	-0.960770382572777	0.784526270628973	-0.0778883408737752	0.617403349120754	0.449847625576934	-1.22398216982604	0.0900249884004873	-0.525794205745173	-1.18338182233502	0.0840792204162346	0.771962841213287	-0.233224583192668	0.0602524122839361	-0.0699254576803252	-0.701192714713072	0.273484216435414	-0.945638883203828	0.517210300397306	-0.205741939244839	-0.542263797626643	0.329652478338865	-0.887370253761238	-1.2599577458653	0.280269906695469	-0.0521326814870919	0.433430927097133	-1.09998153437899	-0.792259729648821	-0.812236090421892	-0.372773560905378	-1.12945383704893	0.823493576266393	-0.393734561841431	0.324038284390921	0.819582395767526	0.509658353111455	0.272387991551486	0.202933159190521	-0.253505311446367	-0.22174549801815	0.242746991018576	-0.408154795137513	-0.134058346536009	0.341245341787003	0.16722542264263	0.0429625544717318	0.736249661018506
"219"	"MEGAHIT-MetaBAT2-S950.132"	0.503923402570563	0.853634635511535	0.348776682626372	-0.684350806742065	0.101371103515989	-1.55082597327659	0.038843277270745	0.590919243159891	0.116014187718846	0.000330815230066506	-0.0395311191372265	0.083166605482476	-0.0285076648254536	-0.814298154768537	-0.651280496055675	-0.453745096532991	-0.371466660537501	0.660557917549479	0.323871188248369	-0.168912620411012	1.23590164432552	0.194583034587302	-0.127082947813218	-0.204954925821617	-0.0921892451340263	-0.131612018831004	-0.266549923941404	0.898438258887384	0.550988148215837	1.26567005707194	0.348255151870558	-0.781004631992281	-2.20513952214644	0.0343194799850739	0.406717371949994	1.10572562680484	-0.260139634522978	0.35884677365248	-1.38285120294346	0.513403051408789	0.175239328800866	-1.75859625320034	-1.53612120324705	-2.59359117174126	0.0169074139468526	0.645901558786075	0.652077312031654	-0.373122092829001	0.268424488671379	-0.650830628573951	0.0319754728719275	-0.667218915875496	-0.200721977605076	-0.29438340988767	1.14753802030303	0.148323171263407	0.180029206321397	0.0271599764970514	0.0990103132918252	-0.116403520969359
"220"	"MEGAHIT-MetaBAT2-S950.5"	0.686465918993077	0.707570305618082	0.622074647286819	-0.268561675364888	0.651301174290874	0.168294383991311	0.103231541177168	0.397166708181474	-0.143173246408355	-0.12675801676033	-0.189257722152514	0.419373501928488	-0.792795381740104	-1.17819904363276	-0.375335946133816	0.146449788143029	0.483900677963959	0.23805605190421	0.263623708412982	0.480545739694727	0.35587869307762	-0.232969618207347	0.108209212242088	0.0391104780848668	0.482438897840685	-0.060979775918943	0.000262825374828246	0.312904520434674	0.299168556057182	-0.00563301581286701	0.107522171717708	-0.453878080472839	0.0348980155848482	-0.558361118602375	-0.326314302668283	-0.105684529528776	-0.563383680921655	-0.246553707592451	0.258936411068961	-1.10904266077615	-1.49253803256629	0.12514690213089	0.0705692294301379	-0.997827974750366	-0.406298024511822	0.244706118096637	-0.106184430085161	-0.338308735170101	0.162182722848341	0.657631312772919	0.272706341907799	-0.114272080589933	0.472502401994587	0.261959956793602	-0.218594263778455	0.244225569516734	0.160457020136921	0.233646017713429	0.0777692126850154	-0.100202761811033
"221"	"MEGAHIT-MetaBAT2-S951.163"	-0.453299810211833	0.0461063831551272	-0.664913581796696	-1.13999697496154	-0.382864772728192	0.178573678162439	0.7285488328022	0.306369056316381	0.0092959535061361	-0.911648449422213	-1.05048792006316	0.0698124784840592	-0.537866863267774	-1.02202821541521	0.263699376581073	0.3591962077344	0.39240075007304	0.488346054988229	1.68055335416363	-0.0106474114350164	1.2348961622193	-0.253358414738658	1.45988294418557	0.268576622988441	0.410264503166547	-0.621525628883585	-0.555358368859107	-1.12419427875869	0.941506254345506	0.875205454436137	0.166367850523262	1.04559436198065	0.271461010383648	-1.04996412067637	0.415760647521963	-0.397288030760731	-0.0194620259728229	-0.0777312973440027	-0.513743333141034	-0.0636575811134339	-1.37360466814711	0.65614880699552	0.630802001647715	-1.0256115833883	0.072806251031583	0.200660667860808	-0.221468706564849	0.0768719292832429	0.384867877886942	0.698654154264156	0.574663520451178	-0.556589284412744	-0.917560379540777	-0.402763262119097	-0.228410157812632	0.202144325853118	-0.785431162371354	-0.212095656832826	0.272222836150213	-0.290174743209303
"222"	"MEGAHIT-MetaBAT2-S951.173"	0.719573486357269	0.6458863132691	0.512918141431506	-0.585999727290294	0.78080255020025	0.335436319409721	0.00499970838027419	0.267221222573751	-0.150073865334631	-0.174536094966126	-0.248824835664684	0.402351044299125	-0.987286908009962	-1.33189847849765	-0.570400719789996	0.177831233438195	0.463918208493017	0.161089939853903	0.530173983398945	0.451756408533441	0.356582558292782	-0.201395690148741	0.23987238998081	0.119084595578942	0.633357196793099	-0.0174005464602445	0.0560150022301622	0.396946758259452	0.321170952462804	0.0263119109381984	0.107330485564219	-0.643317386799055	0.0180087204684414	-0.643438833659893	-0.24429186375268	-0.212090927753596	-0.809233592035913	-0.500999865957727	0.151815334843691	-1.1402588502129	-1.55719085988004	0.334347302590142	0.117138414196254	-1.05368633707647	-0.191511361437632	0.400134830697173	-0.120262915414624	-0.220309992014196	0.19905939452105	0.785976016094624	0.386787103789964	-0.1597304532826	0.650462075291086	0.43152024754776	-0.261905437107265	0.446272597908025	0.286361923713645	0.277821582272783	-0.00975601250822056	0.099102804357635
"223"	"MEGAHIT-MetaBAT2-S951.45"	-1.89382858851775	-1.0202716696507	-0.669206270741412	0.404576027153933	-0.902194009412542	-0.248392355504656	-0.304597240980567	-0.426874339179088	0.929095532279585	1.06571558986735	1.00692312055578	-0.699013002524924	1.29411267738101	0.904922718243936	0.638040775880235	-0.416086345220494	-0.504342134844229	-0.081759829626475	0.78542422627648	-0.53789910909725	-1.23126176333112	0.241211045614757	0.30044298797745	-0.413820301645966	-1.56241158259051	-0.338870163367905	1.05693318968931	-2.00331833172239	-0.40528801305926	-0.410585541602118	0.443199690399311	-0.113562321270888	-0.297396328555304	0.54741977635822	-0.519256269948414	-1.84587717549031	1.17613427304644	0.100566633358682	-0.540602258027371	-0.0421676358120617	-0.768870275023361	-0.751757198485253	-0.434520808030518	-0.835525118981431	0.99458445501249	-0.0830070454592535	-0.117579665584297	0.592406882061483	0.687990244420669	-0.476582625119932	-0.2684744617177	1.16553332339645	-0.413260294646036	-0.821217216076954	0.424234178712245	0.24813956533931	-0.135619666165938	0.0146182279060678	0.332607637959254	0.457293695861803
"224"	"MEGAHIT-MetaBAT2-S951.93"	-0.0651653016927058	0.264122488310022	-0.249293811803314	0.827437570623619	0.392492614815837	-0.397783734591103	-0.550774386893912	-0.086882406569992	-0.369369381404296	-0.128154683026491	-0.767951776867382	0.767044510759656	0.826024342807835	-0.494844162550796	0.35271634598517	-0.538714952376513	-0.251469731673068	-0.0381086841352465	1.8306829750566	-0.345945511846355	0.447494608202083	-0.12102816046789	-2.61574720124003e-05	-0.781204145172624	-0.635793041418424	-0.731832528963876	0.735835580205036	-0.123494488102719	0.13482366156516	0.336695676388079	1.4660534823536	0.730206597496477	-0.766444556019382	-0.590570446779257	-0.0990520849720946	-0.721560753139967	-0.265840521465841	0.08103812205918	-0.586701266172919	-0.1964160214172	-1.17356222930321	-1.22381100920189	-0.836943996674316	-1.06306555599084	0.223965801179253	-0.0701506267905607	0.0498840460752383	-0.498628704748448	0.698510531116555	-0.00970223401189418	-0.0916009223717076	0.728933537606652	-0.682182387776031	0.0914935973842503	1.11443650128908	0.680377229913599	-0.906145441204854	-0.896214045416428	-0.33008905368968	-0.029188411423263
"225"	"MEGAHIT-MetaBAT2-S952.67"	1.11095274744436	0.463207267031443	-1.18418770349216	-1.19382628124564	1.31105459424904	-0.896029244247114	0.60962526861907	0.668418126441685	-1.2141139174712	-0.00282718539693505	1.48384223493921	0.970560731762948	-1.35532469209759	-1.2780941985609	-1.05155444836005	-0.0931958399228332	-1.12184242184333	-0.154513309068755	0.392120946880971	-0.100489239772585	-0.233637686603486	-0.5784224621182	-0.790870891033203	0.292178235266654	1.62775476960657	0.467246042806341	0.815873663429531	0.290866889034564	0.987828799933607	-0.213195013737532	-0.0685659064819015	-1.13913893785039	-1.60573543519689	0.545501573392749	0.191756899456827	1.10799227462848	-1.15334323317033	0.572428989540725	-0.3885263455774	-0.718698356519704	-1.38380871732972	-1.86663726136998	-1.27706542419743	-1.60990062561939	0.475640691542943	-0.147305116766501	1.19098087087503	0.966658671881722	0.475771019312853	-0.790838976466129	0.953323404895236	-0.614461522716958	0.0255636318456602	2.34823417503836	1.51916834094759	0.551460707388244	0.122493485359651	-0.936033817670009	0.643057808619697	0.343027463744945
"226"	"MEGAHIT-MetaBAT2-S953.154"	-0.0762270170545918	-0.295522742432619	-0.329027086993983	0.273581377305276	-0.840239324660391	-0.940444590487807	0.469128518958135	0.655911375146343	0.146098264177565	-0.424281374874008	-0.310563571791767	0.483756661589323	0.0155778613274276	-0.124353405209288	-0.129944957740759	-0.263010976141369	-0.168186512222266	-0.119900167823994	0.314367228670525	0.310344519341535	0.0861225600068396	0.0737194102564489	0.374733869199226	0.259674011621349	-0.816386167248434	0.0334265827524645	0.419473041781401	-0.280927844645406	0.0730607900180917	-0.200863892119004	0.338218412328229	-0.018178002809063	-0.752227313006914	0.337612144351068	0.173070162187811	-0.439824728805046	0.266542445293604	0.414780540126598	-0.307355416060765	0.199420063759177	-0.902586237598253	-1.00871355948377	-0.880504015333957	-1.65947132709441	0.0227766003717651	0.215925226510077	-0.118895708018725	-0.141656708349607	0.385868275859991	-0.156451524286841	0.114355716096808	0.277242243369848	-0.110786889354354	-0.286518512880294	0.50008160852905	0.38743215584277	-0.18822949182618	-0.123948281960391	0.604899056399171	0.0539321642623465
"227"	"MEGAHIT-MetaBAT2-S953.167"	-0.291572165977443	-0.278215583133698	0.0783372379719038	-0.258205599366284	0.159491038759627	-1.24442523050254	-0.111632074429929	0.595762269054178	0.232337782642324	-0.214335468829819	0.600836742747751	0.319447958460226	-0.146245822515592	-1.15726595307779	0.303531618619862	-0.0910362828106059	0.909094492537549	0.00657293776438372	0.158072399552334	0.306897956242016	-0.0949803299277638	-0.524715941821083	0.1273161904172	-0.625591532860192	-0.46003052370558	-0.375828181097296	-0.153527335190284	0.119750208250909	0.502823681191454	-0.331373359414042	0.506453599113479	0.946321307496555	-0.379123411156502	-0.139758452549372	-0.560761760041048	-0.650311962092591	0.281722722176348	-0.202338253742291	0.141941827459141	-0.893798923612052	-1.81334146715678	-0.0986577748262523	-0.211182902383512	-1.4415009365339	-0.0588532632661662	-0.418468241431773	-0.121749529612352	0.44361052104309	0.433729552736168	0.221579180695665	0.297599749589414	0.666450272166178	0.257385097199071	-0.126664744939347	-0.314135372202312	0.26687702050612	0.392725183733244	-0.636893030619363	-0.0163243234425465	0.611279767050054
"228"	"MEGAHIT-MetaBAT2-S953.28"	0.571626645926307	-1.14925378041889	-1.10942242194241	0.254223926710996	-0.634740261117148	-1.74165170087283	0.0790549942429797	0.834289222769733	0.21050821903843	0.167591522677672	0.402569700587833	-0.1287754475606	0.462830169819171	-0.280865930200011	-0.354771404872699	2.04660788196398	-0.300424612748223	0.478535358391865	-0.787487056878255	-0.281926365657188	1.85439621315786	1.18880413973273	1.17704958535845	-1.67047920555758	1.92399734993094	-1.29269345054672	-0.576813579938341	0.363607997101186	0.448917748686202	-0.235210470068404	-0.493566521855524	-0.310452901075708	-0.936417092518482	0.61958403809243	-0.465521218176544	0.406736890836764	-0.805900075772422	0.184847721754798	-1.17493039517788	0.0756653532865661	-0.701615617239148	-1.28676130489177	-0.93941865040722	-21.501289116318	-0.280269088269891	-0.0150942871397577	1.63754591424589	-0.0101585166020604	-0.150260133767076	-0.39313175657242	0.565777305047287	0.0278727963449192	2.01016666834493	0.993082305117021	1.26913008735338	-0.910605904916713	0.151020065759258	-0.687154230387078	0.351284790693118	0.198255782249228
"229"	"MEGAHIT-MetaBAT2-S953.47"	1.14663595863784	0.610020536192384	0.816262139332958	-0.334968236313193	-0.280786025730505	-21.4231799577972	1.70677654310217	0.586771820352118	-0.682644443066364	-0.397740195226905	-0.0531597523758114	1.63713684436535	-0.0671635841223326	-1.25662357696583	-0.191605982434257	-0.169943816826539	-0.791958111890369	1.51896114764287	0.339117714534504	-0.856080883710575	0.917894743186976	0.462434931247615	-1.16921344481761	0.278112916118076	-0.832717459945626	0.0420562573669212	-1.20525879874522	0.956915337371469	0.495193555761881	0.802386407683872	-0.573163631541678	-0.88687697304103	-0.558004542399924	-1.24030123969936	0.834410751442449	1.91947565545616	-1.23531836533511	2.03538696979103	-0.855244431412491	0.948860788361815	0.00110355703812015	-1.00413081403319	-1.15220027642828	-0.678509997369806	-0.408050551105556	-0.27551288734653	0.555031968517674	-1.03484700854059	1.44181278043264	0.0942976620330791	0.51699303369649	-0.319991519449993	0.329898950962193	0.262018549265556	2.63161592697152	1.22605531215761	0.908962621716167	1.93246866958257	1.01017728046273	0.15937247190734
"230"	"MEGAHIT-MetaBAT2-S954.101"	-19.1417888925748	1.59288412380663	1.81617048183782	2.85267205813319	2.00274070131478	-19.1417888925748	2.98245302574774	1.33510046263092	3.02704184093465	2.75214830779151	1.70332750976592	1.43530003004271	3.53841793355798	3.2397512108955	2.11517720735649	2.14402545175727	-19.1417888925748	2.66304721103642	2.68328689564127	2.05891764217609	2.61008357382754	3.62439476753248	2.53506507307639	1.86082871832439	0.486046405996615	1.80731039142331	2.78525480240254	0.793076782270087	2.04216322852824	3.48237898052638	3.93812331062015	2.93827110033721	0.787354118371288	1.73588426705944	2.54551982874868	0.968166904303789	3.21632474059077	2.71380215828394	-19.1417888925748	3.85899419458428	2.56505791819942	-19.1417888925748	-19.1417888925748	-19.1417888925748	3.48188355784731	2.97673068817955	3.34680746622961	3.29328858939181	2.95044422665161	-19.1417888925748	3.25285672384915	3.10757732930891	1.94495325958463	1.60660155601416	3.62891678599795	3.48595064968861	2.87217756164976	2.02643732583371	3.64099063259607	-19.1417888925748
"231"	"MEGAHIT-MetaBAT2-S954.181"	2.27735924295184	3.00779101847181	-0.385617428930138	-1.39139789320941	3.21976436757467	1.63970303791523	4.0703109555763	1.32376485930148	2.8052303071045	-1.7483576644219	1.97876709712444	-0.464822840055043	2.54658716646591	1.969790725831	2.39408842357898	-0.833206662863144	-17.967829180632	1.91010480748023	-1.45369266224835	1.27375827895248	1.55570076604313	4.93364926813648	1.48009565262073	1.50840446859035	2.375780349191	-1.69175045574494	-17.967829180632	-1.84776633155831	1.30221869052717	5.50431292975221	3.19902619603822	1.6613683577943	-17.967829180632	1.58508051350077	-17.967829180632	-17.967829180632	1.64293745796911	2.75612991063065	1.86036988449259	4.21466297118455	2.50119510175588	-17.967829180632	1.67564443175627	-17.967829180632	1.00590174860247	-17.967829180632	1.39947372171893	1.33610219386983	2.50904257719056	0.812061341711867	1.77049442972555	1.36596577337377	1.3716792087201	-0.982103182417031	4.75136096557974	2.90569610881871	3.24642990338634	3.28295953466382	4.0374069588559	1.24254890673537
"232"	"MEGAHIT-MetaBAT2-S954.74"	-0.757893107035435	-0.519072194527944	-0.355279930212559	1.77007741578794	-0.857690083120853	-1.51496888726721	-0.173717926038818	-0.0981869168603069	1.20531347487103	0.257668792149486	0.144822469800688	-0.332849763064874	1.51791494533726	0.627992061021954	0.289264954504266	-0.814326886744821	-0.815149748959875	0.381355078899617	-0.244914908054318	-0.211382224828857	-0.410332706870787	1.50342492065147	0.129304890144555	-1.06531014331307	-0.954435890004116	-0.699004456984757	-1.04363168959924	-0.885809200006753	-0.716074273822964	-0.265311371695324	0.408440566916627	0.862645644072574	-0.464961215344049	-0.352588510016864	0.0837117136071983	0.235144333981761	1.19875141998418	0.395230270499832	-0.924494285182396	0.957302776146236	-0.990414492231712	-1.52797001390402	-0.584791432130712	-1.56328015888453	0.522670856472773	-0.0147193787868449	-0.0436306871363055	0.409474693617837	0.180311399662701	-0.931031678170338	-1.0950821359903	1.07706276225293	-1.07126638834031	-0.897374549674262	1.01459658078312	0.138668307356832	-0.433848465872148	-0.430811703551729	0.40871872101014	-0.297841481651191
"233"	"MEGAHIT-MetaBAT2-S954.88"	-0.533010677723661	-0.641056819809831	-1.19233847711628	0.453739878279531	-0.0815166016847959	-1.17554395827666	-0.306104422706173	-0.517492489040171	0.768743116045332	0.760388898710483	0.252065907254551	-0.479752155263026	0.212280517654587	0.544310857719038	0.407976224997775	0.272204432216739	-0.509892169688297	0.0759926535532882	-0.73946532799959	-0.199309122980392	-0.120978519914968	3.19363721287073	-0.0678525503945906	-0.493637767974541	-0.764856956832039	-0.402037168998302	-0.287214763891596	-0.46486471791725	-0.270867831208962	-0.334803301346943	0.344507927086765	0.238144226711204	-0.245506058461478	-0.179205373968753	2.35385682037126	-0.658337969094239	-0.147441751355669	-0.0502134559982395	-0.100666264831517	-0.694115246631838	-22.2002580695051	-0.403237737269532	-0.119225680371457	-0.434374861553924	2.00738347292663	0.274832520938428	0.57971132525746	0.524448793772616	-0.413099998975074	-0.137889052645067	-0.0378747335940499	0.473589934535937	0.0823932111848906	-0.12045855357945	-0.0608969615504247	-0.406585686902188	0.129087691436251	1.50180201958133	0.0484537766740658	0.811323801846664
"234"	"MEGAHIT-MetaBAT2-S955.109"	0.110164290777538	0.892788956139021	0.431239420003643	0.59230503658253	0.430378748993172	-21.1024977202129	0.935867709969185	0.505151735538717	-0.308174207399031	-0.145493874536536	0.32744034776524	0.382888932830396	2.64011091378734	-0.282028419536712	-1.13054835851037	-0.14433740298489	-0.0777579048576014	0.899656661026072	-0.690766678578578	0.288950394243302	0.0201335083362641	0.266309634081906	1.15886288311063	-0.443620213142106	-0.275898607900639	0.1115172810264	0.48361205175244	0.539571763750618	0.171089079791441	1.59817062586364	1.02579356474153	0.557724860498149	-1.21728043720175	0.268812319257274	0.371324984160685	-0.15541840312563	1.49090181814069	0.319712984559428	-0.0164191211014657	0.916336313215129	-0.836779890677882	0.0579109200342307	-0.473146961483103	-0.489102342987033	0.551952852681543	0.0911662057509091	-0.379630295792462	-0.53930754111565	0.528494712023763	-0.356720668938607	-0.494782637343991	-0.749283187330938	-0.0690261743596006	0.0506375330682545	0.196362571541486	0.471970410342213	0.0703577460057847	-0.616154936363859	0.0189265845725943	-0.853276614013733
"235"	"MEGAHIT-MetaBAT2-S955.122"	-0.88644487810151	-0.639722604365609	-0.583650802651587	0.0809568393950419	0.264298166555848	-0.1143433946305	0.0440668359418126	-0.308629193885482	0.296755237418888	1.14245219981691	1.36369225917286	-0.270844988305656	0.714488411585281	-0.469668731726919	0.92732976084972	-0.106677794851505	0.49905177496767	-0.00223572730017363	0.09446292770913	0.272297208742287	-0.373950402219477	0.24618166059173	1.81390731555385	0.313429594975998	-0.550429365802692	-0.135214554471277	-0.476505938413252	-1.53818304711833	-0.246180007950754	-0.96431314711627	0.39425911040251	0.312606801062444	-0.107200228150538	-0.108151768109516	-0.501760461930636	-1.53489606340471	0.0926174807324056	-0.489970610134991	0.533474484791321	-0.283432126068277	-21.2965655055485	-0.0789417972540774	0.397543511825163	-1.71681335270262	0.240610551945283	-0.289109669165511	0.084726705896558	0.398649436179299	-0.342366575972554	0.426420001901691	0.880897221921801	0.880940273954741	0.526182575239187	0.0362892812685738	0.544431884699291	-0.512525338314874	0.246526046091856	0.34556351495559	-0.147987369186523	0.883380336735325
"236"	"MEGAHIT-MetaBAT2-S955.14"	0.702333085468579	1.05633869826617	0.822117096867302	0.186628195886203	-0.163009738815604	0.202704891617818	1.2599776471711	0.844571048276642	-0.821068337194986	0.371460811206903	-0.217947446560665	0.516927610058592	0.114161211126149	-0.789632833055395	-0.680830085038064	-0.389506599078749	0.520693222841829	0.0581812304870164	0.188425415517448	0.157183178667713	1.44999248768873	1.15153764005939	1.53436069073274	-0.810738411621072	-1.35350107227093	-1.33535826004569	-0.188866231382344	1.21834187347529	1.37039499022665	1.44329972835136	0.467924619104999	0.304918330217215	-0.409887573131153	-0.299104736262324	0.653590594922466	0.947035858934649	0.46238367320083	1.00913661809396	-0.041311806435135	0.0966553205070433	-21.1898749286153	-1.72848072895421	-0.297057776865567	-21.1898749286153	0.152678762776984	0.640112091886632	-0.319189401767351	-0.746408555788039	0.636354433979581	-0.412426397731753	-0.252251973179931	-0.85716169436454	-0.335325338216277	-0.258451422717473	0.226817005834769	0.903901548033519	0.0639569724137488	0.235796797158952	0.454113655182153	-0.224619163739911
"237"	"MEGAHIT-MetaBAT2-S955.19"	-0.611627243456139	-0.768846672202621	-1.07657712077392	0.722960991717324	-0.590586932303618	-0.628354601017754	-0.0955934631768729	-0.0176705942415714	0.265476147078842	0.76042779334185	0.619416718786008	-0.301449855533554	0.628955217196569	0.751275965904092	0.524922654085831	-0.368102148488769	-0.700113429469592	-0.364930168650357	-0.436217140712735	-0.585076906689852	-0.660036766209918	0.268395837773643	1.28856148105637	-0.668901267862841	-1.02992850499451	0.0805184275816266	0.361462469456992	-0.98948161043725	0.598661641651141	-0.0380322395678103	0.443550014064494	0.229254638001234	0.136370101870895	-0.353097421334905	-0.241449045715446	-1.20686876910308	1.32002608260736	0.592702846159408	-0.845925826205851	0.109350896104547	-0.568984254150555	-0.752405207454936	-0.775920727863352	-21.8108952470597	0.910410150846052	0.270535713073391	1.18121495475426	0.586110925153124	-0.301960603286158	-0.438195506185748	-0.0268099153636312	0.956207900644019	-0.167666251735554	-0.426859787387113	0.482246199058733	-0.0970435554108287	0.136398482398164	0.32005371905811	0.475635966569745	0.133047258867736
"238"	"MEGAHIT-MetaBAT2-S955.226"	0.526522876754018	0.469511255739326	0.604384271342912	-0.33153968008667	0.179427227511378	-0.0216552215964825	0.252899752203549	0.227732423653346	-0.0907874306109573	-0.415232686319021	-0.531135246728347	0.306281708066514	-0.566868476947797	-0.958108139946993	-0.516671941295676	-0.462615778822038	0.0375802260810776	0.0236022774938176	0.168141577830404	0.321534251206006	0.448624511435836	0.129346982567935	0.579371718004252	-0.102925969008608	0.0963311711684023	-0.16641112652934	0.121695318528311	0.530063512954945	0.420094183105495	0.447518151301057	0.290813716077075	-0.121260917972832	-0.298552099052022	-0.67799306927949	-0.208474546009024	0.0597239252398198	-0.320652302668663	-0.162189706175763	0.0673615674839185	-0.601326452903855	-1.21951227410992	-0.174862134558874	-0.423205861225644	-1.2947293419622	-0.171300975816052	0.0153173670232647	-0.210459955869831	-0.339337793103991	0.0379303822105301	0.380141514140812	0.222028477517492	-0.204733573588477	0.460331635370961	0.0527079663155456	0.287067144216989	0.401109512055602	0.226812192457953	0.224802289310456	0.16780091059948	-0.0718702962947146
"239"	"MEGAHIT-MetaBAT2-S956.103"	1.82364619882642	1.81949706264846	1.00417973001047	-0.00994505862911055	1.13787756342516	-0.00528538379275467	0.0884790244497689	0.336295788233579	-0.424159046919993	-0.357677463133969	-0.430659606221912	0.0670121104768375	-0.68044267735696	-1.92049890092427	-0.0920889324847955	-0.24336568678109	1.6150658851356	0.550746896125212	0.498461736306673	0.608395456155644	0.767951102395331	-0.30473500812147	0.468536080806481	1.00624544783742	0.679521120763707	0.429881854076367	-0.493449020276236	1.14268093482338	0.855779805953528	-0.460879395987385	0.0817005469890324	0.747578962390282	0.254084838547807	-0.467443056432645	-0.221723935504527	0.360870875621186	-0.169552140363227	-0.280743466432862	-0.175818456188187	-1.33401201207189	-22.6971622661719	1.28157328136112	0.369050150063758	-1.99271506461045	-0.931560007239864	-0.439555590536881	-0.914158315428219	-0.423376055717142	0.496257067376701	2.01933196472655	-0.111842848395004	-1.03557920673093	1.29579497607995	0.545237765473852	-1.48992801688008	-0.561239885244439	0.361676399371923	0.335329102525837	0.179438007258008	1.44903765645191
"240"	"MEGAHIT-MetaBAT2-S956.75"	-0.701375230727524	-0.026521351163507	0.263107213358076	0.433288785496138	-0.355750425937537	-0.00829841778572327	-0.285456721831365	0.115234794650165	0.288594715796844	0.102351980087002	-0.0430618514430217	-0.052408143395728	0.118816500147725	-0.279844167628814	0.348485905065453	-0.577909780169388	-0.211358539584093	0.0181684722088074	0.0283331002983909	0.328041431354726	-0.442669416093834	0.0302561896377931	0.666466784004726	-0.700295894371927	-0.498238381260973	-0.320793648948487	-0.130042806772408	-0.305768359939134	0.126131112800917	0.33828588284457	0.520311092554846	0.372099679253008	-0.405665499105687	-0.169198143543173	-0.31455104314282	-0.403518397590309	0.347686289513539	-0.189834683515019	0.00682769173228071	0.0332382900575316	-0.890674265391334	-0.337362077028985	-0.28382331725889	-1.17072608365004	0.129288116530565	-0.275263461756798	-0.121252824378561	0.231011792539786	-0.22452226425071	0.66292582961142	-0.516751906498039	0.286946785018	0.0784369207217459	-0.161381043232476	0.247495898764011	0.0454976492142034	-0.0938814265321843	-0.371698014498939	0.315289675953114	0.102724301018593
"241"	"MEGAHIT-MetaBAT2-S957.114"	-0.101420595187537	-0.102621365026307	0.406613679142514	-0.828559430591969	0.750216129226065	-0.233323023008956	0.520554515629347	-0.49075119603533	0.846494648591445	0.732806083781023	0.0233482675941907	-0.0992951047277684	-0.107397538494127	-0.525662641824323	0.463482770280882	0.242774996310834	-0.0927914752470169	-0.219999534484757	-0.292468084354212	0.124243826234521	-0.462417830622667	-0.722286843190854	0.118320568088096	1.14120224422538	0.671044713282853	-0.379777662078285	-0.154685260190552	-0.249602404243237	-0.429733796725598	-0.22433695637614	0.119914012973942	-0.278043264861249	-0.691018022292171	-0.134695358318421	-0.980257351563082	-1.29129760996333	-0.417408888854769	-0.273108014917938	-0.163316125139708	-0.548191386332698	-1.53502483003852	0.151333075628489	0.241767319158631	-1.06710606186976	-0.0666700174052854	0.0682916221587062	-0.142224561381959	-0.0840217800669665	-0.338086431065273	0.631450483657428	0.82642550853511	0.349329692856221	0.766056865441208	-0.177761502124989	-0.309719703943335	0.10987195279596	0.441157424572064	0.507053323538236	0.29187284001307	0.780679516224526
"242"	"MEGAHIT-MetaBAT2-S957.37"	-1.05391076190978	-0.217580956270359	-0.0687734466182457	-0.451117531912302	0.628193343380675	0.0285510290526032	0.305152277223582	0.226837289914036	0.308081340278859	0.523382512726022	0.583797885994923	-0.375414348276664	-0.100805390949934	-0.292752896952843	0.245335944595449	0.460050769773558	0.640697148522981	-0.178643739638928	-0.0639840375446656	0.26620205817589	-0.362319906495431	-0.808254664569587	0.0848655876307207	0.696612118835515	1.37214489188055	-0.24363592173049	-0.265490597329215	-0.451033367706108	-0.164338222608124	-1.18206296438174	0.118419704937788	-0.0280405264574526	-0.0249297390938921	-0.242107515962836	-0.233052380280023	-0.537505487667972	0.290372409042309	-0.11751563579067	0.203795124679301	-0.989242274577241	-1.29616665486385	0.0733961217963124	0.380751981766287	-2.12553190443011	-0.014650405695706	-0.0919646688599718	-0.00146767406694437	0.155649656228373	0.521271026871339	0.529148370706666	0.737887998420443	0.268412083006867	0.271968609268849	0.158068227226573	-0.728510090903567	-0.787020258775135	0.714038209630349	0.0308395590182418	-0.337285929344461	0.859537926575679
"243"	"MEGAHIT-MetaBAT2-S957.55"	-16.0834479026447	5.00589054011281	-16.0834479026447	-16.0834479026447	-16.0834479026447	-16.0834479026447	5.54115043536033	3.43779551461303	-16.0834479026447	3.43783489645899	6.06426308580896	6.1198793968672	4.94580495158217	-16.0834479026447	5.50827047172699	3.56134629148082	5.6812418585159	5.59774914695912	6.06204860459234	6.27937219864723	6.34387641020923	6.52395462713781	6.37481153512319	5.48565234460907	4.8389037209387	5.32956053188102	5.15749902177905	5.46402067748526	5.49698362726225	3.71370995372934	4.96066373369542	5.63202314546872	5.9575850242568	3.84923238499514	3.35941347318207	4.98469392486376	-16.0834479026447	5.30639516305391	-16.0834479026447	-16.0834479026447	-16.0834479026447	4.55774602271774	4.95562399017587	-16.0834479026447	3.69858080764825	-16.0834479026447	-16.0834479026447	6.00554703270876	3.49232414846227	4.94582081646203	5.13549956818241	5.94756767465948	-16.0834479026447	5.68716288597079	5.90113474959488	2.06236369846892	4.64752848540925	-16.0834479026447	5.59279632095257	5.04235466107877
"244"	"MEGAHIT-MetaBAT2-S957.57"	0.599475211651356	0.596463130494187	0.333628869095828	-0.471660331950972	0.706029877992016	0.151284950008419	0.0648655224085388	0.275287637302139	-0.164984241674879	-0.305842186468059	-0.128874137044943	0.394672168686736	-0.910764565664379	-1.00422602461629	-0.403259587158343	0.287957986532836	0.507088397429034	0.208580074487144	0.256828566880092	0.436831991028788	0.168797365654727	-0.307148576537038	0.270071362367846	0.121366725683385	0.604683595372216	0.0471543271283421	-0.142677064657931	0.38370406439441	0.357959246324459	0.117506071504193	-0.0239975034884425	-0.745576253182237	-0.128009445750996	-0.366550260339776	-0.234267820216477	-0.116479089018853	-0.631960897409348	-0.363628546253851	0.115252086515969	-0.904562361139363	-1.15559156309647	0.258814141356845	-0.00942942998132157	-0.912467913357582	-0.178414571377798	0.0398685632444993	-0.0873530114771039	-0.025953765366836	0.175953184709807	0.656497786826991	0.279792668199539	-0.187991185867844	0.509454054033672	0.376804147674382	-0.106165930178112	0.136676383947398	0.31438541793737	0.164477647628059	0.0718693900396312	0.14680476717913
"245"	"MEGAHIT-MetaBAT2-S957.66"	-0.382546392898004	-0.58575619548028	-0.656445360754531	0.180792613480747	0.0633517118854785	-0.206483859567287	0.0125679916460761	0.113372862883415	0.509370781299185	0.34337649667531	0.157838038197649	-0.341048608108723	0.250622395034102	-0.44464206861336	0.433986640150367	0.0346217229353964	0.451354545167481	0.233932102611634	-0.0258452662799469	-0.222023447966901	-0.123637654746871	-0.801790608236337	0.315992226789651	-0.0471621037615151	0.637423244096404	-0.266095742069415	-0.309686532223696	0.146114247600064	0.169187329208543	-0.281973198536232	0.29486798303759	0.0952271725985305	-0.663453376498325	-0.166519253896115	-0.732381198908911	-0.507525594534988	-0.353382282702853	-0.430134574282804	-0.0896544079680313	-0.84929895493592	-1.07415559260071	0.198087456028453	-0.0705031662600311	-1.46666493150525	0.295512477688593	-0.529946207184559	0.13830598605551	0.359945144102694	0.067079651707612	0.446712949219129	0.324556817514154	0.501614996066672	0.338760556895515	-0.161192459523929	0.00114336688420025	-0.330764759851138	0.296755222891013	0.0776119682586121	-0.00940195365477958	0.710570182114435
"246"	"MEGAHIT-MetaBAT2-S958.133"	1.41441964269249	0.928282013803049	0.731261152658631	-1.27073199304661	1.24759525631897	-0.481242986544546	1.02541677568114	0.283839633960155	-1.18210970258139	0.518319096117076	0.0712061236291843	0.245708500843205	-1.35764167208166	-2.40742021536667	-0.950445858333593	0.707653981729469	0.625610704234817	0.578256725865612	-0.892387351521161	0.305215078670054	0.349281382645486	-0.276655255659185	-0.165394705659066	0.743402129221192	1.37858308369023	0.394396824886599	0.31206373789159	0.734118941902589	0.667504694915538	-0.196992564707969	-0.0855299853787761	-1.75604985456249	-0.39206146460197	-0.560681317587821	0.0659145395596976	0.444727846796464	-1.32221500958918	-0.291274677589709	0.684659800602181	-2.02099742295263	-1.75195518037846	0.0803187268151913	0.136560589869703	-2.82274558792817	-0.0385017535015271	0.638825616364476	0.574235603986267	-0.161159616779176	0.288400068882287	-0.00856010023012477	1.13383511821796	-1.09399454379025	0.693181795536322	0.927790504078009	0.279507692905339	0.605162363914339	0.48574845177471	0.352239248163061	0.356663142880453	0.229423063471093
"247"	"MEGAHIT-MetaBAT2-S958.137"	-0.185118717034256	0.209735384141753	0.425429978273058	-0.0106116729065855	0.350911471398786	-1.12043067554613	0.421610179247993	-0.677023469021764	0.404095421958161	-0.0549186578569607	-0.157203963357659	0.0968117126839854	0.327239811773619	-0.315881183496591	-0.563056871163978	-0.161602694226758	-0.695592315732346	0.138695337805543	-1.22231178223508	0.671190193949225	0.453159369743873	0.744694152871347	1.36435793768525	0.298995743546172	0.192006879245718	1.37125265351994	0.937790629919525	0.18763595677439	0.40036065013452	0.400309833238747	0.0256466266023816	-0.482465550972457	0.100772364888786	-1.09383838526993	-0.385040062232214	0.4027227726119	-0.762585869206883	0.0417251825277267	0.0719555577626751	-0.173616547408798	-0.381300377920217	-0.155547777037264	-0.0114628178355876	-0.870039134754427	0.0956958460359161	0.0881833028159305	-1.45700612192227	0.0516983415839043	-0.178050812955784	0.239418459595865	0.0604153131240013	-0.590477481263935	-0.106835451254104	0.0389825652031197	0.0644319548898169	-0.262504255056349	0.0494934868880614	-0.323989223926747	0.281059231170558	-0.423243855547165
"248"	"MEGAHIT-MetaBAT2-S958.173"	-1.47726084426183	-0.922153636528617	0.0521096699612835	1.10771877398517	-0.284869936434286	-0.340823637991476	-0.471872074981757	0.00703573892288301	0.832275206944707	0.467581963231687	0.26810262619175	-0.0409835343427156	0.714615192964958	0.292769200933292	0.965868186110101	-0.518421681892054	-0.38839453966854	0.106261726464194	-0.559005610457731	0.0221539193004192	-1.530740189944	-0.358343884636715	0.4442112072666	-1.18691338346266	-1.26387741058757	-0.313499691485358	-0.0557588382808367	-1.21541511124372	-0.571555584332773	-0.435264111163846	0.783150564288587	0.728101206569927	-0.284305282891659	0.16035537656827	-0.27152098225944	-1.42291295602499	0.692524417592406	0.120641948915769	-0.365406379228113	0.310406985204209	-0.611431503063053	-0.624515021996075	-0.0576365567040353	-1.59638145762173	0.687917591545368	-0.140462537707183	0.278013570144028	0.764408745205305	0.0190745833786847	0.267939664679619	-0.834258760358144	0.722402160331323	0.106397422505696	-0.211379117412972	0.250665446428534	-0.171450421821531	0.100704097500931	-0.587927528331292	0.37000182765728	0.455908615869829
"249"	"MEGAHIT-MetaBAT2-S959.110"	0.169235149762743	-0.911970588503209	-0.1745858602848	0.682366771374728	0.0880179752631598	0.788340062678387	0.0707538483576053	0.179086358051045	0.735785530999379	0.869722438496655	0.826184939754755	1.11945190849501	0.373678269159261	0.11623460460388	0.84919851647248	1.17973358332234	0.274964787474775	0.496274761726696	-0.0129292850477407	-0.123585120327354	-0.457360913569183	-0.97119936559042	0.656887820719497	-0.747871439816226	1.05348803417738	-1.26867674977196	0.99703008193583	-0.670695868375894	-0.102464553137092	-1.4043021853459	0.909083055844909	-0.060989328636869	-0.54324211782398	0.598835309361998	-21.7958883522267	-2.07724314225431	-0.401382736668514	0.371474494073015	-0.254518746459612	-0.64763627614381	-1.49853793527814	-0.382611970299255	1.04237909460259	-0.880803140079371	0.714697887560145	0.0845201971615213	0.899207362362496	0.559549974291639	0.0957814437581455	0.174883813420021	1.21667613677507	0.774771339406253	0.470188161410422	-0.13306432604048	0.548523792567298	0.991619476830699	0.924407294975442	0.0895508177124746	1.40613284038993	0.969170079362157
"250"	"MEGAHIT-MetaBAT2-S959.123"	-0.748431733574902	-0.58480194763574	-0.791819495495067	0.308920845775947	-0.823781875323189	0.532600439253081	0.645516281984943	0.146141554067598	0.275316918640346	-0.981133276668617	-0.753864496691949	0.589124426367923	0.317997220219193	-0.254666435881059	-0.331833545518005	-0.916593198596018	-0.878521725554024	0.44068740550274	-0.535317469216636	-0.222287383535621	0.0620507608928929	0.902970904432705	0.597071354503703	-0.965468014428299	-1.38904655682836	-0.575322831972018	0.383577684651249	-0.410565487591445	0.869934987526106	0.474364455600178	0.451707464620311	0.0942950647890362	-0.642647879433133	0.00609210790382608	-0.933038344054068	-0.807538920979626	0.278408695983703	0.916962410558365	-0.188100820202936	-0.29755195744066	0.286025363407929	-1.13581345770845	-0.999472784904298	-1.01891601378066	0.515140463757231	-1.12596055635523	0.335443580541391	0.179358410059443	0.389746237599589	0.428767953503193	0.235494788834897	-0.309127052922268	0.255008005629254	-1.06574127190995	0.287140540140179	0.288070603707315	1.10310575680327	0.372485672148548	0.31932342559917	0.446600829047858
"251"	"MEGAHIT-MetaBAT2-S959.81"	-0.283340203522194	-0.35289296094756	-0.502445690397091	0.473978415267378	-0.650281330821538	-0.752796676052407	0.876713325623552	0.778365890240959	-0.150226030392992	0.149763607193014	0.200409877593588	1.38288366298435	0.585027066116585	-21.3009645795967	0.917706367430344	-0.564517828295863	0.454987230643095	-0.697722409665128	-0.175478830921327	0.886435676209021	0.75891708019655	0.0530793170958637	1.0103535962215	-0.634535049467361	-0.5617534599319	-0.131739770095999	-1.00169451218003	0.603062433368995	1.31195026884224	-0.030730833051078	1.52447576641447	0.0254257328204046	-0.612650598968484	-0.429061004798142	-0.0990604136750592	0.601849577529641	-0.00428836760939788	1.46393375229712	0.467662800185121	-0.981878489394416	0.179726012431598	-0.327285163163367	-0.715126855025953	-21.3009645795967	0.50275672386129	0.543855309666338	0.814323191668815	0.367317705958772	1.09366461207448	0.769991408243376	1.06670633873004	0.491803492947026	1.13985561115856	-0.162011187638041	1.42474891275529	0.344207955819941	1.27799346965895	0.392303909694159	1.15152787930702	1.01186221905111
"252"	"MEGAHIT-MetaBAT2-S960.129"	7.79973723068573	-13.0309049999873	5.79771780590097	8.03409993232943	6.95411749263644	-13.0309049999873	6.25809414365752	5.83532682559376	6.18722308118901	5.89436731483504	6.71593342361125	6.32627941419351	5.78715906734402	-13.0309049999873	7.15520875943067	-13.0309049999873	6.32879928594529	6.50142768794835	-13.0309049999873	6.10636177169482	8.07838677927245	7.79767191720295	6.15284124239999	-13.0309049999873	-13.0309049999873	6.97870433480719	6.18986590575816	8.11422626233704	7.10498023756275	8.02810041128867	-13.0309049999873	7.95586660293744	-13.0309049999873	7.32784118011097	-13.0309049999873	8.2325380985043	-13.0309049999873	8.36588229784391	-13.0309049999873	-13.0309049999873	-13.0309049999873	-13.0309049999873	-13.0309049999873	-13.0309049999873	-13.0309049999873	-13.0309049999873	-13.0309049999873	-13.0309049999873	7.54085665996902	6.42107802072766	-13.0309049999873	-13.0309049999873	5.57244841128984	6.8438577456482	6.60142005958979	7.13876569014295	6.17436525710384	-13.0309049999873	6.7915672553558	6.19823859610172
"253"	"MEGAHIT-MetaBAT2-S960.192"	1.41124316185466	-0.59391937663103	1.81277419218627	-0.839541701230459	0.302365398445161	-0.339790337068341	-0.605545301983954	-0.052967266251418	-0.102767455370193	0.267841735591987	1.01845053492817	0.19327771005671	-0.82848554937012	-1.49816064878628	-0.527223344130173	-0.11063410859807	0.286668397030551	0.292514853005909	-0.885470157453953	0.520532051769145	-0.491379325726456	-0.539155557181863	1.47381461552295	0.362540181711149	-0.0130755403532126	0.471435057772205	-0.0496022019053592	1.1730423852017	1.11792472953123	-0.566829857546749	0.146132605422048	-0.493267502448261	-0.541834384613411	0.464911430134455	0.0642475066364776	0.133145211159365	-0.0266627458618434	0.0772623698386266	1.06412428971228	-0.865631327196421	-2.11546943129953	-0.172315879209602	-0.0239624364222761	-1.72500063275138	-0.744800658483866	-0.974314626455064	-0.366765918428024	-0.0719789321648729	-0.487912684071628	-0.398796578582957	0.575648197541972	-1.21478022819118	1.1845809952844	0.557574653379113	0.725370288925375	0.0357199003722197	0.977986324815747	-0.179190618832745	-0.319390567826077	0.083635585241435
"254"	"MEGAHIT-MetaBAT2-S960.199"	0.681280619493693	2.04993821377796	0.942514101430147	1.82463859282896	1.15049055236088	-2.32405006677911	1.50520995755477	1.22687863364595	-0.269753469423118	-1.77056573349432e-05	-0.546252264565392	0.876468021559663	1.00375397117874	-20.0827162975716	1.22053926925745	1.95424045649476	1.4098034889737	-0.775613342896357	0.473575903584735	1.69038298808537	-0.0303794353853517	0.710274385180506	0.910461607404789	2.00154774816681	1.39114121990218	0.838145220085994	1.74792371067445	0.79586998977581	1.34999552021003	0.0745488282385143	1.71015846751337	-0.242099885502756	1.18703004307247	1.70933115871708	0.126648156483982	-20.0827162975716	-0.0957766982783097	-0.111735545726302	-0.21629693682772	1.54898983094334	1.15457933735507	1.35007837628953	0.884029468782458	0.0201670488274734	1.4468417851788	0.162573966587344	1.12232961593078	0.816703667734959	1.9111791723576	1.63328810167072	0.0546468340325452	2.21844149236824	2.15416604253593	1.21139475700113	2.18481792124823	0.327203245436938	0.714958601942335	-20.0827162975716	1.75711502987655	2.05708764848987
"255"	"MEGAHIT-MetaBAT2-S960.200"	1.97443194562902	2.2701427304486	1.72679803181376	0.289565839749841	2.00915950669506	-18.2604042341426	1.5440169503205	1.61651374857439	1.81357267233805	1.99099201859638	2.1628625387043	2.49319683320779	1.72201382876922	0.0352954454976082	0.940172001621848	2.40936682145832	1.83553288971777	2.38500980545273	1.51457342011247	1.2641202887485	2.15333226384929	2.32657410827939	2.72565002520857	1.87855222632696	1.95481634370598	1.43409991694227	1.26024991909609	2.64366810719848	1.30972322491178	3.36266297342374	-0.204804305266367	1.79452926830287	2.07082827798387	1.20227568182463	2.56659519851079	3.10029108092687	1.65126714839171	1.28346089938835	1.45873014295955	0.656527120109131	-18.2604042341426	2.33832337392464	2.31082225411514	-18.2604042341426	-18.2604042341426	0.990370464593727	0.0780122952615843	-18.2604042341426	-0.150589384062294	1.56082924427757	1.53883192149652	-18.2604042341426	1.57374557978194	1.60488464233701	1.66096673218167	0.86792862707495	1.5935560714283	1.99318621678146	1.94777668131759	0.431044210515274
"256"	"MEGAHIT-MetaBAT2-S960.208"	2.0075555087104	0.271519828529831	-0.0281673255393002	0.0852336334605761	0.055270584283436	-0.303720575522745	0.582656600318874	0.338311111913112	0.191166846320025	0.341214683417462	0.170197302011315	0.360852703360529	0.4564229841663	0.445553881017133	0.0481756913528031	-0.322783333955413	-0.34260151516012	0.411561318183614	-0.0288470246873072	-0.177857263902882	0.644792819776284	0.31920193287324	0.787044444910258	-0.562791662277071	-1.05903175692879	-0.591034058134734	-0.652806256466032	0.223504522815118	0.866207162826058	0.71712711289153	0.401714376644537	-0.912452077922343	-0.520975896091985	-0.691493319628897	-0.756812251924451	-0.0366366427223426	-0.386099869073339	-0.0288886677367195	-0.098332943154773	-0.522246014604227	-0.279484250526667	-1.00743911918431	-1.78250205271409	-22.4026898049812	0.232838631922596	0.0429940046144353	0.0368137593273428	0.384109412438695	0.0216869546840206	0.226656970499601	0.521241975554404	0.241701770945832	-0.00912191506111082	-0.504664148974348	0.501563925702215	0.315377713570266	0.461979217623765	0.52699912551516	-0.163428748176645	-0.223149132008811
"257"	"MEGAHIT-MetaBAT2-S960.65"	15.1118679456091	-4.33448370378891	-4.33448370378891	16.2429955417882	-4.33448370378891	-4.33448370378891	-4.33448370378891	-4.33448370378891	-4.33448370378891	11.8395018838046	-4.33448370378891	-4.33448370378891	16.3421444308508	-4.33448370378891	16.2935225401493	-4.33448370378891	-4.33448370378891	-4.33448370378891	16.0472569573842	-4.33448370378891	14.8562741544565	-4.33448370378891	-4.33448370378891	-4.33448370378891	-4.33448370378891	-4.33448370378891	-4.33448370378891	15.6465493112251	-4.33448370378891	-4.33448370378891	-4.33448370378891	15.2462520716093	-4.33448370378891	15.2175610973908	-4.33448370378891	-4.33448370378891	-4.33448370378891	-4.33448370378891	-4.33448370378891	-4.33448370378891	-4.33448370378891	-4.33448370378891	-4.33448370378891	-4.33448370378891	-4.33448370378891	-4.33448370378891	-4.33448370378891	-4.33448370378891	-4.33448370378891	-4.33448370378891	-4.33448370378891	15.3188094386954	-4.33448370378891	-4.33448370378891	-4.33448370378891	-4.33448370378891	-4.33448370378891	-4.33448370378891	15.4874564170413	-4.33448370378891
"258"	"MEGAHIT-MetaBAT2-S960.89"	5.65072236143348	7.32799978034063	5.47967670430312	5.77796891139505	-14.4585708341052	-14.4585708341052	6.74813222047992	6.5458595044586	-14.4585708341052	6.36308387418097	-14.4585708341052	6.27630196500574	5.45604332155894	-14.4585708341052	-14.4585708341052	5.71562580847059	-14.4585708341052	6.55888763834295	-14.4585708341052	-14.4585708341052	6.89070489843042	7.38751081060087	6.5861684557909	3.56815038647091	-14.4585708341052	6.69127637119785	5.36393182892435	7.05589983206321	6.11040747998801	7.75281173226262	5.66700147200374	6.70877274072395	5.92304060415405	-14.4585708341052	7.5923335854935	6.42420029040389	6.19807945050859	7.02942078931811	6.14328549206491	6.74917818157242	-14.4585708341052	-14.4585708341052	-14.4585708341052	-14.4585708341052	6.52805783292124	5.36574346281836	-14.4585708341052	-14.4585708341052	4.82893502772285	-14.4585708341052	5.91247915744987	-14.4585708341052	-14.4585708341052	5.49749825271476	6.20756136040108	6.19128903271527	4.27029162439505	6.22755268225257	5.53833577563184	5.29217828238478
"259"	"MEGAHIT-MetaBAT2-S961.20"	-0.454214517695299	-0.567414872405808	-0.560297458015659	0.610536654093827	-0.394861527803394	0.139814425454615	0.00518229675980475	0.145275325242605	0.535157855860035	0.150854582965363	0.499606559335125	-0.174747337313257	0.431696411025018	0.24903338868011	0.750168063486563	-0.302179762010513	-0.0430917644077056	0.382872550211991	-0.667887914194241	0.197959825078295	-0.198514555601113	-0.34634809564929	0.307197168172628	-0.0204442969584866	-1.03653369143684	-0.254397768968301	-0.326509533501921	-0.971423528019526	0.382711077057996	-0.645841347445478	0.240075719165376	0.0512034473923748	-0.517345548144788	-0.248507870673238	-0.582186584212598	-1.2042828233098	0.183175272431586	0.519024828662624	0.523481638973343	-0.608325485485076	-0.52776242937527	-0.918180750596389	-0.381724732745368	-1.37761197307696	0.309962640611444	-0.227903267097216	0.0411816253971367	0.734069672637907	-0.0823905091693717	0.0717899064882896	-0.514795580921905	0.366036391718513	0.311308789803447	-0.0386824303414439	0.168392468738404	-0.617985503555428	0.492321101673872	-0.0468840970368314	0.215975527249913	0.455089277230858
"260"	"MEGAHIT-MetaBAT2-S961.221"	-0.573226706065446	0.348150397216502	0.846409288818804	-0.0951705322112204	0.091968166582495	-0.752154641816753	-0.288268224906411	0.392589381590701	0.393668147073009	0.239881427935331	-0.209143966367725	0.562266193245815	0.324464579055954	-0.388296648641229	-0.556633356322101	-0.594404049775122	-0.452653683621763	0.414324658858958	0.197251350405589	0.357549391021086	0.595593527983175	-0.335325390393777	1.27037466974087	-0.371741470249754	-0.550059118065152	0.410210094166894	0.137824094228723	-0.884343008727696	1.25593916240266	0.426227267546913	0.540248369750696	-0.846985785891024	-2.22489129149091	-1.01490431571709	-0.601175702788289	-0.441131070040008	-0.403421911160639	-0.381171070604567	-1.02408418479593	-0.646477356208158	-1.22028411312271	-0.934461494318088	-1.25340396013082	-0.515319221982308	0.44782279842422	-0.270349315619633	0.594446508917432	0.753194859946504	0.421200087781872	-0.0359781335950409	-0.624284742761854	0.119034651693686	0.781155799293791	0.719092669798168	0.602624345990669	0.633477794576099	-0.0621925589159371	-0.586069369408727	-0.493833345688047	0.331919353541752
"261"	"MEGAHIT-MetaBAT2-S962.117"	-0.70811113151214	-1.86969897969538	-0.474461002587646	-0.104469590764653	-0.594132367510569	-1.63479862498915	0.709961001964785	0.82849139821754	0.0567025172812201	0.417463772776254	0.114156343285544	0.568668224282597	0.305993931733264	-1.51981762732848	-0.0654757790839815	0.548908292212206	0.48880918927213	0.127306890886243	1.0444788056954	0.381937702140473	0.546991081726157	-1.45827978311224	-1.03063491000787	0.588174411623087	-0.0331179732766094	0.00239677531512861	0.927930558592671	0.921652597605634	0.397586071610241	0.0112165639740889	0.921670289725476	-0.566833134175754	-0.251001172874474	0.916320159541332	-0.042563260954795	0.550209341769546	-0.390088676736033	-0.440333363508584	-1.13679218474143	-0.0889365715695147	-0.322989105929879	-3.39674971581013	-2.84078567495675	-1.03808189978407	0.513405549263524	0.88846923186061	0.171021889421245	-0.144660526405564	0.839439957205285	-0.787416921753018	0.054446823566777	1.1822959173982	-0.0703532051643476	0.407556666429252	1.06609837135434	0.473327783552408	0.58022189866002	-0.72514666068175	0.530063453663115	0.108845337950846
"262"	"MEGAHIT-MetaBAT2-S962.15"	-0.811554384817902	-0.455291229630039	-0.656606020987287	0.427923413339347	-0.641339328643388	-0.878264248760529	1.13957862088117	0.226022384381331	0.987545376725607	1.1174437409225	0.428036846648772	0.261672139802862	0.565411457667683	0.660646563593344	0.779465556775255	0.346384698886173	-1.11795517791761	0.742453463768735	0.569084947594459	0.0199507465084086	-1.01733620825858	0.0287104862649254	0.458877722449803	-1.03022272228409	-1.8207748845842	0.155730885590405	0.350932139121384	-1.85609217135198	-0.357592623242308	-0.99739940584441	1.03203693221889	0.731408409340256	0.148044100711241	-0.906191481488269	-0.343781027487623	-1.95083465475945	-0.0959757776931704	-2.42204359838777	-0.557033990156503	-0.110110643866308	-0.947045540795863	-1.74416707450809	-0.63424942237322	-1.39463087767356	0.59068618746449	0.325918789806654	0.249184734466295	0.107804302597371	0.498882152869268	-0.811406728884784	-0.260203664280113	0.926038050133886	-0.0906251974971717	-0.377712791390839	0.339136589514265	0.887299813212371	0.468503723652052	0.245116522550652	0.580288511719254	0.600494903191396
"263"	"MEGAHIT-MetaBAT2-S962.187"	0.603671777997326	-0.284283690759941	0.531491194254252	0.158210144219941	0.352564766149475	-0.604778509088185	0.0195499656929154	0.655259434937036	0.193004066084265	0.28320960694534	0.262554338969054	0.982791907449254	0.256096835308518	0.104877626014684	-0.651065253155928	0.228994171535692	0.571017718484676	0.734906849225177	-0.0553499521914915	0.0368704909394806	1.07481288678574	-0.821543922403419	0.316714169741507	0.683920872333156	-0.699920919007593	-0.355190066583706	0.246873538913305	0.658570041261651	1.25268707843438	1.3653419164249	0.357779626842559	-0.504667532624616	-0.338833095249875	-0.795288076618061	0.825232837926979	0.429270407498384	-0.452988251114758	0.0138364496146766	-0.331698773684919	0.448020127283495	-22.2515539027683	-0.460308483322192	-1.3460473324517	-1.19129386829769	-0.160611544073181	0.160650348002074	0.112956972506512	-0.581076396891598	-0.402603102409296	0.262397837854909	0.403013521106528	-0.0906673560154259	0.205099397046737	-0.0702067945395441	0.76764753779208	0.469095450623835	-0.305543005720847	0.149173589024354	0.00732992381943909	-0.256265261287733
"264"	"MEGAHIT-MetaBAT2-S962.24"	-2.04285221258653	-1.2488340857925	-1.32342704252605	1.19929163488794	-0.794273904638596	-0.94353482412788	-0.373280528061233	-0.0867662613819746	0.976602944672757	0.307925530755745	1.07486843641239	0.169776033548048	1.06707745860595	-0.284941612743707	1.12107368684215	-0.112204044907703	-0.475208914891293	-0.0347661907691812	-1.20264881424181	0.655015378833627	-0.907262506586158	0.022232673480266	-0.468781410660609	-0.0403225294955414	-1.85627505279991	0.00323241119562923	0.175578157204141	-1.76202644754704	-0.1975955213053	-0.223979749307049	0.530520364825983	0.31836180182651	-0.438786952304268	0.0882312376612457	-0.375065480658178	-1.64073938940629	0.778327144009173	1.17693691559888	0.259656168875797	-0.30609571357174	-1.35028963688781	-0.993112364140122	-0.349470197480507	-1.71385496032777	1.01852538139685	-0.413680860482335	0.879082078893107	1.59228846757417	0.143534215234843	-0.146376148409278	-0.555871622706677	0.31517945278368	0.0588839201090661	0.0807000498476649	0.144087835837273	-0.986112263079433	0.541177208899319	-0.578980176125699	0.159676044476655	0.315229663316829
"265"	"MEGAHIT-MetaBAT2-S962.33"	-0.240864641325214	-0.61190518989331	0.239345508315682	0.00715954524445639	0.355740270138067	-0.478619919547966	0.84352053778855	-0.249813575211911	0.792142044931639	0.304963615211919	0.425727717144453	-0.20878301166374	0.283708894537248	-0.29774995662824	0.342634835037217	0.0110172690024646	0.206027378373157	0.69569196447622	-0.202101819010887	-0.372556024257698	-0.983210667850527	-0.445505639970762	0.558047237398767	0.0330585624753112	-0.423508655081773	-0.53525291411169	-0.240179364331036	-1.27201893011859	0.601197479537364	0.658308659966867	0.839804337132148	-0.186532610893328	-1.10482705407754	-0.443666531329326	0.285115612179713	-1.62999503070351	-0.0876661705027875	-0.287185561350745	-0.424620797502018	0.580328449942197	-0.618547811594902	-0.6773821412788	-0.0436192578199899	-22.0046725359957	0.713864968107965	0.401792476751579	0.716440001509499	0.393101024589357	0.282786218829965	0.163837442290616	0.372252115352133	-0.276852272282444	-0.160185039384186	0.0409886766840035	0.0307184290375364	-0.456139519715924	0.295791386900471	0.348557116340293	0.534722564282557	1.08243047835053
"266"	"MEGAHIT-MetaBAT2-S962.48"	0.360450929181444	-0.519437072398659	-0.128234789842707	-0.127825921611699	-0.0135261637092254	-0.874033729908867	-0.0791223085007022	-0.286968651728109	0.230678744041732	0.234451394759661	-0.00210537973802793	0.544679070902427	-0.0738247560608434	-0.119091003672358	-0.267866635590363	-1.41056873815561	-0.925574931195138	0.206401893538519	-0.0870960431805932	-0.278161875152653	0.136958407321462	1.08631893960772	0.404800503798766	-0.70770643964206	-1.60036247200747	-0.732734043454196	0.224415332664966	-0.0453864278176184	-0.0599707941153698	1.46770546493231	0.576215168249722	0.42992280344611	-1.7927249597528	-0.742662076958744	0.774790463095063	0.562360991779828	0.331980819636905	1.0707844084601	-0.30658317851568	0.585782504040997	-0.858663131828821	-2.16845365973585	-1.86189897826298	-0.952198036525328	0.183866618582696	-0.184521996272828	-0.0588718149994119	0.293816731692516	-0.0876869510886262	-0.295655560285418	0.4442554191481	-0.331535106152536	0.0122737898519043	-0.567598479453212	1.08690517300003	-0.0188442033336171	-0.325747244364883	0.230341662048955	0.447956351861537	-0.24604524065101
"267"	"MEGAHIT-MetaBAT2-S962.71"	-0.507901133634386	0.147176270139247	-0.647861204758696	-0.0291865421876363	-0.0119690541707724	-0.902862025407467	0.174004926301527	0.415538897872877	0.647291655429358	0.619926215082531	0.647105105904695	0.412860700338917	0.4781169772151	-0.414795436045483	0.384829823424288	0.540247940732972	0.142540333440117	-0.249117188845919	0.344743473817497	0.363915444731314	0.105090860454397	-0.161055324879253	0.121645592679823	0.538920392051289	0.34017736534224	-0.125810302287226	-0.0450050224554914	0.382034033629065	0.203481303434095	0.0510842915784044	0.620729660120586	0.383823340056949	-0.349590163286784	0.0819060844593889	0.191366771694383	-0.495573282286504	0.280477856712742	-0.394254488959217	0.255198167828786	0.310785758403672	-21.5540078791484	-0.760731315898888	-0.236123189427487	-21.5540078791484	0.782493364347022	-0.222958444156323	0.14432493136662	0.40537866326629	0.268782625346748	0.63516136088828	0.274133252959709	0.89185566927024	0.611933008078805	0.692259478929159	0.21317774262822	-0.374828436301719	0.466454498469657	-0.285305313182908	0.513410507007882	0.885819556488497
"268"	"MEGAHIT-MetaBAT2-S962.8"	0.594669590481403	0.591730414477894	0.321128194892761	-0.622357442592131	0.0293909796483067	-1.14052344158183	0.829633342471689	0.605835651938335	-0.179027267122339	-0.217386722440149	0.0796163110180785	0.491006007037194	-0.228999632926462	-0.439293422243448	-0.817512861349396	-0.014767551946731	-0.00260592799972947	0.58914129653041	0.149363166292485	0.238868985587029	0.756653822868825	0.52047295252547	1.228593067172	-1.21869999472462	-0.338080914590816	-0.171442034721245	-0.396471077561042	0.303457055022917	1.13520745488008	0.809504969805533	0.171992232247775	-0.467259869008267	-0.693902107656141	-0.19665530174107	0.36523908193629	0.517190914171238	-0.297224814612438	0.389215165434481	-0.183452040398982	-0.122315440023654	-0.316837125377067	-0.709871968603998	-0.556902634795781	-1.97097575935534	-0.398481508401864	-0.232889860191405	-0.451014726386759	-0.909291157056328	-0.222692490030806	-0.338117853629023	-0.220597763768494	-0.890324542727424	-0.431668721712271	-0.0139994592192147	0.65631407174167	0.396383602490203	0.582068870084081	0.400226256576308	-0.289955403849398	-0.20516932221743
"269"	"MEGAHIT-MetaBAT2-S962.80"	-0.855393960730785	-0.896814996983482	-0.0319014018524371	0.479817307708164	-0.438036127082901	-0.716830280202542	0.0549644771409934	-0.0752229584398139	0.75144080801073	0.304223256370746	0.324136770819824	0.513520523387325	0.18911809901426	-0.543983708220438	0.474584762053762	-0.22088894389181	0.00449184838669847	0.475027605222104	-1.05891528852494	0.149416096295651	-0.74835442678291	0.0854187553946417	0.523928247463041	-0.804212264006557	-1.13340189279297	0.0710377005098382	0.167877798726672	-0.855072833583039	-0.111657141496344	0.500484624549385	0.705198092952618	-0.0227600477782826	-1.05444287039712	0.0514417434378345	-0.378058459347977	-1.34411126276431	-0.0646860764009327	-0.147862102757878	-0.649522243870731	0.0294485778233105	-0.614612502224978	-0.794928021736605	-0.403906601761326	-1.15009588892304	0.571424268052821	-0.23557204197122	0.556786802191254	0.688482250675829	0.337715345316955	-0.403873249370903	-0.10285819750122	0.159319340703923	0.126594930119098	-0.0095671132633024	0.0477032745745722	-0.566561409627415	0.512921264218061	-0.306776157471016	0.190045949160287	0.888300008452375
"270"	"MEGAHIT-MetaBAT2-S962.93"	4.38784100487829	3.06577360942383	2.61121307100913	3.31282416331282	3.61803069858147	3.55466574840193	2.70957202105268	3.09329169509133	3.8005660986783	3.73282446006865	-16.898508196887	4.24582957781876	3.38456911644329	3.4089653355123	3.22437547476887	3.06250808831265	-16.898508196887	2.57709168062482	2.70294843370378	3.83962941490771	2.55194320188388	2.68635112520578	3.74151647760569	-16.898508196887	2.82664359694739	-16.898508196887	2.74684920047422	-16.898508196887	2.77731043088091	2.77924726829973	2.78267474339067	2.83789972922464	2.5355884938489	2.9405012126287	-16.898508196887	3.27133684133994	-16.898508196887	2.86422551428233	3.00461912469989	2.84628299616984	-16.898508196887	-16.898508196887	3.00535089228478	2.50342906028395	2.95751827941866	3.26895182106186	3.11595091934234	3.25280269539875	2.82226489009966	3.00751248216985	4.50339474376474	-16.898508196887	3.15499438876278	4.56755378632551	-16.898508196887	2.42439882227674	3.04068462394822	3.05348625994741	2.72724153101698	3.48500702696069
"271"	"MEGAHIT-MetaBAT2-S963.73"	-1.00090612476321	-1.00090612476321	-1.00090612476321	-1.00090612476321	-1.00090612476321	-1.00090612476321	-1.00090612476321	-1.00090612476321	-1.00090612476321	-1.00090612476321	-1.00090612476321	-1.00090612476321	-1.00090612476321	-1.00090612476321	-1.00090612476321	-1.00090612476321	-1.00090612476321	-1.00090612476321	-1.00090612476321	-1.00090612476321	-1.00090612476321	-1.00090612476321	-1.00090612476321	-1.00090612476321	-1.00090612476321	-1.00090612476321	-1.00090612476321	-1.00090612476321	-1.00090612476321	-1.00090612476321	19.2773337222705	-1.00090612476321	17.4593625967781	-1.00090612476321	-1.00090612476321	-1.00090612476321	-1.00090612476321	-1.00090612476321	-1.00090612476321	-1.00090612476321	-1.00090612476321	-1.00090612476321	-1.00090612476321	-1.00090612476321	-1.00090612476321	-1.00090612476321	-1.00090612476321	-1.00090612476321	17.7134664101784	-1.00090612476321	-1.00090612476321	-1.00090612476321	-1.00090612476321	-1.00090612476321	-1.00090612476321	-1.00090612476321	-1.00090612476321	-1.00090612476321	-1.00090612476321	-1.00090612476321
"272"	"MEGAHIT-MetaBAT2-S964.110"	0.458892250846372	0.0717642794374465	0.317926400429553	-0.306364556828902	0.385275459842058	-0.302447253562806	0.391795925489754	0.508228279235299	0.53982972705534	0.48575825193846	0.24635602107301	0.291662091720307	0.515834027226595	-0.302973577922545	0.529221061811572	-0.446604457343749	0.393110066376571	0.420766518299787	0.293914904669076	-0.139766130742103	0.244635943488211	0.642059117966112	0.468768472792118	-0.22157338403851	-0.528015438276662	-0.355409402735216	0.288211480337455	-0.338878306144647	0.301896261342676	0.12103539850979	0.388228426554143	0.498642925164922	-21.5523554680233	-0.142863738429841	-0.87358028630248	-0.10511458885385	-0.0434066625520257	0.523994486492741	-0.213562677515606	0.807212013434565	-1.48952433299502	-1.34674041391729	-1.0471830567695	0.385051484169446	0.598533879727676	0.391908641309812	0.632957042396249	0.119210461169879	0.453380907628119	0.59687131570083	0.635767432007426	0.277726362461167	0.0805494566930385	0.153604584577884	-0.0346453955545405	0.556631730321537	0.261007739982373	0.662578229443231	0.623970909546476	0.207841660912071
"273"	"MEGAHIT-MetaBAT2-S964.113"	-1.34880823652201	-0.657976359766844	-0.379282600502948	1.23458480501397	-0.575356158873052	-1.67804180997253	-0.0587667477931086	-1.04151001755777	0.126999447487642	0.694934625616098	0.359638841421027	-0.106143751874693	1.82090688727618	-0.106737783371505	1.81745161212664	0.873269356583912	-0.548592177057165	-0.560662388733516	-0.475485525602836	-0.611727381291955	-0.621745698648754	2.16265014023981	-0.242763500487802	-0.476743880301026	-0.833162736229839	-1.20951577197875	-0.291040718662029	-1.55651346449994	-0.974714470506474	-1.02525728751279	1.25696302840944	3.51722648155402	-0.4460395943369	-1.09435993499971	-0.632505566126782	-0.830314634771933	-0.13092823668414	0.559687821974499	-0.280953229686381	2.19862845730212	0.595686043206379	-1.52714139803467	-0.454574756949868	-22.1961047962022	0.128551598778589	-0.249915310991222	0.126770153026963	0.233438279298255	-0.108084516901878	-0.559915994921256	0.251637097712495	0.577949918427726	-0.306351879907044	-0.268706874244465	-0.182558090708368	0.0849698340279366	-0.371544129666683	0.333574927248216	0.291110329143868	1.22341449824141
"274"	"MEGAHIT-MetaBAT2-S964.152"	-0.701929027638392	-0.341863976774291	-0.0671499767587935	0.0509838980331923	0.389500010222657	-0.377311463392128	0.180869574973914	-0.0628663652311898	0.682026246950522	0.754388032484392	1.02914102904117	-0.179821696716666	0.165051058308871	-0.567700102168232	0.705407330710784	0.608016829127986	0.520795301469758	0.220699684506293	0.0766514435941179	0.356217075270087	-0.270167399368744	-0.393084807387842	0.505355557362792	0.23089459977729	-0.109981042424097	-0.43624091618126	0.87543195583188	-1.17148113513044	-0.315086946930066	-0.368059403801356	0.21727264662887	0.599849031616835	-0.240926611096602	-0.369305152316664	-0.311924697619151	-1.66925504909208	0.200463293638879	0.0268527004504078	0.229405609706605	-0.394267687157305	-22.390936432341	-0.0356888165067897	0.372324564583278	-1.45576498995784	0.225970740436068	-0.33551107017524	0.27908350499023	0.412892056543729	0.234928723650687	0.268759472266923	0.626091414737612	0.737492723367719	0.254036638745565	0.0656781226242664	0.224394223050108	-0.129753888894001	0.34184467749815	0.19726898932587	-0.110127306173903	0.988542515168047
"275"	"MEGAHIT-MetaBAT2-S964.154"	-0.363938691484702	-0.277942222731236	0.113048047715326	0.497051269906195	-0.308835504173778	-0.150341874863311	-0.0501290060400628	-0.0164605558872113	0.163607757920156	0.000546491440129415	-0.116832283319186	0.084305731892762	0.0943923388600156	0.099342027376331	0.416587460932652	-0.224920476280622	-0.329310805922212	-0.0172641712371728	-0.635502753777542	0.0288647055377727	-0.328054969095572	0.472076942570133	-0.254672838616258	-0.671030677139429	-0.292747180169448	-0.509608685282641	-0.308907160165657	-0.280973454017361	-0.205615934716596	0.37400523413393	0.552906549027168	0.214473806927581	-0.483291426775442	-0.266812600700669	-0.412322183996396	-0.428832026149828	0.680357065396082	0.617024984728259	0.0931784510126272	0.258601327570624	-1.06942263692651	-0.444772997782964	-0.579098121645391	-1.10795963314467	0.0214716388752301	-0.26140320896035	-0.034901498294845	0.04687719540917	0.152966890705778	0.134984789794159	-0.141047103232333	0.484480530962916	0.198703812644982	-0.397029830895062	0.506094183239696	-0.225795223703599	0.349632889262671	-0.11092101663882	0.161666649395251	-0.21933066332561
"276"	"MEGAHIT-MetaBAT2-S964.185"	-0.577163959918663	-0.902969952699313	-0.639815856743872	0.291077750386409	-0.353584524472682	-0.658365123555587	0.0991939701364526	-0.0660013499457133	0.966750093254892	0.420265008377892	0.761400965732431	-0.160734234818216	0.476905031832356	-0.69349178885706	0.996068105831736	0.407876058750046	-0.175892422516736	0.490229721860012	-0.164312749982934	-0.0588540616852207	-0.572959608984691	0.151848504265033	-0.307256471300213	-0.481764780677934	-0.684296971496046	-0.457838742531593	-0.194009054555547	-1.1145861102669	0.00173544389094449	-0.186311408463742	0.400227324132682	-0.146017120739971	-0.774478815326952	0.35265845463653	-0.538892306999509	-0.501913831632771	0.265693398147388	0.423249318748223	-0.0452454758908623	-0.292746582633525	-1.98217219845591	-1.05568068629633	-0.467079552577245	-1.15789665244647	0.682462025536006	-0.46883010919215	0.539857923462274	0.582667881342921	-0.0506617455428469	-0.0902578072374496	0.331326052623518	0.414137374314976	0.298440726878529	0.158491807313219	0.0116821733282073	-0.606089802469048	0.399480951598659	-0.797349281972782	0.0197941064334817	0.479183738241424
"277"	"MEGAHIT-MetaBAT2-S964.207"	-0.826926235503292	0.303265824298804	-0.343394425487451	0.0603342307459362	-0.571189683837418	-1.04200131014818	-0.193571141257151	-0.396455120890422	0.888415951999235	0.454558225752996	0.707235507550936	0.382095738003291	1.26850386145836	0.579107764123969	0.782795945468668	0.0499808547436134	0.212813724523751	-0.451912465101622	0.304058445795474	-0.318780426259782	-0.346810707412698	0.357422304526851	0.68961977158206	0.43981249343594	-0.54144946543213	-0.299508293610635	0.0758908086527859	-0.313798399461245	-0.367819206847066	-0.335382266684276	0.681419908808786	2.02250148546068	-1.10835056342511	-1.15680916560225	-0.921760057948154	-0.887002236325161	-0.940209605468064	-0.112910051020632	-0.363012477296079	-0.443403038241618	-2.34774231973438	-0.714628154746832	-0.850094480550375	-1.93676194488727	0.011106851661463	-0.291342059846279	0.079399768501605	0.199820783994446	-0.541850929697114	0.245775568749135	-0.102626419901169	0.798785208343273	0.486775867197704	-0.236263252208003	-0.209843250518681	-0.2123448169437	-0.0944966584120621	-0.151191420720336	-0.0880257258525532	0.11705045926166
"278"	"MEGAHIT-MetaBAT2-S964.217"	-0.644941289235105	-0.582095010166677	-0.845898147539893	0.562375644300629	-0.584211337980955	-0.311155284566604	-0.350160960790978	0.0402208109136657	0.271122783859054	0.231593065484991	0.137885152918654	-0.0187713522952038	1.95276099928645	0.356197190322471	1.47117268276275	-0.364818239229245	-0.255741269365374	0.759271641056174	-0.757200367436655	-0.185670336278428	-0.601624478404744	-0.997435099752874	-0.330051918666126	-0.538819053601613	-0.594385744945686	-0.425867614006773	-0.401610327805926	-0.543557288136943	-0.241583268010586	0.240155498250683	0.415178809710462	0.231143345183904	-0.594880689093776	0.12478224432388	-0.915449385433371	-1.38984173356373	0.220572087194433	-0.0727821716577779	-0.586007088186254	-0.266103241483649	-0.449865060181565	-0.735477400160971	-0.49201837114808	-1.26996595537014	0.530630486046774	-0.828154438539915	0.9626030315659	1.33078500337495	0.653630647774722	-0.210916518515008	-0.313076127780182	0.044578475071023	-0.0399942942183538	-0.232107645781851	0.573418977223687	-0.635038355226233	0.423328633509009	-0.772398977756311	0.227038806290011	0.702554171571614
"279"	"MEGAHIT-MetaBAT2-S964.235"	0.0633501017340796	-0.304666008889982	-0.248570532058784	0.19365009950985	0.350440417714455	-0.0428888624393853	-0.188449285188072	-0.183215447787826	0.504572498740802	0.367011746173853	-0.116549553546134	0.344382215756105	0.325545944998546	-0.517731998376795	0.702060116133037	-0.196975274778694	-0.171064777007589	0.103049817080097	-0.648241454972903	0.27465917703541	-0.854233215141113	-0.6363658203172	0.625265916552571	-0.463663346075924	0.0655999800169953	-0.172018194408918	0.187203220020981	-0.589001027957076	0.151967108637162	-0.460037440152166	0.588787418658923	0.380329199668303	-0.532516378210195	-0.121053815373789	-0.896439169635203	-1.23741769089901	0.262753906461695	0.25021571944262	-0.326142114867789	0.107145945113339	-2.0413902293727	-0.473443943591886	-0.23129913768285	-1.37502855300166	0.34990204957488	-0.0717147339963216	-0.00924976037309477	0.0527698298637684	0.290953783228376	0.3115566714717	-0.333384254949475	0.277169970263127	0.405432656361957	-0.207293007460869	-0.70083692116278	-0.276657687636717	0.347824739421362	0.157778297327869	0.313570060428686	0.641327846326988
"280"	"MEGAHIT-MetaBAT2-S964.264"	-0.153564021274691	-0.255421770422614	-0.0966490458643836	0.850883033419799	-0.119547592910469	-0.797535114420711	0.381832830051762	0.342140121121512	0.824407301633147	0.507751447323315	-0.154432010179284	-0.0178673610151279	1.56619460807316	0.618427784171914	1.25315759278541	-1.50152737090225	0.212112917145611	-0.0468740017728138	-1.46609764725048	0.371525793476348	0.651503384643255	-0.150480384438602	0.626952514000442	-1.83924571294876	-0.778638203193058	-0.262439478469794	-0.744575572550015	-0.0573055703860605	-0.0234188204305434	-0.239781820681851	0.625888158009275	0.194864420353539	-0.00424679858825172	0.277889762456048	-0.360164959825577	-0.361041158834092	0.588625634156214	0.449019729750245	-0.55115300404186	0.0308478440347892	-21.2284500819536	0.739307502226229	-0.320516827022117	0.435153537788536	0.763675848068838	-0.142729855732827	0.239650799077742	0.490190134767874	0.623070173100831	-1.94660401601538	-0.17781021847144	0.750014017776546	0.485845882806266	-0.975009768443887	-0.596875495003506	-0.292658931150634	0.335103082876596	-0.0274403213154724	0.366085346604044	0.883605290791317
"281"	"MEGAHIT-MetaBAT2-S964.51"	-1.88730446566837	-0.852950093456798	-1.42577206427758	1.13576739098063	-1.00093808992086	-22.2653237875634	0.10543421385729	0.244662748648449	0.601783489128145	0.65718001394708	-0.049365643110022	0.513080528418122	1.11859802222786	0.239498331991574	0.698013680399997	-1.21474127551682	-1.37418822355527	0.543280428872435	-0.591512449037856	0.26270188215555	-1.02009043908134	0.782837413366853	0.807240168622722	-1.52266672216364	-1.22529524616389	0.566599050021744	0.692303265038712	-1.1550316774439	0.519658729325534	1.04879192064744	2.11781040066992	1.54677796467076	-0.329031880191454	0.53641719010162	0.477340696042808	-0.738257889646306	0.968454619424929	1.78102603474199	-0.351686658331612	0.772388072211249	-1.50598035136832	-0.858205618895157	-0.177481347672796	-0.280176690034629	0.431862151495284	-0.0074652568959106	1.33647431936305	1.62528890179702	1.0357077876108	-1.57365895084473	-0.240023549031156	0.323837083707733	-0.893643056863509	-0.886498518679211	0.980304913799476	0.0808697573535033	0.181972684671647	-0.398500983733673	0.811470986834047	0.12944432394981
"282"	"MEGAHIT-MetaBAT2-S965.107"	2.51063127712043	0.50595931378028	2.31090007241305	2.76340745041449	2.15225873974993	4.06202449755564	1.92821119342255	0.475520558599728	4.18287735610952	3.38092807033417	1.93841550986939	-19.4320171995966	2.95533446268891	2.68063904978627	3.0533093337721	0.718165823498389	2.15745259668769	1.4004439688015	1.40677721571039	1.33083823889124	1.57076774663981	-19.4320171995966	1.81315803222081	2.41965853618267	1.1305616234169	0.204207791036311	-19.4320171995966	0.517705274229976	2.19944072216576	0.77365164209368	2.87412402610329	-0.0227173160941048	-0.293365556111008	1.67942555153554	0.221731397147636	-19.4320171995966	1.02826034335234	-19.4320171995966	1.88916641036081	0.56295455583015	3.04122665527511	1.05373323057193	0.6940289284392	-19.4320171995966	3.28549969230228	2.5346120846186	2.62483662735839	2.16553384566848	2.61635115384751	2.68070726560664	2.98444898235262	1.10329451725995	1.60215599002694	1.8703346361779	-0.0798374939761661	2.51954705905977	3.43696064663114	3.69074678695664	2.54037441274869	3.04532773976658
"283"	"MEGAHIT-MetaBAT2-S965.170"	0.316825591824417	-0.107502686590125	0.115201289417652	0.177698090354319	0.348782279504351	-0.156457773033499	-0.225845967094272	-0.291979415513885	0.56472589263197	0.574936800044165	-0.0308012847923411	0.000244081083663694	-0.0868269051805255	-0.101161214378123	0.507736448600935	-0.228009468191671	0.119887062025658	-0.0636353022790415	0.0375053112677159	0.17624269489353	-0.512992528630472	-1.01342826786009	0.441477707754509	-0.381088986136378	0.177965046630137	-0.0897124530890574	-0.326922407415887	-0.535165401650326	-0.150326860484109	-0.476240750363583	0.0961358365178393	-0.143069636584841	0.148161287860865	-0.459080819901938	-0.762497057146807	-1.41606131376093	-0.29539504458941	-0.0416244437069446	-0.0764198217602035	-1.1927874147693	-0.109299025281838	-0.321824770910127	-0.140995252514521	-2.43023199203987	0.460794842636197	0.0926131028241342	0.687027271790805	0.318590794861781	0.0548215216063079	0.518021088358749	0.380731823173384	0.0715121126239255	0.498148957589868	-0.14884395552811	0.494099612246777	0.0407840382423759	0.275900202064497	0.138018677616738	0.00862984248365528	0.481482527094641
"284"	"MEGAHIT-MetaBAT2-S965.5"	-0.440660833168662	0.385273615230879	0.204883160772879	0.200136685912823	-0.522611396743773	-0.234439994108784	-0.0937549431116986	0.61906018989244	-0.204836980797621	0.229676360496732	0.229402878896972	0.280802767722279	0.291971778744137	-0.707770845565507	0.0231537790523273	0.16569847123225	0.0306070624845942	0.452390969788036	0.316175298928949	-0.0566003704046079	0.462941504847517	0.280331460254779	0.972056589672386	0.0150061081979107	-1.10145496226049	-0.174631201979243	0.102165661435124	-0.138061005412817	0.608324964233447	0.624822407552811	0.408398924723866	0.0702772967791585	0.227017661286375	-0.420977768680263	-0.34824466980157	-0.392159760373271	0.742783660134005	0.347745273515329	0.140797383442261	0.061879301539971	-0.587153896266488	-1.37799766650345	-2.05694180985123	-20.8318990156093	0.224181415503225	0.00860359183965542	-0.238190224089299	-0.115406245383363	0.25042327351074	0.064890228745778	-0.000741417520794485	0.255210972626192	0.550982772499031	-0.304726923221407	0.479362959176408	-0.0274766360498351	-0.036101700922397	-0.109377003829741	0.326461153597716	0.145159682467475
"285"	"MEGAHIT-MetaBAT2-S966.102"	-0.945822397234241	-0.835251601167164	-0.762933439114452	0.255862833051537	-0.347323249702195	-0.824573595900974	-0.317832358032539	0.560602323478328	0.682492057418647	0.567430114425502	0.732482770370337	-0.452733010868167	0.434132901629602	-0.0527758484262097	0.916111053277396	-0.46469877878403	0.325803188294858	0.525285153075126	-0.234988560703369	0.12180868121257	-0.824474916401186	-0.356412834664035	0.236968690127136	-0.582298702419862	-0.852169752708233	-0.401894692635332	-0.287700407083297	-1.04634356494749	-0.427278164230509	-0.270100120713514	0.548071205608117	0.532632064853912	-0.90850456446927	0.468972396942426	-0.607033139066464	-1.40432772533591	0.689432720185451	0.340058739213613	-0.424180927811729	0.143264118077989	-1.66848410649046	-0.978564370271654	-0.601334429294131	-1.48088186317418	0.548813940191473	-0.561675579914596	0.246201426845714	1.05156792116741	0.860395489538041	-0.142915484214392	-0.365122429152801	0.809035515301907	-0.16409662663985	-0.476392509754604	0.385317916039988	-0.944951370111976	0.616039515581391	-0.643597235105442	0.0471992544385165	0.975208614278522
"286"	"MEGAHIT-MetaBAT2-S966.75"	-0.160300098439143	0.109781461339333	-0.303685876405108	-0.0763226439865177	0.162588447325872	-1.20936461568758	0.461147591110604	-0.171956587793903	0.22857856369649	-0.142669803536217	0.695919707214009	-0.32772421890556	0.621291292862659	-0.888778789434322	0.368184016246637	-0.191792244534515	-0.0922528617759779	0.0944386737666294	-0.519159132627787	-0.218502547623502	-0.813183748549447	0.18176924263311	0.720567794613848	-0.117301671394836	-0.172521639047069	-0.64133049569392	0.175453824932159	-0.283780301387551	0.229834794544225	0.269910175142249	-0.160623123183568	-0.671412431981139	-0.0912603940696775	0.240389051767627	-0.642353299544359	-0.458386769623422	-0.45746654392162	0.0306855233868477	0.0738530446462784	-0.121867973756093	-1.6331080278239	-0.582561812397826	-0.422451628973417	-0.620188380269618	0.917088763500685	-0.317817038693584	0.460028640236326	0.258806564119435	0.099168988882905	0.0525623166112119	-0.333209856714624	-0.178147097296304	-0.218065598140988	0.402578385546255	0.628975397766645	-0.369784244945321	0.499544452486149	0.0919684648962527	0.060139833280707	0.459446239219262
"287"	"MEGAHIT-MetaBAT2-S966.83"	2.78745926338124	0.753973338414025	4.34855124918276	1.10222645250385	2.15087568265638	0.850862356901439	1.40449201637875	1.05701278180524	2.12721604767625	4.16965825737119	3.6021008662367	1.54188580623373	-0.0174431515022269	1.8920355187017	-19.6513097485742	0.864518531941444	1.83160984877968	1.96007866748718	0.775581379005292	2.49515030064753	1.3796207496668	1.71386783048853	2.82695384326856	1.47576022787848	0.964397644901965	1.8126654745225	1.70031080274187	2.63098932550903	2.69040178721473	0.62873142336496	2.55911398148441	0.553258223458395	-0.464824831302509	3.96092561369558	2.20598824656867	1.25761431595899	0.966154530987658	1.67885743201207	2.11847953787432	0.0237790947191723	-19.6513097485742	0.877341559039382	0.917004147597704	-19.6513097485742	1.85848785205392	-19.6513097485742	2.29095988505643	0.0111447010042367	1.32018120072017	0.262544214928483	2.04431273367728	-19.6513097485742	3.32543369480949	2.6424871527918	3.31413326245953	2.53766869161729	3.40739465095034	-19.6513097485742	0.885244345863903	1.76945053828945
"288"	"MEGAHIT-MetaBAT2-S967.21"	-0.833551552521865	1.42735183748067	-0.0476812939567823	0.275896695801991	-1.3464666283116	-2.45763509032949	0.830662007525132	1.20847494523646	0.17779432449542	-0.531847947767551	-0.399409024771244	0.972008336267512	0.710751671700782	-1.48625522075594	1.24321120520813	1.20034553213776	-1.28408180334054	1.5314144590403	-0.0523442054606296	0.140377486964013	1.20778808233129	-0.661250112477576	0.0775471847772735	-2.1956220323704	-2.07593857849049	1.07116944514272	-0.749387967909475	-1.04980295889141	0.131249401933691	0.0754606466257295	1.475119727848	0.328804631920586	-1.24008042832653	0.0342294305073692	1.66261015789395	1.29633902010072	-0.350386471745126	-0.0764332439331268	-1.06832682987372	0.451279529526194	-1.54192238808802	-1.67543189078489	-0.799093671326594	-1.02189857372383	-0.7660308420876	0.203850260741397	-0.682275862177891	2.28916554666	2.78545522111456	-1.50840718539053	-0.0795902029186601	-0.401974316325023	-0.713671080155157	-0.714563560927331	-0.231131933752953	-0.0844036791871829	-0.56148232248731	0.365604218986496	-0.283256804618577	-0.61583350396081
"289"	"MEGAHIT-MetaBAT2-S967.229"	0.94715653647108	0.20342025687637	0.757907496975797	-0.0921081244798065	0.618647883047372	0.0380971317229966	0.202103952784317	0.208645726398339	0.118676374445801	0.261605253380873	0.405954740543657	0.187210600855513	-0.599161978478399	-1.09955355517808	0.123037820343638	0.337589058643196	0.760887857992205	0.172181004151292	0.227547869322996	0.503872856105299	0.203576084048901	-1.0391086213413	0.0510493040094477	0.181959575773903	0.477132781180878	-0.449535671854576	-0.01520812983052	0.277791561669555	-0.0220323190848699	-0.931685506680051	0.205665839621532	-0.382882754736114	-0.401983089653853	-0.451464149562277	-0.592590836637377	-0.329567847846346	-0.532572661158386	-0.728324555727822	0.198612856237705	-1.45332137228552	-1.23663109405958	-0.112354618902616	0.0348576054429737	-0.906143822742244	0.242516047520294	0.0980161250924816	-0.00180504367678758	0.202873006841334	0.0695661293144614	0.674839376375343	0.485895461755068	-0.0489126821983437	0.708716014932363	0.630460306797207	-0.570922251483897	0.142556280934214	0.147605494560223	0.0928362092041146	-0.0658374778949531	0.206780031002065
"290"	"MEGAHIT-MetaBAT2-S967.46"	-0.520435856183218	1.80983525995666	-0.999789235636247	2.02545462557453	0.6629547876306	-20.4986999099726	-0.144659002213967	1.95737633756861	0.799661570942237	0.821712031719486	0.855251385524064	1.46334136301183	0.8818389270212	-0.806576151906691	0.181702084892001	1.00490558793783	-0.120819530786564	1.4884533705773	0.200291845091229	0.837495851831547	-0.12698683102332	0.710547657649207	0.0781614451680914	-0.28625963016524	-20.4986999099726	0.412043603126886	1.03906055165135	-0.031586023540096	0.344808874082212	1.23092147641771	0.624104607891033	0.679004275809953	-0.921547614316487	1.18534366992337	2.00099109575522	0.0864677486207199	1.21374932388568	-0.288032108748612	-1.42011005743886	1.17271123126607	-20.4986999099726	-0.0714113449672986	1.002334810781	-0.102020802024585	0.776589049031187	-0.0429404585063873	0.181312698657746	0.645070945201205	0.809763236566	-0.837225777763403	0.353176045482	0.27185024862144	0.331329258377755	0.218408811805063	2.23023666534962	0.211711990149732	0.557049074202625	0.0798768386003239	0.727362232289837	0.807667917502779
"291"	"MEGAHIT-MetaBAT2-S968.115"	1.31307448263191	0.497775800745672	-0.437552022000837	1.52104423816874	0.300162957930394	1.11259195638414	-0.0757156475535075	0.749329445910847	1.8345908236	0.756145043383203	-0.252273720544108	-20.8746844567476	1.85945159618583	0.713848642483784	1.85988840180322	1.17397592174197	-0.420674445285793	2.48001537710451	2.2235316681196	-0.664590879253285	0.758328978180492	0.62277912616885	3.24162114291358	-0.890294993865355	-0.877235135910948	-20.8746844567476	1.99261403586404	-0.956264616351903	0.913426358130609	0.474219199809137	0.245474182205175	0.266996529767618	0.342305337000472	-1.97630179116228	2.47186669050022	1.243751369511	1.54415236434712	-0.84001480560636	-0.303359154952044	0.530450658195105	0.478106047349648	0.215476742517637	0.396309780982234	1.39023287737235	-0.0172969758919637	0.333451971927085	0.697392159049813	0.199064344787437	0.715712122991774	-1.04440861698355	1.13817468832486	0.893225245437624	-0.0250216134891161	-0.993412329282219	-1.44838469343035	2.44617814757444	1.29207294710346	1.36187186265457	-0.827648191800755	1.16103292429292
"292"	"MEGAHIT-MetaBAT2-S968.13"	-1.43605787137284	-0.662269221603594	-1.19056878195627	0.631597559693962	-0.222312862932056	-0.595337937999714	0.175140509014816	0.334641403291351	0.589893558951629	0.253666542026568	1.14994940451497	0.374826138406526	0.639481060564924	-0.226534650414264	0.824802063982184	0.106230948601877	-0.422969140049486	0.47188499111762	-0.778428253132961	0.211805095299991	-0.362052806579486	-0.176861766218583	-0.273780367590045	0.501104662238467	-1.69679884121596	-0.207255425254916	0.302683120242197	-1.10525315329275	0.133869390394744	-0.390472656653563	0.244139710827739	0.0654492724847282	-0.598454764243565	0.240286230706963	-0.623737399081417	-1.14338065029773	0.285820511991107	0.498567467974085	0.339863935775429	-0.52777510015656	-1.19000625509551	-0.860788467667672	-0.346485097291233	-1.59477719998264	0.455923206462306	-0.540307398183787	0.152360935609417	0.956397456462717	-0.173278088349766	0.131549155657058	-0.196134810824194	0.129189735964083	0.100282104793334	0.536862100661863	0.23775446520751	-0.823957347006417	0.278275819115165	-0.455379853987281	0.144044440789941	0.598275638928785
"293"	"MEGAHIT-MetaBAT2-S968.138"	1.58977479078564	0.189972245953421	0.628753104598026	0.359945458085157	0.346070138507293	0.546726427554631	0.312676636317866	0.52673627462746	-0.183281410471695	1.71944973882757	3.29799520973497	2.93837402010297	-1.57437514406947	2.15721138320621	0.986031846800252	0.373585417509751	0.755478853390084	0.587687013145301	-20.7985351847739	0.406207091684121	-0.165338586997406	3.228244129532	0.459632065252091	0.0340684570328058	0.128410220265256	-0.113016739162568	-1.34550508198757	0.58661902882266	0.802637348967243	1.0895446272511	1.06125600079884	-0.760340999213591	0.0482333129008063	0.205046888159775	0.800422860360374	2.88236674464133	0.112557699407639	3.09677578479191	0.293978910249421	0.695825132395629	0.401092433727507	-0.585577432789701	-0.0790401990234235	-20.7985351847739	-0.011774981167834	2.05143558775727	2.64683176583286	2.85259914619955	0.561983898100773	2.3683605318836	0.571990833122676	-20.7985351847739	-0.645838541556787	0.707044906393957	-0.141377679217291	-0.210348790174182	0.648111145281408	-0.219459766644544	0.527536362643835	1.13830069967025
"294"	"MEGAHIT-MetaBAT2-S968.143"	1.65502962971785	0.807252339970151	0.728994158354323	0.565865780071722	0.619222274262815	-0.13375481770676	-0.454148261612561	1.09263328090972	-0.0424538157637961	-1.45867899297407	-0.351813246470209	1.31541030481279	0.440551363661984	-20.9485076803174	0.295660532609982	0.656189136865233	0.210228687719128	1.63798193006129	0.273941305107309	0.852490878211972	1.46973630090403	-0.647196622984785	0.58487977522292	0.974948502944431	0.851410770933239	1.12389521061818	0.172413631786485	1.53439133148433	0.688801852306475	0.977714392401531	0.30574355069473	-0.417626496819294	-0.520782921013405	-1.14461055517503	0.24148856350467	2.01683567219734	-1.08203164388417	-0.458446879452255	-0.037352823190961	-0.69159608333799	-0.950048295460819	-0.229040378644452	-0.753291173019341	-20.9485076803174	0.158378951003463	0.368466481477006	0.613909049700119	0.704169596830148	1.07694495352248	0.865753449490344	1.13850865928517	0.128435697408796	0.498246442910615	1.1227146743467	0.827581804683883	-0.176645507734382	0.989510864270005	0.553844433334623	0.524085400156081	0.351482622527989
"295"	"MEGAHIT-MetaBAT2-S968.150"	3.76165991746878	1.11154943659158	4.17277054700318	4.83175403032494	-16.7621417988156	3.94429644517448	4.83431753050525	4.47418674723309	4.50866541952585	4.70637388432454	4.30021709357306	4.14781376882647	5.13125652175571	4.87517885081169	4.7611539926109	-16.7621417988156	1.12014423514368	4.43653475217439	4.07231677154303	4.25946550536574	2.23499247232354	-16.7621417988156	3.79565446033104	-16.7621417988156	2.38110999878942	2.32904675142462	2.73907126621223	2.76410538561509	4.56872418190454	-16.7621417988156	3.51846059325004	-16.7621417988156	0.783584696135508	2.04137285164855	-16.7621417988156	-16.7621417988156	-16.7621417988156	2.24692550610796	2.40826538479963	-16.7621417988156	-16.7621417988156	2.60338754217371	2.26981654460579	-16.7621417988156	3.01958746186946	3.40982781124443	3.49030439764557	4.04374676696861	3.33458266900034	2.9091474057463	3.1584540776039	3.64322994124663	4.50556315637727	2.96577114515506	2.91554756270488	3.38061263491188	3.93932143262705	3.7878938486681	4.08992442064457	3.56588204135054
"296"	"MEGAHIT-MetaBAT2-S968.154"	2.36021428254525	2.85882366082666	2.61938163866778	2.38395475325286	2.61082914632236	-18.1674955126893	2.5062769435667	2.89460821954749	2.74765183690441	1.7809471941594	2.98149223440368	1.96377340902899	2.34473280390291	-18.1674955126893	2.73232636290847	2.55102383735243	3.06274421689446	2.426726469484	2.21194243702313	2.97491624167861	2.77431012345191	1.56470293195993	3.10145187974475	2.4112661440137	1.88250754487035	-18.1674955126893	2.11987856595387	2.07157526794241	2.63373142254765	-18.1674955126893	2.66955167724167	2.94959721540666	2.22104226772136	-18.1674955126893	2.53756380882202	2.54964323602114	2.97130962564445	3.1133415482653	2.42475922437541	2.70102892106079	-18.1674955126893	2.1366939895703	2.52928234150906	1.68360491841104	2.56371838542729	-18.1674955126893	2.60201752760509	2.92296537032223	2.62131450987032	-18.1674955126893	1.46762507092981	2.55706571245155	2.92333026256024	2.82558938155302	2.24674733938618	-18.1674955126893	2.4440548845638	2.01073808078409	2.5919631599615	2.97330066807386
"297"	"MEGAHIT-MetaBAT2-S968.183"	11.5074623468816	12.0667648038537	-7.25155792606666	12.1153516594709	11.9776147556354	-7.25155792606666	13.1827500328683	13.1006082950917	12.1201250052003	12.3174887380461	-7.25155792606666	-7.25155792606666	-7.25155792606666	12.8382990318642	-7.25155792606666	12.2356081099079	-7.25155792606666	-7.25155792606666	-7.25155792606666	12.9410816393917	13.4799026490588	-7.25155792606666	12.2610421564898	-7.25155792606666	11.8383145001831	11.8513792287359	-7.25155792606666	-7.25155792606666	-7.25155792606666	-7.25155792606666	-7.25155792606666	-7.25155792606666	12.3152213822973	-7.25155792606666	-7.25155792606666	15.2400602575174	-7.25155792606666	12.9980874580554	-7.25155792606666	-7.25155792606666	-7.25155792606666	-7.25155792606666	-7.25155792606666	-7.25155792606666	-7.25155792606666	12.5320645436181	11.6827924052022	-7.25155792606666	-7.25155792606666	-7.25155792606666	13.2232878720546	-7.25155792606666	-7.25155792606666	-7.25155792606666	-7.25155792606666	12.1303591747866	-7.25155792606666	-7.25155792606666	-7.25155792606666	-7.25155792606666
"298"	"MEGAHIT-MetaBAT2-S968.197"	3.62468743307897	4.59809036037859	4.41535559146712	-16.3598987753477	-16.3598987753477	3.44791366994331	5.68333109843477	4.59580194894503	3.90568221959813	3.37510775304086	4.07963005114937	4.548915843014	-16.3598987753477	-16.3598987753477	-16.3598987753477	4.8012903864739	4.36341573464686	4.77118016646713	3.35101561086515	3.26825712600458	6.30882942067902	-16.3598987753477	5.50435310639807	4.66243878272292	3.2247999148363	6.05439870642914	-16.3598987753477	5.33159382883963	5.56041668981222	3.91550522440362	3.58367407441087	-16.3598987753477	3.49094715663774	4.28345145160897	5.29581424323384	6.02539429919412	5.70727869928137	5.59671823178459	4.38024440601178	-16.3598987753477	4.99340614982675	2.97537756181524	4.38115002624002	-16.3598987753477	5.27442466190613	4.26453394041688	-16.3598987753477	2.66700462073472	4.50403622534028	-16.3598987753477	4.53249397524556	3.09029019186866	4.64040946640242	3.36724604402201	2.57443965726123	4.88823029264116	5.91319637514731	4.5610272730267	3.89103139398652	5.94926972273833
"299"	"MEGAHIT-MetaBAT2-S968.229"	-1.37205417473114	-1.18636776741526	-0.433117261988666	0.629716437135722	-0.0706897597066689	-0.600907683547272	0.556391817296882	0.0430949968171896	0.597493783540515	0.121250242243212	0.777270355446429	0.0392491725084261	0.561542404741694	-0.474786187853935	0.713111310370129	-0.218853816811653	-0.392470981592053	0.074829302667661	-1.045832202411	0.216110134511848	-0.556371193822299	-0.00613641211350657	0.249783145525076	0.309669022393235	-1.71176975122065	-0.513787549210345	0.21554080403604	-1.44695228621671	0.292157116933579	-0.0242143717464538	0.58031649504165	-0.265044741052618	-0.93456911520773	-0.0141622688810568	-0.312613292329191	-0.104687264063832	0.303224681226698	0.704722078268504	-0.0176931244244249	-0.580792037292402	-1.2184314791553	-1.18150155107169	-0.547334429412463	-1.12048538911189	0.621536668017936	-0.582056212731729	0.580538745645926	0.910288262130616	-0.0448990613616917	-0.536493114078818	-0.231626930676233	0.150911243999531	-0.119783447531013	0.130068820915049	0.561335058387305	-0.471772790943674	0.457443336950965	-0.259379312488607	0.176829721444868	0.474571809609662
"300"	"MEGAHIT-MetaBAT2-S968.241"	0.524552290446182	0.596636834969856	0.575755592355831	0.137363318822569	-0.178126745708896	-0.34056109815119	0.016112908144251	0.250845402457206	0.341503095355369	0.193604575076549	0.365275841187076	0.250943339588334	0.264406006499349	-0.723271844250361	0.225265601681262	-0.432152478266699	-0.388580811414704	0.142393071737627	0.456889053041144	-0.120913598726577	0.640409256507132	-0.118181423076313	0.695974598541502	-0.524442589532325	-0.969476324040908	-0.507375087106155	0.199927869593235	0.507688894649629	0.889524726198872	1.46438712548726	0.373954989507325	-0.338196675222965	-0.214182149561692	-0.0434137195500295	-0.737074635929975	0.808697463491731	-0.470838333284124	0.312527629982031	0.0211306585685298	-1.59074020070023	-22.3753635517512	-0.591947001670824	-0.318070498139681	-2.1479045411331	0.00267748991751571	-0.0899302770428818	0.325285757006053	0.348354408241291	0.058944307980016	0.0597355141627816	0.0553152277354743	-0.508393650106422	0.162060962973603	-0.0663552369036857	0.90897818507012	0.735805861982656	0.622462923849151	-0.150149491961596	0.573124734665597	0.170043732466135
"301"	"MEGAHIT-MetaBAT2-S968.88"	0.318737823449771	-0.760426365621861	0.281483920143482	0.0865374764511646	0.398741156721431	0.356837260514979	0.277137306525579	0.0847171520204979	0.682833009362011	0.495716314905023	-0.0808359383723056	-0.374001722823941	0.103805555458436	-0.614143409844222	0.144587692809619	-0.421543628597315	0.0742624108609355	0.149741282113092	0.344658113082061	0.121245616237934	-0.113368116024498	0.233047302888787	0.200704138172472	0.0675738157800021	-0.281878660054792	-1.44861912517108	-0.0565278976920416	-1.58378588251563	0.266516799783588	0.471935475547341	0.589506217231339	-1.28671147203817	-1.32196147914134	-0.501534633962776	-1.91261971028181	-0.192994209672968	-0.362694332766226	0.0738717158291431	-1.25973902954751	-0.867757646353831	-0.482688170795667	-1.96180589011978	-1.2914944828497	-2.18548749205336	0.435947468412151	0.322654976458816	0.291922548431757	0.285205561016153	0.0985272087395828	0.257680693275818	0.885780826996709	0.281283769825375	0.481980831346649	0.0609352680070314	0.717633072651764	0.332491052139245	0.431051811416	0.530289060000214	0.502527170948573	0.38341214570156
"302"	"MEGAHIT-MetaBAT2-S969.165"	16.5710088663865	16.5520463687189	-2.94283198198334	16.2631198039048	16.4512673634969	-2.94283198198334	-2.94283198198334	-2.94283198198334	-2.94283198198334	-2.94283198198334	-2.94283198198334	-2.94283198198334	-2.94283198198334	-2.94283198198334	-2.94283198198334	-2.94283198198334	-2.94283198198334	-2.94283198198334	-2.94283198198334	-2.94283198198334	-2.94283198198334	-2.94283198198334	-2.94283198198334	-2.94283198198334	16.489726476442	-2.94283198198334	-2.94283198198334	-2.94283198198334	-2.94283198198334	-2.94283198198334	-2.94283198198334	-2.94283198198334	-2.94283198198334	-2.94283198198334	-2.94283198198334	-2.94283198198334	-2.94283198198334	-2.94283198198334	-2.94283198198334	-2.94283198198334	-2.94283198198334	16.6218049065607	-2.94283198198334	-2.94283198198334	-2.94283198198334	-2.94283198198334	-2.94283198198334	16.1921528911472	-2.94283198198334	16.1514429484235	-2.94283198198334	-2.94283198198334	-2.94283198198334	-2.94283198198334	-2.94283198198334	-2.94283198198334	-2.94283198198334	-2.94283198198334	-2.94283198198334	15.6152357909672
"303"	"MEGAHIT-MetaBAT2-S969.185"	-9.29450237115098	10.4732129123022	-9.29450237115098	10.2361407070781	-9.29450237115098	-9.29450237115098	-9.29450237115098	-9.29450237115098	11.4412690305357	10.3902303360001	-9.29450237115098	-9.29450237115098	11.2087720863702	11.2225658077227	-9.29450237115098	-9.29450237115098	-9.29450237115098	9.79018818871953	-9.29450237115098	-9.29450237115098	9.50176996167653	-9.29450237115098	10.6025883636378	10.1819145476742	-9.29450237115098	-9.29450237115098	10.1861108084001	-9.29450237115098	-9.29450237115098	-9.29450237115098	10.9836132009902	10.4844954860472	-9.29450237115098	10.9010019887472	-9.29450237115098	-9.29450237115098	11.8156111710272	10.7585890496949	9.81907416869848	-9.29450237115098	-9.29450237115098	-9.29450237115098	10.8176118424297	-9.29450237115098	9.52207832991721	-9.29450237115098	-9.29450237115098	11.1048046963421	11.2758624841243	-9.29450237115098	-9.29450237115098	10.8440329951007	-9.29450237115098	-9.29450237115098	10.9923811912824	10.4154145107393	-9.29450237115098	-9.29450237115098	-9.29450237115098	12.0186009808724
"304"	"MEGAHIT-MetaBAT2-S969.89"	0.439934506565231	0.746994426707559	-0.0482091857931284	0.810239197354473	0.0177483118942945	-0.481819795580342	0.230835717374372	0.633034361066619	0.0146742082945552	-1.88059329407916	-0.167435915424632	0.547823430048116	0.413843826847466	1.09817908260223	-0.153102867698733	0.357601396020608	-0.10303578287068	0.342816899204617	-0.626055616016083	-0.120775811168246	-1.24617398877711	0.123731537933216	-0.997201659512789	-0.556654004882567	-0.0365926982223286	0.582334114749305	-0.555107086601168	-0.122362918068316	0.21275218470263	0.570586341390455	0.0712420163204124	0.833607919003854	0.151784633168511	0.313435822279899	-0.125791806885196	-0.639083402459981	2.22315912696049	0.60441721950082	-0.126905331474237	0.502166036338552	-21.1304795595435	0.703927608572944	-0.206068946422259	-21.1304795595435	0.556984131659098	-0.13402243502116	0.941904396457065	0.513250623051302	0.66675567304659	0.671320060470884	0.0125773749228104	-0.245396455705199	0.994133343199392	0.293909761211657	0.584419924992636	0.14237369155736	0.691020609549095	-0.306537498528384	1.26935476888464	0.068185158815707
"305"	"MEGAHIT-MetaBAT2-S970.110"	0.367402224539232	1.56454043099876	0.293905652185138	1.40694745432699	-0.630473764972519	-1.15926895907341	0.145363729107291	0.582794305778276	0.194590487722792	0.295275523952822	0.522649273932027	0.88396337746814	2.02997235126739	-0.173909388791679	1.07797853739571	0.243787185388594	-1.05576119431143	-0.0374892478464108	-1.30598141902795	-0.540978893166729	0.897107001289445	1.49262669460192	0.184239262697771	-1.36123945673399	-0.370026879668501	-0.252308761666537	-0.246614345054302	0.0937810349229835	0.316269197854429	-0.263275452932451	0.754550129305575	1.92820054493262	0.312855251447476	-0.279966790123258	-0.272439460128448	0.245119014635283	1.20747175218625	2.008325155828	0.733852038332161	-0.140772236139515	-21.3378125787415	-0.363275051191849	-0.427161600529801	-1.92960935505978	0.133566549219349	-0.816414842245269	-0.813997611524088	0.35354119348539	-1.28221252376218	-0.845841069643005	-0.531857031797457	-0.84988547665423	-0.387503435457585	0.340417884809856	-0.744069187112033	-1.21059448969031	-0.682028520603895	-0.67500588862562	0.411353435784043	-0.39460089090793
"306"	"MEGAHIT-MetaBAT2-S970.119"	-0.519512460790807	-0.598339762302811	-0.383729535706913	0.924909951110845	-0.499353117697586	-0.692228556847359	-0.514140467635926	-0.437023444638322	1.0068284266012	0.499458187041486	0.083053581551165	0.279113295556367	0.437949433506875	0.484774477871006	1.07959170869568	-0.458650373645425	-0.790739302398516	0.293068879620846	-1.1077293663483	-0.0544760360078227	-1.1169346783719	0.402441132873694	-0.4012442037025	-1.23990769430145	-0.574222178755714	-0.0209473151870165	-0.0500932711098043	-0.578893207530895	-0.665341780483964	0.116545031403909	0.875482073476271	0.262166681547642	-0.387709838683683	-0.310714104961223	-0.45516765818543	-1.29043623829042	0.488779758494702	0.976631160143011	-0.750307111583894	0.773268492055315	-0.502125283597856	-0.438357386483451	-0.210855476381003	-1.2597274964477	0.659580430078172	-0.410403131854421	0.408455798294869	0.624018005245187	0.217188371312955	-0.474589415998281	-0.689016954500373	0.254076868638112	-0.0561320572860087	-0.435992909688134	0.237628003745945	-0.540521654921415	0.37196895136272	-0.435815788344011	0.0394474008290366	0.651362091360433
"307"	"MEGAHIT-MetaBAT2-S970.122"	-0.65050564171693	-0.283844683743999	-0.488303573108523	0.0158064590051197	0.0769523998009705	-0.482504966128205	0.0610637890895509	0.267947466690589	0.377089609668729	0.481162852897008	0.421620506260097	0.310819963483288	-0.224665318284878	-0.515839984596484	0.344341395859787	0.0641443628705023	0.363142218726779	0.292597935189815	-0.213413113997144	0.340548440332396	-0.0650255970692655	-0.494673543647171	0.0644283877737806	-0.245245887297834	-0.2177240316456	-0.444633098292285	-0.0818315257292026	-0.474183059568315	-0.120483129348078	-0.629958965633556	0.370446423316295	0.0235492108106286	-0.45591216980216	0.0220822807458356	-0.365901249317427	-0.946952502412054	0.285044880273615	0.608283391662444	-0.0369901636334342	-0.503378045392066	-1.38121702420667	-0.417297148312592	-0.0199924237471718	-1.0595053080121	0.208658452199685	-0.334450397063002	-0.00111645734853383	0.250703620898487	0.529027695901999	0.353697476776375	0.201870345475129	0.327790471007869	0.259172983629194	-0.0969191512410905	0.0516364797812461	-0.58007676389198	0.285276286403956	-0.23835397580053	-0.0406608880489072	0.612461646920076
"308"	"MEGAHIT-MetaBAT2-S970.191"	-1.18980028679244	-0.967846710002088	-1.00980439998454	0.709013903356543	-0.541235211518241	-0.728806207193267	-0.10689284072052	0.192889292177238	0.386664557696391	0.276132055265953	0.953766673681745	0.1075433987691	0.436854630949361	-0.334084877977585	1.16849900000352	-0.100550116001817	-0.483309899145045	0.189819176324657	-0.814908247040956	0.149247870642883	-0.583227388691559	-0.0846185441460152	-0.228667906306903	0.0132919967464087	-1.57406992802425	-0.259884340434557	0.31055298701809	-1.28346861239169	0.0287779677306306	-0.226699489248275	0.369599083416095	0.208800033846483	-0.255450055244386	0.4305426426084	-0.38704404144259	-1.11982868603893	0.616423977639319	0.804398372903284	0.272956078379633	-0.344588651191336	-0.905275194398336	-0.830635832356647	-0.344823974622313	-0.284734987183028	0.433327636558833	-0.659981767008436	0.946067648554089	1.19765888943362	-0.135517607139876	-0.0874153899005012	-0.458673108363466	0.265708488800289	-0.0672898037499561	0.0350275968029852	0.36113338495578	-0.695719277940482	0.153273639920753	-0.567109822688937	0.180818666290546	0.44912686017584
"309"	"MEGAHIT-MetaBAT2-S970.199"	2.61326803446542	1.95559935701227	-16.5709409335842	3.64829656060079	4.74465019926886	3.59159499999553	3.24307600181575	3.57192110464935	3.83366929224265	4.74623596874565	5.00495943502095	4.19233071536199	2.65265193766539	3.12536784758713	4.54420567585808	3.01516444261552	2.57418953020971	4.26030369641266	3.08082323110174	3.88246761995369	3.87377048949416	-16.5709409335842	3.07357767944317	3.5483711135196	-16.5709409335842	-16.5709409335842	-16.5709409335842	-16.5709409335842	4.94778274631195	-16.5709409335842	3.4204038520573	-16.5709409335842	3.5573689788633	0.656341734264422	-16.5709409335842	3.30460859949785	-16.5709409335842	3.87279010291414	4.31243717454624	3.50611438834381	3.83017571126809	1.6647518215461	-16.5709409335842	3.49028917064789	4.38685487707144	2.36013858829275	4.82654255489681	4.82846750579154	2.9736678661908	4.97509758982215	4.13066964448674	3.82659314810152	5.60644026882651	4.99510268360671	3.20521314389449	2.65588110175262	4.10923511362134	-16.5709409335842	4.13960230137324	5.03409016823205
"310"	"MEGAHIT-MetaBAT2-S970.211"	-1.13088379634453	-0.75400365149127	-0.648995995771734	0.247439718471877	-0.206437246527915	0.105111037802275	0.0894632678357565	0.240208694589895	0.567964067343027	0.768398153346715	0.944509662966005	-0.16608845201807	0.357941868415027	-0.412929183415676	0.561980188348051	0.227967333444709	0.0786301327721359	0.156695380228079	-0.645679084027138	0.173159342719013	-0.723667771326014	-0.706935568586333	0.599380251804322	-0.312096886486863	-0.80766270984113	-0.353785805876349	-0.0258496709148242	-0.753938259052657	0.332617980841096	-0.236067384336391	1.00409639755413	0.158732058147285	-1.2106894569618	-0.353798546318131	-0.0292282699450634	-1.68733851127622	0.178024152921845	-0.0341315317438147	-0.0430989166929345	-0.30487937705615	-1.24412477747106	-0.714878814358682	0.226814012024588	-1.79763882107776	0.099963490625063	-0.458676937821918	-0.183876799253707	0.476691067105908	0.326594843861243	-0.321669378924276	0.180691638482585	0.590743756690337	-0.000204281304622356	-0.0653466831101985	-0.170710317463317	-0.130041252155223	0.37489098988635	0.252963658646	-0.0109798839282043	0.760386945933853
"311"	"MEGAHIT-MetaBAT2-S970.215"	-0.709221297006344	-0.472635154885974	-0.588564576864916	0.0866728645479276	-0.774081908819625	-0.825009639938115	-0.34742645686555	0.633189131665143	0.621585914779859	0.244306665831943	0.421196531225641	0.367163162503519	0.556269477652426	0.180762009930731	1.56435984625715	-0.292994830861644	-0.18981246901024	1.22125869020021	-0.530833447169635	-0.0530197834933492	-0.311040666617385	-0.511309010834794	-0.355905532878772	-0.37400863669949	-0.804767856446449	-0.680512446471705	-0.122753402751139	-0.601744352884273	-0.261901712942676	-0.102515074556411	0.290061166289231	0.105988505231343	-0.479304139943734	1.03813207995278	-0.540225933049482	-0.853072525362473	0.602996612579594	0.696405572685457	-0.279979749812436	-0.119419260986767	-1.19605728188308	-0.743775858873104	-0.224762642961909	-22.766114973515	0.399563077690577	-0.394329442559831	1.10003145845555	0.564063710728011	1.16993637999983	0.0239006722901562	-0.365500915829852	0.345768758974216	-0.0497416566950957	-0.370052965082555	1.1489535372619	-0.246505806286557	0.442256764364937	-0.077094126897066	0.210339298817427	0.794766765721632
"312"	"MEGAHIT-MetaBAT2-S970.241"	-0.57953830535275	-0.0567627046107715	-0.436580755737001	0.902114917617868	-0.507795622575969	-0.531306598279324	-0.462747270902632	-0.0540534804916568	0.946414039758781	-0.20051178745335	-0.101483300477513	0.54059173600927	0.964146105330505	0.205496253301796	0.505143130000992	-0.891004385692921	-1.4433856965086	0.189048520102487	-0.693861411243399	-0.673184002312852	-0.0966783994665033	0.746733454125283	0.426926214413062	-0.928320320480466	-1.91354637847272	-0.927766584388774	-0.230592783701598	-0.883165222985967	-0.294355079650389	0.850612942871453	0.655738058998971	0.407458421504443	-0.512726526093879	-0.219669619669565	-0.192473956551216	0.111360477502616	0.571842789026758	1.09306282225976	-0.352221796488318	0.517379528199506	-0.610038079194315	-2.59545106038598	-1.09803909804968	-1.12469052196869	0.180690412053839	-0.563580528649964	0.0757596572758112	0.915522590140307	-0.163186331834836	-0.758585747532795	-0.192920232406515	-0.40845448996705	-0.101846337605621	-1.13774676754784	1.03115279721245	-0.829796727203457	0.453331358406558	-0.118466388867266	0.658037621740051	0.740204505032182
"313"	"MEGAHIT-MetaBAT2-S970.243"	0.61975459926396	0.480947837810037	-0.277022278781422	1.68438455249389	-0.161964881738491	-19.5258760049817	0.738147587587143	1.28187271797212	1.522844404933	0.775399647669211	0.670041074611018	0.971755300023302	2.26124554279616	0.557221853076705	2.63711686424792	1.16855815956722	0.233237508165395	1.64745772241556	-19.5258760049817	-0.0285392589359521	1.1509580522999	0.679365563409957	0.991487244406945	-0.277249014356093	-0.0417646194190651	0.2825531875149	0.227874217953056	1.22082742781261	1.06865798649645	0.810911081970046	0.939750548959659	0.98368155074174	0.192178238215002	0.245140495560856	0.140695380925726	0.614181095481429	1.69468218163301	2.78858889952229	0.575229942014475	0.841302811444471	0.170820804710125	0.946470113095393	0.696659182648031	-19.5258760049817	0.556225670826514	-0.355565332718872	0.843413709885628	0.131524819318257	0.976538561315046	-19.5258760049817	0.133409434840701	0.184401141889219	0.891498838801614	-0.374068409881136	2.71732575032435	0.476451105385567	1.6113226133105	1.04270055140345	1.83809943000136	1.04088254799776
"314"	"MEGAHIT-MetaBAT2-S970.51"	1.72927346240523	0.881224231798084	0.75706141644828	2.39293359235465	1.25713345140714	-0.0379392287945493	-0.52272711513733	-0.479936862329569	-0.379258637111877	0.301926696776071	0.895979492304888	-0.00398484906431751	-0.215306616506719	-21.2653111190187	-0.314666937527499	0.10423812111825	0.226062522455949	0.411112204968373	0.578545256682282	0.232050809452777	0.829487308342422	0.105672533087865	0.068863481684776	0.267955820883022	0.218287155713522	-0.112432467292731	0.41943881915679	1.12617313469555	-0.146550483083623	-0.0456317138974622	0.0933269674996682	0.500306862885893	0.776984590094099	0.2725039305118	0.00731045047261336	1.26987108007447	0.966884544079711	0.743053020827694	0.0818977553484306	-0.532991464935491	-1.03853694238297	0.560024363150879	0.771722052960934	-1.61298176798705	-0.085006237095512	0.427188390275017	1.12679873295983	0.475300277244419	0.0755681601629785	1.21045701211052	0.79025275850435	-0.852767131166313	0.453766558389654	0.437232830121784	-0.213646472324288	-0.0636486084803245	-0.0987442785999413	-0.165401904379174	-0.411843778378757	0.301065753828323
"315"	"MEGAHIT-MetaBAT2-S971.10"	0.430439611229755	0.520962163641209	-0.157573735348483	0.426001143607903	0.455184451526383	0.0953138593348415	-0.167102520284336	-0.187225300192597	0.801332639529536	0.23625194463532	-0.054601528729556	0.269871842474465	0.51775486549819	-0.250929010503897	-0.0629066255248585	-0.484896851591357	0.124657819371969	-0.237602552313284	-0.966010823885486	-0.145150257877936	0.264515600468536	0.150366589997864	1.45440406622803	-1.13389486616302	-1.6290174766538	-0.609044648438687	0.267735817763394	-0.520836792417434	0.666769262051122	-0.938687961837101	-0.0239295456050623	0.564055438642943	-0.316481145612922	-0.332473610839278	-1.09257378614205	-1.95661850160924	0.0810460163759181	0.423159014848671	0.901349458356779	-0.500299291977813	-1.1730550347697	0.424680190163967	0.59926028702115	-1.46089482507183	0.171525336702627	-0.716271267061717	0.0365853658159372	0.256436843694905	-0.519537235207621	0.518441896164067	-0.121286729625179	-0.49235985268602	0.138035810357056	-0.131869380574622	-0.302083369233948	-0.450166595808565	0.357645884192988	0.0642684810542598	0.116054287787359	0.437248094516774
"316"	"MEGAHIT-MetaBAT2-S971.164"	-6.76793851644295	12.5510776409347	-6.76793851644295	13.7203806868624	-6.76793851644295	-6.76793851644295	-6.76793851644295	12.918555192375	-6.76793851644295	13.0173352228233	-6.76793851644295	-6.76793851644295	13.2249318034346	13.4041765216829	-6.76793851644295	12.4126889549801	12.5666543088126	-6.76793851644295	-6.76793851644295	11.2995038840919	-6.76793851644295	-6.76793851644295	-6.76793851644295	-6.76793851644295	11.8804916455939	13.6383071140874	-6.76793851644295	-6.76793851644295	-6.76793851644295	-6.76793851644295	-6.76793851644295	12.471962129225	-6.76793851644295	-6.76793851644295	-6.76793851644295	-6.76793851644295	-6.76793851644295	13.1485080328485	-6.76793851644295	-6.76793851644295	-6.76793851644295	12.6102866946583	12.9924048861571	-6.76793851644295	-6.76793851644295	-6.76793851644295	-6.76793851644295	-6.76793851644295	-6.76793851644295	-6.76793851644295	-6.76793851644295	14.1867794351695	12.0066511529327	-6.76793851644295	-6.76793851644295	-6.76793851644295	13.8773265751989	-6.76793851644295	12.1383494865534	13.3973792754797
"317"	"MEGAHIT-MetaBAT2-S971.50"	0.6641429314638	1.2150597100228	0.228522405724308	-0.138757818101623	0.592522038784002	-1.16690888116929	0.162063539876913	0.493313934955694	-0.0216801744268436	0.411205478216456	0.726378390120372	0.758164873795616	-0.0343020543466528	-1.44592981214454	-0.488588507864852	0.666941195708636	0.232124684974131	-0.511297893245334	-0.0534910398615223	0.38613774344607	0.149228870118418	-1.19332390619815	0.615280620942848	-0.0455687888803435	0.660637611434677	-0.309618935743278	-0.561042883316331	0.754925048765938	0.369532588791559	0.14699203059042	0.0248312480736965	0.0271465913197897	0.0119001764198989	-0.104296845911081	-0.26175718212196	0.563835918412498	-0.198451437394215	-0.336317497812769	-0.166802226060272	-0.470348651781189	-21.3024785074132	-0.0960897559550533	-0.283538080908639	-1.59182324757168	0.413864754849916	-0.138261165094797	0.443660602784667	0.157534331403334	0.159410830635643	0.266958924179809	0.118410666081997	0.0263547816095393	0.815519122315199	0.314863393784713	0.354687021352304	0.207514100548159	0.291894406350079	0.0652693270291547	0.692668733885915	0.534549038332741
"318"	"MEGAHIT-MetaBAT2-S972.107"	0.778074998172598	-19.8384223633244	1.90667300451749	1.50633097039089	-0.627777878182716	-19.8384223633244	1.03906582883356	0.549412746142441	2.39465729577961	1.75484075128318	1.86785976871496	0.0923362907386798	1.88188569972623	1.23001159855002	2.05066540742281	1.3321116004198	1.2234627125928	1.37858457530616	0.033253494918144	-19.8384223633244	0.513451687841547	0.962269132215532	3.02040148267065	0.528296297149003	-19.8384223633244	1.47912671827416	1.33138077764197	0.982621875618322	1.77678309857636	1.66325865221424	1.95962950027266	1.16669139662277	1.46634566895383	0.628621086117295	0.466406824852661	-0.151985503659353	1.34066231321837	1.4149190787198	0.829163951908184	3.91615400655746	1.91939045534485	-19.8384223633244	-0.37151842309164	-0.0381212776229249	1.42872884650389	1.83071022691122	0.619508949360743	1.27781518777918	2.02713907486758	1.2354779872013	1.58175060269708	1.31642721340858	1.17878281186352	0.212643388204564	0.707202942163143	0.499167166139991	0.969706593991459	2.05019445001167	0.938044146643013	1.14660336374016
"319"	"MEGAHIT-MetaBAT2-S972.108"	4.10368541391992	3.28938907706894	3.83695111645915	4.63652563883987	3.95365441272381	-17.0218312111339	3.30059761471994	4.12502089869557	-17.0218312111339	2.7029356079367	2.89936885279479	5.24110084036527	-17.0218312111339	-17.0218312111339	2.1126354092549	3.26715752235803	5.56892824198217	-17.0218312111339	3.8098770839945	2.85643187744588	4.23092017786167	3.08506264469572	4.41047986252081	2.50988869581658	-17.0218312111339	3.66901803133129	2.92083800150752	-17.0218312111339	3.92113977308272	4.76210145944279	4.76341315228164	3.915675054709	2.3768035068781	-17.0218312111339	3.92764748879076	3.57055069845281	2.1475533487676	2.97815582944905	2.87238599409293	4.72481889596851	-17.0218312111339	-17.0218312111339	2.04708833609851	-17.0218312111339	3.41012081313524	3.75424582053804	2.52897877356213	2.90188079211088	2.94657816872346	5.85182672448408	-17.0218312111339	3.36708203810109	5.68120227626321	5.43810204559528	3.45662077613791	-17.0218312111339	2.51290963335927	2.8030593574952	4.76470422651763	3.31042442513877
"320"	"MEGAHIT-MetaBAT2-S972.40"	-1.65077966181158	-0.86720592289943	-0.716895552601878	0.500048893426574	-0.824675675011022	0.137247115330842	-0.0167435702306387	0.395966925977542	0.456760897518936	0.132487961918802	0.31451290201462	-0.17487777833523	0.311054597733939	-0.0043903935449201	0.550610582427227	-0.0997739115385325	-0.38599820469988	0.245793236635007	-1.03476583318437	0.285149948547256	-0.556842209332034	0.292602566891944	0.196490302015656	-0.120658594193539	-2.02967681584131	0.340212832363058	0.131869223161559	-1.50474367984804	0.429062648050083	-0.583943236326695	0.610322581687751	-0.0101674861005767	-0.103473779915048	-0.109848588783467	-0.00585002511310151	-1.58368266894793	0.147969128243687	0.55951209841488	0.907341356916048	-0.338300547107272	-0.655389690438237	-0.879166111048805	-0.811067690530752	-1.56028912124768	0.50740442630682	-0.267545746457617	-0.113412109151598	0.674042122478186	-0.197950374540744	-0.342884037814099	-0.590160705632158	0.710526615980891	0.707761067270474	0.224367364869241	0.633385459448483	-0.422386922458124	0.85960550766975	-0.250637747875571	0.977918187789117	0.2987656485276
"321"	"MEGAHIT-MetaBAT2-S972.52"	-8.71339814147312	10.9139539392986	-8.71339814147312	-8.71339814147312	-8.71339814147312	-8.71339814147312	10.8134697563827	-8.71339814147312	-8.71339814147312	13.588664943085	-8.71339814147312	-8.71339814147312	-8.71339814147312	-8.71339814147312	11.2631663870578	-8.71339814147312	-8.71339814147312	-8.71339814147312	-8.71339814147312	-8.71339814147312	-8.71339814147312	14.53991460614	-8.71339814147312	-8.71339814147312	10.2662067595203	11.571801099544	-8.71339814147312	-8.71339814147312	-8.71339814147312	13.464928167243	11.590825734693	11.7009781698059	-8.71339814147312	-8.71339814147312	11.4012166225731	-8.71339814147312	-8.71339814147312	13.4319655481158	11.6004002698218	14.0514900206551	10.4523698868591	11.0548492764929	-8.71339814147312	11.3326889348991	-8.71339814147312	-8.71339814147312	10.9324530502743	9.73999579883321	-8.71339814147312	10.9842161871053	-8.71339814147312	-8.71339814147312	10.5394892304308	-8.71339814147312	-8.71339814147312	11.3455445413689	12.3399632749895	12.7488077959738	12.3102544101439	-8.71339814147312
"322"	"MEGAHIT-MetaBAT2-S972.76"	-0.242021596740085	-0.927740415647072	-0.421206044886152	1.61829528265548	-0.465405316549504	-0.654944622217637	-0.45966997501684	-1.22863682843145	0.0953392801129436	0.253588682124189	-0.595946392771594	-0.0809295597094213	1.04959265828999	0.309793993137105	1.2659840761218	-0.892525515009181	-0.525649322361563	0.0327847979842089	-0.439859395577053	-0.228651402042327	-0.216023953840112	1.70063124103012	0.0776521555248406	-0.235883735980362	-0.857587179521765	-2.39567902491694	0.185198901677954	-1.02535437218562	0.94273838459107	-0.268209236161187	0.0417775437356225	-0.68803795996681	-0.997373362746458	-0.424870696949374	-0.589334191087481	-0.67341120888098	-0.0753017593570062	1.26486602863802	-0.327804620097857	2.11610944901973	-0.475960565266519	-1.05002609601162	-0.763175527305591	-1.69485413729484	0.992175263721939	-0.25459819343057	0.3306095464162	1.05370536556673	-0.305255710721284	-0.612554579511321	-0.713882843037905	0.71881979812912	-0.72062104463723	-0.206968291749558	1.64868515818994	-0.346551200776676	-0.850857067317993	-0.261425011865517	0.00795149334774514	-0.137540279604012
"323"	"MEGAHIT-MetaBAT2-S973.125"	0.0232082105677094	-1.29392234175396	-1.07594701031538	-0.076708036806326	-0.213234582471921	-0.922003949355783	0.759886980637209	0.668975624927919	-0.155998577872371	0.484560648751741	0.280550782053016	0.69560801151373	0.647464395048055	-1.10214553432191	0.149518472761744	0.189476762784396	0.339700477985611	0.345807047865114	-0.264294826261672	0.337313776255006	0.499597228743303	-0.837292475510581	-1.16353235018927	0.274059084955593	-0.468799400985123	0.246147661923049	0.709812234788883	0.201404144413331	0.725305050379096	-0.455908832685502	0.400325746033436	-0.420550881156995	-0.760070662530992	0.482182135852999	-0.274010469156276	0.158727535182649	-0.253971057046119	0.211237460163372	-0.228421427050018	-0.477890887736624	-0.84960023533017	-2.98576982145113	-2.09609453514514	-1.1329597260031	0.875653560470295	0.32641073653996	0.50564397914153	-0.0707374127526945	0.983599245698791	-0.86912267652958	0.0150345052899388	0.325271362054455	-0.172098542437505	-0.0849607711949529	0.596456891415964	0.377138366929361	1.15057421451008	-0.330488331874317	0.48203204937105	-0.0577557418344687
"324"	"MEGAHIT-MetaBAT2-S973.168"	0.954219579988589	1.09467357440348	0.772638457040683	1.80608283610745	0.704117870460125	-19.1328759920646	0.878663770591687	1.33578160729704	1.86197914478863	2.51467496985074	1.27597311285567	1.1033230199335	0.256988091528061	1.88593421424094	-0.0253510781168931	0.488271598601325	0.601205746034093	1.43087601832838	-19.1328759920646	1.15049096980938	1.54426805146889	3.60262891583119	1.27349108167903	0.91377639651598	-19.1328759920646	0.235920853140219	0.269968207405408	-19.1328759920646	1.24854405234508	1.74303007509326	0.19544954460869	1.22416075046518	0.763977430562481	0.891031982214996	1.85305716415684	0.500506726171118	1.1572419932173	0.922272700075508	1.0892669257326	2.84507465301214	1.04220049030897	0.59757004439417	0.890910351469154	-19.1328759920646	1.37172081974339	0.521242284782923	0.388984553081109	1.28354695892443	-0.565783746660995	-0.208427328920092	-0.136000847296116	-0.266371819379861	0.425884941595596	-0.273711309408555	1.76192501141263	2.02832136946387	0.137048277696513	2.89555955697287	-0.323010101379814	0.913365105849929
"325"	"MEGAHIT-MetaBAT2-S973.204"	3.42164188457161	4.29088845692223	2.87575714839301	3.25088818234961	-16.4807040916807	3.55857959536327	5.52850137302944	4.44777846294263	4.45108910742016	5.23651479920566	-16.4807040916807	5.24963196140628	4.9661873316481	2.14526206159823	-16.4807040916807	4.22575503711453	-16.4807040916807	5.26077427127774	2.41388951177255	2.34567779993293	4.03881942552193	5.82096880665552	3.13458274794357	1.67793823090532	3.82889930084551	2.79642944390284	-16.4807040916807	4.77918854032758	3.67651932028764	5.46330500763993	3.06744786459966	4.15714234402094	-16.4807040916807	2.01575308166726	4.60815391209541	5.95077569999449	4.66145063447295	6.01519088909288	2.29178480319285	4.92323422318855	4.25729907138349	-16.4807040916807	3.9505265454118	3.93657767857224	3.18305260012128	4.65862021671776	-16.4807040916807	-16.4807040916807	3.91023386297067	-16.4807040916807	3.74437552230198	-16.4807040916807	-16.4807040916807	2.89259573525911	6.4436056501491	6.47759956063329	3.84790977041487	5.6656978025364	4.34575557790629	4.37791294328753
"326"	"MEGAHIT-MetaBAT2-S973.217"	7.42949209981253	-12.4522905177346	-12.4522905177346	-12.4522905177346	7.45096884338302	-12.4522905177346	7.78386610404611	-12.4522905177346	7.92686793341406	7.5257094280492	7.8004304932859	8.32925930845874	6.33784276764045	-12.4522905177346	7.40840882673492	6.38498922424268	-12.4522905177346	-12.4522905177346	7.0113174937051	-12.4522905177346	7.05424124827053	9.29946272663323	7.57691434331974	-12.4522905177346	-12.4522905177346	-12.4522905177346	7.09430602331231	-12.4522905177346	8.25018547249806	8.79532802501426	-12.4522905177346	-12.4522905177346	-12.4522905177346	7.17920361875885	-12.4522905177346	7.39310053971602	7.72124046092216	8.10080969571789	-12.4522905177346	9.62947417542446	8.24070224053191	6.17504067624356	6.18550092032356	-12.4522905177346	-12.4522905177346	6.74277597746414	-12.4522905177346	7.26504071164269	-12.4522905177346	7.57571985007099	8.00104703596076	-12.4522905177346	8.03021237986713	7.11127879660115	9.17108358278658	-12.4522905177346	6.82228678908168	7.59198479328442	-12.4522905177346	7.27725452575411
"327"	"MEGAHIT-MetaBAT2-S973.219"	-0.295822373122944	-0.347794282820031	0.0480085576058862	0.386784239737627	-0.117084223056481	-0.435333006631705	-0.0285608358475669	-0.0734492913547111	0.487467840027686	0.0993968737718349	0.10215218114589	0.162690542129847	0.420838006001996	-0.0934837351104978	0.87413369805359	-0.263273174030702	-0.0539391669857157	0.10068925895616	-0.405756720575988	-0.0119167347186799	-0.326905922187015	0.473576254409205	-0.0103669072529309	-0.475276045475267	-0.485175502637012	-0.0982643243833383	-0.12140950485547	-0.525621292044349	-0.144894618433034	0.179852464379785	0.514248232471662	-0.000369534210007849	-0.905669248550494	-0.469474417790423	-0.420727241244069	-0.845989602743432	0.193951158271952	0.359778096754388	-0.303600941519425	0.524770346835873	-0.498422762752231	-0.844843683551196	-0.513414918473451	-1.10443533324509	0.358365041841179	-0.137459056265454	-0.0187167634879399	0.133535762912302	0.0458593841280477	-0.216817189213795	-0.159736704787707	-0.0458729492267755	-0.00263091326147169	-0.176147660973442	0.117250897428665	-0.0502966553712758	0.203372740118572	-0.067455244651967	0.060602385578834	0.160525455234971
"328"	"MEGAHIT-MetaBAT2-S973.238"	-17.8976306768486	2.53207899785848	-17.8976306768486	1.74247941149254	-17.8976306768486	-17.8976306768486	1.42538937958415	1.5993986871496	3.119313936009	2.12971650836687	2.96391964172598	1.48460173849198	1.7193550269959	-17.8976306768486	1.44741776527322	3.3083563598034	1.03667734807405	3.14629843537339	-0.500531000458471	2.48301590619591	2.5514603074117	2.22930761064254	4.12334087775358	1.66157923928157	1.84928178285611	3.0432664580052	3.02218727174382	1.8342111227797	2.64961377745181	-17.8976306768486	2.86495007144924	3.56261815677815	2.84943247947604	1.51920832977417	1.52413106978981	1.68678046238769	1.52019657958257	1.9302349766195	2.15465597880572	3.37398583359202	-17.8976306768486	1.87679148457596	2.4181518960149	2.3512062594352	4.15630137348326	3.59039701670078	3.16124781688714	2.35809560035653	3.15290045591113	1.0434503296888	2.63977181703717	-17.8976306768486	0.926411806028161	1.1298709574111	3.37921153259301	2.96141583057696	1.88825187718323	2.69379701421338	1.65294926708928	2.96205117786822
"329"	"MEGAHIT-MetaBAT2-S973.28"	0.558219223078722	-0.931917321162439	-0.281913876686164	-0.263433595353363	0.898234003821998	-0.331618412878329	1.02780418099139	-0.0809321651010588	0.709197106062194	0.595146059258445	-0.0785444482950783	0.737388898659896	-0.320732434502425	-2.36174976824234	0.186331889377779	0.399815572737214	0.799187066023409	-0.604689878393442	-0.134415425302077	0.590523424663824	-0.0922491228477069	-0.591011651816905	-0.0258151825837603	0.394840233422679	0.578840416123948	-0.670353028034121	-0.0884883937434591	-0.233824786848445	0.147347764150248	0.378577771250087	0.130613282898629	-0.91719545053294	-0.916611580374765	-1.09549813668422	-0.922686888060792	-0.399962902912815	-0.28627836451966	0.222657515608593	0.422815626953605	-1.16024547949524	-1.53528918494983	-0.25974454325988	-0.304914961710304	-2.8848446044174	0.048288900939589	-0.599422730275935	-0.336919256693127	0.18678084462201	-0.243482544490807	0.586925906114098	0.318964530531658	0.248660114091366	0.642816889716629	0.179632905236028	0.439691614623934	-0.0833399695185539	1.12401647793698	0.120084169647274	0.284131939607387	0.318923150948163
"330"	"MEGAHIT-MetaBAT2-S973.44"	-13.9903218014677	7.56506993531809	-13.9903218014677	7.24026532279644	5.50180465361347	5.62277700680672	-13.9903218014677	-13.9903218014677	7.14447341672146	6.17236883696175	6.23480718757412	4.54425669488602	6.77140146261905	6.68477579281741	7.11472362178763	4.91387864775794	-13.9903218014677	-13.9903218014677	-13.9903218014677	-13.9903218014677	-13.9903218014677	8.69640341495651	5.91574713510251	-13.9903218014677	-13.9903218014677	6.76501241821241	-13.9903218014677	5.91721909506103	-13.9903218014677	9.19181909052932	8.144002648336	6.01330086501639	-13.9903218014677	6.291710029076	7.23679151272569	-13.9903218014677	5.26093347092094	7.08697988339518	-13.9903218014677	-13.9903218014677	-13.9903218014677	-13.9903218014677	5.21825760514626	-13.9903218014677	6.25498057178159	5.73265782589605	7.3893742386342	6.27290193673953	5.84815355136514	6.49006389335432	6.61879907744975	-13.9903218014677	6.14688297618302	-13.9903218014677	7.40415487042936	7.57582800144716	6.39643019358893	-13.9903218014677	6.03948592502263	5.25430591736077
"331"	"MEGAHIT-MetaBAT2-S973.81"	4.33435242044602	4.67809016231802	5.370938589681	-15.0397168531672	5.29688988702631	-15.0397168531672	4.72997492990494	5.49888033425323	3.97654319165309	-15.0397168531672	-15.0397168531672	-15.0397168531672	6.39622591695281	-15.0397168531672	6.64772413812563	5.28637767185913	4.74640301302623	-15.0397168531672	5.28497536221942	5.81316839276991	6.1314396046487	4.61529630671078	4.8950252078218	5.54129365026268	-15.0397168531672	-15.0397168531672	5.09895824156512	-15.0397168531672	5.59854919392628	6.75706755522043	5.40252646765219	5.63161515206176	-15.0397168531672	6.58577154107891	4.94927336557022	-15.0397168531672	-15.0397168531672	6.243709952248	-15.0397168531672	5.30075604169598	-15.0397168531672	-15.0397168531672	4.19353244162108	4.51085780247739	3.8967236760194	3.50639408871714	6.59892572972437	5.1087548866535	4.29196873285354	5.4491477836163	-15.0397168531672	5.96153316593749	5.0728434089323	5.42010712094871	6.62030824377418	5.963518145049	6.2609102854846	-15.0397168531672	6.44345438776655	6.32311124402708
"332"	"MEGAHIT-MetaBAT2-S973.86"	0.825791665950859	0.166198821838556	1.05409660250697	-0.807957024335981	1.56756800457728	-19.8980191681072	1.4214850090267	0.53624362229917	0.245457117655633	1.75596230592902	1.89233978784405	1.24972212248182	-19.8980191681072	1.66451704149669	0.753598217867757	-0.143390756212438	0.653113891327965	0.00892696227657641	1.98185416660009	0.670238616023513	1.40332796836671	2.92578320375648	2.03388908434457	0.653163436636651	-19.8980191681072	-0.342085008703064	2.01414205962069	1.0966375864125	1.84940755568429	2.82089562042912	2.733047132506	-0.481385082849424	-0.691656217416191	-0.61934564475353	0.768109724061126	0.508920490566318	0.995363183448563	0.916859376925562	-1.84501909639138	2.35817223586285	1.61334817587887	-1.03659109592964	-0.697448881672767	-0.119907761072662	2.0905810019309	1.90882342555146	0.901686206841277	0.103492884055549	1.41344758157495	-0.982795271547166	1.49580717948739	0.0667180924638435	0.326023654928087	-0.154292905112571	-0.545623964535284	1.65937069407351	1.359448255844	1.54938892560709	1.33090511821596	1.05131265079609
"333"	"MEGAHIT-MetaBAT2-S974.62"	-0.81998172452773	-0.992136081955024	0.502100989483767	-0.857681755032753	1.10926421953912	0.485333170478426	0.875506458737311	0.315968816615857	0.411208557008693	0.874625919296902	0.399871166871766	0.163075692657446	-0.0401014191986553	-0.2723190411141	0.470838812480658	0.750384998334627	1.79139843851774	0.114828449734657	-0.230854247179241	0.517545116484811	0.721916095427591	-1.56080648657358	0.899097945408655	1.1911747970257	0.693130530585155	0.101459495162585	-1.37957008303568	-0.54908658228115	0.673551780894733	-0.376585017315366	1.09284347810447	-0.37872804972554	-0.36654730115292	-1.32178039131231	-0.175268467839278	-1.27618894449732	-0.920968819610164	-0.522050976797523	0.755316380310495	-0.839016317156672	-21.8653285797002	0.782298712938548	0.744958666521696	-21.8653285797002	-0.21747174268466	-0.400583553742716	-1.11504823597341	-0.255582548602892	0.386194084051086	1.45320798481752	1.8932939825819	0.157862218712147	1.61669291116661	1.4134009037822	-0.448631819834474	0.579342077998976	0.938287171875914	1.46733818361875	-0.228535180923822	1.51966416502521
"334"	"MEGAHIT-MetaBAT2-S974.91"	0.115981099250007	0.109534352148807	0.274431414567119	-0.441554843093073	0.894397518224388	0.308248519608894	0.421983346563953	0.145206217851676	0.517234294401366	0.419577249121145	-0.0518752579499688	-0.396420818165184	-0.307531648974087	-0.797314121214612	0.34148020158542	0.332240288055425	0.321701228158229	-0.272377214105401	-0.230755497143762	0.494442680809814	0.242117338802029	-1.1691437673005	0.390550723047355	0.285762524668062	-0.042021198025342	-0.462159217782583	-0.185884486360598	-0.105336751724651	0.229935359197705	-0.536103490947611	0.0575896235957991	-0.196430618111878	-0.508578657558814	-0.349454553043451	-0.530486766907504	-0.617488996870726	-0.347695437043364	-0.216375283294194	0.782292949839743	-0.999058119336439	-1.7230228409308	0.459572747991271	0.71882680113728	-1.90562392111658	0.256114020942593	-0.353185219231466	-0.133008955572681	-0.0313429204526994	-0.143409621834368	0.348472931126389	0.889275129656169	0.0068454234837434	0.797988251901795	0.0419437279118871	-0.462827592872431	-0.358799505015786	0.433310636780301	0.323590551323093	-0.347296868804855	0.6199126224769
"335"	"MEGAHIT-MetaBAT2-S974.98"	1.88397639360062	3.71328761393394	0.823797928874059	1.5364949764537	2.28604380089672	2.27986545955818	0.899164038775126	1.56633352989225	2.31152205316458	2.28452180768217	1.51616056589087	2.85052307302169	1.90599592772727	1.37411204824395	1.37216038410893	1.41543205327777	2.06442063168027	0.366632680971954	-0.0021642999612288	1.02018563702706	1.05974298498886	0.870591760031315	2.11880825718522	1.5857119775261	-19.6111012214143	1.31063192827623	1.49668963115089	2.67347568985795	1.57553556986463	-19.6111012214143	1.93521319898802	1.55346952604975	1.90081934791064	-19.6111012214143	0.658654552165996	-19.6111012214143	0.379655103217397	2.96294763140157	1.15624932817764	-19.6111012214143	1.59150056528164	3.28276081054505	1.65323262982134	0.52067405438735	2.0274767994015	0.955154943701379	2.16940790374847	2.07065955561889	1.10405086933279	1.48886794817018	1.15623733354435	0.60612367058382	1.64053471683658	0.557648479062935	0.298319830232338	0.942837186526565	2.35149712665508	2.22390201601003	0.996775763804286	2.24398773247621
"336"	"MEGAHIT-MetaBAT2-S975.132"	-0.910464466885274	-0.851157067049207	-0.378110524582609	0.946816390363897	-0.248222627049702	-0.572050448951359	0.294842696765609	0.0464022870257619	0.532505104956811	0.711081749770888	0.433125904223468	-0.450060327918333	0.46055440393694	-0.185273406676294	0.378642725425816	-0.440162870900831	0.0871007421540817	0.250624515665084	-0.441210594593272	-0.262179465140654	-0.779802449706602	-0.521267494005314	0.448557886778349	-0.366570095190101	-1.06256844549461	-0.416212404639378	-0.455255248040813	-1.23237872542079	-0.328674619298506	-0.421346903642161	0.555221002270091	0.822425030707667	-0.971833291776183	0.281598918788586	-0.557176254256106	-1.58390742595166	1.3121102557996	-0.12183887950933	-0.231966228084172	-0.373691492606334	-0.59388947668729	-1.01003196191935	-0.424232092068525	-1.24327720507848	0.655952370224326	0.236559560050615	0.116810450553107	0.539015139839564	0.550710495495591	-0.0986674338843123	-0.0382674124317344	1.14129764187022	-0.0182892413452898	-0.379858958245588	0.0173025288817703	-0.473524420271297	0.454918835786694	-0.300635015825789	0.0888719318737827	0.592773639354193
"337"	"MEGAHIT-MetaBAT2-S975.14"	-0.0274077735464235	0.250022159566624	-0.220575114424585	-0.311202882889741	0.262735387451395	0.00889913345275506	-0.291979614601109	0.641342501568425	0.344548680891366	-0.126256986077624	0.13483564959438	0.141891002932786	-0.222985697072519	-0.741617686914935	0.0768260454280858	-0.331521138984135	0.542079220468045	0.000923196403635806	0.120217781688244	1.31016596058949	0.0855611077268108	-0.249984820417168	0.35270422939663	-0.324077523750779	0.748872108894342	-0.463199162093593	-0.475649288509879	-0.20338751175055	0.0262527629036038	-0.0414832038096824	0.313828664387581	-0.210611036178069	-0.469527303198423	-0.712127782292956	-0.87159979455426	-0.849273326974051	-0.408760055666801	-0.243831460429091	0.105369499210417	-0.572972161408814	-1.3331389894429	0.445384006524939	-0.0207948235910393	-1.13255689378794	0.14649000633935	-0.163810499802647	-0.198463707761714	-0.000511898801081045	-0.170476443119256	1.18704168893639	0.188677362663008	-0.134055001068869	1.28387919888564	0.625251253473474	-0.152251898398909	-0.16606287625907	-0.292760732589563	-0.264045020915225	0.189232090080019	0.405623638773962
"338"	"MEGAHIT-MetaBAT2-S975.160"	-17.4702505254109	1.57022659744811	-17.4702505254109	1.79939214273265	-17.4702505254109	-17.4702505254109	1.28477378093445	3.76682543496289	1.69430119546602	1.58400061833368	2.42366392821648	2.261258458	2.82924650756518	2.24639769280623	2.19421744183902	3.3657072760994	1.63448993740069	1.94150907550758	-17.4702505254109	3.63732000300535	2.30517376759305	1.9297095711066	3.72012340508955	2.3531035528392	-17.4702505254109	2.50333074466349	1.74227328695674	1.52261278786883	3.72220235887633	2.57754665280658	3.12899523286252	3.53596146183126	2.75398593147743	2.31905619852955	2.57045240734698	2.34642906566337	3.88894291435962	2.53006108417322	2.58357067991006	2.649331929153	-17.4702505254109	2.1650538264001	2.28914627268933	-17.4702505254109	3.58252926987379	1.63973063604328	2.64261500278121	2.88441145424122	1.85720178183323	-17.4702505254109	2.7773330853607	1.66814529688704	2.58547975379079	1.6105928010973	2.33069242688928	-17.4702505254109	2.46737894371831	1.29177085396866	2.06319204307924	1.36831427183187
"339"	"MEGAHIT-MetaBAT2-S975.180"	-0.505332945712748	-0.367757466390208	-0.288603419285534	0.328890231166705	-0.948516255403375	-0.775771162955247	-0.0980837365951981	0.0437414354091432	0.261726190257853	0.345267564384133	0.368205764852322	0.14176054926216	0.117801935526811	-0.698431464884988	0.350740418606132	-0.310489751467666	-0.00487029781913773	0.11556091790745	-0.202103892467438	-0.173625598316138	0.0182731660043043	0.010275725474397	0.472545740532338	-0.0625316937830487	-1.24032805451151	-0.305266015488185	0.763560605204557	-0.166763416055466	-0.0409119350337628	0.315616124929599	0.565842196425133	0.314881546744696	-0.255731475522203	0.153237590339734	-0.0132144739210451	0.107420520004544	0.969212307112709	0.367059771167366	0.00751040038900808	0.194955144179018	-1.47269056225085	-0.404370833146625	-0.611993636454933	-1.68897779867665	0.102715465949649	-0.616420993525484	-0.010396979977668	0.126974247453114	-0.144532905992311	-0.41982379892088	0.074938820189459	-0.372745055169699	-0.0744067166746305	-0.0996604441470419	0.503486590268098	-0.265009001100349	0.0561756755003531	-0.403460595614683	-0.197811882130156	0.420761348971633
"340"	"MEGAHIT-MetaBAT2-S976.157"	-0.64715856272475	-0.915170940359055	-0.963201762058902	1.2374434892296	-1.10566005746658	-2.18052548573126	-0.383719125492198	-0.825289424267169	1.60769513999463	1.23736728961525	0.711011430439278	0.296940957484542	2.32463205949525	0.220784623667322	0.867677235818607	-1.22652863442959	0.505724825791564	-0.430319692099786	-1.14251685561628	-1.72324440915376	-0.872282299942476	1.15087388655336	-0.262219704834702	-1.60483958435527	-1.14441370219521	-1.26195830925415	0.0155918652089548	-0.710756020461187	-0.94070453698331	0.443274485322296	0.737595325967982	1.26832552662126	-1.79766825481363	-0.782038348172132	-0.782622806058784	-0.891680490076069	0.014099799467882	0.94116343200877	-1.94655344716971	1.79358065544384	-0.534642153550822	-2.10873558216416	-1.32387087245425	-0.779153183607706	0.37676255084251	0.0633733642207197	0.207809415079629	0.0687477141602875	0.0346495174626336	-0.599110827587491	-0.013107542312409	0.728653287186734	-0.26819289328287	-0.664214650760969	0.954649198180808	0.238304124966771	-0.218308559564703	0.137988894983874	0.466283130528808	0.559466564647062
"341"	"MEGAHIT-MetaBAT2-S976.24"	-0.657145589904578	0.0254620292749568	-0.680807715985257	-1.06038960581646	0.387446147442601	-0.394770366916465	0.280012893937331	0.31691618556067	0.826057448166714	0.180122531984496	-1.26837504230319	-0.494463916108275	-0.388468582274606	-2.55647766153926	-0.649735278867638	0.0392032688635657	-0.0989491648113825	1.67716129928733	-0.780491281850218	-0.0632546025753324	-0.726612833324	1.08049372582435	0.120106004102766	-0.165769502367225	-0.222610239794654	-0.310669663598949	1.1686647921929	-0.64239179493601	0.449592037970549	0.487830401643426	0.263334954716044	0.803415675554377	-0.352610556468198	-0.888066964667492	0.839361939037638	-1.29427545186148	1.87207712740901	1.26500222758031	-1.05729475926275	-0.613456529331748	-0.90565003318379	-0.139981218760353	0.405932253106399	0.202850319068264	0.336803720959319	-0.942983034643834	-0.175843151093659	-0.821700752798102	1.1443019719079	-0.199784058363615	0.0203806798076567	0.540008848159805	-1.43426596549361	-1.00823304600739	1.4843467972628	-0.531550010003627	0.0796297488085091	0.478455212198007	0.849514052275027	0.134472195115181
"342"	"MEGAHIT-MetaBAT2-S976.28"	0.145329358876142	0.633539078181678	1.06359421357121	-1.08929961674732	-1.40990499326885	-0.555871763114738	1.27556315387647	0.556617016950161	-0.0867019486796137	-0.344816813920314	-0.834330858093066	1.02980205861552	-0.0466031618681191	-1.15385998794188	-1.08691029667948	0.513076792811565	0.794587966494005	0.0436039232688694	-0.2963965690722	0.229445148867107	1.24080726550125	0.610389434444306	-0.637584879352278	0.601349829040063	-1.78227337121909	-0.436030198304957	-1.54495657367578	0.843676467193605	0.748407694840022	2.24099201038843	0.59640096138325	-0.557100553994837	-2.7994756755979	-0.670872173270534	0.707762999788315	1.50825083760342	-0.32869176673889	0.970589483905082	0.142606013654155	1.3265270706084	-0.14785914324116	-1.68153962340028	-1.74769260362496	-0.833816669387765	-0.720087901960689	-0.857608571847971	-1.19944252045317	-1.20793558148385	0.605216108330482	-2.46464269336855	1.01822596037856	0.0602509970694758	-0.555236709309371	-0.00272372064057169	0.994993014528393	1.10729495335905	0.404327366214312	1.23155944094755	0.49786772207896	0.0360446014638773
"343"	"MEGAHIT-MetaBAT2-S976.34"	0.376574847833427	-0.20685910339092	-0.343625351991052	0.780133792329833	0.222343671975191	0.208877080351355	1.10430167162892	-0.425518630351916	0.430109975084829	0.459104288998444	-0.0346289522761811	0.0364294262930462	1.17639393006877	0.227873565691196	0.770749067790775	-1.01363542567013	-0.446700492965299	-0.377086666871503	-0.237685086343538	-0.699013625749561	-0.236601115645236	1.58888019986936	0.333460590203405	-0.851928062282797	-0.813448851761288	-1.08693849244985	-0.568994849554842	-0.486523611787885	0.0644783718863469	0.366571634930996	0.797391907562926	-0.512927297476048	-1.41310165025625	-0.816141653989935	-0.320341772428343	-0.619138133217391	-0.0529480066369024	0.221971889324757	-0.69387045815123	0.680093248663723	-0.125197896466229	-1.60703394222976	-1.06810223048922	-22.0064457757413	0.556796023520806	0.942185429327929	0.289470842227518	-0.241941453609032	-0.00571584644586665	-0.389835916468525	1.12746730314368	-0.383020432708787	0.0625354383193155	-0.540086160222227	0.310411289169814	0.410703374963436	0.489143803165243	0.595426414965853	0.217381515814786	0.477229253422951
"344"	"MEGAHIT-MetaBAT2-S978.143"	0.355452397907637	0.276431689171937	-0.176694399998842	0.759661699328677	0.352996147403927	-19.9812010009435	1.68936886000145	0.482335044077854	-0.428461450232646	1.70279531836768	0.297617965465127	0.165006027271796	0.254353064643661	1.5497695806036	-0.422483695702993	0.137922033140097	-0.523611728304548	0.521732457382748	0.660951523336514	-0.230703739421634	0.455232851898791	0.790402237279161	0.784410753985487	0.861180317851059	0.41904540562239	0.973149679152133	0.409837847653897	0.587456049331574	0.773128043908398	1.27598845221665	0.444022309469327	0.962948583874286	-0.0118166526373198	0.858439291302892	0.508434404588768	0.925692644875411	0.393698271043148	0.402903867607262	-0.449110913462595	0.809269626813239	-19.9812010009435	-19.9812010009435	0.190966604035174	-0.411804648436775	3.08547177555865	1.32814772161862	2.22265122544817	1.22471235133944	0.902947115633998	-0.524052639757637	0.361538612203777	-0.616857559723989	-0.240568389526204	0.491103978097672	0.960606910879419	0.0183444671491548	0.683575954014183	-0.724042010138017	1.33038755313265	-0.978436019535446
"345"	"MEGAHIT-MetaBAT2-S978.150"	-1.6018164524687	-1.03314575377275	-1.34418401080007	1.42433311711058	-0.992084957312531	-0.51166262196738	-0.290080760712049	-0.150496551441589	0.910822831438904	0.688146977806169	0.79194262474679	-0.0699537047082055	0.999405429738889	0.639961924114194	1.67791768736546	-0.326793108831043	-0.676963872010003	0.469144058536739	-1.03071770562335	0.0534988910665559	-0.955088373266733	0.0827561553752911	-0.303119941414579	-0.351219510729337	-1.38585453971566	-0.154510709089226	-0.0134063931507962	-1.59494563744305	-0.0879576067402654	-0.717382345059037	0.71580335349507	0.945050801597635	-0.449883357265383	0.561322778472425	-0.662662777040073	-1.9798410844296	0.750837951311068	1.01962520267418	0.0755943444473566	-0.385475414229236	-1.00373194679544	-1.09551560115657	-0.55283565412503	-0.977745397440019	0.98958353231621	-0.429723024546377	0.111038091790056	0.743401255101254	-0.00312462502911526	-0.264476521780348	-0.722815922007486	0.69470983352926	-0.110102109542711	-0.203974550143153	0.167933755950767	-0.796558119055634	-0.00113780042665557	-0.610845198651941	0.19361969607498	0.763826759253553
"346"	"MEGAHIT-MetaBAT2-S978.92"	-0.389657067956344	-0.573445014506818	-0.00244565542518504	0.808953111988068	-1.27504793418393	-0.473069198918635	0.320694897036341	-0.463219147639905	0.710993116246567	0.231913621911806	0.509778430815524	0.0843146923107323	0.585840735520086	0.933132574441231	-0.528975420368286	-0.970763008994036	-0.205348811860747	0.539629841954441	-0.249268885793905	-1.71009277522587	0.13486825013896	1.13414563034357	1.03964054773663	-0.267215991559176	-2.90763662606009	-0.992958551012185	0.0615631221138848	-0.894249937088369	0.787237309913321	1.20297779248738	0.428927538373213	-0.913113084085723	-1.78805330317354	-1.43339730466273	0.357649706720493	-0.263357867116625	-0.0544303473801406	-0.328985307359241	-3.29530516739194	0.792150112185312	-0.948726161663799	-2.49980040935968	-1.62205635450356	-1.51905933956755	0.827287453191554	0.412003658010949	1.24804668945503	-0.239743292027141	-0.0576699044624656	0.404895157990634	-0.0362917002783529	0.310177210207521	-1.02506003133277	-1.45762127010746	1.21027985667927	0.613080612734822	0.609307266390008	0.825036302454978	0.646637716661213	0.89793435414855
"347"	"MEGAHIT-MetaBAT2-S979.51"	0.849000593975961	0.55036853795023	0.171599796594933	0.219738138386491	0.512975906201791	-0.703694954684164	0.59541885061324	0.623692138316602	0.249076672724406	0.2255966057403	0.109417192045876	0.25570081662187	-0.333678755561976	-1.50584665119083	0.603085753892078	0.382719347681114	0.741314970404375	0.427690945073902	0.460323191929687	0.464680560496626	0.399973869457389	-1.47027902250358	0.537861535858506	0.276491262074607	0.282069739020627	-0.745365859055656	-0.18380953111266	0.977458332676457	0.654846327359607	-0.848875995578292	0.323537262687999	-0.00526996734189478	0.440137037098276	-0.293825558947837	-1.23720267238907	0.17722297017848	-0.0471032813089272	-0.041264303359994	0.207327793841086	-1.32678778482649	-1.05303664546418	-0.154182049297571	-1.42615354414137	-22.3347645207447	-0.0817101066475425	0.408985428843627	-0.138496119617846	-0.136348379903954	0.18977814401569	0.770787026580747	0.349588065939749	-0.198698630075222	1.14740240965499	0.48360993884843	-0.280924798697957	0.0679146885086643	0.343150802415759	-0.134938184616796	0.545460040211165	0.317502858691659
"348"	"MEGAHIT-MetaBAT2-S979.62"	1.06156607742141	0.513052083525037	0.307018632839771	-0.190495150487786	0.595493149217172	-1.04971968024387	0.806117519958365	0.325333349271717	-0.122282647510612	0.221913753293067	-0.639981723831761	0.75404067021536	-0.723007998819959	-2.09659852015929	0.311377959753004	-0.207746258670583	1.04540287705843	0.210123607406555	0.670918203055705	0.614353221889801	0.630269179464467	-0.974273619046561	-0.155848319297307	-0.111390438070432	0.335936073705809	-0.124592816506316	-0.185435818784576	0.910407267458152	0.478912887680397	-0.47369757072813	0.244866844332798	0.183681006666667	0.585136713017206	-0.241684492638797	-0.708842937169506	0.219885252642825	-0.513837841266037	-0.321186170406481	0.502056504165227	-0.964388980724673	-1.72538933812308	0.224571422055077	-0.66636408727879	-22.6927321118649	0.109718597323629	0.35307237523761	0.166432701616396	-0.16899885143837	0.592146181289117	0.882413693879759	-0.0114656839520046	0.924720327832163	1.33822341651405	0.612349633798359	0.159552778846204	0.471629471949176	0.390339523911688	0.0182285315249295	-0.42078157157227	-0.0386698938534762
"349"	"MEGAHIT-MetaBAT2-S979.94"	-0.391201061845694	-0.300933135849031	-0.26363722530785	0.336725213119835	-0.0366676748904888	-0.65882840312374	0.354082257324291	-0.040654134320067	0.39862567251504	0.510057408632134	0.344705714273614	0.0344914297254322	-0.201328198734994	-0.593403210743112	0.353773726350683	-0.600768852302354	-0.0137035095179163	0.870957264528884	-0.264081027773178	-0.161290549418442	-0.239167480123412	-0.27133104544593	0.0490294027857798	-0.334582104095078	-1.37660528379704	-0.36076569601056	-0.0888445705679608	-0.460406625535233	0.180741776348203	-0.549032384364759	0.664745628178917	0.0133713412092824	-0.942892244068863	-0.233876744571717	-0.54617913158231	-0.342483121115126	-0.155959386934617	0.333540513983806	-0.436940371026957	-0.698758369241653	-0.968958983196564	-1.08830233467383	-1.24027822059625	-1.72585447930751	0.433106644287899	0.522209419787656	1.03218944956125	0.226345459745882	0.573285014751401	-0.147810742699739	0.0223701304619679	1.05910639862316	0.247714075658832	-0.0913307873608735	0.399820726678865	0.39677450118668	0.0772244318555781	-0.325330623826937	0.177642082498947	0.167995539002743
"350"	"MEGAHIT-MetaBAT2-S980.126"	0.452962339513769	0.772106846529695	0.656709942032008	0.809260934735732	0.683634654454139	-20.6599875660003	1.67456022152621	-1.11823113941938	0.803737571956727	1.4125097006058	1.90359224396557	1.23695598392283	0.564459019201716	1.40665777560914	-0.291722445526766	0.58827026806311	0.840828615722696	1.49684205226988	0.714036015604781	-20.6599875660003	0.0528854297817256	2.3763097939881	1.09483757701574	-20.6599875660003	-0.354639927507819	0.920782300234872	0.2085782587445	-0.448837343607885	0.969320837304431	1.44821679820038	1.77451888982677	1.26032765467904	-1.22382183051482	-0.399501924256858	0.864221893483797	0.762721530623723	1.04816319228254	0.971628580977009	0.451227397756971	0.731589466206517	0.34640267419663	-0.764550787086177	-0.799746544820531	-0.937694755728185	1.054184828941	2.33972143252949	2.16790982277629	0.482067929324764	0.609852497368536	-1.35597495771452	1.68768813686733	0.74990469041358	-0.11168796000155	-1.19488296755955	1.33358239707118	0.0494962359402518	1.82618637356944	1.98710041877771	1.09430064964407	1.03880997468517
"351"	"MEGAHIT-MetaBAT2-S980.201"	18.6312819316832	-1.06321164281508	-1.06321164281508	-1.06321164281508	-1.06321164281508	-1.06321164281508	-1.06321164281508	18.2181485611775	-1.06321164281508	18.8321637018356	-1.06321164281508	-1.06321164281508	-1.06321164281508	-1.06321164281508	-1.06321164281508	-1.06321164281508	-1.06321164281508	-1.06321164281508	-1.06321164281508	-1.06321164281508	-1.06321164281508	-1.06321164281508	-1.06321164281508	-1.06321164281508	-1.06321164281508	-1.06321164281508	-1.06321164281508	-1.06321164281508	-1.06321164281508	-1.06321164281508	-1.06321164281508	-1.06321164281508	-1.06321164281508	-1.06321164281508	-1.06321164281508	-1.06321164281508	-1.06321164281508	-1.06321164281508	-1.06321164281508	-1.06321164281508	-1.06321164281508	-1.06321164281508	-1.06321164281508	-1.06321164281508	-1.06321164281508	-1.06321164281508	-1.06321164281508	-1.06321164281508	-1.06321164281508	-1.06321164281508	-1.06321164281508	-1.06321164281508	-1.06321164281508	-1.06321164281508	-1.06321164281508	-1.06321164281508	-1.06321164281508	-1.06321164281508	-1.06321164281508	-1.06321164281508
"352"	"MEGAHIT-MetaBAT2-S980.38"	0.793680897743498	1.79071897273687	1.72402139927314	0.880675639273381	0.43540680773934	-0.249914895851059	1.99899386295348	2.18596702786973	1.31622906035405	1.07186624252407	-0.171838979980541	0.874867982596636	1.28425436586109	-0.176803579999333	0.652927170129423	0.839474561301457	0.380627289609354	2.08126418448635	2.02727653593478	-2.16999370397792	1.46800084555071	0.997356088493846	0.977486248641042	0.891180445920672	-20.0472413165739	-0.442226986670557	0.371103929030306	1.59073485917147	1.26211242510017	0.916429923505635	1.73905468499623	1.28318372316836	-0.621740746579919	-20.0472413165739	0.720598033615696	2.52567362647914	1.32273168931481	-0.779353700764544	1.78456091588893	0.346059894027934	-0.386317827903858	-0.634654758792207	-20.0472413165739	0.0595077722267838	1.74202674315742	1.71409357708192	2.50660371655934	1.35772694364297	1.81177909237118	0.933316104174357	0.881137394079533	-0.257322472684439	0.419837386715599	-20.0472413165739	2.00061970743136	2.0491979446943	1.08499066990082	1.50927281595876	0.787539539027237	1.00969383739079
"353"	"MEGAHIT-MetaBAT2-S980.41"	-2.86131427602721	-1.62274421669667	-0.987713771949085	0.898556734964135	-0.886042519680469	-21.2538267402245	-0.14105366929554	-1.28888386763031	1.49646575954059	1.99069075354382	0.932565285525984	1.11243198997474	1.19239565676991	0.292397627480385	1.37369638906034	0.307673463165962	-0.170324557860815	0.386674369205401	0.762018214394085	1.19607038573603	-1.3168433962661	1.76098136514342	-0.187317381361011	0.709918929864364	-1.58216363331719	-0.415327486712896	2.53575739679434	-0.903648636367064	0.167595041927074	-0.731595057422747	0.902184804443703	1.27676919267211	-0.263100064206556	0.141643868371504	-0.479860694201206	-1.61296108697914	0.768699105608075	-0.247694897114266	-0.318107547233252	0.240779626461267	-21.2538267402245	-0.0418692274868215	0.699045537271803	-21.2538267402245	0.256240697566888	0.0535167478789083	3.11749220340919	2.8693090071765	-0.039066908661086	0.968438918840189	1.18200033587712	1.56929612698912	1.42489539865993	0.0304501479107557	-0.242084986696813	-0.592502618083009	0.462531016456567	0.198218162090189	0.428387951806115	1.17969348137548
"354"	"MEGAHIT-MetaBAT2-S980.86"	-1.04966058408454	-0.266897839639428	-0.945615609573498	0.550292389731361	-0.39020767604833	-2.49697184027286	-0.255449761158808	-0.372768660539632	0.0987079868181677	0.606428858749041	1.03183533768442	0.418254466985826	0.827442661947796	0.0474781713145376	1.34363718916546	-0.15046071400327	-0.123102882040282	0.00657984021268465	0.603722853276758	0.088814626206501	0.108786410513843	0.368550095695322	0.452972123453863	0.306616051742713	-0.339325102760233	-0.247398369096327	-0.271485769418031	-0.703193741567619	-0.016989892777393	-0.855682577607916	0.507567575437304	0.346102017885679	-0.172469161411405	-0.391762925080461	-0.785606914435344	-0.714312889156655	0.274603042427484	0.236959488665351	-0.085579381648107	-0.214016915057478	-2.00972105541561	-0.362481030465283	-0.119295912473665	-22.3604977775091	0.102368491349318	-0.783679666752321	2.7519645941948	1.57341563123335	-0.317767483775796	-0.0500814611170677	-0.0262912545671794	1.11606690028966	0.179934344857831	-0.0208260268523688	-0.744699549588479	-0.32789434247107	-0.0792757216398119	-0.191923954688021	-0.0541616690851114	0.734404545141872
"355"	"MEGAHIT-MetaBAT2-S981.125"	-0.353894285659576	-0.628678752609799	-0.193831851013234	0.957491764830434	-0.56988017850256	-1.23963733507901	-0.063991102928564	0.195281232217003	-0.360574469885123	-0.681902650192329	-0.535957812400852	0.566495844916157	0.216314057220463	-0.793003408358279	0.751318354626524	-0.987508703152985	-0.914494903578857	0.196646802483543	-0.456673669618484	-0.544634768877916	0.0544080154498747	0.825097161791438	-0.0299459375782511	-0.880682657065917	-1.12759515591769	-0.759827671601069	-0.215753594749526	-0.27000939949967	0.39433302411888	0.629921852806533	0.240638308377371	-0.707964718642951	-0.864344275337252	-0.776754755780781	-0.283224807848495	0.110888112414675	-0.425394110476265	2.6007615072644	-0.523856702611643	1.8287934130496	-0.0312087210115104	-1.23455702452751	-1.12525234896042	-0.602527143775053	1.62602186876314	-0.450403657432924	2.0886591741987	2.1508620003147	-0.0823320260557665	-1.1227630286072	-0.693457216454035	-0.33739866771471	-0.32006286780104	-0.714153552064167	0.994387938610748	-0.0480983083776794	-0.227232459671558	-0.608312906554683	0.494053171778909	-1.08932413597098
"356"	"MEGAHIT-MetaBAT2-S981.151"	1.33998860983906	0.532349886172311	-17.6507408771027	2.77778030934748	2.23460059205437	-17.6507408771027	1.90821836755592	2.65170348836769	1.92053546366936	2.62440741207837	2.87623384536278	3.29841945295168	3.17230361635792	-17.6507408771027	1.23325895284619	2.59478823172183	2.24618489646679	2.68398323067574	2.45452352335427	3.28978234791219	3.05909906155487	2.73443317671536	2.92277875619947	-17.6507408771027	3.68454815485203	3.58805531104945	2.66796631234072	2.6355028018413	3.17013712919587	-17.6507408771027	2.68284889176266	3.01015458496019	2.9152799589611	3.48894872828638	2.09917665526674	2.54059842924057	2.91090918454656	3.23215184955482	2.85752915195286	2.23134498649373	-17.6507408771027	-17.6507408771027	3.12137135935043	-17.6507408771027	2.91868297570131	3.41081816092369	2.14750967287347	1.3497640199652	3.19029782902982	2.75839216157022	3.29119224536633	-17.6507408771027	3.3835715517435	3.35745663733116	-17.6507408771027	2.1574414009839	3.09225269434745	3.34629981921666	3.94491345072025	2.92815430508129
"357"	"MEGAHIT-MetaBAT2-S981.154"	-0.684697521255646	-1.06284084081628	-0.528692213353017	1.01582235478552	-0.597345604844224	-0.619276512645563	-0.46762120089294	-1.03441269413655	1.27601798011087	1.34750743854768	0.225627957384073	-0.533292579412769	1.03065612644279	0.625770870542245	0.632569596956815	-1.19126914310838	-0.843046607562324	0.27268541544641	-0.955768319830121	-0.839434225674364	-0.910003047440126	-0.255623056978481	0.133654401280351	-1.33215206256383	-1.14859924305886	-0.475613084251996	0.158050472783367	-1.21702035026867	-0.81317116121008	0.0347407058537073	1.3999431920643	1.06605655790866	-1.08203143857652	-0.121117801783436	-1.38238354403084	-1.29719867522301	1.85962730806945	0.679184875311628	-1.23893204442295	0.575570305403929	-0.731684311988469	-1.21375932718979	-1.06980847054825	-0.188162653070738	1.16272040341183	-0.275204425598409	0.850266328575862	0.931238948184273	0.156390892393794	-0.651179146051408	-0.250658420102218	0.893651649731671	-0.566577772258907	-0.942210764631475	0.726361756441246	-0.679799738012779	0.367370461131059	-0.463996105406852	-0.362859116098289	1.02307887495857
"358"	"MEGAHIT-MetaBAT2-S982.27"	-0.523013488505017	-0.590883627648573	-0.122595808396511	-0.0437845100332419	-0.372094242794136	-1.60718590743427	-0.235881375259989	-0.0615943667379444	0.52363158606336	1.2762896280466	-0.0104856758744702	0.143521595129304	0.786711180152455	0.289971188570058	0.2712808754833	-0.122258866866526	-0.0345868715732198	0.556842117599638	-0.212416897134432	-0.399238721993596	-0.0297842091356593	0.664421019285196	1.5582283734147	-0.255500626841141	-1.17455932372085	0.491183850358332	-0.012346233447202	-0.257603282802851	0.399833706340305	0.657206511891434	0.41179271493081	-0.251185527309335	-1.02074600412703	-0.258262873767309	0.245268994200807	-0.269398815071413	0.0469498608655625	0.267431234757763	-0.352289849280528	0.483565391631306	-0.496315249660788	-0.906724440245958	-1.59829949312054	-22.5760111878718	0.31728978746347	0.0599685692696266	0.539525504623707	-0.178996906534021	0.165779816547966	-0.877606989355301	-0.208076728921868	0.212051791385599	-0.361532493888378	-0.469154006130318	0.900963518146897	0.864192820679149	0.515181866240074	0.190554263493592	0.167714059762207	0.0142092645653582
"359"	"MEGAHIT-MetaBAT2-S982.57"	0.138629512839916	0.0532797112965522	-0.5539448005396	0.819784508507142	0.726789506521695	0.0442627501869381	0.126480885522763	-0.502290039009264	0.922178791995313	1.01527748974492	0.471200835366882	0.310786783311041	0.710851832827878	0.593465946046252	1.55884968448125	-0.798163334810459	-0.0136660380801148	0.652562063778677	0.520328204459481	-0.339418890869895	-0.968315613892309	0.019481082823777	0.323711695410614	-1.36595078748996	-1.15513109846123	-1.33831951759756	-1.43558297710988	-0.896684263878715	-0.69384402710676	-0.622247676796533	0.723047631716319	-0.0791780897258567	-2.16063376760215	-1.25335725722428	-0.837744414835625	-2.03736034596898	-0.00464456442621941	0.303464511513326	-1.11224009557682	-0.23767412388591	-0.377362330788323	-0.779545189142094	-2.27090988635279	-21.2806924329425	1.0249127667342	0.00439588104162159	0.493987657302303	0.698469903528597	1.21722245508401	0.468065006675483	0.0346048579938607	1.58878050970921	1.03722789643938	-0.144342084412688	-0.319469265068524	-0.399084014796135	0.242126711026692	0.304674956939524	0.873909507229155	1.09570423769637
"360"	"MEGAHIT-MetaBAT2-S983.160"	-1.55237513574532	-0.553061566108011	-0.759300165079728	0.546113652292973	-0.756955920834903	-0.0490071374741881	-0.106253629568459	0.0854641992155463	0.301409523892702	0.251078153619522	0.492550185569224	-0.117054315874547	0.364714112937059	-0.374592886206712	0.707265580557913	-0.0850242861977231	-0.255109262831897	0.268056743210357	-0.792026692881698	0.181685206983405	-0.352094683548112	0.185758835929489	-0.0366038159793352	-0.0430049848644218	-1.56330594071872	0.222626805395872	0.129091272577121	-0.904919075211581	0.344803136160628	-0.375392507168732	0.448829627582562	0.367552501460861	-0.0476967251286045	0.164305860500624	-0.0778784885244237	-0.903433468913687	0.284835562831746	0.544094284923354	0.674783216637241	-0.365820190913853	-1.25263312195716	-0.491609569913326	-0.318453267904674	-1.12395393144829	0.394431698493146	-0.427711006921074	-0.0239911466030645	0.682524183611185	-0.312661724810073	-0.178996557748962	-0.525987551433512	0.435613298596842	0.53486392265974	0.17423211872931	0.301689037078149	-0.466869696053595	0.496880367516138	-0.461804472672922	0.455229646313563	0.239906740806491
"361"	"MEGAHIT-MetaBAT2-S983.173"	0.611381618489669	0.402674473585186	0.688941110851589	-0.883524705284122	0.631440249444125	-0.0993202025603219	-0.342150985502903	-0.101456357042152	-0.127788116226942	0.226476315266259	0.628220440495628	0.411542334371256	-1.78655848856055	-3.47932772445737	-0.510948931708918	0.705447770223696	0.833021996029479	0.5701964636832	0.669063919317693	1.03819540197371	0.336597097542443	-1.56053665399463	0.369497450689222	0.454533437414719	1.17403582629192	0.322571078062747	0.335222101562493	0.215704516360749	-0.214787859550337	-1.35950782591591	-0.0556588581964448	0.294167891065403	0.84906685480617	0.24022187028968	-0.040118926763002	-0.165920315803502	-0.701871177715773	-0.666002511844176	0.633000053815618	-1.05498929722527	-3.27222692139861	1.03194395700988	0.929360678617621	0.301936598584527	0.473226584860482	0.0941503039367593	-0.0295447201885635	0.561439712320124	-0.49779834463814	1.00635206245174	0.670530899419968	-0.12026889528223	1.05867758515777	0.430009824777322	-0.494146434293028	-0.147252073151107	-0.243830253021319	-0.298522731159159	0.152744511347157	0.827503364794563
"362"	"MEGAHIT-MetaBAT2-S983.18"	-0.296176840332794	0.337722072268765	-1.30276586429114	0.239290730342863	1.07325439632566	0.514255028920025	-1.20598936370776	0.32121883326096	0.867854703284695	0.500562261044866	0.998782842523701	-0.745805458439042	0.0998953312132116	-20.9321625314573	1.35852998024035	1.16695410039273	1.06675530957111	0.745179483106862	-0.472332396373832	0.39011025059119	0.724281086484836	-0.392302882360712	0.412254033953725	1.47866536379007	0.912101269494848	0.747089410301458	0.107532199359906	0.507212849528186	0.560124080364375	-0.521905456018236	1.24715789010072	0.706743284937187	0.533482372393072	0.511255066582222	0.423655655110824	-1.65770568971009	0.677417100514006	0.033369482895206	1.36615854291845	0.993294745214983	-20.9321625314573	1.20946408199457	1.05879635796431	-20.9321625314573	0.424661876829588	0.262750381699409	0.889845926194681	1.03076903674134	0.78668734316255	1.29490018224732	1.29077325130355	0.433522426834237	0.998538272903465	-0.406460113382733	0.0642943904988176	0.340541760911638	1.45564649827482	-0.159577819783253	0.916095353415162	1.73880549179256
"363"	"MEGAHIT-MetaBAT2-S983.2"	0.204117677555783	0.731863784991155	-0.822256499713056	-0.954144405920074	0.673267213433822	0.412406856476982	-0.841307848686208	-0.380836675711137	-0.151148054346569	0.102084643670114	-0.700280682318021	0.442395817580311	-0.226423832585862	-0.295184866244784	-0.539679469451427	0.370054013956324	-1.07182494208825	0.339274471419651	0.390267070281705	0.0532024220810499	0.270478323406861	-0.0201568342284393	1.04224980802132	-0.264066229061795	0.866669049359706	0.295703449093	-0.184631028687246	1.17035097031757	0.742673903416766	0.322192764499405	-0.598346985836165	0.336324545985009	-0.732815843595968	0.296610008138633	-0.172476630534898	0.624247273089722	-0.0339520589826448	0.0210199804220439	0.273195376608232	0.0722571439555022	-0.756618864343779	0.349396215389058	0.363756928235345	-1.15042881152132	-0.147254817780653	-0.581107154843699	-0.191203900165796	-0.774630791315301	0.0396428628681651	0.737561095410612	0.289602684055033	-0.414222015461715	0.398356581367477	0.617247460578496	0.280658471853813	-0.142608653558341	0.237515729744105	-0.229339371505036	-0.756700171853288	-0.0520179455385383
"364"	"MEGAHIT-MetaBAT2-S983.24"	1.19363292902208	-20.0964742470013	1.43984132254543	1.62311638159798	0.278432544028301	0.969660486807101	1.53742978600931	0.927274815968526	1.40075290257176	1.61491556075256	1.76275905465981	0.48085048744694	1.28614897626123	0.284616294367706	1.28270629731907	0.0433432008351105	1.46052119352012	1.02630868469101	1.02217290936645	0.753147410717847	0.0611806141337183	0.00367835694556629	1.47425224709028	0.602494282697847	-0.0340139535406179	-20.0964742470013	-0.281886836962071	0.127973080582358	0.927908089091764	0.188207402309058	1.54228349633202	0.897432976849835	0.00454034875328357	0.629832114929624	-20.0964742470013	0.344408382580991	1.14211697606689	0.969090673203522	0.646166330870765	0.298995163854025	0.429031651999466	-0.00903337807140936	-20.0964742470013	-2.52052052924847	1.90142603761273	1.47904079667924	1.96591413034839	1.55185927343699	1.47755082004013	0.770746622449303	1.79926282128504	2.11340859691253	1.04727542150152	1.26743767247144	1.13637657740201	1.8920353507724	1.45764436196143	1.3385744719508	1.58870810119774	1.73499815894474
"365"	"MEGAHIT-MetaBAT2-S983.33"	-0.0326876346098697	0.699738364244722	0.192674619650245	0.0928512381943509	-0.181353697343135	-1.51951858294413	0.608292963863395	0.345332914729539	-0.0828937943842396	-0.328730448024609	0.331562420134085	0.423537553098781	0.495175042276726	-0.456913522118358	-0.264356827389808	-0.253562902044445	-0.234741271853833	0.782357205987879	-0.570213817029606	-0.200475190017171	0.191417622191128	0.465942234714123	0.416711792535371	-0.319812980705596	-1.08320259225449	-0.0887145374515734	0.291755370548643	-0.0937045243492944	0.086009772493937	0.630130159663599	0.448775897057931	0.44475652648151	-1.47060651414996	0.0490531058661343	0.0253350839878941	0.0803711806349403	0.334666786294604	0.375994534832147	-0.373499746248538	0.107021886821945	-1.54999396054878	-1.35664602489512	-1.08406578732493	-2.67808343315758	0.361938676354979	-0.0779835629637775	0.0982901318436777	0.182928901761414	0.321162666289196	-0.80614371538806	-0.132871050247075	-0.592130159851839	-0.116171876035575	-0.0295677704872315	0.604010930025002	0.17510107689727	-0.0718341411191679	-0.409896862714052	0.0016412387777196	-0.189533526674238
"366"	"MEGAHIT-MetaBAT2-S983.51"	0.439819710928936	0.163589778329095	1.29147626725371	0.220005591831463	-0.312705360528434	-0.0217382337401517	0.238218877624317	-0.0968838956268199	1.67420980178711	-0.035092001008052	0.0203942407130953	0.386210215148313	0.286046688408013	-0.29946823976944	-0.0324150489289421	-0.684072741423197	-0.0978616283755596	-0.298533973405354	-0.91612388576215	0.448213851820116	0.0787314324729751	0.478782733648808	0.990718967932901	-1.09622408473351	-0.0454532290756733	-0.523718738989563	0.201589046987175	-0.350278948906057	0.464575594186473	-0.263616535870479	-0.366957638964146	0.433640038337363	0.0668183767104447	-0.773640463138456	-1.34582407983245	-0.631001858241506	-0.688317277958718	0.648675751692993	-0.29872841559057	-1.18049518169094	-2.29800832010418	-0.529003558802781	-0.607072181073455	-1.71626742101734	-0.569763756656054	-1.09612242738379	-0.127582186510662	0.287697090881845	-0.794565616731589	1.22057325245222	-0.235340067298202	-0.339252303530994	2.36625287003631	-0.397952687518858	-0.699263974949062	-1.48405603687855	-0.462781577368194	1.51844568109886	0.361250198687234	0.871560179373348
"367"	"MEGAHIT-MetaBAT2-S983.92"	-3.7766142401458	-3.7766142401458	16.4381971560087	-3.7766142401458	14.9529171874531	-3.7766142401458	-3.7766142401458	-3.7766142401458	14.954236616624	-3.7766142401458	-3.7766142401458	-3.7766142401458	-3.7766142401458	-3.7766142401458	16.3695418882465	-3.7766142401458	-3.7766142401458	-3.7766142401458	-3.7766142401458	-3.7766142401458	-3.7766142401458	-3.7766142401458	-3.7766142401458	15.8773379558902	-3.7766142401458	15.1151150914619	-3.7766142401458	-3.7766142401458	-3.7766142401458	16.6073019274164	-3.7766142401458	-3.7766142401458	-3.7766142401458	-3.7766142401458	-3.7766142401458	-3.7766142401458	-3.7766142401458	16.1970364387781	-3.7766142401458	-3.7766142401458	-3.7766142401458	-3.7766142401458	16.4419412879364	-3.7766142401458	-3.7766142401458	-3.7766142401458	-3.7766142401458	-3.7766142401458	-3.7766142401458	-3.7766142401458	-3.7766142401458	15.7252284046785	15.400610214549	-3.7766142401458	-3.7766142401458	-3.7766142401458	-3.7766142401458	-3.7766142401458	-3.7766142401458	-3.7766142401458
"368"	"MEGAHIT-MetaBAT2-S984.21"	-0.319755497615301	-0.298050781630287	-0.0148586596961193	-0.579341029911192	0.166902522648224	-0.297623662159757	-0.057434628350773	-0.126289096822398	0.0342434857112321	0.336348233769815	0.373114532180425	-0.128159240634796	-0.605451362377119	-1.5974234125248	0.283058699364232	0.279293932728139	0.542099406556726	0.156575696878295	-0.272909127895374	0.23504227899429	-0.173637760238226	-0.281827479709699	0.613761573645387	0.710602582024586	0.0737610695450703	-0.0605681168791348	-0.254698098497909	-0.252199491849018	0.176316476885317	-0.238734662858148	0.236489042489777	-0.487883749703586	-0.616232918534025	-0.11607503727388	-0.728380574129502	-0.413136740679757	-0.429359343840036	0.0232593123433364	0.355274433216023	-0.783630679796061	-1.55716891398155	-0.120833146243856	0.423729390797936	-3.29303478702559	0.32132456073086	-0.273433308829131	0.262958504638449	0.0900053928202871	0.39784706500643	0.695350013283103	0.8188980310821	0.105968044585158	0.508468783082956	0.423249645192919	-0.493059603693371	0.0455468146846263	0.564981820959485	0.19878389529037	-0.0538701737044525	0.79339918797383
"369"	"MEGAHIT-MetaBAT2-S985.24"	-0.114638521626577	-0.518090701389725	-0.0263357085094409	0.704769002292553	-0.190848784959627	-0.288119266537685	-0.046027131575606	-0.216014521033004	0.647034412728429	0.205275452863363	0.375049179065058	-0.130304978982841	1.03306625744994	0.222652218097433	0.492097070671045	-0.623379637553979	-0.202534907603853	-0.326484167002947	-0.506267132650056	-0.149998792737299	-0.32399627383638	0.227166967535347	-0.0659146146422902	-0.507250801433119	-0.565188554788241	-0.60806070769813	-0.12955390760024	-0.561648934053423	-0.176847570686249	-0.0843581712693569	0.4802220269838	0.887185892382701	-0.767077287129506	-0.692772908826045	-0.482335230675932	-0.478256318676252	1.04112390904305	0.264906522504782	-0.458471143527329	0.385422431093358	-0.464922201167775	-0.765924528434766	-0.738746380631174	-0.920984644163077	-0.236565527908856	0.00813605378975346	-0.0907773750089298	-0.104007495947332	-0.0903665824894624	-0.411404027225927	-0.0737652989019955	1.05218206377087	-0.0830126499556547	-0.398391760731768	-0.0204638159059849	0.015265659718148	0.0930176101714268	0.260388399482663	-0.0164182931047634	-0.0212521285659424
"370"	"MEGAHIT-MetaBAT2-S985.50"	-0.379848224173383	-0.706201788373004	-0.647394587724277	1.22325046034037	-0.278214515720987	-0.0821410909535967	-0.920469263971412	-0.701784204275767	1.28144979824692	1.06907597241903	0.421131096480122	-0.181214153210685	1.36714353323049	0.298900013669757	0.617871627541958	-0.774013643311389	-0.816204029981057	0.445195382806173	-0.890162965091291	-0.122434473837211	-1.03177462776564	-0.406622295505697	-0.457427955101682	-1.06988506020501	-0.802800632715945	-1.00881566923222	0.826827650223978	-1.08839560376514	-0.639463721483617	-0.361295313521894	0.912301147911571	-0.210311338633935	-0.708951520837656	0.264616524566341	-1.29774649165448	-1.5395348934794	0.85074206283748	0.069717872549087	-0.616488094583969	0.274046022059589	-0.718209259705543	-0.644993869009522	-0.256533215417051	-1.79406617377464	1.08013396320477	-0.560600844643199	0.669464069526226	1.26266799678565	0.424771025517955	-0.100526037905694	-0.554780714458326	0.828028591416826	-0.357848624078573	-0.588237457977774	0.433770424406712	-0.738990967620028	0.47525543166287	0.22412269105968	-0.318493868511842	0.714770355054171
"371"	"MEGAHIT-MetaBAT2-S985.88"	-0.504769958293831	-20.2702641585632	0.412844787147314	-0.844097924651433	-1.04368802886408	1.24602200008582	1.36133150493272	1.68778026295402	0.364760386490531	0.753726020118672	1.54722029649891	1.70738953255478	0.832857979068766	-20.2702641585632	0.717141643308575	1.76990439749271	1.15895504915602	0.595546779675392	2.94858564096278	1.95142787323611	1.40730747659285	-20.2702641585632	-0.621816414808735	2.86651968652069	2.11709035207749	1.86676557719016	2.32605012001814	1.05683093511978	0.932373965493836	0.539168105952602	1.90148414996727	-0.311199914626877	1.41550899594616	2.72111276796011	2.06379616528206	0.805511532367076	0.958261310618745	-0.0842961579328261	-0.425343759215929	2.52313706751097	-1.44308373466527	-0.771981469055082	-0.467566814962214	2.809700312754	1.1400794150295	1.6731073527019	1.77230163987805	1.63167366014089	1.8638942524209	0.110369484747527	0.746760066599159	2.89878867534293	1.43955802775966	2.24160010216144	2.67151078712133	2.07937758282237	1.36974690325021	-0.884312089930784	1.74802044437082	1.4757937319342
"372"	"MEGAHIT-MetaBAT2-S986.109"	-0.412237535026265	-0.0997589190298385	0.314674563081337	-0.357396223939256	-0.246817007110148	-0.631744651658267	0.36343475208322	0.425527703447984	-0.246667626965019	-0.531895383621673	-0.383713307775642	0.29361034606457	0.120467845354512	-0.485603358987931	-0.0163698006086932	-0.677887285714258	-0.309328977953302	-0.124737231864172	-0.266776825439568	-0.0810339324090954	0.305080245001232	1.06551525711624	0.78719403889005	-0.548322515960373	-0.921713368901141	-0.391827885262128	0.0659586834289083	-0.262815219473747	0.588183548756628	1.35981635516642	0.517806791371203	-0.236437497694519	-1.31582172152039	-0.807687322381809	0.101686165929877	1.03965526634889	-0.0241140845711989	1.09640691741692	-0.142373060307726	0.3876244763554	-0.77067160754862	-1.09064734281423	-1.02433470868731	-2.66835981955155	0.481824336513308	-0.431641160812769	-0.0847004086484606	-0.492159794855937	-0.108820867630882	-0.680136416660328	-0.210766984309161	-0.586888666033315	0.252302497503118	-0.416978785035256	1.52136123389584	0.110481307698237	0.0510669257867296	-0.362446955071563	0.72729064222323	-0.33170204039055
"373"	"MEGAHIT-MetaBAT2-S986.50"	0.905820863351771	0.343148970020278	0.0245272579550111	0.359593657751239	1.13842445549633	-0.603123670397817	0.359598196257724	0.364709310914461	0.613518429754635	0.614293702788301	0.818723632286638	0.62739594653926	-0.295352742078804	-0.586885488205856	0.906293205677461	0.0845255045131283	0.0308508189112953	-0.854044437962197	-0.65777919070948	0.343214127806431	-0.785380790517677	-1.19680031236464	0.853592538332466	0.0421518950457482	0.83280530402092	-0.716739675122695	-0.121196131597186	0.103254894625815	0.0145014721144783	-0.732478959321614	-0.123583331841507	-1.11041722216386	-0.297733188642932	-0.822581063403092	-1.1063036583947	-0.197154374661212	-0.526505668465506	0.0439700519581976	1.08629504117625	-2.53424359789316	-1.37969322997153	-0.509606942487414	-0.411284725801632	-2.36171584112003	0.147405310594542	-0.301678499405807	0.050839892754766	0.785163096616321	0.0397914053558006	1.04215894239384	0.182479721916272	-1.13573015858004	1.07015112348	1.00474182289126	-0.740577289666208	-0.628581119129358	0.517735661119553	0.0886726377266216	-0.0735535186456593	0.807784569280149
"374"	"MEGAHIT-MetaBAT2-S986.76"	-0.935332893559023	-0.751252475323565	-0.0660463976109229	-0.0977905395462839	0.150596901487494	-0.489338553816004	0.092820560378434	0.229137174372898	0.171874529792717	0.57448943809414	0.0486230832503631	-0.40630664507611	0.0652982793136578	-0.802433504839474	0.44189651361425	-0.00390158721975364	0.377247380031554	0.262900944093713	0.0799964801750352	0.190191060876261	-0.262180321716988	-0.363216294827659	0.711878430660227	0.132269538865661	-0.477928393260521	-0.482534171689619	-0.0807443422732739	-0.990718026870835	0.187701519453849	-0.44090345875242	0.323753999169906	-0.201885397087751	-0.49365173811012	-0.237744580896126	-0.664817587666938	-1.2190817932797	-0.0408214498411974	-0.0245467618277155	0.0845039287097622	-0.489077187824427	-1.67790961153077	-0.480927119619915	-0.140823037862259	-1.29794274754158	0.242067090316336	-0.0304712190159613	0.254868691524179	0.375700852313929	0.244359748994471	0.691058757005242	0.524114420820573	0.577935473471118	0.452277619680769	0.041577956478001	0.0112294805120685	-0.245670852585556	0.207355087419157	0.182781815487185	0.0759415390604019	0.617056426471504
"375"	"MEGAHIT-MetaBAT2-S986.81"	0.36478857304086	0.467433348754161	0.281450733859647	-0.132694759051603	1.3017536140083	0.122351197542307	0.0341834371927003	0.029371899901359	0.252851741103988	0.718710556367389	-0.435054170956811	-0.0266827242680545	-0.162767183434434	-0.67798167407711	0.413753342926697	0.759190560771701	1.03018342502638	0.511433741688523	0.274994666934973	0.624158718505873	0.411484257230823	-1.09326874766977	0.238234953602705	0.650445250073804	0.259558282608915	0.189106669187662	0.158476876151937	0.357472432849359	-0.0725415884155973	0.223927758571342	0.455297258578698	-0.533155885284572	0.279159351231677	-0.110908996568974	-0.0489181648883443	-0.345508178254288	-0.263724563749711	-0.41067684282384	0.653749075101197	-1.5835957024127	-22.3051584652505	0.841407225634669	0.882812660601235	-22.3051584652505	0.449931428269748	-0.178255869234555	0.399208219759559	0.00916168988161559	0.627546131243222	1.21612068437258	1.24913190391184	-0.121417752363665	1.50605536134723	0.223891751415191	-0.460982470525669	0.182194411170613	1.1021700751893	0.227518888935829	-0.346620100677338	0.730485324615044
"376"	"MEGAHIT-MetaBAT2-S987.11"	-0.191130916638475	-0.802918455061887	0.106340719413903	-0.245907675406098	0.991837598210231	0.14992573520605	0.145568011494143	-1.09151155739967	-0.0202937987067919	0.645351124669644	0.319841649404516	0.615983693868046	-0.00410613431995177	-0.268109653378032	0.192859270951805	0.279773550729132	0.652574126523663	0.64759276682719	0.238684090418688	0.735800057056434	-0.156069439277556	0.209011355325561	0.613194294340071	-0.0510542023636775	-0.690754210328327	-0.0634208269925471	-0.169486228387534	-0.331577074703368	0.0343719864264491	0.861518161743979	0.478819408383578	0.336650017314393	-0.125367150644477	-0.653599356322967	-0.460596752954002	-0.980522621006654	-0.0464927848739292	-0.612003768797418	-0.202179415866126	-0.706231142993545	-21.7927189481137	0.232538044856462	0.389629346877265	-0.62773301656681	0.503621030845931	-0.292470276201919	0.446935885353331	0.0698689421373437	-0.825497429790093	0.75691568630114	0.785761888329682	0.43079355120276	0.854955493632282	0.998864123369976	-0.264182962614294	-0.298085171473313	0.178652927162386	-0.126188564106873	-0.248497590219899	1.16519515797028
"377"	"MEGAHIT-MetaBAT2-S987.67"	1.79202804233451	3.05028007379305	0.37059490329579	-19.0708829227991	1.30750083646145	2.26500368373353	2.1063747182308	-0.372298587411919	1.51958304905599	2.19938522088806	3.55378769056838	2.38820373337619	2.09920088779235	1.29527215621401	2.30505852431383	2.31697412907019	-19.0708829227991	2.16443322753734	2.97584744785995	1.77010263655492	1.75536690988549	-19.0708829227991	2.46303711661805	1.62394222909702	0.384327278896039	-19.0708829227991	1.46049814183762	2.49894357518027	1.66405003078005	3.0282214963293	1.31492826160554	3.0909295440242	1.46908757663321	2.49074935327705	1.57429044527587	-19.0708829227991	2.47990706198298	1.98554978233415	2.20338978099378	1.35266335926714	-19.0708829227991	2.10258439476106	2.45077046856719	2.334887879784	1.56601690840139	1.25894914873907	1.86791499652525	2.6817053267398	1.42032397372499	1.71754719282239	0.684229696695771	2.2519529848175	1.81621796325532	2.6069005777614	2.88816146935957	1.4050077109399	0.481017772388415	1.59688830540591	1.83987778749865	2.0351539478717
"378"	"MEGAHIT-MetaBAT2-S987.82"	5.53330980550139	6.5598319642273	5.72082227097524	6.44771178165291	6.42899262563322	-14.2437095689677	-14.2437095689677	5.67816739650298	7.35350813635788	7.02954515212018	6.31765228069655	7.03202768936711	6.28099240679617	6.04383057848396	5.48514138602607	6.70657757345409	-14.2437095689677	-14.2437095689677	-14.2437095689677	-14.2437095689677	-14.2437095689677	6.43251929952758	5.27095294797217	-14.2437095689677	-14.2437095689677	-14.2437095689677	6.42297493122997	6.30579989333238	-14.2437095689677	-14.2437095689677	5.92960172427247	-14.2437095689677	-14.2437095689677	-14.2437095689677	-14.2437095689677	7.15092029407913	5.41533657558311	7.56784024132511	4.9359018891081	-14.2437095689677	-14.2437095689677	5.12558900306281	-14.2437095689677	-14.2437095689677	6.39861143373967	-14.2437095689677	5.49673332492762	6.17197392315005	-14.2437095689677	5.17191313019851	6.93474410723554	6.01197611408261	6.50047040315308	7.48130626733822	5.20654285776813	6.40930387617595	5.8392314024657	6.38509686960979	5.2028033733756	6.32119294669147
"379"	"MEGAHIT-MetaBAT2-S988.125"	-3.73650381928975	-3.73650381928975	-3.73650381928975	-3.73650381928975	-3.73650381928975	-3.73650381928975	-3.73650381928975	16.0248066799466	15.9075519968847	-3.73650381928975	-3.73650381928975	15.5734581189438	-3.73650381928975	-3.73650381928975	-3.73650381928975	-3.73650381928975	-3.73650381928975	-3.73650381928975	-3.73650381928975	-3.73650381928975	-3.73650381928975	15.8263892545413	-3.73650381928975	-3.73650381928975	-3.73650381928975	-3.73650381928975	-3.73650381928975	-3.73650381928975	-3.73650381928975	-3.73650381928975	-3.73650381928975	-3.73650381928975	-3.73650381928975	-3.73650381928975	-3.73650381928975	-3.73650381928975	-3.73650381928975	-3.73650381928975	-3.73650381928975	-3.73650381928975	-3.73650381928975	-3.73650381928975	-3.73650381928975	-3.73650381928975	16.7113765444041	-3.73650381928975	-3.73650381928975	16.7587252784827	-3.73650381928975	-3.73650381928975	-3.73650381928975	-3.73650381928975	-3.73650381928975	-3.73650381928975	16.4852339190144	-3.73650381928975	-3.73650381928975	-3.73650381928975	16.8094519099112	17.3599037495433
"380"	"MEGAHIT-MetaBAT2-S988.167"	5.58311566305148	-15.2450904170449	4.55245480681295	4.98351086492592	5.19850378942569	6.07801726206153	-15.2450904170449	4.18518680386263	5.75152992150935	5.77639947568982	5.78730479504417	-15.2450904170449	6.20019553654154	5.40190344399756	6.21466985057134	-15.2450904170449	6.00975075009462	4.1265792934887	4.2359041806597	-15.2450904170449	6.69712028846673	6.75834825996737	4.16230237569021	4.25475033587395	-15.2450904170449	-15.2450904170449	-15.2450904170449	-15.2450904170449	6.04345003040046	7.59972915269271	5.1323261717503	-15.2450904170449	-15.2450904170449	-15.2450904170449	-15.2450904170449	-15.2450904170449	4.57296808116372	4.7138588065121	-15.2450904170449	-15.2450904170449	4.42498380213278	-15.2450904170449	-15.2450904170449	-15.2450904170449	5.83339706345003	4.67045513927611	5.87177013529438	6.13474437516881	4.40624275173761	5.61645360578721	5.47358425704821	4.94169416592759	5.08009021595521	-15.2450904170449	8.11198453681144	4.43383309992304	5.06435597890749	6.90452647059295	6.1339369300925	5.77269403919582
"381"	"MEGAHIT-MetaBAT2-S988.179"	0.420311370898968	-0.150850310665784	-0.114441771345031	0.147108559846489	0.588347406956826	-0.338612282179775	-0.0862566621685987	0.353715345372371	0.300467645332045	0.243365295010972	-0.25626551683239	0.510226496740074	0.198540840366106	-1.21421618386084	-0.0149438004403635	-0.410062319942043	-0.523210543238492	0.688899422580362	-0.284122084456899	0.461765179296084	0.0852952684411656	-0.054373638751426	-0.0661591254771814	-0.663874734317107	-0.142854043785435	-0.111436098808528	-0.206654661690025	-0.199684662580559	0.154403200715233	0.014371085220831	0.46472870749291	-0.101940864905559	-1.20673716492304	-0.192907222521458	-0.809433712069024	-0.479371916195131	-0.111542988254428	0.107056603133465	-0.36177254248225	-0.331468604596677	-1.26230431921335	-0.630387964480602	-0.821165443569489	-2.35512966977524	0.156010716004745	-0.0302118408698506	-0.165867423991869	-0.311005770316991	-0.0189873547372565	-0.365268139342792	0.183984586285878	-0.274228539206547	-0.0451839434720105	0.133311814204487	1.87643013272592	0.825435602948555	0.430652303648312	-0.0374200172165473	0.269298362500803	0.270747482710896
"382"	"MEGAHIT-MetaBAT2-S988.19"	-9.30058015448684	11.538826936331	-9.30058015448684	9.63517686279368	12.3434222537334	-9.30058015448684	-9.30058015448684	-9.30058015448684	-9.30058015448684	-9.30058015448684	11.169569212301	10.8432353875588	-9.30058015448684	-9.30058015448684	-9.30058015448684	10.9828561017512	-9.30058015448684	11.0956111084041	-9.30058015448684	-9.30058015448684	-9.30058015448684	10.2660894217912	10.1231785839049	-9.30058015448684	-9.30058015448684	9.86789812415319	11.6413794030663	9.32288397504079	9.32069924888549	11.7397932917876	-9.30058015448684	-9.30058015448684	-9.30058015448684	9.75313687163648	10.0312330116094	10.0854135594552	10.1488823334389	-9.30058015448684	9.67472866925458	10.2177431834838	-9.30058015448684	-9.30058015448684	9.83234823359334	-9.30058015448684	-9.30058015448684	-9.30058015448684	-9.30058015448684	-9.30058015448684	-9.30058015448684	10.8162920497613	10.076350746832	-9.30058015448684	10.6187313276982	10.4442863967495	10.6648478893962	10.03347987522	9.46442911059101	-9.30058015448684	-9.30058015448684	-9.30058015448684
"383"	"MEGAHIT-MetaBAT2-S988.9"	-0.279709995762314	1.224611056631	-0.429518548306692	0.0117888688407843	-0.244830635263033	-0.842506227285552	-0.781671785375985	0.42198081684721	-0.491986006328093	-0.464148283812902	0.834166724165289	0.272682204802026	-0.758410123978837	0.00240087438068404	0.458695921016266	0.325657497858074	-0.6096759767378	0.658586477747612	0.0461906503933251	-0.210925248821433	-0.621557486973257	0.317162400341625	0.245978422323868	-0.40566558387023	-0.10213565177287	0.246301010100243	-0.57996442147446	-0.0799801484439673	-0.202709557334596	1.10418183409189	-0.107660443163702	-0.155188397070054	-0.185910880302115	-0.328908584693825	0.202382586777893	0.0544729327687659	-0.17625668631329	-0.476132115347442	-0.602534071803587	0.205074969164398	-0.577220558345521	-0.19888533713644	-1.24190428874163	-0.538953699018696	-0.977373077375006	0.0363441229905019	0.831537449302077	1.00191713374152	0.452665368537918	-0.0832468111052549	0.705954172817122	-0.329756568501896	-0.525669777833534	-0.262150950603535	2.45369787115234	0.149825791633972	-0.224107867309154	-0.808570205472745	-0.418455672951952	0.2912508131991
"384"	"MEGAHIT-MetaBAT2-S990.131"	0.315016712072016	0.813824737160092	0.721910637999815	-0.475422649405934	-0.420696485417326	-1.64996108781851	0.98181792895437	0.373403134330742	0.638884147264888	0.220228522995606	0.413314256870614	0.83110691322949	0.280839376579889	-0.535235287151176	-0.834279920131339	-0.280757756823353	0.0444057908266844	0.757033492479848	0.164202404475384	-0.909154684004404	1.14646481314361	1.48807250052652	0.613725873422602	-0.637148327804534	-0.872391201719797	-0.974216562411858	-0.497304542453074	0.401022132240769	0.921728321242759	2.18411851123801	0.0697334594368675	-0.899402780402504	-1.82118436005383	-1.28843440233789	1.2886983361796	1.5906136026389	0.13129176779707	0.203048258506816	-1.04514446196869	-0.999138330129236	-1.62195816376956	-1.31494329723848	-1.58507804879876	-1.66970532377715	-0.530615049508667	-0.330415382660945	-0.141229513467305	-0.808912383310907	-0.219459125011553	-1.420881519716	0.520187073744682	-1.43795980860552	-0.818943539797774	-0.937606490007544	0.659630680091934	-0.343374317291696	0.628585729749676	1.55866525464031	0.801735969857674	-0.329434728767922
"385"	"MEGAHIT-MetaBAT2-S990.160"	-0.172122706862305	-0.306012568782872	-0.742731188410978	0.00813211465371033	0.106927290907764	0.177637504197613	0.745112922483673	0.102766877337353	0.77610383794695	0.448480340082848	-0.342807110321943	-0.150604234420767	0.529351232326685	-0.0485344065374971	0.25050589574566	-0.614270655777742	-0.86409167254377	-0.165497275453823	-0.727251241035777	-0.269115850234336	-0.584674189029255	0.249372014280544	-0.239006144756887	-0.985810600903767	-1.04325057073153	0.078134734689808	0.0707839961811789	-0.573064082263087	-0.191185098161754	1.08480816025314	0.709729368064127	0.811006405349067	-0.545843042587637	-0.131818075488916	-0.655495589194603	-0.831384561582635	2.15895547122445	-0.153521717475529	-0.462900808944621	-0.684583677867364	-2.0288006157866	-0.750865763555571	-0.985612129968644	-1.27415719551469	0.471253505150509	-0.269606259577123	-0.105851434242769	-0.0473003538029158	0.76977991185416	0.172877851174814	-0.0848542825295429	0.0836903068396699	0.108762179749436	-0.564804895931176	0.0703517743126252	-0.0508728103391851	0.661235156826215	-0.105757814139526	-0.127457624284821	0.15920673002735
"386"	"MEGAHIT-MetaBAT2-S990.184"	0.0248797495984423	0.0161113664014572	0.0487817624296607	-0.964305917861772	0.274343519080859	0.363145608604786	0.401612872109909	-0.430574409116554	0.764771580630068	0.755506809918793	-0.537503340133584	-0.241111834468303	0.519029068798443	-0.612631778590831	1.03507559533796	0.0330600408568804	-0.0915253263226097	1.11274737477841	-0.198170963223961	-0.386876102953656	-0.076806162568424	-1.03746086219042	0.441023712304207	-0.218459714726852	-0.405113703427058	-0.998559829196251	-0.946763013421945	-0.526534341987203	0.219278059262398	-0.109594007197357	0.152417008301814	-0.13332599412804	-1.47767398079103	-0.816368643036096	-1.18065859021351	-2.70369697158787	-0.839267990777564	1.02475354715079	0.515387291033659	-0.60661395575332	-1.61391391711855	-0.175330295530337	0.767500234498918	-21.222926196751	0.366059532499408	0.434091639723824	-0.14271932319354	0.0730060681213365	0.705224243106874	0.256829796568534	0.579557375911357	0.449368569778341	-0.12167405215314	-0.0634800584402129	0.482017232563323	0.544977882072684	2.01689851681751	0.564650099740737	0.375719582445656	1.96559452991553
"387"	"MEGAHIT-MetaBAT2-S992.120"	-1.22372104706164	-1.22372104706164	-1.22372104706164	-1.22372104706164	-1.22372104706164	18.8928285712953	-1.22372104706164	-1.22372104706164	-1.22372104706164	-1.22372104706164	-1.22372104706164	-1.22372104706164	-1.22372104706164	18.7069728254085	-1.22372104706164	-1.22372104706164	-1.22372104706164	-1.22372104706164	-1.22372104706164	-1.22372104706164	-1.22372104706164	-1.22372104706164	-1.22372104706164	-1.22372104706164	-1.22372104706164	-1.22372104706164	-1.22372104706164	-1.22372104706164	-1.22372104706164	-1.22372104706164	-1.22372104706164	-1.22372104706164	-1.22372104706164	-1.22372104706164	-1.22372104706164	-1.22372104706164	-1.22372104706164	-1.22372104706164	-1.22372104706164	-1.22372104706164	-1.22372104706164	-1.22372104706164	-1.22372104706164	-1.22372104706164	-1.22372104706164	-1.22372104706164	-1.22372104706164	-1.22372104706164	-1.22372104706164	-1.22372104706164	-1.22372104706164	-1.22372104706164	-1.22372104706164	-1.22372104706164	-1.22372104706164	-1.22372104706164	-1.22372104706164	18.8918852719781	18.867631596831	-1.22372104706164
"388"	"MEGAHIT-MetaBAT2-S992.171"	-1.29395290152867	-0.58490451415484	-0.940857562842928	0.850203048009445	-1.52997257618845	-1.06534273831639	-0.214665774223683	-0.216284906070245	0.218105143592755	0.0591197027428878	0.294001239103061	0.880881917263976	0.812635652261374	-0.332671423464519	0.968377099992212	-1.10227826128672	-1.33040404824519	-0.034189124084981	-1.332865801347	-0.00998036314844697	-0.321197392432226	1.1844105190619	0.476146209729877	-0.827909294339059	-2.58010374368439	-0.138398437088096	-0.0669853792054083	-1.81862802834192	-0.677195783450834	1.26082505600762	0.672110999403393	0.264876975508119	-0.679284932238714	0.263001711365485	0.16787486454189	-0.280980268863495	0.559557200135702	1.42446614153833	-0.0862172745718262	1.13316442949022	-0.564334371622622	-1.80293576416699	-1.37315476802516	-0.972191202459557	0.557703665167499	-0.594124596372055	0.190706603853663	0.283677874832654	-0.089854324508142	-0.931059257822208	-0.676192784343043	-0.184029798497567	0.135975245450218	-1.23087458207039	1.61242041939147	-0.173696709002506	0.214027676640468	-0.394367744533043	1.20980246153241	0.710503959752647
"389"	"MEGAHIT-MetaBAT2-S993.109"	-0.437679199489941	0.283260499808671	0.42614018320447	-0.199180806988343	0.999500080692179	0.127630934725318	0.411971689897365	0.0112995457349525	0.406605673410429	0.298423318489382	0.0767458086758444	-0.30020686160844	-0.209084103979361	-1.181485370863	-0.0345519380394723	0.392842658251228	0.463882880088683	-0.120241807134302	-0.064991059563499	0.265786209588566	-0.297032631910818	-0.985305633236107	-0.106387502120526	0.40544594580784	0.191012826048849	-0.268142048176978	-0.271133430136649	-0.385621186425376	-0.169529167814193	-0.326570508680221	0.165089340954003	-0.389162718189368	-0.753981331946252	-0.40431682548176	-0.439801693373593	-1.10405299420763	-0.36593066533587	-0.72057200963532	0.212425083015054	-0.828533812453782	-2.87990031139509	0.302866382456116	0.466855037165515	-0.952606670522898	0.253870154402529	-0.117584870299377	0.172286704092078	0.308616879912332	0.374631829733027	0.592498046823249	1.13626479852662	0.221627947964081	0.644544993293563	0.344178510188192	-0.746059624591636	-0.146722484351919	0.664299716062819	0.767932179133229	-0.136123306942443	0.939293366812545
"390"	"MEGAHIT-MetaBAT2-S993.160"	-2.22450446114714	-2.02221959270607	-1.15301539678109	1.61631046128405	-1.37681346527993	-1.05439147818547	0.198745585610839	-0.127012163303945	0.743119958260354	1.1696048517737	1.14793168200766	0.0356867004946011	1.36021835040459	0.546511087544252	1.86203021499746	-0.588809706161889	0.00913008154429917	0.726927822054752	-1.347579213504	0.100538383054761	-1.09998606549482	0.33550450204942	-0.204714985003393	-0.527749862280407	-3.57192381894532	-0.581447873124787	-0.144313634326831	-2.23994436203435	0.354267023950161	-0.177357668331704	0.750289664451532	0.968759432659166	-0.642563554552602	0.0803152752911398	-0.616709302778832	-2.04296906337912	0.902054772381899	1.12955056738851	0.293548390699089	-0.434059796523631	-1.4306895737118	-1.30778321054581	-0.651403398048447	-1.17295184430054	0.680975889093174	-0.261835982100994	-0.0399423523261895	0.729534271154694	0.0622916152612607	-0.595491355832419	-0.606335857528165	0.715724379224531	-0.27933360910597	-0.0629048152529998	0.279836495887317	-0.373757275623087	0.00751189377763151	-0.646974798424681	0.138157112423975	1.10186196656235
"391"	"MEGAHIT-MetaBAT2-S993.96"	-0.858031069008449	0.422697674209353	-0.134658421587274	-0.160011668228884	-0.338437609528354	0.0464487091078194	0.343351647683834	0.765075403286722	-0.0108751748176212	0.158662153499868	-0.169475151972285	0.0929657140002673	-0.399684823338887	-0.636527236084196	-0.455616433449156	1.00341393962493	1.27887071222421	0.353464325577393	0.00718633891541476	0.0364899383949897	0.159520536765527	-1.02101558991517	0.815729074692342	0.685904846550831	0.0246974446442287	0.115261936112442	-0.00772478982912794	-1.15000906718681	0.117405977539256	-0.685016352290388	0.216406965322598	-0.82095117957243	-1.01935285058364	0.316538038031382	-0.755593888899099	-1.08007962723205	-0.582194454116614	-0.738353896707443	0.0255165574688609	-1.25630751245829	-1.72686466574075	-0.722126053066025	0.75040976754075	-0.742406430916045	0.647305091953641	-0.113469215418833	0.538497691429587	0.0884269972473932	0.832171402876536	1.10241910969118	0.203226496143473	-0.154911276666684	0.344199713574902	0.0166173988605518	0.0875202701470723	-0.615422883522842	0.467930096051513	-0.0191630195678636	0.146296540801531	1.46884079323475
"392"	"group10_bins.111"	2.48537143453357	2.20286202136218	2.37831394967678	3.37762097265408	2.76602890080648	3.06897825057325	-17.7640566601941	2.59402940114278	3.26619738057804	2.40265594078151	2.78920721316244	3.1803718579749	2.40093848614662	2.01900789454805	3.18072927944307	1.71493830161012	3.99010571366723	2.38308417075876	2.37553339103049	4.33202626206479	1.63594772577979	-17.7640566601941	1.9714648157541	2.81602088043716	2.53592005541493	1.80562790429712	2.56425293843723	1.84779675500995	4.38313490509065	-17.7640566601941	1.95759807498268	1.67219170487403	-17.7640566601941	2.55034538301518	-17.7640566601941	1.45013296455831	-17.7640566601941	1.91427733184722	2.17475275937714	-17.7640566601941	2.77171249403318	1.53182255301664	2.23813872701777	-17.7640566601941	2.78452954575776	2.55007689356506	2.76474100332661	3.47095470550798	2.61996215789458	3.03740657582171	2.36776043648293	2.53027799368705	2.48814072345132	2.84798329042352	1.24600286075607	1.45061287717397	3.29623153649444	1.76182959821953	2.54465009122792	2.94356719222961
"393"	"group10_bins.149"	-0.0888617149159323	0.40004582748715	0.206244404750509	0.440182786430118	-0.216440879517215	-0.721408354606957	0.698697308997333	-0.525825064958441	0.028487653037466	-0.156073723103286	-1.23836998469519	0.653968669826114	0.276877554318824	-0.888857220841681	0.233065387945115	0.703064268977878	0.495183153277881	-0.970588912896082	0.700514916444618	0.320107986314888	0.887517425763051	-0.132005587411993	0.048522097776635	-2.54340920210945	-1.23467599631756	0.295782884106025	0.957690144797491	0.0662429947598184	0.141610410614601	-0.166927060908612	0.887514429336117	0.958989120939213	0.392047010272067	-0.593766902153305	-1.00481253135971	-0.408760521246217	0.656826078329926	0.0192005448172594	0.229375802990661	-0.226999458463731	-1.6629381146744	-0.174206362846927	-0.0940434174169678	-1.22346208849893	0.207500787278526	-0.375500508264145	-0.265018026442264	0.949906870157288	-0.686420429905588	-0.814724580266179	-0.212514766200758	0.454306881133719	0.234409687165797	-0.240879744327444	0.384455312302712	0.00997386341315387	-0.476794559163643	-0.170304282641454	0.421207241931038	-0.306150434306453
"394"	"group10_bins.221"	-0.0662352290931194	0.52277849613194	0.375739760740385	1.13636752750426	0.228555004797781	-0.569941860308823	2.29199381610247	0.390290181395668	1.90819758710867	1.17994943670418	0.73529427321807	1.20314338706049	1.70803289120104	-0.353520440377419	1.01360948006235	0.614705779153505	0.0142869688235772	-0.141909384116748	-0.123789047131608	0.642815494084832	0.766255868777896	1.3657449508238	0.936645448348399	-20.1381040573686	0.170392626415677	0.388038223273173	0.417665220739681	0.316094219837219	0.995511567087398	1.40890227457184	2.19287067492625	1.0748149815864	-20.1381040573686	0.333410080229111	1.46302888160995	-0.273463612320077	2.38943581834769	1.38194293750848	0.348199135800049	0.919001627153733	0.152124350577385	-0.11330348337732	-20.1381040573686	-20.1381040573686	0.675010070968113	0.505088352645019	-1.15283706141384	0.384285017779898	0.389233332992602	0.625309763703937	0.680072723802274	0.71031913551282	0.746828656828268	-0.100515929363298	1.90507129188859	0.227859818545869	0.769200661094226	1.9347237272555	1.23680419979756	0.566493789930346
"395"	"group10_bins.232"	-0.203324599356577	-0.33198352853068	0.621801194716462	1.41150335772572	0.218169598157965	0.308276793618391	0.893429933294962	0.217734601859029	1.56254891189024	1.46861942209284	1.01662649508635	0.836790148737312	1.51993702201985	0.949138617972884	0.956723555549442	-0.0479152895041448	0.381988636272128	1.02976804271668	-0.46609592736892	0.367363028290783	-0.409135525959958	0.727152754106864	1.2457582773895	-0.17321417796373	-0.671929453850657	-0.092271259868375	0.531456512482401	-0.748252362543822	0.332900242623478	0.711236811118813	1.44841702215549	0.050005934553556	-0.966694765095777	-0.607572316001003	-0.182338548907355	-21.005470375555	0.456871260782094	0.50585862503033	-0.880285199871011	-0.0191544967427122	1.60887171712072	-21.005470375555	0.526079146104683	-21.005470375555	1.4085619046249	0.828426712872302	1.23447197707314	0.795951968487076	0.860430138337624	0.311320812390154	0.610240477099907	0.81234952630027	0.603302038071414	0.190967308735404	0.773250901059741	0.626088177825602	1.35661427106366	0.88653719031043	0.780728775771607	1.30773101388813
"396"	"group10_bins.307"	-0.213386766936926	0.529722009400407	-0.177031598923445	-0.352245057540096	0.075092183373707	-0.0532404562899114	0.268210451794638	-0.285921615753496	0.0593917010850262	0.165574910463333	0.0487070417788802	0.383987481528509	-0.194704122525627	-0.43643834184431	0.102017268061401	0.664523132963494	-0.0320703163883325	0.42657363378928	-0.0230724970996352	0.30039838382657	0.196612673101799	0.616614215797196	0.339218618899152	0.0844339662585591	0.353508635826731	0.276065608693245	0.0472342520932489	0.209882988528586	0.0352951395696266	0.62097687609005	0.0331793641678217	0.628656981730437	0.00545115144739139	-0.116303299725662	0.139390888309523	0.223596666098551	-0.158720932832885	-0.0413608084431489	0.404123985184003	-0.0280393221382447	-21.1932832755298	0.344923342741609	0.796724620578268	-0.460640216147982	-0.124341730979934	-0.710455225550612	0.371945642812492	-0.169676909739936	-0.544248548007401	0.357423386671354	-0.0578448870058113	-0.209970995506478	0.683682802757532	0.484818567747502	0.146145419693572	-0.600437571688543	1.20260104863208	-0.354993336672474	0.127287137679787	0.134442324906082
"397"	"group10_bins.334"	0.290578999023398	-1.19254190852254	-0.0752582506001742	0.229176360860279	0.133083298590514	1.32031565905992	0.633054249817159	-1.34941720393444	1.18042096464819	1.3326157528501	-0.35557162012623	-0.497069386774037	1.07543708802903	1.39407213706077	0.396735930316661	-0.645395159237557	-0.809114293462266	0.0663931051914091	-1.16844792417957	-1.01771848620559	-0.235165414916155	-0.555330572433378	0.506549361506061	-0.246662746175719	-1.27385005797121	-1.73364204093028	-0.507255283389735	-2.60098031163764	-0.267319659124748	0.152530294532689	1.23913148529977	-0.0400820217068372	-1.83977940945416	-1.57211542415237	-1.50511814563467	-1.53824158668804	-1.37651896722096	-0.363745698372418	-2.10972893408834	-0.749265905141047	0.936971992214681	-1.28757775113628	-1.30537471491513	-1.02434705791065	0.870699574630337	0.60807803524987	0.377343936514739	0.476349818719182	0.574954923748802	0.454651845774059	0.588894267936843	0.557607746920502	0.545182533324271	-0.418802079638128	0.412495698449475	0.94692798778623	1.13507382966222	1.3217507707542	0.69719937010088	0.85396194925232
"398"	"group10_bins.379"	-16.1264883076636	2.02998250951086	-16.1264883076636	-16.1264883076636	-16.1264883076636	3.87484195941711	3.43115699217202	3.87801898677218	-16.1264883076636	1.38688771479689	3.8734254517845	3.52087731907571	2.8926208051612	3.95961528409851	2.85391776976159	4.37778488672275	4.42910893567248	3.32199650704017	2.56583667160357	4.74937756790689	3.90955045530257	3.13420392409353	2.61701588028143	2.89695323943058	2.40382187499155	3.80679815059545	3.00524492613476	4.05942477745937	2.89639730759954	4.47867461583412	3.07792331767274	4.08652696271747	4.05539016575967	4.26340072006473	3.33061311991939	4.5948973254548	3.70801222645011	2.42335484719061	3.73178326625715	5.07359150305276	4.01993752368697	3.18637029321791	-16.1264883076636	-16.1264883076636	2.87883554665496	-16.1264883076636	-16.1264883076636	4.05293825264354	3.72802239306517	4.8630488135397	5.62239153341547	-16.1264883076636	3.38185139361037	3.64104170215969	3.93460800161542	2.03041548851984	3.19479268879536	3.96257951724613	-16.1264883076636	2.62754179954696
"399"	"group10_bins.399"	0.0278163618154172	0.346815889244021	0.124361874738224	0.406589220569761	-0.223694568227726	0.0693824688486	0.840605068783356	-0.0368613861044658	0.645312733775304	0.545872084723525	-0.117788187860148	0.461464412026082	0.398349311091162	-0.0660973545203589	0.203892732053433	-0.194635106968118	-0.0993739775614406	0.0238587611538117	-0.888533092249645	0.0121329107111334	-0.179565679087085	-0.345483668222106	0.539881082646767	-0.426036225778097	-0.432341534570316	-0.728075067196015	-0.393074300239487	-0.0470932257632448	-0.0765812761267251	1.30831518581393	0.137026902583046	0.0982636332530777	-0.564805748881725	-0.470881215504086	-0.438454633427797	0.210336424750265	-0.195846344262853	0.420150165672685	0.0724915723549291	0.267714936543311	0.00875133688110807	-0.786787160202225	0.106987184720774	-21.6206217530059	-0.00928725768105831	-0.117651980883003	0.323103878771339	0.338035879198309	0.434201427408679	-0.566103359385373	0.198333701683691	-0.844127386096134	-0.346878221202628	-0.342348249600668	0.492793572543981	-0.0753814638503725	0.585302358286058	0.426136487835185	0.0869461164512444	0.511769933933765
"400"	"group10_bins.56"	-0.778852939453956	-0.529011155850832	-0.292230717211386	0.147542701974082	-0.021864963558567	-0.0893577944092687	-0.189023983116796	-0.106572555021046	0.728131606832791	0.370421712887392	0.267887929603989	-0.61284194205049	0.688224438406705	-0.685154193308743	1.61236771607982	0.366138281637085	0.1730495991124	-0.000891754291727942	-0.427577054930149	-0.114764819063429	-0.661812805679016	-1.60524030539076	0.417609318472077	0.543336020664318	-0.286880313281037	-0.602770103851663	0.0447320176100918	-0.799162529679755	-0.0672641939403302	-0.789007194065041	0.314221197888972	0.998818979182521	-0.90738822475985	-0.419794177265734	-0.0351863008125308	-1.46367763398522	1.05188325964894	-0.481136659726483	0.290068031814593	-0.363585380937463	-1.81622865568369	-0.204978429689292	0.546126873885989	-1.20483581306474	0.394652940384804	-0.259116721709435	-0.279048613127365	0.515065922262833	0.464812044806242	0.292954389150931	0.168113083787707	0.595819980744694	-0.192546200759591	-0.637338168219156	-0.64615055549736	-0.403260059912656	0.436897228849606	0.327996038146926	-0.0367093671411336	0.997379605689667
"401"	"group10_bins.7"	-0.61247112549693	-0.210863768059526	-0.172093010128942	0.534119571092356	-0.29277009648905	-0.261284579383062	-0.470660895850957	0.17091218630941	0.602456638710641	0.289155207705544	-0.186876693357942	0.195060448160939	0.394336699289185	-0.744846342979598	0.627952701263948	0.0740356900421855	-0.169368769398083	0.209277883098779	-0.708688534929418	0.376103322884603	-1.0443001197203	-0.505342633421297	0.58100055663138	-0.545887387039806	0.0286987582658007	-0.121440108102493	-0.055561886069202	-0.295068870153442	0.169737292938839	-0.412598513517089	0.849660718456851	-0.331957264263763	-0.557583115938334	0.263216078604489	-0.736737790938727	-1.53434426443171	0.427075433646428	0.194125420724226	-0.229351658937223	-0.0933722795864247	-1.28694333434873	-0.0405731046845723	-0.0134261841256338	-1.33055530605648	0.631218199267741	-0.486400336661824	0.106045535263144	0.268643656728092	0.390864377900558	0.0072013314522259	-0.25798729330661	0.446486162026833	0.185191314910706	0.0490924160077322	0.107895035204964	-0.539655884159811	0.330274650794456	-0.477441008890467	-0.110805079202523	0.876269178170547
"402"	"group3_bins.116"	3.33825675330107	3.03356535068923	3.22346315118571	1.90787345948976	1.89217053361471	3.58662564090488	3.59377615411061	2.27434623512599	3.16346896785449	3.43726671861648	3.72751541781927	2.00561632327513	3.23699289950718	3.49525450919412	3.58597688664731	-17.3503927677225	3.07111884349597	1.67847192413019	3.29286523254696	-17.3503927677225	-17.3503927677225	2.57493805630134	3.55075911364132	1.79563009556297	-17.3503927677225	-17.3503927677225	1.84620336630879	-17.3503927677225	2.77273086024189	-17.3503927677225	3.04026531228982	2.92193048391971	-17.3503927677225	2.04191450736953	2.37788837366891	-17.3503927677225	1.9847275647885	2.70301249511519	2.92124728927232	2.16823993540569	-17.3503927677225	-17.3503927677225	2.25719762205104	-17.3503927677225	2.86377940597943	3.70337227605453	3.86016085620535	3.34130972695266	2.93644900452288	2.76308159745755	3.15905935788676	3.37773377212491	3.25264083316649	3.16286015569708	1.9973976544691	3.74343958473311	3.36098814428181	3.36488724739245	3.75995470446896	3.80879495340001
"403"	"group3_bins.117"	-13.3942839302563	6.83565566003543	-13.3942839302563	5.70666945352878	6.49697976635622	-13.3942839302563	-13.3942839302563	-13.3942839302563	-13.3942839302563	-13.3942839302563	5.76533777920708	7.29445274773887	6.60039300281904	-13.3942839302563	-13.3942839302563	6.58305467220601	6.56965365881041	6.41748746360307	6.06777593332266	6.82349793552926	6.92193620572868	6.25608346396356	6.86342095370465	5.8252422434572	6.26051042648672	6.99648054314643	-13.3942839302563	6.94529216943733	-13.3942839302563	8.37665027758122	-13.3942839302563	6.90216602437685	6.32120482965611	5.91352501157279	7.45236705400437	7.15792010095844	6.43083908210127	7.05776540528754	6.96197279595517	7.11137758245984	-13.3942839302563	6.01004363548123	6.40054311084783	-13.3942839302563	5.23429397885927	8.73894384960735	5.44697789655627	5.69924072354118	-13.3942839302563	-13.3942839302563	-13.3942839302563	-13.3942839302563	5.85920895122883	-13.3942839302563	7.43633171879136	5.5152160498688	-13.3942839302563	7.07910583825229	6.63624564826922	6.36047106840446
"404"	"group3_bins.134"	-1.28882555450125	-1.86233716598827	-0.569606422257737	0.772994604605415	-1.16284842011874	-1.08793461612632	0.398122006589094	0.829964405088093	0.718300008209113	0.178779369504218	0.141454250881202	-0.75737054194481	0.692470479790926	-1.03660767030187	1.46627446514403	-0.202696660849209	0.406348725209723	1.06744061064466	-0.832067049637121	-0.34119858163241	-0.172284164581327	-1.09631821931229	-0.76774888489597	-0.821682539456407	-1.55657906810963	-0.0316417755796765	-0.257965752389531	-1.32125994112454	-0.0107917865771379	-0.046101831389799	0.856645450338122	-1.21902862871635	-1.90465507445085	0.679452076461962	-0.803560680207013	-0.865122326247892	0.829158869982182	0.654402618581065	-1.13911873781855	-0.826142050661083	-1.34268819864333	-1.59135823579776	-1.47491412930805	-1.14580739701168	0.959978634444728	-0.818169795588982	0.684672162498922	0.965446867922742	1.10008960565913	0.542576984348843	0.419627672733797	1.07303025805262	-0.427951470593229	-0.34839520573823	1.63412291302355	-0.487900326924471	0.732144541476704	-0.526625897002571	0.545647246594909	1.64698650004758
"405"	"group3_bins.177"	2.55942782060816	0.709360038087758	1.85108900994969	-1.12491867396764	-0.769850575635357	-2.55108624753456	1.36687244968726	2.49049852520297	-0.567938132721079	0.694412055980623	-0.886258857356016	1.58914224590781	0.953540837310912	-0.879246190075258	1.2148867228471	-0.658368607574615	0.372761536090963	-1.5166669931738	1.56831035420987	0.842330556545206	2.69287655435341	-0.989979286247737	0.0343917329476477	1.42400394828906	-1.68506835806611	-0.811172161195691	-1.41600432861613	0.381097415534819	3.36696832465337	1.59361172418644	0.370828756318941	-0.940358236135437	-1.44514932007899	-2.13155205887981	0.532914417205994	1.13064791661117	-0.239826364157167	-0.202982826340008	-0.215469866600831	-0.871363929599076	-1.45543648917864	0.360828059538711	-1.51744956754735	-0.0882795132102574	-0.882920378124243	-2.22689377482391	-1.05942113976309	0.569498313898269	2.66012781524664	-1.79606119176014	0.206102319554046	-1.50452891380574	-1.20274265565807	-0.276852696619061	-1.56191098651431	0.410241270445696	1.11426804584252	-1.07615106443228	-1.0192370007265	-0.645440380328654
"406"	"group3_bins.182"	-0.218512834710365	-0.541168740588275	-0.312711831402575	0.933545145900741	-0.362349663810298	-0.728126216961885	-0.172056213815782	-0.263780724576014	0.592669741355648	0.649994948513501	0.165913184254975	0.307723059532504	0.757692053934853	-0.00542834436664386	0.46227975461172	-0.516821352972363	-0.575210887458154	0.100200453287648	-0.379971229635006	-0.580342174397967	-0.49990797651647	0.314460018228575	0.264199281564411	-0.95823082518914	-1.14643573119129	-0.714825144795127	-0.208713023203092	-0.841850335858062	-0.180478206506357	0.307496085964842	0.413638182749844	0.0114158437525873	-0.653217999600046	-0.303239575255053	-0.492354932122455	-0.487791031797918	0.534275528001209	0.512674795259853	-0.637811096283057	0.111532469953276	-0.470562837429962	-1.93217861268618	-1.21205202963433	-1.88484683400924	0.455828831452463	-0.154043238187584	0.33382557093475	0.50787519520972	0.627895550054604	-0.303553203952723	-0.10956457083798	0.294369902931718	-0.142549505802851	-0.348651641742242	0.719572190873246	0.0642560618154473	0.155443252206542	-0.434498525962845	0.453935705640051	0.403095081991169
"407"	"group3_bins.183"	0.818400978131421	1.94326489749789	3.32035073610065	1.42367444979646	-0.982840754660377	0.47043239436494	1.70899116579851	1.71595448452847	1.69418661230927	1.17213433935414	0.133291378744963	0.140490122559466	2.24323285857574	0.201112268493631	1.29354733711934	0.0300264148195462	1.84854713058513	-1.06004179814337	0.27746093142119	-1.47734123263894	0.993051567958619	0.365852842840459	0.308383467930521	1.29945667972394	1.45389741028297	0.944883408209209	0.905436464136438	3.14936183197784	1.3807226085248	2.72155858681634	1.01309477045922	0.44542484022282	-0.123506418324197	0.294623947328261	0.595759841757497	2.72643603008369	3.73892039065624	0.722527687413773	-20.9951152491439	1.20508875805464	-0.114833617305385	0.658189763404076	-20.9951152491439	-0.918317731514226	0.883835464650154	-0.440392851720929	0.837770098921916	1.35711577894202	0.682913394646472	-20.9951152491439	1.29014772502191	1.44471594016338	0.352412238114469	0.623564347350264	0.528913554461197	0.440891425337012	1.5860991811411	-1.10577630889651	1.12231014444841	-0.165845847525685
"408"	"group3_bins.185"	0.299575062245381	-0.00556307583959548	0.93026105493179	-0.36435526604911	0.831729888028757	-19.3230991721335	1.98894297966305	1.37794989504674	1.71132652033676	1.27077490262429	1.46314354443439	1.15333824221727	1.00020851583984	-19.3230991721335	1.09664569890143	0.195559311424459	1.34671421273651	0.290568360234583	-19.3230991721335	-0.0103635240709279	0.259755886801486	1.50811681495154	1.23047543689939	1.16713706710818	-19.3230991721335	0.15255953764112	1.21503051846874	1.09392068517872	2.61892295750999	2.67781355378589	1.75321285194119	0.162998628596373	1.1478329630901	-0.174947770801653	-0.142125317500392	1.98708578337064	1.38087278606438	0.160013387033898	1.05621653260649	0.746556315031384	-19.3230991721335	1.24193287243805	1.14048931289444	-0.028315296669831	1.74941826369871	0.448632635520298	1.25018509455443	1.96992201123776	1.26655942004979	1.67759860319532	0.803549764351271	0.161667502146108	0.831190543789623	0.62046945280678	0.780899981290496	1.57586350402096	1.71657450749833	0.811937166112696	2.05161407191299	1.59576401449092
"409"	"group3_bins.187"	-0.516148533315569	-0.592289448284574	-0.296418812654331	0.191144902936252	-0.498852017943156	-2.1207135565189	0.304544344968025	-0.380242180931028	0.659328075528392	-0.173610761598131	-0.463565725968479	0.0552044757148389	-0.0372732631356261	-1.43404580675971	-0.143525482527123	0.628173452133532	-0.506365367109724	0.0889700685999184	0.205490409087315	0.0580752829321005	0.318690891093046	0.0748288724523398	0.16548953970503	-0.355302799236352	-0.00614366906161035	-0.131410414310742	0.413663624193508	-0.313394903016783	0.395777385313255	0.581341931238966	0.811714824878778	-0.810728057949728	-1.50334752813349	-0.597875729690047	0.0642264275362585	-0.363810913405755	-0.33686210386408	0.262019056176149	0.149720501348515	0.159368784740288	-1.95119647890161	-0.77430067194784	-0.0296148480818603	-1.37689356707931	0.338441225942387	-0.696647627758747	0.501949145600605	0.375065061903783	-0.164532097040075	0.225654915353305	0.506165847403264	0.227010736068169	0.249513051206766	0.00825983386861484	0.131443394241867	-0.102035169939795	0.71494144324545	0.336538625313424	0.691398884072201	0.37737273504337
"410"	"group3_bins.202"	0.702087760994836	0.375160186660214	0.64040460952226	-0.370271174830538	0.306760466119561	-0.0292967945735736	-0.0867705355680055	0.729565069031732	-0.77111365050229	-0.458776008093277	-0.725351789685677	-0.347295930844803	-0.225540644253261	-0.721222226328967	-0.00437869478167219	-0.215560437301767	0.621771666387273	0.84771615512218	0.344962087429321	0.236403465996188	0.131865721112578	0.389953708434971	0.0453921300273112	-0.926633314926007	-0.268088871606542	-0.823856893417065	-0.871502423809181	0.682717645153986	0.610942504894198	1.10068288641815	1.023965989883	-0.148608983833123	-0.428129760532229	0.204666665344697	0.316221949267567	-0.273599659107726	-0.45859929847999	0.746128732376254	-0.629868417989734	-0.117690479020782	-0.801309769570499	-0.893907756708122	-0.967753796687034	-1.93583944924787	0.099044629237329	0.319891359305098	0.118385587512578	0.0610030263444941	0.326998930805922	-0.114318471480824	0.514573016617714	-0.481743644868159	-1.26794823323905	0.532752522984178	0.203159509054422	-0.221879459617354	-0.453402257037524	-0.412357273347848	0.366227303442019	0.408984799484547
"411"	"group3_bins.206"	1.50896002526035	1.47024129637356	0.705243887571259	-19.0578434782122	1.47302475019714	-19.0578434782122	2.29410828000529	1.89081499623173	3.08928783464958	0.169715613001273	1.43100005557521	1.5302976974316	3.92340511491553	2.53100491542112	2.70574488998064	0.922993330266456	-19.0578434782122	0.978688477879563	-0.0900539464757308	1.00883489019068	1.36894199758277	4.3323564417386	1.45250617218442	0.134299251837018	0.577251986013778	0.636865594237755	1.26550022238272	0.874809706924522	1.62174509855837	4.62033540317325	1.83095946893566	1.43836481089131	1.28809577758421	0.455876400448607	0.783515284690936	0.702545535917595	1.60612118415743	0.690935354844327	0.65067398906518	3.03284766463886	-19.0578434782122	1.17086951895466	0.975834617935688	-19.0578434782122	1.56008738957123	0.817429080508464	-19.0578434782122	1.10477114100107	0.300220114727786	0.921896670443878	0.975897416418633	1.76974307403191	0.2607515988125	0.157693339254531	2.67236116250973	1.94270481612603	1.60193186557857	2.31784803098265	2.5973058467887	1.21519004406726
"412"	"group3_bins.223"	0.0531000790924923	0.451195775887137	1.05737941165855	0.642596687639124	0.140522296432325	0.276309079841837	-0.107503243598061	0.138981039832352	1.09866849370805	0.391413321175022	0.0951991687362934	-0.398011530359054	0.832018881480675	0.213730745776846	0.369022121101159	-0.848817867246366	0.0249325651954857	0.807784996044364	0.065191563918364	0.358283610891852	0.985257436457806	-0.589028172085202	-0.123831874193433	-0.0881526671999859	-0.261209156735105	-0.679304588040932	-1.81433132148726	0.200991853871382	0.691426704458715	0.681808934324184	0.302617681639255	-0.314220631333875	-1.33754953334821	-1.03568592083988	-0.991312459984606	-0.40742710555724	-0.214902539436548	-0.466251528220505	-1.01392659077121	-0.758705087298525	-1.1831437697885	-1.67394167732424	-0.34832818862507	-0.515990973100079	0.401723527717577	0.173993839583713	0.0482668142785849	0.556614468392233	0.515545583511835	0.126639458926534	-0.0916089758023295	-0.293545748224597	0.0519871775637153	-0.583637721609287	-1.17272847613284	-0.507924001352811	0.489803949215545	0.0280639488700132	0.21631249882235	0.355481822437523
"413"	"group3_bins.240"	-1.24692985289348	-1.24692985289348	-1.24692985289348	17.9928584165421	-1.24692985289348	-1.24692985289348	-1.24692985289348	-1.24692985289348	-1.24692985289348	-1.24692985289348	-1.24692985289348	-1.24692985289348	-1.24692985289348	-1.24692985289348	-1.24692985289348	-1.24692985289348	-1.24692985289348	-1.24692985289348	-1.24692985289348	-1.24692985289348	-1.24692985289348	-1.24692985289348	17.9378938792504	-1.24692985289348	-1.24692985289348	-1.24692985289348	-1.24692985289348	-1.24692985289348	-1.24692985289348	-1.24692985289348	-1.24692985289348	-1.24692985289348	-1.24692985289348	-1.24692985289348	-1.24692985289348	-1.24692985289348	-1.24692985289348	-1.24692985289348	-1.24692985289348	-1.24692985289348	-1.24692985289348	-1.24692985289348	-1.24692985289348	-1.24692985289348	-1.24692985289348	-1.24692985289348	-1.24692985289348	-1.24692985289348	-1.24692985289348	17.0413417578424	-1.24692985289348	-1.24692985289348	-1.24692985289348	-1.24692985289348	-1.24692985289348	-1.24692985289348	-1.24692985289348	-1.24692985289348	-1.24692985289348	-1.24692985289348
"414"	"group3_bins.288"	4.33116663769161	4.4085810901792	4.21599042881096	-16.2636145814984	4.69021537310472	-16.2636145814984	3.53566255841369	3.48277830339005	5.17927226464964	4.30971493555626	4.5415754053556	4.2501930015791	3.58130912303212	-16.2636145814984	2.91486584285128	3.5009706933608	4.4350427709954	-16.2636145814984	4.59828777473893	4.382595129681	5.13695518050232	4.37176875549138	3.51931842694799	2.25694464941988	4.75107368424086	4.52661534781319	4.5538573941594	4.54660814327577	4.20948678747804	3.20562810644183	3.4992923212763	3.42788317484878	4.90517253572954	-16.2636145814984	3.66974591286671	3.75403403662628	3.47252562476513	4.97054225784672	4.22948862236666	-16.2636145814984	-16.2636145814984	4.4126896451764	4.94549577218319	5.10830645818619	-16.2636145814984	3.36021351283031	-16.2636145814984	3.42425408357592	4.322931442946	4.60919408079734	4.31775791015945	3.95863281607245	4.34149665772701	4.35789998285917	-16.2636145814984	3.45413426276059	-16.2636145814984	3.37939283053065	-16.2636145814984	4.4186464648959
"415"	"group3_bins.292"	-0.295127715207796	0.289619798660349	-0.339405241752108	-0.508573932418409	-0.353753274783778	-1.13877004371462	0.597836697088178	-0.435636459116068	0.49986118318706	0.64395772093782	0.419783784231896	0.322271899690672	0.0759159176715727	-0.835038735241207	0.207753091756088	0.100809508887356	0.137099337020024	0.782339635028235	0.384978066224702	0.602819758355801	0.654325025625172	1.04831250768566	1.02006659973627	0.27794797511089	-2.05687886363055	0.33139653189827	0.529188238140753	-0.0833757352960536	0.620104928626239	0.561488114650116	0.644000977723107	0.318920410802179	0.486118726973803	0.719790278834292	-0.0628964073464449	0.253743176903348	0.569122714329525	0.704672435175838	0.0468591221399706	0.670696476813622	-21.7724247562857	0.0738157430337054	-0.97505338009615	0.475513205414043	0.403748005525121	-0.262251635106109	-0.868879353861162	-0.464351071062178	-0.253153129346059	-1.32409910827223	-0.00791430316290942	-0.786249382167036	-0.00787319674992748	-1.16622414147922	0.25837430578773	-0.252718416480398	0.0951902938631761	0.0516191488565854	0.0679655731723763	0.851443180499349
"416"	"group3_bins.32"	1.56124684248784	1.86183301837296	1.03856885144745	2.14418392156655	0.894058304516312	0.693772789204636	1.50453144561367	0.938756281579872	1.77232575250185	2.19477824308616	-19.5984578987922	1.39451461921732	1.73715128425409	2.06122525333991	1.85645950356468	1.4972563774332	1.4667056304035	3.41146660588268	0.653833615089965	1.06223925227177	2.80213052355087	2.57943190073042	1.29823585722194	0.960087934688461	0.252096516025293	1.0342615365522	1.13158464235765	1.77187918726401	0.38826009738465	2.02340830267913	2.68304782832098	1.21733719288601	0.652262330943129	0.550975649372241	1.11468965684356	2.66532891081223	0.93510868127454	2.446422665473	0.80664810453163	1.42032812785692	0.893935351697007	0.922670615427572	0.555862032380858	0.538659875314947	2.27741073899931	1.18643217635594	1.92345150099701	0.784672601717812	-19.5984578987922	1.12312337307215	2.31022542762361	-19.5984578987922	-19.5984578987922	0.701764722455216	2.27753052905528	0.657838836228248	2.20347490581939	1.38404854603265	1.47220993998358	1.74162809121841
"417"	"group3_bins.323"	1.21746552034947	0.310295099366369	0.219693047022552	0.116784796022743	0.748828417062447	-20.5935303368523	0.638832401589704	0.806071662624032	0.725335852452706	0.274572821243113	-0.0110782590868901	0.29020971089822	1.01848847696541	-0.663796289615616	0.351544946031953	0.445497948239113	0.565539895950208	1.05658763636654	0.565178048995439	0.269145892019553	0.48221103013553	0.869329949302381	1.10503651408771	0.0536984705173271	0.374591647842807	-0.0297853882458421	-0.323960205062167	0.829676356443383	1.12289594373944	0.69829520816643	0.448338043096098	-0.374746063037191	-0.708039298638194	0.204271825959605	0.473020221304815	0.63449079080795	0.58763771047984	0.388513846148985	0.490677882743901	-0.537747058146051	-20.5935303368523	-0.164466830982479	-0.721514705765536	-20.5935303368523	0.746227555481774	0.390499345253435	0.974901863351891	0.157624061612552	0.463258305965189	-0.922951085665018	0.649834057027402	-0.467998041037267	0.326211841005664	-0.493458690350066	1.28114738371242	0.729325317422384	0.702187514350844	0.255714363069704	0.753998985239134	0.688087510102288
"418"	"group3_bins.358"	0.957292592710306	1.79980100475787	0.841262895558009	0.840381648965195	1.67716614422694	1.5212037983488	3.51720201865836	2.64564765346272	2.10213659858869	-18.2280328662589	-18.2280328662589	2.2517006672476	2.1792755592458	2.90204791019455	-18.2280328662589	3.00462555975814	-18.2280328662589	1.88165981879921	1.07140669040708	1.94734941342057	2.84916397163757	1.76353705594393	3.5555155012815	1.0948008445679	1.42686262909332	3.95971831848469	3.07682888333917	3.21079266994442	2.96697286595354	-18.2280328662589	3.72227410066367	3.3898585869218	4.09338662119503	2.57001463259374	1.47305587101357	2.54707680977818	2.19819486929245	2.90866092350794	4.07520152894808	2.45006120634703	-18.2280328662589	2.9026177185261	4.2540811879094	-18.2280328662589	1.47866741123525	1.41920584144135	2.46759205915291	1.78331475040125	2.96520599871624	1.55345379397128	3.59280061409468	-1.54032597873002	3.29628483558439	2.42180501659204	1.71414056888592	2.6882965812238	1.81872490662782	2.87927743177415	0.883019835621609	2.15439343252025
"419"	"group3_bins.371"	1.64301513838932	-16.9519854136766	3.42621375333005	-16.9519854136766	3.21928746374129	-16.9519854136766	-16.9519854136766	6.85069718086132	3.1848753365714	-16.9519854136766	2.82359356190635	3.30446588673258	2.5293139219289	2.81352134628934	-16.9519854136766	5.27905847699166	0.0816584692804518	5.96954951257772	4.93160249723003	3.58542721175196	5.26624369309832	1.73121858177618	6.54454455289651	4.8402681288038	-16.9519854136766	6.16550343878229	3.38982765127174	2.88484720211123	4.09662771989353	5.30530172612806	3.81871989629009	5.12731999158808	3.12497339689876	2.10993639947182	4.74546228062315	4.24837398872876	4.29728876589216	2.3314213598178	4.64345706886588	4.65233869749257	4.25767339502688	3.83876902148457	3.72974827775862	-16.9519854136766	4.7021263487846	4.82227456739833	-16.9519854136766	3.2688863665997	6.1658076137101	2.32285895195062	3.69668369547271	3.55671312723201	-16.9519854136766	1.69847280882798	2.93565646306447	-16.9519854136766	3.80712701028592	5.70054764637309	1.48851302352204	2.03148721281348
"420"	"group3_bins.377"	1.01307303504185	0.621389391673562	1.14332165652206	0.80426331973319	0.793129057015646	0.641233599212856	0.883412624493287	0.0736106607263114	0.338340176349983	0.321573440756111	-0.427117833539367	1.21129186193681	0.400799307981237	0.249590438501468	0.962794270907426	-0.92433829873962	1.05247067517547	0.533223977816972	0.789507215010871	-0.837821263019336	0.392078889500961	0.787974312077625	0.818093285865545	0.0292351022000661	0.0909478170847189	-0.380910077663243	0.395808125964193	0.73246808548942	0.613131818925152	1.20945735142412	0.944385889415851	0.140174822620194	-0.631420966814081	-20.9681303595038	-0.219378187909241	0.717407761515306	-0.295481970639669	1.59669028638477	-0.100443906379533	-0.386783155175309	-0.927183504217557	-20.9681303595038	-0.594418703658049	-20.9681303595038	0.469953444536321	0.838973763782025	1.06696466976074	0.917153857338962	0.333487668209846	0.441063658364182	0.770462666317848	0.436847053585133	0.668198483114415	-0.0406474282817912	1.98150453338213	1.49407482613471	1.33979425881239	1.32855098431594	1.51385980112862	0.242719645947855
"421"	"group3_bins.39"	-0.326411692762433	-0.81420394734705	-1.19571993460041	1.39159476096981	-0.573958104894666	-20.7086564848174	0.545086372830661	-1.28126402789925	1.012015072946	0.972876431837248	1.34977609301255	0.323127168975743	0.151715077356227	0.735255089438716	0.679619359618218	-0.324832582077629	-0.318307595470859	0.674711954672098	-2.13879713996399	-0.0534037214158207	-0.258881058194169	0.652903821154697	-0.472380562860718	-0.156814397885367	-0.603334766240874	-0.810993257425024	0.393444386162629	-1.01592610588133	0.421549198652704	0.116217333575305	1.43683799626835	0.682964811858101	-1.67464562256671	-0.863343429692932	0.393293836216221	-0.101295449015299	-0.253142469742513	1.23186647079064	-1.03604398060457	-1.10655336037162	-0.301375670873392	-0.394665205908538	0.253932067926121	-0.40677796673021	-0.903371843721691	0.659411374587195	0.968930734006698	1.00164244136469	0.287155505355858	-0.367477789961744	1.35137152041949	0.991012517309149	0.363940495145983	0.129610983622968	0.923073050296539	0.692596813737821	0.430892330987932	1.16067926888602	0.33231311143987	0.449668869653099
"422"	"group4_bins.141"	0.355506449370023	0.25923567988559	0.454868294052116	-0.357691475383313	0.725617600309054	0.170297395821569	-0.19575785097506	0.0818892152272168	0.353577839318332	0.491842460033896	0.140627358782194	-0.00282098383238427	-0.856298968711487	-0.734524512524417	-0.114862423807413	0.399161745993934	0.786622403307322	0.303724791012026	0.886194814300478	0.708155879870318	0.123083272416166	-0.852910103229469	0.3115394250125	0.314710355373818	0.589561715989567	-0.281640950563771	-0.172158266560293	-0.104020844116957	-0.250928067084224	-0.681767032764714	-0.115820731522162	-0.661990597722746	-0.233020029313381	-0.400275439733332	-0.296023135984526	-0.595674091711007	-0.527899217415184	-0.590695382214436	0.0918797679795782	-1.43794427756469	-2.00371139835663	0.080685555558925	0.224059507488975	-2.25376505156428	0.353353403081548	0.338596907833713	0.390550342181785	0.239023149344098	0.378070485137013	0.887078659252688	0.726628559944157	-0.453255434808663	0.664707545820993	0.48489886978717	-0.680907911710579	-0.0991513005043752	0.406937429214131	-0.0857982073976062	-0.116542298457062	0.621607986947749
"423"	"group4_bins.149"	1.57488166925795	-0.590031549513783	0.00437801161541795	1.5969031608952	-0.0139913079624892	1.48596238153786	0.180296334488365	0.977187070875113	1.81387657421976	1.95998540290212	1.82166640702448	0.32759934815834	1.43284912539666	1.04013050401249	1.91333443442341	1.56348492340189	1.59702033720848	1.11702295989609	1.49356453788267	0.895120371569845	-20.3706667945234	-0.0638626103830786	1.50285831454328	1.01340122336603	-20.3706667945234	0.00472409402876739	0.920446706845405	0.299142085901829	1.12449054000748	-20.3706667945234	1.84154354669776	1.28479467806929	0.689764090938631	0.461275820758789	1.45394182993147	-1.71962421561291	1.21506863643021	-0.0706016205173823	0.491646315205823	0.0549904905995877	-0.0983154620797748	0.97977483129022	1.40271528033637	-0.483568289918543	1.3924369787242	0.312531845835228	0.653094777290097	1.66158182380323	1.3787727411871	1.42218625401444	1.71381760914703	2.26233494764549	1.05748348652716	-0.0252890367042724	0.190751413256985	0.725433048946527	1.73024110993852	1.32608575946769	0.71133335278207	2.49102727699934
"424"	"group4_bins.196"	0.281328041668602	0.0171494015987079	-0.00975353676846247	0.261815854688712	-0.0898082518394476	0.0983084737418363	0.113920090705325	0.0198600343970838	-0.0591683300844181	-0.185542393702292	-2.20738859796418	0.179379950898234	0.364943453073411	-0.710649704065769	0.376308214827174	-0.224391760862284	-0.424262512735848	0.566658803269834	-0.283170631110346	0.14928497182335	0.493293533828563	2.12048867025872	0.194877948167041	-1.0369595213821	-1.13610652231938	-1.07312981867634	-0.361732219314534	-0.808769688492442	0.310014635884813	0.989326936962934	1.59528279649198	0.147391786007017	-0.70689934834111	-0.967113710719637	0.186796560234378	-0.192402508824484	-1.18604993947108	-1.13206113552034	0.133435918071303	1.23928878399905	-0.378298732473985	-0.734999383551934	-0.10972574159753	-3.45836624751989	-0.213046473534767	-0.0408035497077082	-0.578342082220121	-0.833726990848809	0.745728723399419	-0.127348253363787	0.878939375646406	0.717162568534597	0.312106224463947	-0.400853987027135	-0.414242143369572	0.394346176366295	0.397905241559453	0.624569431167442	-0.340032812104792	0.0103984241789901
"425"	"group4_bins.25"	0.633965973683815	0.544759996647341	0.718569001693277	-0.760519207372556	0.795197453530226	0.06320724861125	0.458530001925987	0.23725698112535	-0.272522361128669	-0.133584499746346	-0.302028244091395	0.155775735638621	-1.04293574360609	-1.44009873755543	-0.785305266398733	0.189380223793663	0.803528112475237	0.0278204949537573	1.12836682219205	0.492075311432767	0.659888215494147	0.31809814112125	0.527547857835956	0.138776441213894	0.460370072965637	-0.119278761303877	0.064045680813857	0.456299843858947	0.310930911778609	0.290688452013414	0.000197217585464315	-0.700524396107843	-0.276803006720653	-0.616263609176985	-0.354966563164876	0.38711938038404	-0.954006896000964	-0.543955132934938	0.0645785266721672	-1.09253457651409	-1.5606863180795	0.351906894737334	0.220081634450757	-1.40988063823503	-0.392852015160169	0.274543598563822	-0.00402502000554072	-0.551886243531689	0.0845932599734898	0.579456227310172	0.5223768633897	-0.232966817067418	0.493363487174853	0.530727998950992	-0.293639637566686	0.533721890789857	0.16253468957807	0.36622825478993	0.0380833293971472	-0.13803544268931
"426"	"group4_bins.261"	-0.27727648857261	0.297773871774046	-0.249375083742782	0.085020310598571	0.590957286186612	-1.10971572700982	0.593313022061472	-0.319482139104708	0.403369322573005	0.247106804659406	-0.0360144711992234	0.51677787208394	-0.00699652279934604	-2.03879262384892	-0.490132972079991	0.450675079416313	0.215740889685246	0.425972157207769	0.321659072143707	0.201759034079281	0.416079315536255	0.941202564706016	1.35887748135066	-0.252611926226731	0.318198558662121	-0.133507345261092	-0.0235989735380411	-0.0304018450426984	0.0864929572998738	1.54418688671239	-0.107190312720389	-0.54243010102887	0.496012483714379	-0.0949214461125241	0.0209530490422098	1.03638184408369	1.19470125342709	0.425152114424522	0.519979700351946	-0.124618984783694	-21.6823883585069	-0.047584118489941	0.262840827121229	-0.307624265635603	-0.0353335257733196	-0.598816193895756	-0.34924277203169	-0.139412171282252	-0.19521467244178	0.202019046243012	0.42996347263185	-0.946534095489961	0.338851742890465	-0.194001859532298	0.00705090505311468	-0.337780346982372	0.669557207202123	-1.782999402662	0.967900608022227	0.0988766430036536
"427"	"group4_bins.272"	-0.767069128315969	-0.442213031151125	-0.674906272930714	0.608926291300124	-0.510480998500986	-0.569670728153929	0.476679551604676	0.244889596194248	0.422557577136447	0.23475146800752	-0.336047398336622	-0.429217530678333	0.190380238469841	-0.664388199914092	0.10504576173618	-0.244457330979801	-0.397006834664922	0.526951264718057	-0.204464357599583	0.0684810126316773	-0.0652274590201927	0.465976019730184	0.636797921197874	-0.0206873878234033	-0.971861423227004	-0.836835547008364	-0.33419290397243	-0.646739217829468	-0.1672220007375	-1.51133580777536	0.659623297274468	0.450983033232799	-0.537504643024635	-0.297828654009204	-0.287343764896242	-1.14223666571591	0.731828517708391	0.0648156108988429	0.363481572338733	0.25729292658474	-1.5291481119508	-0.841560532304785	-0.267282573998936	-1.30162821973236	0.510605533394858	-0.497471961003298	0.286852932406671	-0.500582019694193	-0.0848973642147612	-0.0353881650255055	0.20214359912976	0.879596810778828	-0.142385497143665	-0.0850650953964314	0.813132441280382	0.0219792673623411	0.653715358531453	0.1310296824952	0.257478854807343	0.693872627707522
"428"	"group4_bins.297"	7.49371722964761	-12.105858751641	-12.105858751641	7.70404719675834	8.26498713305786	-12.105858751641	7.86287910280958	-12.105858751641	-12.105858751641	7.64985276706948	8.77192742077564	7.09036521875036	-12.105858751641	-12.105858751641	9.3657757024765	8.49950397602324	8.59101912014131	-12.105858751641	-12.105858751641	-12.105858751641	-12.105858751641	-12.105858751641	-12.105858751641	-12.105858751641	8.30308891020546	7.72716497090045	-12.105858751641	7.88170708374673	7.28577029983671	7.59605099316539	7.22150762083726	7.89659263361878	8.4263286758275	7.76446594766425	7.50096483560501	7.42131851137232	-12.105858751641	-12.105858751641	-12.105858751641	8.20791188364758	-12.105858751641	8.60553180577876	8.35175471587472	7.48667586712884	8.1939697328829	7.20005565911804	-12.105858751641	8.43288226339515	8.21396981539608	7.32440326542333	-12.105858751641	7.60005357015231	7.33429700113143	-12.105858751641	-12.105858751641	-12.105858751641	7.1891207906743	7.99166623157303	7.85140796855805	8.45314558304462
"429"	"group4_bins.47"	-0.692647014171369	-0.819000218984094	-0.49129189020347	0.834959495377898	-0.572746536177654	-0.903670554180805	-0.37298729035694	-0.243138439733055	0.639248455560195	0.375727708261396	0.386433652814028	0.47851968204664	0.753834494024745	-0.0559630970760896	0.526333787933975	-1.15191877214594	-0.885856778522332	0.0214583639758992	-0.13208821757741	-0.172052187867973	-0.67159931736045	0.448447299477194	0.596027368056235	-1.23742437283566	-1.35077667050828	-0.401947900167955	0.0680386725749988	-0.623272591022136	-0.545094300181607	0.241858097811751	0.887975460023422	0.989482164660956	-0.391138076785551	-0.231827608541864	-0.173921124511732	-0.52717976817984	1.18362976813242	0.535435052130948	-1.11441139970467	0.443416297030519	-0.424589567876031	-1.10125262925892	-0.598095451942336	-0.638009937090946	0.524286634038368	-0.228458552003517	-0.0688161146416748	0.692906730562823	0.00565587586792482	-0.686083062970249	-0.371026075191844	0.436600543196324	-0.309021014914705	-0.543274933905005	0.730795676751111	0.0161180823797897	-0.0273266390607727	-0.432253779957566	-0.0011175327911177	0.164646852389203
"430"	"group6_bins.106"	3.01625832396123	1.60820161405022	6.78828667303435	6.67020552297028	1.93721476349217	3.59743123830327	8.07616941430486	3.63856919549705	2.70951909882469	-17.2175827004235	2.55336505230629	3.16407049986612	-17.2175827004235	3.54749742800914	2.61782868654106	3.149008576096	0.709664402493342	5.30788073265171	1.54848224019868	2.86563282216085	2.4833044142737	5.91208972883427	-17.2175827004235	-0.405696777062628	-17.2175827004235	-17.2175827004235	-17.2175827004235	-17.2175827004235	4.26367947433133	3.83407004216944	5.39504269074812	4.41803045100487	-17.2175827004235	4.8963257961323	2.05240436782044	3.3085366406004	1.36335694089016	5.99778371088304	4.29269388605065	4.1666383267356	-17.2175827004235	-17.2175827004235	-17.2175827004235	-17.2175827004235	4.64021099348002	-17.2175827004235	3.91758012589631	5.08471504963295	7.02657947773601	-17.2175827004235	4.43820257337005	6.61562070078994	6.1769440936205	2.66502802628268	3.33863016547444	5.68206106815883	4.82829676262696	4.79313126964042	4.49865595260887	4.85404968484666
"431"	"group6_bins.205"	-0.00930578999713649	-0.362669087927745	-0.0459402965979159	1.22448135249861	0.22314224398094	1.25378930001397	-0.081552712939196	-0.665972796071475	0.189074694823745	1.3263508228088	-0.0024160340193502	0.923755138437544	0.150178439050565	-0.151132874851613	-0.317237144768453	-0.923663050622416	-0.630122135013357	-0.0267529195733118	-0.43628351783743	0.575895742991307	-0.684133031206929	-0.0726132304037268	1.35457871468427	0.37373624932978	-1.51308257737377	-0.214912264598173	-0.732178813758177	-1.29666016230296	-0.744147972188995	-0.7465673522851	-0.0120826029832601	0.352301370553628	-0.53507355355316	-1.37856426053938	-0.970709917528995	-1.05880992065777	-0.615536998377144	-0.692355453997825	0.479052266790846	-1.47023565815923	0.079390440816999	-1.19299177180214	-0.798768535530477	1.28260937581532	-0.243286211142562	0.858643418022472	1.11166631506194	-0.255988220844352	-0.515044227807219	1.35015022032225	1.16546668115159	0.0287340396782652	-0.355216227244267	0.803560071949764	-0.427648499477209	0.739848551198741	-0.027258969816625	1.05299023551865	0.801847523731511	0.153493403566809
"432"	"group6_bins.237"	0.120367800960259	-0.19199527898186	-0.216591895042359	0.5465155041339	-0.204475320713137	0.588973911601655	1.95473485252605	0.0911062365901758	1.20202868105038	0.7756556452896	-0.0132969062239727	0.202471674730734	0.711917931680714	0.250656603563158	0.143128046305109	-0.316636868657455	-0.187657429277692	-0.575362793995756	0.0212693608519148	-0.259136807732745	-0.320351658261515	-0.207110218255047	0.219141771723434	-0.127623598474703	-0.678823005857469	-0.301120140995627	-0.525354848007546	-0.633477156532035	0.00550806767937306	0.541846721999471	0.473722939728839	-1.03153458174008	-1.15713070924824	-1.15807860765889	-0.671279866164678	-0.875167388540788	-0.565314833757963	-0.934536940663771	-0.559658914314475	-0.606627130190645	-0.365652769991847	-0.727900142612309	-0.341485133356801	-21.7188717604001	0.525897231795607	0.846229804168874	0.751831880303302	-0.197906409109484	0.523667039800781	-0.0535644392196621	1.06533123339768	-1.14500155409204	0.281326283626443	0.102686865532583	0.0829623293629425	0.820645289463354	0.191300992763364	1.19859293355634	0.720976562986788	1.09523700219753
"433"	"group6_bins.257"	2.50517126273967	2.7112156327343	2.05371418415476	-0.968958484838221	-0.148584240516683	-1.16893265182437	3.36687171002337	2.84382279070463	-1.9439875611246	-0.486201062847348	2.1350040398267	3.00316797073939	-1.27382218897293	-1.26941551278719	-0.590501774678574	2.61600861556159	1.92456839839731	0.814133551027108	0.763432864903621	0.170392160431235	4.00241534122043	-1.11499459981948	1.62095092866287	-2.77766121557167	-1.33045726145505	3.7681099204489	-0.025076644459455	2.25452775488583	3.56606447974622	0.933167508266345	-0.205353561705937	-1.26122791268871	0.134584934787749	-2.18457317581602	-0.135389414940614	3.40047148343472	-0.806524174935233	3.25393919927036	1.7278113636867	-1.13723753206712	2.67446694602006	-1.31796228122044	-1.36594809162526	-21.2742638169843	-1.25694108993403	1.94476700071506	-0.712872749974612	-0.596949526288477	-1.12161234234709	-1.51813055688354	1.31431980410049	-1.17825194669029	0.797674322461699	-21.2742638169843	-1.60916323764905	1.31824237081814	-0.240548538041897	1.05634953000713	-1.75728172239961	-0.330863003874132
"434"	"group6_bins.275"	-0.446698476578397	-0.793457753577534	0.112728785932238	-0.303310663731844	0.548033068682718	0.108544548831037	0.707494545905108	0.321054004557139	0.837897882067605	0.441114460133348	-0.109098479633827	0.124996990984805	0.262621859990775	-0.579755210459456	0.675741630880487	0.793904082069274	0.331528638394932	0.0671048053496559	0.359300941807164	0.145502436949919	0.489437814212094	-0.710387012661683	-0.118208123589626	0.341995712547801	-0.717352038810165	-1.20252992561618	0.290551411995321	-1.08783806478395	-0.206043043251	0.180929417846531	0.50434155017053	-0.0287022364259544	0.027407526931821	-1.23524165054596	-1.23584285151716	-1.98231189212831	-0.148600550665547	0.662401750915657	0.219129267567293	-1.90758962993843	-1.26753823742284	0.220102154083913	0.319707287094398	-21.740548570887	0.639772291985711	-0.295096059408322	0.00311634658540338	0.536371452606904	0.342965499065063	0.247830859782925	0.529614166227496	0.466700546268359	0.78437172759556	0.179281127067474	0.002591781994977	0.175243886962069	0.834779177068749	0.452337875058892	0.531705584592111	0.708959332971769
"435"	"group6_bins.304"	-0.446716795284618	0.839565164534577	-0.0543017303789597	0.132547825870018	0.153221653259405	0.353490549242161	0.567194843414609	-0.126790155355502	0.413676207191505	0.198729799255517	-0.0588567464282095	-0.1499626342315	-0.369606994682632	0.27368538636734	0.0682597270300853	-0.0299345303387382	0.299640882733594	-0.0609167349619888	0.00867814703101111	0.239698214651471	-0.444841955847219	-0.146899725951563	0.496757788864949	0.236847409352073	0.0743488218101236	-0.474832662702172	-0.630054944261544	0.0265659694494786	0.0035473284099572	-0.248443111602973	0.0329399383878091	-0.469767018360881	-0.708640835237148	-0.616739877345535	-0.643568129220416	-1.44119398654424	-0.264826782192935	-0.25536416129052	-0.00518358224048665	-0.791422583482918	-0.695444885406751	0.204976117463776	0.327124719834629	-2.14722788369613	-0.141320602517073	-0.0723469141354105	-0.0740273652484387	-0.0890738638452975	0.837331706046366	0.465243055207696	0.47360337030009	0.163539850738518	0.294516437012283	0.0213321093259644	-0.0610492688778095	-0.0842861205588008	0.4181361110536	0.375991469450201	-0.0388827045169871	0.603452790150414
"436"	"group6_bins.56"	0.456874881489999	0.52001323175666	0.0608236755641691	0.394991442509415	0.531873085145284	-1.36669668825711	0.312441679204461	0.50227365026854	0.331855005363775	0.215268739890202	1.1461202546738	0.489641138355559	0.734759284953995	-0.986336412838459	0.85644320307653	0.628873145347083	-0.250252204869091	0.543862558746738	-0.260046917976355	0.774468822267096	0.464703142474043	-0.162812132726475	-0.482304773812376	-0.0407460581635384	0.190843465007191	0.225081164457192	-0.329437918816348	0.601729361759133	0.253416604312245	0.449525366126776	0.0335382813171847	0.486670551147746	0.305091454546124	0.659360981898137	0.13805595526017	0.299238584234503	0.504713054327074	0.846861750940036	0.901354145414758	-0.236507101143595	-21.4989308560779	0.434410284794434	0.50984457105423	-21.4989308560779	0.217026044042131	-2.17535751196002	0.250384302400379	0.684977991164016	0.0591935942617807	0.827511271327453	-0.0358456393322779	0.155216369391069	0.365096886809297	0.578420158935337	0.103311356365572	-1.0745905836771	-0.0848300087080034	-1.52948778589995	-0.0191665084728401	0.657687330660172
"437"	"group6_bins.67"	-0.751671078061869	-0.169597003217588	-0.329885679140273	2.18467328614487	-0.659235677439708	-0.406776070322063	-0.935820027156558	-0.309112982005553	-0.145838125825989	-1.41803503377443	0.38194652439535	0.510113659342861	0.412842308079064	-0.0467139671277454	1.12361235065828	0.50052920475237	0.212267431195739	0.834370258496199	0.296565773685878	0.162019956903512	0.14583124744815	-0.0807628315376476	0.90999134826987	-0.623020122893446	-0.933758253808943	-0.446451281071635	0.673145037618833	-0.126117736664362	0.493675601395004	0.439805611695688	0.792594872499799	1.28287671018124	0.756482989913164	1.40246742095845	-0.0796186025573329	1.27141774175171	-0.0143446832797407	0.856879967624037	0.391652115032687	-0.553265551188439	-20.5667502993776	0.267238533895145	0.361018666517074	-20.5667502993776	0.867896699215876	-0.121499215468576	-0.898372961310454	1.21185903997828	0.765840377841605	-0.775067148637611	0.127090222088384	0.405107029098303	-0.309954428799309	-0.702029868893015	0.462653035742958	-1.00836798715798	-0.119253671171929	0.221301823780137	-0.275479297811133	0.62041524205759
"438"	"group6_bins.9"	1.15002913026143	1.05140830913654	1.41158420230331	1.01021837791484	0.420381075875842	1.20792196077144	1.1279342275677	1.15033014971118	1.74829313295653	0.420051218581274	1.13004161244942	1.20266691866532	0.871979558590036	-19.7543463791399	0.994568794518838	0.696030058992333	0.95797641322355	0.880309199543065	0.303579763334314	1.05084809814823	0.810262482612122	0.0888863936093056	1.63981429554506	0.369155361795254	-19.7543463791399	1.22005920886758	0.0772508262850105	1.02082249084269	1.60130030601238	1.29171795950303	1.57662937533455	1.08490999531876	0.901533136724984	0.623150766930912	1.14598337226141	2.27436104240265	1.35971922612149	0.886855478662449	1.07944983248239	1.26091944988801	-19.7543463791399	1.18464386770722	0.970028433661989	-0.42953755750274	1.07848341557469	-0.215105197055736	0.79092061614266	0.729510243886593	1.27253003578466	0.104774409780659	-19.7543463791399	0.1465049932194	0.76872822701513	0.71417419331097	1.36900789048292	1.51540416119866	1.31419711560703	0.992558453806699	1.50330770894998	1.09218807699663
"439"	"group7_bins.133"	0.171234371827576	0.300292425840479	0.227238544473731	-0.170869686446556	0.904005389609213	0.524524569492308	0.0460394546955509	-0.476887414377736	0.963613977668821	0.779511676379737	0.327867030897647	-2.06778914105895	-0.144394421944752	0.199484466068963	0.709240407949348	0.63646992287281	0.513869959254225	-0.303463740110716	-0.508052766505434	-0.793150792389106	-1.1685843339334	-2.20509617872708	0.462017618136136	-0.00573263056462459	0.0852536717212171	-0.348256936512827	-0.181517829240532	-0.576036883792708	-0.112878802523515	-0.688118801956248	0.853671887999015	0.811551480937938	0.430636958476209	0.418072347145762	0.286593388053955	0.108112538911192	0.473448468958997	-0.697094916189216	1.42731663274516	-0.480150669560906	-0.216042810823125	0.978092288292441	1.20836117452854	-21.52657205352	0.440804335786378	-0.448939864132852	-0.939699510566113	0.322280866462682	-0.1630121737949	1.2608467505205	1.49955560195845	0.188096248434088	1.01556474066481	0.184202022701361	-2.2669718543264	-0.630440202364367	0.310294699654954	0.976185046552806	-0.0543216051937279	1.48446258762968
"440"	"group7_bins.169"	-0.509009905519674	0.677768851511511	0.214276776522471	0.634741656898031	-0.455783862012742	-0.942864881864201	0.248723418357388	-0.154063959804498	-0.00701304428110827	-0.915858531629348	-0.723456072137296	0.367642582330361	1.22046504702617	-0.0937438521356082	0.086220237343773	-0.118174981963417	-0.000191652646109652	0.288940582917579	-0.142582066642914	-0.441291175860834	0.514798733954804	1.47949768617806	0.727726997944135	-1.49637283308762	-1.88116831411604	-0.249660520888589	-0.705727852309797	-0.275663741118122	1.14122916437767	2.20732128818826	0.260867309263277	-0.379839521322851	-1.36359007525552	-0.577105808562414	0.599327719315493	0.0635472630816007	1.10015909658398	1.13562003500158	-1.59231447312617	1.00028685717	-0.487006114645675	-1.99506763192753	-2.01914120844139	-3.32752710685339	-0.190198724061723	-0.360774164001082	-1.93105469502682	-1.08854773827912	0.529809982515872	-1.54517789167147	0.413554532587675	-0.386245068778119	-0.885402310723028	-1.24920399491997	0.855092981156921	1.76221868604156	0.344032961234859	0.416164730927706	0.764195701784719	0.153217399955307
"441"	"group7_bins.175"	-0.487478389608725	-0.287994807163937	-0.539464285408172	0.300204221639773	-0.0952292770743703	-0.0774768875724545	0.34345782825133	-0.721841792144255	0.558587523486758	0.700435571931677	0.333235978151879	-1.12977118885134	0.898408218528537	0.0764264961759062	0.305500663864195	-1.38259433225967	0.0689048947969875	-0.107351241989241	-0.0635751313124162	0.0768481338863625	-0.800546473446753	-1.01986558614757	0.350596911869325	0.0489772878284898	0.243985005137175	-0.498023009689896	-0.106033739399951	-2.02577652964151	0.31999136835551	-1.04885264524518	0.804049502985599	0.623700037842515	-0.160793519321744	-0.373323171567862	-0.538725759408158	-1.51692929574322	-0.540918125350849	-0.730236546033922	-0.566235642510255	-1.99044345903486	-1.33071366625786	-0.80691552789657	-1.04081815265015	-1.39952626076293	0.440443441179934	0.220801951009874	0.561617871093605	0.797739800454075	0.632649309321899	0.0379880871374398	0.855445635344084	1.00284996440092	0.528794880281289	-0.301589846640657	0.263928378741573	0.334983831719039	1.00922055720461	0.577991049206362	0.768652038131081	1.0358479500298
"442"	"group7_bins.185"	0.914986844879788	0.531482882806426	0.148144974753863	1.94776265827854	0.200060811007634	-19.2281909935701	0.357804650543811	3.08361549723421	1.15185907334542	1.4894453836685	0.89957112865417	2.2749085942333	-19.2281909935701	-19.2281909935701	1.35012561857477	0.64487766891926	1.88074845896144	0.188944818513517	2.38821767686542	1.87605231029441	2.32997637442561	1.25251822577667	2.16624072861451	1.07801361204098	1.14644768085133	0.576243554378368	1.46947756409057	1.59843032292838	2.6126905495005	1.77948073336537	2.15460535218753	0.201835694442861	1.40236982755835	-0.460917016898858	1.32593849882343	1.29806948830704	1.61101016801286	2.58330193827082	2.13099395941666	2.25507411315186	1.19515565542397	-0.172281308845323	0.891606553084947	-19.2281909935701	0.366743849317808	2.55134122511713	0.917932082989028	1.95592403987832	1.4339102241455	1.40524276190178	1.77714645748601	-19.2281909935701	1.15460811968786	1.79088308311904	3.15938182549353	1.47827974811433	2.64807292346467	0.095058442583956	2.0609371524522	1.72311851398383
"443"	"group7_bins.209"	-0.60945802603486	-0.771814536086522	-0.25055239805456	0.0790576369208216	-0.0448812153972549	-0.358133825979734	0.085564572913662	0.228609147326585	0.408372945779174	0.405684937995151	0.606350263967085	0.0466361819595091	0.203513575346836	-0.613243739232467	0.643876309028497	-0.155729162818685	0.290292266410749	0.154544466587029	-0.171878454078617	0.136650812754541	-0.379876151267653	-0.440012176347576	0.493306799942641	0.0949880384943116	-0.00716253462921479	-0.0824438935245064	-0.444917363289188	-0.263688909454981	0.160377319589843	-0.855034497860232	0.460409314547069	-0.287524533746671	-0.818765987220512	0.0851481499805367	-0.291263279870824	-0.349175828203298	0.426051589007656	0.00768662342486071	0.300289467935968	-0.371160395399579	-1.26090234239409	-1.35544050824473	-0.0893902495802985	-0.872662289424993	0.520273600542119	-0.389659955043279	0.16873721014607	0.310971572943903	-0.328679951688009	0.269545404638577	0.13736158413049	0.422325256283958	0.294781652192657	0.0338628823779201	-0.167914567327282	-0.409004486768192	-0.134087866872307	0.0878150770561454	0.184101808669967	0.439981629758711
"444"	"group7_bins.231"	1.16156150159099	0.406463905446873	0.235876358755315	-0.545471229419769	0.973526836128402	0.0343750624689632	0.256595497843533	0.638176281696827	-0.611242858403984	-0.685226099341103	-0.937411439099117	0.274826662618039	-1.14137188107423	-2.10652229526923	-0.832081624346102	0.337748166816643	0.265522662868406	0.503978349980227	0.771805644192414	0.619179306805756	1.17152928445914	-0.311557831590408	-0.027455427662364	0.389038965338249	0.926477010375065	0.3458703608531	-0.366055884640495	0.971074930855331	0.725932603053211	0.621286321491779	-0.00498609874619405	-1.25254109472942	-0.410245352600131	-0.941039661611346	0.0346509591186122	0.844687937653212	-1.09880535228773	-0.743541152968189	0.214438446822625	-1.37607928296433	-1.85332290555134	0.109306611098314	-0.155262969013578	-1.62635882595165	-0.301903248704558	0.38528442096659	-0.0745003996443039	-0.353341449839449	0.421745496705499	0.546009148503563	0.579882666125452	-0.139137370950747	0.471762664249891	0.747950768232963	-0.206603352884556	0.74211321962399	0.584008089897015	0.15796575594987	0.577176812731397	0.30992626373012
"445"	"group7_bins.260"	0.441409170690052	0.717537312239866	0.526597087424707	-0.289555366956588	0.437471564470868	0.0144048937490995	-0.0394020704028479	0.675667641100693	-0.0966106095776826	-0.36947718183517	-0.387585134281692	0.258159433711708	-1.01477586694497	-1.33147705043061	-0.0490361734496974	-0.0194950806843668	0.595575861450802	-0.00947357603459764	0.274265876674469	0.239492855564831	0.538077081859454	-0.027912537657552	0.338987408803145	-0.0894415665865456	0.356875242441195	-0.202496348907254	-0.114733958813599	0.541901577909283	0.698802723123078	0.222192459833249	-0.00966747792658573	-0.432766908626911	-0.18215766128773	-0.650315070308408	-0.262883858891398	-0.0573922609434074	-0.411504602055206	-0.230790670988417	0.020497488020796	-0.756655209139376	-0.875280659920636	0.406632364043233	0.229042082298991	-1.79046900684376	-0.572656777101523	0.200723928462384	-0.250508202276159	-0.30982599850767	0.0566648186151264	0.52945865729279	0.21355933619477	0.000878558080677827	0.319336298570662	0.312154408917342	0.0285177542345698	0.203383490507594	0.416910749732673	0.294835307048661	0.0034903400200248	-0.0761483482091165
"446"	"group7_bins.281"	4.60604240469756	4.72800984805265	4.98909636045881	-15.5666761196808	4.82077095023641	4.20542844720721	-15.5666761196808	4.8409104144441	4.42338467631077	3.88204534614766	4.40653848759269	-15.5666761196808	4.1067231139053	4.8884240864433	4.63718221280556	4.80475652250053	5.17666784099606	4.82042101154135	5.05950169684791	4.96921863151234	4.92604471516332	4.40575891282135	5.22565400447835	4.84691130103945	5.2982905461624	-15.5666761196808	3.95935821094494	3.92879914712664	-15.5666761196808	4.83559467114696	3.73044518141558	3.63763835789848	-15.5666761196808	3.89438227335638	2.93126309785311	-15.5666761196808	-15.5666761196808	-15.5666761196808	4.99976194197338	-15.5666761196808	-15.5666761196808	5.05882225680759	3.46838446878598	-15.5666761196808	3.90788989649273	4.7027221785851	-15.5666761196808	3.66806777899724	5.06884797214154	5.44460578890386	4.31289714356317	3.90361166722091	4.39262147019724	4.79985971644998	-15.5666761196808	3.97701450017146	4.76029600504456	2.77890869122577	4.37203725625263	4.51938444776434
"447"	"group7_bins.282"	0.175747920706707	-0.296997773737329	0.395531724135874	-0.0125243852443386	-0.180753871775757	-0.128317267698706	0.0142294625950639	0.0292046620710416	0.358596434038765	-0.127672814273216	0.365433788903952	0.286894341222214	0.0262052356183462	0.0064183242132545	0.00375462710120367	-0.45195197997708	0.182157541081166	0.135535307163044	-0.740050206085812	0.0283178151451926	0.150071428667637	0.177002327034954	0.303515423743011	-0.193510264981809	-0.237833529634877	-0.719166347440491	-0.246597723204106	0.0629618320278142	0.246543813371013	0.417250172189188	0.28194249648228	-0.28661001203736	-1.02757330234681	-0.375983499772571	-1.06351694582985	-0.75842422872531	-0.152637173105711	0.479632164994933	0.0312491136252708	-0.647343175781455	-0.905001310760745	-1.03469852598099	-0.92695365026636	-0.194974450511959	-0.00389191711217407	-0.107985636767049	0.0169961205266151	0.265695990112864	0.242100832693391	0.149495447529524	-0.0853926306754369	0.0477713020055424	0.483446876904268	0.345385905368411	0.533328371280605	-0.255579915946677	0.284476047242865	-0.0502718863708358	0.146745184016288	0.391039969867517
"448"	"group7_bins.351"	-0.293642477396657	0.245273710679775	0.254214981258277	-0.526991927634535	-0.608430505816182	-0.782779292241838	0.101395652662747	0.176826977118318	0.121794049303048	-0.10760174875173	0.0656688156982739	0.510256546492052	0.547137298016095	-0.668507892708606	0.212681413314722	-0.0678636959597325	-0.250461113343603	-0.545076398805	-0.734721811792977	0.254181625250825	0.0895869743309943	0.967652851382613	-0.649740392894164	-0.46197052910555	-0.373594953206795	-0.384022078471296	0.304897443785614	0.0849760657259822	-0.203829370168785	0.536755172459674	0.790566132084007	0.6643524867835	-0.340525766133367	-0.353946042632216	0.143497405799958	0.522496314595659	0.633617394425776	0.69473218899595	0.0954231067433353	0.646679087683475	-1.48253342610227	-0.819841453116964	-0.34133779611266	-1.07744315449327	-0.197889544469295	-0.143653285975883	-0.688663172751902	-0.0457913832730492	-0.0482809229879821	-0.436055971886385	-0.137808670640336	0.061550623331013	-0.46560131289177	-0.194342319544341	0.236454941080915	0.171149396869592	0.00399030605913797	0.0280721107939392	0.477724750510389	-0.248164233230363
"449"	"group7_bins.365"	-0.120665002930992	-0.273853517261491	-0.208017575113871	-0.0614411713479175	-0.0904093768530485	-0.995204930720536	-0.495062044145532	-0.370841336156109	0.508647996238675	0.580754531589707	0.351326109955065	0.287116124422104	0.843535508773848	-0.0399797061286602	0.72829211766042	-0.332170475701846	-0.35929010941593	-0.208891644282624	-0.432823824416609	-0.495791304934163	-0.338510436615725	0.149560237613253	0.0109619333348494	-0.741135139697613	-0.664075217488062	-0.319216718593464	-0.361328593768977	-0.285325512748861	-0.368573539652302	0.23392197676981	0.236950467940821	0.498322400062114	-0.616167795185639	-0.000989589497891963	-0.177189760230939	-0.0331249190570508	0.835453141329946	0.338016171136094	-0.850153140457311	0.748629476976084	-1.03946314993264	-0.822014242838343	-0.403257588775204	-1.25520708677519	0.342517346068581	0.0256769806352688	-0.00760291974099481	0.601405743744237	-0.116553522066066	-0.164736458938777	-0.276326523443871	0.472278191611611	-0.134979322733144	-0.291803479212351	1.03447997281756	0.117690552606592	-0.396078270150384	-0.00118781431536874	0.0929761203091317	-0.608636563676013
"450"	"group7_bins.369"	-0.128451437038579	-1.04126185029988	0.405429015002702	2.28171533623174	-0.072388530496208	-1.84740640519625	1.07042446837666	1.01437259237696	0.184052256155308	-0.261913575737951	0.465838211334737	0.0585874678658858	-0.26792400303534	-0.254760683117416	0.732444779549662	-0.643229136522042	-0.942034053389459	0.365129392150401	-0.426735827300791	0.778275847113579	-0.761490559095946	-0.645553032463503	0.730992589127841	-0.926716103371615	-0.576093696216592	0.173442104854026	-0.444978079074199	-0.836716880649048	0.559946441220208	-0.102600976200383	-0.000927421816054874	-0.471549179142971	0.252024141292758	0.643891750409049	-1.32550226947691	-1.64520014556827	0.533655729608577	-1.27186107416752	1.50078431757019	0.661094108993775	-2.64278819155338	-1.17623324720897	-0.321364255533746	-21.8413171967801	-0.633200096698275	-0.798483371560778	0.439834266883161	-0.118487467385375	-0.857458087252087	-0.331622135154852	1.11298203992819	0.561839349141013	-0.768755039996948	1.04370413677116	1.32472714654171	3.18830616693359	0.736958634450383	-0.379017499498099	0.661894630418928	0.971276586540403
"451"	"group7_bins.370"	-0.304486739181432	-1.13242240722003	0.594930420289403	0.420990509732653	0.31569594432232	-1.03157725322286	0.824173687037566	0.348610128582979	0.898485002205328	-0.0209692200181655	-0.00270899859549001	-0.0931739231744659	0.290684780308536	-1.43976568872458	0.746735736669074	-0.265805358437986	0.573934051346563	0.513570526881834	-1.180009489471	0.407513216892818	0.117943791068853	-0.269289506930134	0.250436939635216	0.647497358409496	-0.804345305684333	-1.18766782675723	-1.30593917309598	-1.20725961733883	0.0716240151147156	-0.243220192149444	0.941091660640728	-1.02382234089913	-0.810711856408879	-0.838612402254989	-0.785271854458765	-1.23123599338739	-1.76571151422817	-0.186952117179676	0.207794391150054	-1.18181603138949	-22.262045066918	-0.235156885539971	0.875245894538841	-2.97483733262392	0.73525076401271	-0.146039764429333	0.579886041164308	0.135912167481116	0.590318281351948	1.13943782494655	1.60167989577477	0.791184572354184	2.14198648001744	0.602553069423712	0.152233629344712	-0.103359980925884	1.11505109425413	0.302806593590573	0.539343989980961	1.9665403602511
"452"	"group7_bins.394"	-0.262810361326325	-0.303610864042194	-0.0800634105635867	0.277357574155518	-0.0014408267853403	-0.594514017343087	-0.365863258843879	-0.125333362780087	0.510802911733103	0.42445765848007	0.156110841734163	0.60139903095829	0.16999453426477	-0.320395743475448	0.248942929119927	0.105199736621056	0.181425470437417	-0.213385262479716	-0.249465685818951	0.302418447498272	0.721022467556774	0.507246038607334	0.459055368116443	-0.414965532961098	0.276733626770789	0.38105454867997	0.498020155789175	0.36127637047416	-0.121790878665417	-0.7491138234197	0.126257419376279	0.490530247636077	0.115252673247184	-0.0500590158381797	-0.922832818888631	-0.617337906831788	0.202575562944212	0.286509208757858	0.223262671620861	-0.588666239610061	0.675913836677449	-0.204710736384186	0.198239427375245	-0.619019066791068	-0.0512752666465737	-0.877387957209643	0.359892934509213	0.158119461454248	0.0611460012309379	0.78733917033028	0.466377777575498	-1.80182344498368	0.610629142690071	0.639548784164634	-0.226028377597848	-1.99428625200162	0.174796874859761	-0.566552460262725	0.453544506125833	-0.95223532949609
"453"	"group7_bins.409"	0.457396530954528	-0.373483653359576	0.633792230452382	0.598321500053941	0.260460952989787	-0.138001809956219	0.00108753245970306	-0.239324374470655	0.449201486048996	0.479666707790938	0.0840446770368226	0.171963148218703	0.0789348638326901	0.398109444920847	0.509039215568478	0.326005570087783	0.677767566502726	-1.30192375025819	-0.73038833782872	0.289167955039889	-0.0982705378626019	0.227923917965127	-0.207484497901955	-0.282111689200793	-0.149057329139315	-1.05787743463706	-0.560093680501205	-0.607603849377624	-0.119716507694458	-0.307952896240971	0.088746101568713	-0.431562735325068	-1.32671888652306	-2.33611313073964	-1.89990297014712	-0.539339202565857	-0.621586611676705	-0.537430988365299	0.643192228387199	-0.685945743062388	0.12182890985792	1.01449534739941	0.944064874927538	-1.53715645756244	-0.260858920797143	-0.0897764033778969	0.230201314322673	0.0603031627195625	-0.291341427501442	1.09680131898805	0.619776132002079	-0.0572840517498614	1.31743135665079	0.557691637713337	-0.353852621234817	-0.326420552762753	0.208270835479214	0.453373240143844	-0.233411418126401	1.11960974719433
"454"	"group7_bins.41"	0.0388237907684372	1.49678674235385	2.21820070931996	1.23233161965652	1.01767168056375	-0.0446215111727772	1.64936416768961	1.852837453129	2.7117272682682	0.861284871339375	1.06749483021517	1.81761638654571	1.35911984807	2.0146202919927	0.855066024165587	1.22885511558824	1.15433801268694	1.16896310712888	-0.169464895042533	1.14743612166521	0.167460864119055	2.2665579933099	2.00921463534597	-19.6279247529643	0.432464512633363	-0.149029607695972	0.514753661546992	0.966147351458688	2.20802737595117	2.36573207434607	2.27891088071202	1.00911188979344	-19.6279247529643	-0.208296832668187	1.88736112061623	2.0265933552747	1.99668261603478	2.25045590731492	1.09997679836091	1.98061819030789	-19.6279247529643	-19.6279247529643	0.632419141839688	-19.6279247529643	-0.105831522913827	0.0149550789890274	-0.0720565157347552	1.46923558953717	0.807016325847415	-19.6279247529643	0.0453244252995102	-0.784755174353205	0.297525776701803	0.899984106692063	2.1862456274071	0.711952001448219	1.90435957159844	1.91247946324372	1.95592518984451	2.16163710358705
"455"	"group7_bins.426"	0.191487957284193	0.350627969597982	0.129052824543786	-0.354825693864248	0.34252846039087	-0.404199565724206	-0.0578727198702538	-0.0239070702067146	0.00810544384475342	-0.223788500553098	-1.01134456336475	0.431248524482458	-0.188632713023016	-0.0809293750246685	0.152639660852481	0.41768008969813	-0.432810936695746	-0.103325452887388	0.251023907722745	0.533879158185805	-0.0802377311590554	0.30568710213433	0.194601057696842	0.213474379522332	0.150800194087951	-0.0613977316155285	0.0406328388136599	0.24572964203243	0.296146573437388	0.317798051447352	0.0264503014738127	-0.622404133439011	-0.39635773102802	0.0291085299175879	-0.176280493004575	-0.11623381433357	-0.144920318602503	-0.130225885652992	0.285176755780477	0.335943324983923	-1.1218786330393	-0.543101345715323	-0.236640852787699	-0.875684650691603	-0.375469691990208	-0.0495616992629468	0.288320063960363	0.0764948541283346	0.0335462142001299	0.266885005720102	0.0451923208019371	-0.44441696146329	0.122284677675446	0.218390968421648	-0.838644531310607	0.246986065727439	0.508020652814706	0.391720331159585	-0.0776714372292471	0.351180690319989
"456"	"group7_bins.83"	-0.166482133977525	-0.252781994474359	-0.34140238447579	-0.0162778522290301	0.0914235783243225	-0.222412952350921	0.0945617707995838	-0.153299306963023	0.633206534422368	0.653090178172994	0.448539507077449	-0.332199997136044	0.295390000803135	-0.728046499005069	0.592560263534506	-0.0051999472024109	0.0767293175645678	0.256210321470815	-0.00529296183770178	0.249751812815011	0.229823838352941	-1.49855580882664	0.336037336502634	0.207673342044163	-0.289983701600096	-0.713721750931686	-0.626854700105976	-0.178176308696832	0.20136934225118	-0.882822140803319	0.462524549998513	0.177322963381045	-0.510199075635517	-0.261551780157967	-0.801258367481041	-0.543093814389388	0.0357239469347119	-0.558001800166777	0.0204879149703165	-0.577338104512313	-1.55138948711195	-0.711176068431883	-0.0692601611808472	-1.64353112962422	-0.0302019732331393	-0.505462317144084	0.0172129369247891	0.131129146392144	-0.0138367259290648	1.44005796850526	0.330667452442341	0.557525338814794	0.519514509230985	0.117118020960784	-0.282158201214725	-0.184193924214154	0.393455787069411	0.377712121906495	0.172656168668893	0.706004691695443
"457"	"group8_bins.111"	-0.54792762119524	-1.20997200995685	-0.00870888912440115	-0.0775960741669914	0.204630201067239	0.458104078642755	0.944725748832558	-0.0788238892601116	0.550985260768005	-0.117082189907086	0.493570724065939	-0.0712302854864957	0.455198974960646	-1.28477608983241	0.524758302199351	0.190227306393465	0.896151428851307	-0.207456412496411	0.110724210612987	0.676975208352477	-0.296652645203627	-0.166916015038846	-0.688184522798505	0.195183311135386	-0.0657036208240589	-0.263221124985635	-0.449419215098098	-0.921890088304871	0.0348868751755127	-0.817486304614405	0.0465145655684474	0.522448450100308	-1.0639415823119	-0.625501441830433	-0.729016067606677	-0.989802476750541	0.0291962617697381	-0.504667124187411	0.117100998405649	-0.867357747117373	-1.50186346873088	-0.287358721885052	0.342646329800612	-2.60235267693401	0.0124116551620537	0.090385137054791	0.387714053083471	0.989535627299513	-0.279411051182875	0.513961670272471	0.154835436812339	0.975808896960453	1.01063697660442	0.380467598886242	-0.368042774082181	-0.512626047217102	0.153210473076713	0.149642070469687	-0.163823493506991	1.01350187253458
"458"	"group8_bins.151"	-16.7447321808093	-16.7447321808093	2.93535211653667	2.9007984081573	3.02931318971805	-16.7447321808093	-16.7447321808093	4.48976941246282	3.8218703291603	-16.7447321808093	4.15335662010525	3.41940877205755	2.12198682878971	-16.7447321808093	-16.7447321808093	3.01853630901952	4.35953147080334	3.60672035497647	5.35974260233141	4.242813218003	3.645462157478	3.38321437064385	3.05595032304613	5.35910445700639	4.42895233968969	4.25603247788509	4.62221082173948	2.88033601829659	3.30968841299687	4.30116340649305	4.73338799512102	3.34699286672935	2.82334870874111	4.99770817246312	4.34550111354587	-16.7447321808093	-16.7447321808093	4.49076985938127	-16.7447321808093	4.71332366169123	3.95542357073652	-16.7447321808093	-16.7447321808093	-16.7447321808093	3.80483056045181	4.80778725859129	4.34329991010857	3.77850896989105	4.37067820616276	3.66032013525051	3.72922705311696	5.83025509873316	3.22700083075766	5.03874418856331	5.47657945149542	4.97072946854412	4.8450609677436	2.81807495825578	4.02959127358111	4.74074492742082
"459"	"group8_bins.18"	0.0171512301693104	-0.46511050618532	0.117255668113691	0.301882735643568	-0.0207399817853693	0.254872270642978	-0.231708839301231	-0.044678905439838	0.516684867529269	0.294308180289351	0.4269216318927	-0.0620363207513677	0.0487419135620444	0.122464549814087	0.482586746585833	0.156806267335659	0.19174062187997	0.0775502980269529	-0.501913552075227	0.0828340868149429	-0.35029211607616	-0.745749566925807	-0.0133590457952986	0.233505146615713	0.00384133906361317	-0.156595016779565	0.0887163317524591	-0.232884142727417	-0.00178399402653096	-0.740287086772197	0.440900719308663	0.0818325969258993	-0.442271052075854	0.106113923707957	-0.583105632490065	-0.868884227291586	-0.00311054856683146	-0.174410915710911	0.138535649367455	-0.576033858414796	-0.539067430367712	-0.518098769709406	-0.207900412743177	-1.27104981961819	0.300232982236179	-0.204880313150247	0.109176031286877	0.475061863570087	0.0137609208613991	0.232185052614652	0.211706393439512	0.0391878417720983	0.119682402345414	0.232955832071431	-0.277389496205679	-0.0422016076278924	0.16362261348154	0.161912536681672	-0.0123300218513647	0.385841557127649
"460"	"group8_bins.259"	2.72346192012271	0.399833924329616	1.69580571016259	2.12782306055922	0.887554495966933	0.490442395166618	0.970113233098294	1.8096783152509	0.425218962255074	0.95066494752523	-0.673319258871094	1.58296182218911	1.43256382301498	1.73875278353915	-0.250224065707333	1.31148808898465	2.06425612181334	1.11583506814317	0.742467565095277	0.978313610623609	1.47609067210699	2.00613447584055	0.672720696939919	1.66194894871484	0.854873471517503	0.730549882688454	0.352239826796199	3.18245891432394	1.93852630252933	0.6269684490791	1.52978342567152	0.100485630250275	-0.703502192815701	0.497503461110504	2.23865919295809	0.257943459218019	2.47231677960184	1.92178263818037	0.00347042398163921	1.69133642128049	1.4003399309904	-20.0751051386466	-20.0751051386466	-20.0751051386466	0.800517186649413	1.61897845152114	2.33025528753673	-20.0751051386466	1.83384514928894	1.15541957908969	1.63025823216467	1.12127065130491	1.75385260497567	-20.0751051386466	2.42185321782627	1.15491346177577	2.71730929439572	1.45637551100079	1.47566021117719	1.79568533821067
"461"	"group8_bins.266"	-8.17611044837133	-8.17611044837133	-8.17611044837133	9.83071687411205	-8.17611044837133	-8.17611044837133	-8.17611044837133	-8.17611044837133	-8.17611044837133	-8.17611044837133	11.2071300478774	11.5980790281483	-8.17611044837133	-8.17611044837133	-8.17611044837133	11.4595839150701	11.1342434846021	11.3219018771423	12.3212008489034	-8.17611044837133	11.5718847893855	-8.17611044837133	-8.17611044837133	12.1678893686693	-8.17611044837133	11.2618288484761	12.2175420713338	11.6472680882353	-8.17611044837133	-8.17611044837133	-8.17611044837133	-8.17611044837133	11.3791800428161	12.0885491625228	11.3918759129364	11.9013580214706	-8.17611044837133	-8.17611044837133	-8.17611044837133	-8.17611044837133	-8.17611044837133	-8.17611044837133	-8.17611044837133	12.2334496199857	11.7885417238106	13.0961579659906	12.0227190643944	-8.17611044837133	11.1752892339892	-8.17611044837133	10.6656921064285	13.152204909136	-8.17611044837133	11.1829083425438	-8.17611044837133	11.1486243371599	11.9498579411125	-8.17611044837133	10.9525754064228	-8.17611044837133
"462"	"group8_bins.276"	-0.267197540336475	0.175257970335969	-0.0111883453452979	-0.30517983935868	0.188417533255214	-0.929562278276954	-0.0761347016341931	0.209943746810205	0.493518805411081	0.321845760566088	0.454111644378576	0.142039750801754	0.0440353900323522	-2.87815118121333	0.667914042095212	0.583879916832614	0.234204488684528	0.335029012973451	0.117009542205817	-0.247822786802173	-0.0992435883765435	-0.846912728311055	0.242587548916429	0.356679899841876	0.193288677608462	-0.158738100987542	-0.12548246154763	-0.113927653987167	0.366907836876399	0.12883121355959	0.459536546471913	-0.340203215176056	0.0371812186868139	-0.0966625556338423	0.0867760908075272	-1.24264613438162	-0.762151201551717	-0.192336353453248	0.24820175664641	-0.18853934039276	-0.9853288883636	0.356617709782506	0.596226497405968	-21.7852218516146	0.440717082989987	-0.2242138152373	0.207381434558402	0.489132621817618	0.343837125747461	0.632090129703188	0.517894799438157	0.384310631620694	0.618553188436629	0.157265341713623	0.0215093811097304	-0.42910072751282	0.665352415644404	0.356804042523887	0.553065672317968	0.817490704096977
"463"	"group8_bins.283"	-11.5023699354022	8.86562414760644	-11.5023699354022	8.77566157129431	9.84579344660566	-11.5023699354022	-11.5023699354022	-11.5023699354022	9.03654016418413	-11.5023699354022	8.45000131232972	8.36632663060452	7.82175537432761	-11.5023699354022	6.28700739715772	8.41618201565815	8.31456018856703	-11.5023699354022	-11.5023699354022	6.41954590691028	-11.5023699354022	6.91642005797931	6.62568754323656	-11.5023699354022	-11.5023699354022	-11.5023699354022	6.4463522652566	7.09797708115405	6.51206525792782	7.04096134733636	6.33293093540669	-11.5023699354022	6.48777877127656	-11.5023699354022	6.37935752258598	6.71155752680756	-11.5023699354022	-11.5023699354022	-11.5023699354022	-11.5023699354022	7.82777741830861	-11.5023699354022	8.34950919688599	8.65521683895666	-11.5023699354022	7.75043084069918	-11.5023699354022	-11.5023699354022	8.10638784511563	8.55289299087934	9.17755797547427	-11.5023699354022	9.055661373529	8.59737084270411	-11.5023699354022	7.79520814202691	8.04815117627282	9.0096509970753	7.99720706388889	8.44833030850139
"464"	"group8_bins.297"	4.53685502198545	3.1026018005184	3.28272833971551	3.23825842077601	4.15347028457443	4.46242097184899	-14.9845156949942	6.22934028153664	4.32193349442346	1.02486384784587	2.90197717622029	3.28498247471214	3.17423107138331	-14.9845156949942	4.39712920702432	3.83649329065365	5.56530559532086	3.30011889206022	3.24881715927553	2.89415843469724	3.31377326522795	-14.9845156949942	5.11703879447586	2.88534813819712	4.05518338771603	3.05390455228171	3.15716707117306	3.2480814254778	4.58412117962014	-14.9845156949942	2.42485216049615	-14.9845156949942	2.47712231119606	5.19137075348232	4.64256927152793	3.91120964027128	6.00724859162342	6.3275733988457	4.40643245052629	-14.9845156949942	-14.9845156949942	-14.9845156949942	3.85428498588056	-14.9845156949942	4.45226480458615	-14.9845156949942	3.81176721441983	4.52282121366447	4.51972624001594	4.25030025667989	-14.9845156949942	6.22815996580366	2.45368790105384	1.43432446262183	-14.9845156949942	5.55682277965778	5.1236057059175	4.02686127201917	4.51789979572064	-14.9845156949942
"465"	"group8_bins.322"	-0.0870930849218583	-0.547642110292703	0.075575443969222	0.0561983000335076	0.346896806584947	0.195929863259257	0.0842769825678662	0.472772308528321	1.02677361695619	0.627588569860948	0.0656234406346421	-0.0723675037355322	0.551826071699667	1.25106082781908	0.414695306605625	-0.743769799318665	-0.566925498000564	0.214779134546734	0.0542822081339036	-0.0819197800072518	-0.471546996318257	0.194527774460694	0.739091511634187	-0.50202671011726	-0.666058329200497	-0.84771823416054	0.0462534064015481	-0.100436646219238	0.350401166795387	0.0695309574395848	0.676590217905253	0.025898545662999	-0.405407927156419	0.0310177820249384	-0.481390790937242	-0.739389489469799	-0.322877286365698	0.106330106050848	-0.914109692879539	-0.073032636924947	0.354191813758657	-0.476960679103271	-0.302217087339997	-21.802471836887	0.629892316072756	-0.198283002980593	-0.195453294562965	0.251289689023564	0.460686190473004	0.142071929519379	0.222538257900656	-0.0535446391578089	-0.469863303242742	-0.389655055199965	0.396071974868514	-0.111536090756176	-0.0303653004896756	0.0880026247427121	0.590042507915244	0.611876852476165
"466"	"group8_bins.65"	0.867121878668669	1.02341140487568	0.221084714602492	0.42660976660257	1.23765078221401	0.304995239830643	0.159868003429152	0.2770864399089	0.507691368183616	-0.00600234961220458	0.5545899794841	0.931385589451823	0.553233321624566	-1.09588612029152	0.170679993525123	0.345079464153979	0.531088358277464	-0.271391363301672	-0.606172520968488	0.929256869228622	0.45667302807438	-0.837182891462991	0.381283047221918	0.137679138832683	0.527586872686395	0.210068624402207	0.306854908106044	0.104339484260719	0.936207883025086	-0.197844953182808	-0.0611043565591824	0.315925939778603	-0.193329829741018	-0.536300986152903	-0.757471636483628	-0.0825096964605452	0.476659098728602	-0.478357830818592	0.400120776345811	-1.77548202796818	-21.9184830487694	-0.588732238412632	0.31644741487284	-0.524466197579072	-0.320560171245042	-0.162089472680588	-0.140040468827572	0.309282690825153	-0.300279766494389	0.660978365713823	0.189639433173294	-0.2394410300016	0.343625775267967	0.266932842772567	-0.231956537440206	-0.290588390291185	0.315493761179613	0.102139834720567	-0.302125109492583	0.515944397278053
"467"	"group9_bins.155"	-0.228528968433229	-0.239532322252063	0.293248427428661	0.142781419948264	0.020366628969116	-0.279873080323563	0.0309725430467269	-0.332942218262301	-0.227158946119215	-0.23309646442267	0.152519776378728	0.594061557790026	0.0764657100217372	0.28867221424258	0.17405516564602	-0.256155860797752	0.293317044215435	0.544781322716219	-0.16348484548715	-0.433728491502325	0.409352388207237	-0.207526019740247	0.311235352218274	-0.462860637844135	-0.912979157678827	-0.497010638888296	-0.0793433365554375	0.364471247557159	0.500873519640495	0.440138634757704	-0.363759399935886	-0.623493824249048	-0.508296655113094	-0.183462954378514	0.000861919170663583	0.151364198720356	-0.378549189340316	0.526595210075381	-0.924121471961204	0.0407598369148463	-0.183604898216794	-0.535730265749221	-0.884483378882275	-2.01618493706177	-0.0423680701632581	0.0969450159619356	0.491653034367733	0.0248591956656217	0.31541321055547	0.070753026862107	0.0242506397018962	-0.0823445317763634	0.286268472863357	-0.143516517212736	0.574714070460709	-0.0121336943651853	0.472185741579251	0.0386897155975818	0.40951979800183	-0.414799452199458
"468"	"group9_bins.202"	-0.875324508058297	-0.571150876935657	-0.358889916046836	0.509556387972435	-0.27520257909008	-0.521293688325523	-0.386160343915831	-0.272479753678847	0.807070173739946	0.267714558435152	0.221006950188046	0.273232302233565	0.548118374272535	-0.0172834267091488	0.56592956776417	-0.304660509984323	-0.46439799170829	0.358516113304416	-0.303171021416114	0.110273153038098	-0.299641070524857	-0.0850031825863402	-0.176180282084549	-0.250546717581123	0.395809099351205	-0.284207192632642	-0.349979900932572	-0.282729690653857	0.480311200247874	0.163986363206627	0.943928989724476	0.329442010578347	-0.623454184518786	-0.400717140207243	-0.213569379165356	-0.832388781089447	0.465197760399381	0.0608776015557044	0.0111248041155845	-0.425224828874099	-1.88641466388471	-0.00491476268317559	-0.0694691681431649	-1.60542453700722	-0.0444505356422038	-0.586790181423968	0.304178854838508	0.457522482039216	0.147386105829161	-0.160616278589835	-0.264836377536257	1.14255616845412	-6.90064722377315e-05	-0.421138219362178	-0.151098226540173	-1.30909343515602	0.281368143346235	-0.485896869553708	-0.16276727610853	0.69884908280187
"469"	"group9_bins.244"	0.56797867947859	1.40588287285509	1.10662817176326	2.39944663236236	0.614033104853658	-19.8114632353675	0.400418424598729	-19.8114632353675	2.3595668479353	2.14782950418364	-19.8114632353675	0.1891922015338	2.19496900758103	1.77934223698078	2.31386658864983	2.33998260331969	-0.284642271114701	3.28010673593226	1.6956238944291	-0.159379128937333	1.63775560703457	1.64261434679292	1.32702135703839	-19.8114632353675	-19.8114632353675	0.952063546104758	0.664008153903464	0.579665503830965	0.648314206608707	3.87191930961906	5.48731292206493	4.36622946324986	2.05984574102812	0.119816575504184	4.32922312547028	1.73059409655167	2.8106292218615	4.66127763485625	1.03019256267121	1.98562461755601	2.10652510553028	0.451044600134161	1.87463757259866	2.15508426674605	2.52577220184502	1.38475835229745	3.65436348356317	2.61359596604807	2.09175346207098	-19.8114632353675	3.1236566902472	2.77624251008258	-1.01505472898822	-1.24053631631155	1.62956140082424	1.41222375994629	-0.226481077499192	1.9193461169603	2.01171360338652	1.14807800006508
"470"	"group9_bins.264"	0.135121383160715	-0.193987647643485	0.446283928165455	0.125456949025516	0.0911759987595655	-0.0236695315423612	0.0404975545071942	0.0964729031651634	0.405094479631798	0.198497985145791	0.217674021966191	-0.012359063486465	-0.292379522767861	-0.578757803086133	0.305978407322363	0.0743930413380491	0.406737148516537	0.149180463897675	-0.25465298024679	0.255922491548745	-0.0462672838158618	-0.630184989322216	0.295187442024925	0.291855987460697	-0.17173387088079	-0.228638186932804	0.149772597559291	-0.114416444677194	0.091054111131796	-0.293973960425953	0.333194868911659	-0.260588668473495	-0.609642615736382	-0.120756876809683	-0.672758650745073	-0.749972035335484	-0.179413942060708	-0.356379173119151	0.00417860618441335	-1.00787292511073	-0.418331395914255	-0.511553778685034	-0.18592615624097	-1.03716628352302	0.155155253490252	-0.0117185459792593	0.0809677053293898	0.350123190545282	0.274448559523501	0.508521275092625	0.444599546150171	-0.0723837682424451	0.309521316360684	0.282271321658847	-0.240051511103196	0.168432054994683	0.152915624293398	0.0770826136909548	-0.0281188772089909	0.130258388727591
"471"	"group9_bins.268"	-0.668124409479791	-1.12404885077167	-0.0237094481876996	-0.305235009439192	0.0168129627858278	0.790355370569531	-0.00507938976640343	0.0658158374716091	0.565945246322554	1.29835684984786	0.51939034903223	-0.533334033820966	-0.0127929346175693	-1.00831761781996	0.28702616059104	0.582124245246381	0.889831302769678	0.0182002144014888	-0.0636963221101183	0.454882452153613	-0.505597796110153	-1.28006608143241	0.85583872328359	0.551121385730683	-1.51622154625841	-0.471839668395535	-0.00415045814108428	-0.861601475164179	0.0658441537975163	-1.0901280941419	0.487186625404687	-0.106817705990093	-0.114375722998696	-0.0696059852825721	0.0648054758366996	-1.19634346518455	-0.0966929004757935	-1.30857523954131	0.110859352774829	-1.32834783476726	-1.99309888748887	-0.152430338816462	0.912900232085	-1.07877903266627	0.789885821425489	0.248688393163552	0.701118398524384	0.568147930510414	0.631153895558034	0.289459027864928	0.206287517704978	0.258344587394224	0.0393162235808315	-1.07871590246295	-0.420409553421101	-0.258684713633035	0.729344675396541	0.750451581034675	0.372911945548873	0.624481448894994
"472"	"group9_bins.282"	3.78680534310674	2.34319936151904	3.05225440279908	2.36021180104758	2.58073360273084	-17.3863602247762	3.06995557742347	2.09099536610799	2.328425192128	2.69180852710431	2.36099162241009	2.73275875551237	3.83825510372059	-17.3863602247762	3.83519332443108	2.54977331838662	-17.3863602247762	2.99501295076992	2.849448067745	-17.3863602247762	2.25737594630886	2.44372717291272	2.69312704370181	1.8507581175869	2.62997160831727	2.70652692521477	1.9158669234885	2.82686666649826	2.50259302955706	3.55747513326285	2.25912012540402	2.10837666408045	3.7236845304173	2.74109649851003	2.87807769520774	3.41932713288861	3.23511086924102	3.55753530156655	3.55982985391382	3.80268647161888	-17.3863602247762	3.72303935863408	2.96587342212169	-17.3863602247762	1.92017688251731	-17.3863602247762	-17.3863602247762	-17.3863602247762	2.05272002134843	1.80080556025582	3.06862181519436	-17.3863602247762	1.83404843287918	2.80671595842964	3.89789235701828	2.97106884339956	2.46708953062086	2.753327720728	0.631014598552617	3.18539056910407
"473"	"group9_bins.348"	0.290023705746043	0.0708025576962603	0.190793238784797	-0.0999066930553489	0.0891232498862848	-0.588487871516195	-0.0303781303268789	0.221206804708038	0.110323794605059	0.26412970438442	0.441760319637315	0.175374908031178	-0.62203660653961	-1.29622074520771	-0.13391411250264	0.239864173190363	0.512032288997043	0.129294593315625	0.395579520394238	0.529666579729646	0.392279749330648	-0.741627836768305	0.58643031423016	0.239934325994846	0.433278439781501	-0.193517923997462	0.185350241397634	-0.105106977127945	-0.20099805065458	-0.448907387219841	-0.214980543120722	-0.0493447858606615	-0.14497938898404	-0.109861069779088	-0.5409031549323	-0.386354585808115	-0.151649087790572	0.391853137278864	0.123644020562316	-0.664718066268159	-1.86866472537694	0.0936681458437123	0.118480372019613	-2.84692485349442	0.0430316536681161	0.103552714083248	0.178534988171388	0.248320828233299	0.0256744275971972	0.801279525391503	0.224779211901823	-0.171709864507995	0.670726699543346	0.499484267243583	-0.33263769523971	-0.0869080386524557	0.0735225061476292	-0.443417843344121	-0.0403650710922596	0.175178912206792
"474"	"group9_bins.360"	0.276243292151269	-0.133056730871147	-0.194191718324447	0.847201865676542	-0.592210128637991	-20.4634074200897	0.630105308748831	0.678269052317551	0.305028412721802	0.558362018082976	0.557886902360925	0.808607909563458	0.956454251108939	0.563555851959956	0.728719018594507	0.0607840957732559	0.32386356820517	1.48934772154841	0.407474270400709	0.320095365977227	0.815448862660426	0.714403693708768	1.36173937586117	0.507720140122833	-20.4634074200897	0.18359467741726	0.456960869198504	1.24074336020207	0.987755026520025	1.1361510250864	1.31641944596933	0.844772174538005	-1.85887052663208	0.316053197058729	1.25659308972098	1.04896210501506	1.00716460211603	0.726943095738692	0.503665419057891	1.21927865086417	-20.4634074200897	-0.680814170003809	-3.23508560264013	-0.462274141934363	0.380522773432943	0.42901382782123	0.457096607301685	0.2871869627582	0.837845977361681	0.735791357007436	0.398501468287465	0.466970523497814	0.393475943524646	0.209843612897098	0.796673527318205	0.198688171461901	0.559325181853655	0.544469301641722	0.840919611732215	0.756502166747879
"475"	"group9_bins.392"	0.159924623205734	-1.37098603610732	-1.07455406106487	1.02581112968321	-0.438126340820927	0.13530432382068	-0.223659215019872	-0.541280582134626	0.650520085942828	1.2625932228339	1.42089244526291	0.242380404601911	1.43567760462063	0.619870540490639	0.555804837647179	1.62773282562636	-0.830641820570124	-0.453578184871431	-1.03204411544685	-0.78046810482912	0.0706271294393943	-0.12086518192454	1.56165552230622	-1.16616713193969	-20.5561812708544	0.329878663682419	0.238271433115491	0.0406832577579879	0.336959028798987	0.0497280730393044	1.62812760124338	-0.326848756120645	-0.208735908299891	-0.867298575540967	0.0282889290044315	0.882038797661143	0.656093273316437	1.14543940716427	-1.10801243167468	0.660630425527203	0.62434766347003	0.207099917041639	0.312245889680716	-0.679802797798088	-0.552630550786184	-0.301701725619189	0.148689356541477	0.774258412549159	0.52458961644743	-1.36093893990393	1.04900126845122	-0.328501763545103	-0.315091111247952	-0.634777620300871	0.646291356381722	0.673846372454332	-0.0402212857956004	0.247289557017792	-0.167570776410847	0.69030535204487
"476"	"group9_bins.40"	-0.859258562991451	0.0825232295417599	-0.982081725455037	0.571464783029023	0.31604248442749	-1.08578994793818	-0.06898742992243	0.0607177508391317	1.18920991064897	1.36338726721602	1.02770607696536	0.482114201460471	0.733533409474013	-1.18731288893095	1.42679268768944	0.086988632811801	0.356684412723529	0.630344201599895	-0.125920145293694	0.5030580457073	-0.184780723614872	-0.50303894822499	0.781051186488405	-0.108433934027178	-0.624938692062884	-0.034961185528771	0.270614119953864	-0.0937880745980326	-0.561617023960797	-2.89821299365542	0.592486999851624	0.350190909286848	0.0162995962080892	0.129258821511711	-0.231346655119005	-1.94659982181087	-0.340632809427523	0.439562912473451	0.376840112605416	-0.231148161939959	-21.4818833774031	-0.0158388525833715	0.309591780108389	-1.55364790027945	0.570607824819026	-0.297181094263738	0.55515695755287	0.920037690764687	-0.187096214836528	0.435167541357116	-0.146294179977351	0.865825318436042	0.344932266491953	-0.188418424452166	0.343502870591045	-2.29155122676714	0.814187942230807	-0.304193561337637	0.395727783138037	1.10137112512021
"477"	"group9_bins.52"	-0.27614490491956	0.114436710753291	0.162287330853363	-0.501407625089657	-0.482780268028855	-2.20351001283243	0.301662692639761	0.192908538696313	-0.37242403460509	0.670475764736926	0.701760203042681	0.63539692071221	0.812740036994299	1.12774480284477	-0.189847264107916	-0.0383520361260636	-0.100381921644415	-0.699697625690543	-22.3643008534163	-0.0466172412263699	0.458340953402561	1.18430990761345	-0.0638385624878142	-0.168144360216813	-0.114817659272517	0.771600191059242	0.880948411234316	0.0573398101490801	0.301640233384297	0.360032657284446	1.02416923297872	0.778893111946644	0.138663571454592	0.635025850122898	-0.508453628205673	0.215347301544731	0.327579167993458	1.57927273543018	0.103415965475813	0.571956627419389	-0.81961604463243	-0.19666648729727	-1.48491807581389	0.346694956321558	0.40143763270021	-0.852004401295103	0.80406270895619	0.490247369728178	0.424627966840975	-0.0541370034944002	0.352557429511926	0.424285510035493	0.673258887195519	0.244633528282053	1.69212208867342	-0.759454826423216	0.365660867757343	-0.00504430174096449	1.07595381365095	1.12692296630381
"478"	"group9_bins.67"	-12.4688547388329	8.16729915241343	7.31261098007764	-12.4688547388329	7.33799434490136	-12.4688547388329	-12.4688547388329	6.63734529292461	7.75360257067635	-12.4688547388329	-12.4688547388329	7.75821408886226	7.58805152459105	-12.4688547388329	7.89876692036671	7.74869569953608	-12.4688547388329	7.60085452472148	6.14609920475744	-12.4688547388329	8.39267759454441	8.44143230094264	7.27448349564125	5.73236231056656	6.52209883953653	7.1984125481054	-12.4688547388329	8.88062916017475	7.57998664043131	8.12608795337356	6.24610215251497	-12.4688547388329	7.85511309149384	7.02405041743526	8.57665923185081	7.59830496163945	7.73374838566135	-12.4688547388329	8.04181450406198	7.84334652777726	-12.4688547388329	7.69476928113126	5.03079155246726	-12.4688547388329	-12.4688547388329	6.62902151929879	-12.4688547388329	7.43354173495326	6.51027553783877	8.17241614556967	-12.4688547388329	-12.4688547388329	7.19834318545079	6.33103153019704	8.33803804961479	7.12532057293086	-12.4688547388329	-12.4688547388329	-12.4688547388329	-12.4688547388329
"479"	"group9_bins.7"	-0.111200757947736	0.470123186058807	-0.00749398419824043	0.01062568390702	-0.345561088951806	-1.84606632323299	0.265075034486189	0.745140068664003	0.292293488591548	0.199164297684021	0.253317958285709	0.525423018976019	0.140760312186658	-0.454814850075374	0.289303485090166	-0.125202129208394	0.16829768488607	-0.0777991995616176	-0.224351445096485	-0.0611018903903213	0.102646712047017	0.64814578088095	0.224038956208813	-0.167874686667393	0.113861339845322	-0.324818942333108	-0.249541698554088	-0.143932469661909	0.0216696313144142	0.387401691714143	0.519882347954885	0.565315774781749	-1.2341585666773	-0.149652562788249	-0.00761245649607289	0.255170445240943	0.457615635311405	0.665591399635408	-0.126853813192593	0.122128104250491	-2.07284684869266	-0.51866909523569	-0.853783528075899	-21.6401252397359	0.449807315128436	-0.295728467731075	0.431721173082974	0.0995053763494447	0.204799994479934	-0.0544897247400957	-0.393013580193252	-0.546825865292982	0.100448128950476	0.218593598627927	0.566000328386264	0.275379704621054	0.191666944901244	-0.0153509380908243	0.297384569271521	0.250391139025481
"480"	"group9_bins.80"	0.601942601016122	-0.506651350812672	-0.2458764722017	0.291668370448067	-0.00108115749556958	-21.2824039980643	0.0521558634360835	0.42718248942995	0.861338169264741	0.801398066369999	0.129420798129592	0.675994629112963	0.80828695289184	0.485337859065927	0.752071578912902	-0.191531294427836	-0.105129466252441	0.627022159626042	-0.701634348654531	0.539485994966395	-0.172713983467198	0.244029277958669	1.24543913029524	-0.586555916073503	-1.96845336461901	-0.419940980542281	0.0621423331290147	-0.0977306073792112	1.08118732512896	-0.312790550520515	0.373582747947241	0.632056316828593	-0.687610787571495	0.516878125478227	0.203104560970334	-1.22563206939933	0.444084487165858	0.692178847891789	0.379376471163512	-0.113926770187386	-0.803871364319561	-1.03564635612208	-0.170640476885466	-21.2824039980643	0.975128312382028	-0.32479510523297	0.350726727214185	0.924477897539604	0.346364373449168	0.633532825589803	0.691670148136488	-0.154683119550438	0.960410989146683	0.286904827509756	0.469795979502225	-0.380924884469345	1.05773745651953	0.306791823471734	1.30130543506285	0.591018219053538
"481"	"group9_bins.96"	1.00124376233826	-0.454479380042205	0.304539258972681	-3.34955886688996	1.01015923019934	0.206070792969577	0.018971450375818	0.584706031120388	1.10219323330161	0.775122046276264	1.30289730756727	0.064520734676611	-0.544477465166647	-20.8218593941872	1.29990699972916	0.931349263557983	1.19382307288437	0.684156503558103	1.09930443457298	0.767867019406504	0.335457905606553	-0.360510211401269	0.696384447855809	0.642130554773932	0.775295449674591	-1.86218805366915	0.0358456188120639	0.00837555504382692	1.18659620366471	-1.06951453519554	0.853466142399038	1.25639308669567	0.888444147583452	-0.130080823267854	-0.179660441653035	-0.41879242842368	-0.422169569862665	0.547466917496018	1.25782351996681	-1.06043519664503	-2.74147389596235	0.570319904003078	0.646692520295387	-0.292742765024849	0.160399122654947	0.349255271106101	0.248281899919519	0.408687515775934	-0.301684135919349	1.56071774347885	0.872056406599138	0.66923678668532	1.35885505401594	0.0830199325781953	0.204978852581865	-0.737909392476698	0.370616444883475	-0.0714326229748528	0.623647742481114	0.658722091857681
