"Bin"	"X932"	"X933"	"X934"	"X935"	"X937"	"X938"	"X939"	"X940"	"X941"	"X942"	"X943"	"X944"	"X945"	"X946"	"X947"	"X948"	"X949"	"X950"	"X951"	"X952"	"X953"	"X954"	"X955"	"X956"	"X957"	"X958"	"X959"	"X960"	"X961"	"X962"	"X963"	"X964"	"X965"	"X966"	"X967"	"X968"	"X969"	"X970"	"X971"	"X972"	"X973"	"X974"	"X975"	"X976"	"X978"	"X979"	"X980"	"X981"	"X982"	"X983"	"X984"	"X985"	"X986"	"X987"	"X988"	"X989"	"X990"	"X991"	"X992"	"X993"
"1"	"932_SemiBin_102"	18.044811766652	17.2068302258751	17.6851655114243	16.6368536720843	17.4441676141118	17.4966118164767	17.8552505258491	17.9936780291796	17.7957038845371	17.893768570792	18.3701935866918	17.7164637867727	17.3571988145311	18.5721128167407	17.4125083259946	17.170628691987	17.994258560297	17.7628936171075	17.5951771975557	18.1293118740233	17.4553012888331	17.7555781444157	18.5361133706389	16.0710470995995	18.6325399639018	17.7403122113066	17.5480697035411	17.9347838514933	18.6509601324965	18.2863009155107	18.8134537077949	17.4910226504595	16.6348315823702	16.7659203125208	16.5115881019743	16.8064734923192	17.910619770189	17.5897464165336	17.4102505884349	18.0208309195736	16.8276186087254	16.8886142497187	16.5798962563724	0	18.0726569590405	17.5831970715353	17.9934002815442	17.6650241283361	17.6333628498569	17.4807696272404	17.4892689056471	17.3321823469257	17.6863389153901	17.7384552782179	17.5622789778726	18.4458750686518	17.7730178291966	18.1354500269762	18.4305706405818	17.711068136857
"2"	"932_SemiBin_106"	20.0561578157575	19.5527487376278	19.449318207472	20.5024426865286	20.4713103838922	19.0450764357209	20.0745578972862	20.5076860899636	21.1277142724858	20.9978758069599	20.6459172648813	20.1905214703861	20.7195691846602	19.7563247910801	21.2657722411624	20.0938064074997	20.9128591896256	20.7657535408257	20.0125167352577	20.4779137025463	19.8559140306162	18.7971329740935	20.1389415115986	20.3732950739339	19.9034025687516	19.4222377815995	19.2858748523142	19.8259029110764	20.3146206367316	19.312925702073	20.4151885872045	20.435597963619	19.8722619683385	20.1920666929957	18.9380157076617	18.845365927686	20.108907382556	19.9954688683009	20.2094350908594	19.0739339618556	17.1310553022101	19.4413775123803	19.7657044578319	17.706731843973	20.3307813473081	19.4057214375892	20.0570739817097	20.8218909223761	20.6452445568418	20.9045129816083	20.3809136341797	21.0526616403494	20.6556942322356	20.1205674616313	19.6869572626796	19.7544852386701	20.6142413624466	19.5825360981613	19.9740720892107	21.2133567168647
"3"	"932_SemiBin_124"	21.3327848934938	20.366398441117	20.8435559194879	20.5074491160201	20.9302551160966	19.930885310616	20.4710831088217	20.7769305019828	20.314263236102	20.1619018963034	20.2584600763128	20.6690494109626	20.2018649962238	19.4751417350997	20.3218582347845	19.4100089786519	20.3486550547396	20.7077717007738	20.5016517868426	21.1610045252236	20.480954530305	21.3167379158446	21.3360867228837	19.4691188334121	19.6769832662937	19.4609764005873	20.2408204262357	20.9863917173892	20.5770439623676	20.8357808257927	20.4096344013635	19.3525956078819	18.5940156635419	19.7371818950718	19.9591707274455	20.6072938179111	20.0703829433059	20.9240684121904	20.1671343156099	19.2083706772915	19.1862838004072	18.9570174025232	19.7043906626384	18.2472927092059	20.2611230284378	20.0306948384016	20.1703127786905	20.4862448077307	20.4863968243222	21.0204810805684	20.4773998217395	20.0785990821756	20.4492393965199	19.3820135194088	20.7540992832673	20.1782105299942	20.4653715430147	19.8867846025093	20.3996472793413	20.5740238511213
"4"	"932_SemiBin_153"	20.095620664283	21.6292210957901	20.6073159348575	18.2090405552073	21.6427612589189	18.6463401219588	19.7239704145839	20.6158105103157	18.6109892002564	19.0189762636573	18.3027787502558	19.6475697247024	18.5189128562261	17.2739069981053	18.4558599554353	18.0996297896923	20.4860959709342	20.0764888146781	19.5643807519967	19.7900994777866	19.7676528414463	17.7051983212282	19.5864975103512	19.5957132414252	19.4563766611385	19.2341087345921	18.4883223385769	21.6116535693418	20.2479964403727	17.5808927115724	18.3169180751185	18.732245164078	18.5082082863153	18.6189322669068	18.5158748092304	20.6559932694252	18.6556999552752	17.9429451550098	19.2072010383536	17.0729336407322	0	18.2585220828327	17.581525436561	18.7939545023791	18.3577724988947	19.2004254630438	18.9803288802494	18.8601420479306	20.2613389777526	20.0057350706664	19.7659632979296	18.8903704638168	19.6913949067098	19.6862169284345	18.1454215267584	20.5654793322873	19.5507942045867	19.2207881091237	18.3732002447951	18.7046430302347
"5"	"932_SemiBin_172"	22.7084306313796	21.0540605729103	19.2886221518604	20.5163682404692	19.9218522557918	20.6623846487596	20.3781170678586	19.7503911566939	21.5629000391863	20.58552365902	20.7462225959097	19.7136420332756	20.4496934046601	19.3364961716939	21.2575595483538	19.7582717015548	20.2426539100758	18.8724957997572	18.606859331589	19.6621761878012	18.9315088897366	18.2938104624188	20.4888819512469	20.4814062959253	19.1680708086361	18.9008103961403	18.9075513225897	17.6599982839239	20.1228451690588	18.7326103580483	19.986357318001	19.5783326151572	19.3368892449802	19.8856198188098	18.5784853001082	17.4182607326249	19.2951563451699	18.6804849693894	20.2719294113716	20.5314483162624	17.5030642581841	19.9301040807779	20.0384961555198	15.3244122218164	20.4203143040322	18.65554225115	19.5302737044182	20.5025102565204	20.1023851452036	20.3506162896885	20.1798384010508	20.6938598069259	20.2359287349166	19.2358311948548	18.6572274907495	19.0442371106131	21.0358698422929	20.3640297903658	19.9597128376931	21.33336945266
"6"	"932_SemiBin_176"	19.2594698307122	17.8562194518647	17.4825669872295	14.688981317668	18.7609119534352	17.7358991414655	16.3820569160171	16.5451262339306	18.7096899903426	17.5508173739181	19.4341923249695	20.076437745266	18.1456101456617	16.9368044023458	17.6475828952561	17.5423052176518	16.9153938700131	17.4271762790837	16.9027405553856	17.3853841094527	16.4490969801147	17.1962400090434	18.651980925857	14.2579738770246	0	16.5441304023345	0	15.7080268012323	17.2259732099407	15.1813981172129	17.7929672249115	16.7112104737792	17.2347868339777	17.2853710789505	14.945410678224	17.8892906514995	17.4728605679627	19.3120239351901	17.5409053159613	17.9915238233625	0	16.0377714494376	17.5168686935427	0	18.004373454324	19.6111947455884	17.3687474503601	18.9695949134384	17.8544944602759	14.4348843620084	18.5169534381173	17.1960176051138	16.4763925103142	14.6126979676401	18.06511478725	15.1159873967405	17.5589540809281	17.9061719499382	18.06446182789	17.7208684853995
"7"	"932_SemiBin_178"	0	0	0	0	0	0	15.5965123485462	0	0	0	0	0	0	0	0	0	0	0	0	0	0	0	15.3756061406168	0	0	0	0	0	0	0	0	0	0	0	0	0	0	0	0	0	0	0	0	0	14.680549249544	0	0	0	0	0	0	0	0	0	0	0	0	0	0	0
"8"	"932_SemiBin_216"	17.414800820148	19.1304747562012	16.6883808963534	17.4339175902687	16.4955562956021	0	19.0742821561432	17.5356790840594	17.9542700677512	15.9306806398899	15.7294319100922	16.5521544823217	19.0171235467134	0	17.3025142073709	15.0407294099728	14.7520244838992	19.2896370197624	13.1178571592076	0	15.2268852696777	17.774908851365	17.5850676965374	14.2806453820254	0	16.732031826849	17.7472165493443	17.60636907107	16.5929875924896	19.2273031609429	17.555221811135	17.4976789984033	0	17.1035030317367	17.2997891606332	16.9076291566576	18.9231982973099	17.5950159639414	13.9205718627619	16.0285855356871	15.977466055561	13.4890170873877	15.166777731741	0	18.0083549542102	17.188872538556	17.2651339016838	17.7645121922133	17.9724993666359	0	14.7117112911634	0	15.2331764954422	15.7138079897921	17.417158724557	17.3414443119779	16.3481170739292	16.0750187505896	16.8535454654273	14.9651329959075
"9"	"932_SemiBin_237"	24.2260286281041	23.9419857774241	24.7994427005771	25.1761215197396	24.3547896769546	24.0617140624463	24.5645962540692	24.5103314807246	25.3734821117498	24.9391397675993	25.0919133143807	25.358974554509	24.8202448545084	24.0356032480943	25.0700462064876	24.3603705321932	24.6162054832173	25.4755558817171	23.8115881871368	24.9645497731885	24.1246899220853	24.981383073066	25.2174069116971	23.7016514003518	23.6949519412794	24.8760407001689	24.930547872984	24.1270409147904	24.3791087961285	25.1650319728678	25.5808135072537	24.7943451273288	23.6434142382569	24.7981972464207	24.2533332606538	23.475434325785	24.6759292932905	24.7435740482129	24.0461816461775	24.9101621157849	24.0900918152072	23.8239503693669	24.4232347469919	23.3521503050287	25.1631682518148	24.4145840676686	24.9892622708645	25.3249258230299	25.0420539205747	24.4596870987981	24.492793313513	24.6242026836868	24.9180640492503	24.759699397306	24.875868597446	24.2050798668488	25.1712778575816	24.2804784072076	24.6453442045802	25.4820863149066
"10"	"933_SemiBin_193"	20.592069847391	20.9725968796441	20.5697329314249	20.5662518134565	20.8364123682981	19.9767075679198	21.0624239668771	20.8203886281818	20.8636392344924	21.2521260095844	20.9522772531879	20.7501933541609	20.3515340916674	19.2592322890781	21.2228757681967	21.0526429073836	21.0602869677436	21.0015766748619	20.5444823391696	20.9693991460127	21.2745405103436	20.3108969356691	21.2815445512402	20.327995291722	20.2368833160364	20.0211157025422	21.0301247754351	20.1228319475287	21.0653755146157	20.5342364872683	20.6403767501123	20.6961330728269	20.6374862543183	19.7785063281082	18.766581065361	19.5419201433728	20.4971557651356	21.1494815524859	21.0993572368974	18.8587033963021	16.854484923544	20.1010258012053	20.2265191484714	0	20.7864259725434	20.3741458785288	20.6607482719438	20.9553761574044	20.2225319236757	21.6837968873905	20.4566324041677	20.2508689468699	21.5018384835798	20.0328207044355	19.9469442898053	20.370758752186	20.4544593272744	20.9349876518913	20.7190220431783	20.8678704809865
"11"	"933_SemiBin_252"	19.3030478062961	19.5242523100953	19.4103073267448	18.1746106838841	19.6092344254479	19.0353991026331	19.2903763830337	18.9191855397295	19.5963662675337	19.3929175464739	19.0438433404221	19.6636601874154	18.4522495633262	17.3271678348984	19.2745811688549	18.8668934557421	19.5261230679926	18.9142030588855	18.9618561617016	19.3801195358808	19.1274132901067	18.3223153529805	19.240559522331	19.1806223650538	18.9971001037652	18.5279597061666	18.8270256033058	19.2998543834878	19.1522101145369	18.1774245958282	19.8316032581761	18.372355637584	18.8292835908001	18.2825874647949	18.855285550414	18.444971283712	17.995223000615	18.3263640714448	19.0402082395705	18.521180776799	16.1805156406361	19.2994105627847	19.2379493572553	0	19.178484863443	19.0403014599379	19.6575729260185	18.6484503238379	19.6860228521145	20.0396909213213	19.4414275311163	19.3358245395293	19.927161706017	19.324151433376	18.6650921824132	19.2383290410718	19.5507108053747	18.8458488433293	19.3774329463652	19.5354480477442
"12"	"934_SemiBin_124"	17.0453345077832	17.5215318270723	17.9455635555737	17.8149557378124	17.7290261067274	17.2785655114322	18.215526427459	17.4155299239086	18.2512625292897	18.4636422272979	17.0686871524218	17.5828028880323	17.4609675634075	15.0691852619167	17.6313587916118	17.3216751696447	18.021283076307	18.1499263914371	18.1884865591423	17.9216368224725	17.9903366689979	17.177856424834	18.559001794894	17.6948280852084	16.4852654313859	14.8136849702252	17.5713797098944	17.4507589845622	18.0227341856046	16.5121023044285	18.199046866311	16.6532127486372	16.300342983912	16.1285270938242	16.2082824819463	16.8306131700589	17.5165842350359	15.5229392124447	17.1033456904008	16.6402865963672	14.9660723357502	16.3451180215	17.0401943480083	0	18.6047699982114	17.6339034966677	17.6485342133973	17.8688292742813	16.8858612567788	17.8430498809143	18.2339092636666	17.8119974087749	17.856611615362	14.3954851111352	16.3474466154497	18.047500385565	17.6772622194745	18.3318696400518	17.7839141306085	17.5498801723363
"13"	"935_SemiBin_113"	18.4176699385364	19.6383765878352	19.741712251495	22.0618539283202	20.1447540181635	19.4137177229222	20.65639401258	19.9886092964618	20.1716592895398	21.4042488138664	21.7936638060676	20.9031344941024	20.4500387650598	19.5810670698059	21.0857265167822	20.2433926865199	20.2503545409614	20.3823520795939	18.9547156339093	20.6759711332182	20.4204590843626	20.8425097206073	21.7525319103267	19.2987150152136	18.8242127052294	20.145024918977	20.9502044858914	19.8865421046434	20.8851616817083	19.7528313008694	20.8247886706419	20.5859385193763	19.9809813406607	20.5155009083529	19.5895915253378	19.8530470707525	20.4735758397671	21.1510182747348	20.3606681023748	20.5873444842392	19.3524542408804	19.5664710208357	20.6422452111918	16.2951936558986	19.8427522300973	19.3299378559417	19.527156840589	22.2219322935283	19.7484650654636	19.8894845659005	19.5849802606711	21.2608165090261	20.5311641642149	20.2981597893811	20.5375803244668	20.8651135057845	20.4140109188093	19.7908169107377	20.7781072916666	21.2175785609047
"14"	"935_SemiBin_192"	18.7992585853957	20.0618621949135	20.3063748089676	23.8177089578302	19.3848120215142	18.3897463264414	20.6525945626651	19.8365179285709	20.874832610662	22.1695203401903	19.6905017220539	19.8551425048696	21.0462771283218	20.4368037153922	22.5662633661276	20.5705344217694	19.4454369980744	20.1039442015799	22.0631680114967	19.6183918856374	21.1758628666254	21.46271245194	19.9020200692116	18.8428349548789	18.7305336495089	19.4647629432435	19.6987104450106	18.9319842629937	19.8542534382495	20.8244059247902	22.209080393639	22.4730913194475	19.2141461838741	19.2433113176625	19.5550645056553	20.0099768694144	21.0859944790276	20.8542333644294	18.8005095984495	21.3872522099893	18.949665069271	18.4378043256393	19.3973127509552	19.6731866557786	21.3642934086046	20.1513866097754	22.2161126045605	23.4550819589146	19.9820865212562	18.850339933654	20.1226632527521	23.2263511478694	19.46059834205	19.3886928673673	20.8393516213676	19.8965587434609	19.801766607551	20.3005956437595	20.6985023118684	20.1361968028105
"15"	"935_SemiBin_210"	13.8409653629319	13.921739084877	15.8949377948515	19.7966811843918	0	0	14.4521355560882	15.7132104421781	15.1982271575929	15.705933333298	15.8656275302902	16.0266195881675	14.8449949298335	0	17.0898028336663	15.2013112583812	0	12.7821958290237	15.991963648942	14.4815970692881	0	15.6316057401625	17.4788744994004	13.5580019354281	15.6368064165884	14.0623211206785	15.1974690066837	15.5142133341082	18.9653486390029	0	16.4244105911965	16.2835352972242	16.6862322656588	0	16.498407361883	14.0717676680334	17.0489052858267	0	16.4670314178213	15.0614931492377	0	16.1064990606756	15.0503335800141	15.8888558692221	18.4493475560488	17.0411195534812	16.6021346116304	15.750068481113	16.8392063817458	15.9455475884548	17.8404241256069	17.1046523407521	15.9477156974814	15.7536497913261	18.2425378171621	17.592917775902	18.1928622500731	16.5234841356762	18.7597022557972	17.4030327975096
"16"	"935_SemiBin_236"	17.3188332823696	19.7471544178263	18.7054144277319	22.328457122539	18.0074475091621	16.801855457451	16.35165629481	16.5035642249162	19.89664375609	18.6323533450152	17.7808389213892	19.496282686006	20.6296993361766	18.6354930115837	19.1950712213519	19.6099519505406	18.9883116130646	19.4578773484225	21.4631891585173	18.0646159952369	21.3184207502812	22.0176444208243	19.3712674216456	16.2203716070237	17.0120803361908	19.1558651341131	16.0358384872788	18.4722827973249	17.8504947701886	21.3189038040809	20.0317272049904	21.2381924478566	17.2891617094765	16.9541669048272	19.3757911841301	20.8187425543136	20.2011686257392	20.8984425880104	16.4181429411218	21.7125117958925	18.5837027072426	17.1050633929347	16.5337917640364	19.068958970875	18.2459109626933	20.3940295186616	18.7294784862694	18.2459326790705	18.1513010325626	16.7348934815745	17.534038238083	18.6064519995345	16.8227198567717	17.1045096163532	20.9282798883577	18.9131822798366	19.5453859492549	19.7106498436002	19.8572245761468	18.979630390849
"17"	"935_SemiBin_68"	22.7998691913986	22.4870558185237	22.967563193085	23.868681176264	23.1092089102301	22.5811807164146	22.5393466052746	22.8992015953186	23.5675216303035	23.6988709065812	23.9549006738691	23.2161344193476	22.3223263442949	22.1475347665901	23.110181091152	23.0012504440079	23.3211184062899	23.1230001796733	23.0638670395473	23.4928548608502	22.9056751311785	21.9432563129207	23.518888705484	22.94472768751	23.3390657024893	22.5637330973723	23.2635791159911	22.5893747835929	22.5630539241744	21.4854313077281	22.8221747687768	23.3510485663623	22.6852985318882	22.9191295551274	22.2142332132052	22.2928991564822	22.739137764129	23.0492198382462	23.0404138008601	21.5415096922113	20.7246068885174	22.7320821194859	23.3192682949147	21.046400352036	23.6024843869295	22.8289666818415	24.0976375766218	23.6118089854684	22.2372858686764	23.6676272853609	23.0921664477452	23.1289471853557	23.8033706803461	23.2536965628971	22.4156063633534	22.3737142554867	22.6666030840353	22.3426526973714	22.8768521777563	23.4824663224822
"18"	"935_SemiBin_76"	18.0165819256708	18.0716794215034	18.5074176069967	20.0295494018713	19.0168693056547	17.5879783052686	17.8195439310189	17.5707738573176	18.7767272399788	18.2976905359817	19.2763320305485	18.2298042507394	18.1388109871195	16.605966086834	19.0539400583989	18.1638543733368	17.8029782963433	17.9947733212155	16.8751078361393	18.9441442268275	17.693443763883	17.6584348162723	18.3815039875934	18.9775514343161	16.9283727380634	19.0509045698555	18.5501104796247	18.1530664797773	18.0126405657249	18.5322835485053	18.4842574501597	18.9001825590101	18.222829099124	18.0609316760808	17.4564522844843	17.5738924556277	18.5583040927769	18.4784507583392	19.0214676990227	17.7763599935577	0	17.4689016074906	18.2400025088706	16.2081298658703	18.7107895164723	18.5361260050934	18.7285829904619	20.3078679670561	18.3698367117032	19.0346158212288	17.7962809789772	17.8544447778493	19.0390381420447	18.6528115846754	19.4183680949004	17.9920536976708	18.8545932063789	17.9565996572529	18.4972633076685	18.7822257824219
"19"	"937_SemiBin_148"	21.5747490852934	22.4137800458063	22.4837045981691	21.8387363061941	23.0864404841226	22.0292976189428	22.7352837588504	21.8664590343999	22.5025632498666	22.1030875124741	22.253942884575	22.3863530323173	22.5665131382998	21.2672567911076	22.5851374683738	21.8793498035704	22.4197342061951	22.2322186754211	21.6646731502547	22.091302086417	21.8206482803631	21.8475988806011	22.8153236088184	22.3408678326863	21.4353312336145	20.9058206102736	21.9869697558485	21.1288975513639	22.3548721662552	22.1780401843623	22.3616314611585	21.5723030740833	21.4728115399467	21.3504613016053	20.7359059644585	20.2462296247432	21.1590928661992	20.7224350134861	21.9226164363403	21.2690299614012	20.9272645067374	22.2109129784101	22.1985082260569	20.4220607421109	22.0795242059258	21.5875450920731	22.2507029771154	22.3702329780284	22.3514040519846	22.3984534251734	22.6973546969195	21.7993551032199	22.7444248719709	21.9705343807527	22.3405599049088	21.7405984436917	22.4921720118819	22.4212776885522	22.3776596256653	23.1499411370994
"20"	"937_SemiBin_159"	16.107777906952	17.5918497564924	17.706283252104	18.4506024342156	18.4314319472578	15.653240542518	18.4175522214242	17.0130681527029	19.3923354918138	18.9774837501497	18.743045201661	18.4715612397132	19.1717623977094	16.4747646393623	18.8050605553153	17.3328626807345	17.9749763824404	18.2629909375803	17.8759570660725	17.9142908254544	18.0236545441508	18.5258093522219	17.9733459263158	17.7637915166434	16.796971826739	16.4853865786202	18.1263118810788	16.603754306421	17.9796518090898	17.1098159600206	18.33005932404	17.0571482869193	16.5957907514351	18.5584217666283	17.1477228979135	15.9732289463417	16.859704148721	17.3635134088351	16.8584328770615	16.4746145832206	17.8803389261702	16.7502790477467	18.1999981550694	18.3555016617164	18.4014758398311	18.0509578066689	18.3185239524918	18.3766098113124	18.2365202601297	18.1517133088051	18.5549931681228	18.8892612754205	17.9165594122315	17.5639447305394	18.1861834683174	18.323030187006	18.7506832562934	18.3178015374267	18.515246146079	18.9450377424775
"21"	"938_SemiBin_99"	19.2451659112618	18.5983949092379	19.167730592118	19.1770981957822	19.3579714517548	19.208023816651	19.5857447082533	19.1079129620545	19.8723206421797	19.694134998775	19.1346594850999	18.7112059830194	19.5599951034665	19.1050725786618	19.6809633275882	18.7865374861853	18.639101201816	18.7093139255524	18.4880182781621	19.443720650191	18.8399488447869	18.4186075535162	19.7471449568005	18.8321257233134	18.0136525310883	18.6819093527952	18.7576655028666	18.5514304488933	19.7145704621407	18.5926933383261	19.6440881629459	18.8569662247905	17.6400172019563	18.7449911871134	18.7554310998061	18.402063719929	18.2825106512631	18.6120315653551	18.7157356466337	17.9828521841912	16.9142210470702	18.0912583661452	18.520657959448	16.4127648732499	19.1124760118113	19.0482463845848	19.3761164234357	19.2588794545664	19.3200259462588	19.1380793759503	19.5350491545898	19.4797281986346	19.45701675488	18.8843699704872	18.9750830037407	19.4625861663903	19.5716877156455	19.1426037241009	19.2018992704637	19.5800048622586
"22"	"939_SemiBin_272"	17.7451316028696	18.6093415778485	17.7357655724401	16.4545822813643	17.411561855438	17.3507189574045	19.936784811957	17.6412106502038	18.6176126150648	17.6208057839948	17.6156695831106	17.9202726526702	18.38838945217	18.034554675429	17.0323424568124	17.6845170435766	17.6166221699215	17.8667210838918	17.9145908590151	17.2560756492904	17.5918834529637	18.1681933422098	18.4343522128979	17.8991587853495	17.4730265239164	18.3114005061125	17.5532210419376	18.0269843687196	19.013017306097	19.3439305642446	18.3348794735333	18.6863182611607	17.0163854706394	17.8943595450637	18.1114973769939	17.9699276980051	18.3082686095962	18.1991277714857	17.2301652812183	19.0618349887135	17.15998871813	16.826336877821	17.1032425259615	16.672156606761	17.9574793734052	18.3078434695631	17.5624816095007	16.7624674607768	17.8002137757955	17.8829080392848	17.3613059880262	17.3568883349702	17.1800240512776	17.2435560160798	19.0603017248839	17.7280989384251	18.0300546200897	18.3454799952572	17.8016416043866	17.3834050240649
"23"	"939_SemiBin_87"	19.7463578815258	19.7826132124222	18.0824362815422	18.8955916529021	15.5786942046369	17.3957450003954	20.478774789968	19.9359636702417	18.425615543793	19.2484392035506	18.8706354726621	18.8704478461749	20.1252454165709	19.3368069670572	16.2986637740748	17.7138309369138	15.9314263179781	19.5390439729321	0	16.931977910609	20.4177680097087	21.3303353501767	21.510854771578	0	16.3478190680733	16.7122391422916	16.407873447582	18.2561086745206	20.297577032623	20.1298270067247	20.1555144416052	20.171391560948	17.8331647985466	16.2927033587534	18.6977275136927	18.7089433497095	20.1317619506077	20.8478499320744	18.865860018516	18.7326144834491	17.01209587597	17.0426701250495	17.7993191405471	15.9044644009002	19.7392251788717	17.9733484640424	16.2038991207893	17.8219082471652	18.7462309495805	0	18.1615250564342	16.4453550892644	16.4308937160718	17.0417138742655	18.1327283126449	18.247397277205	17.9474799764796	19.0400235168642	20.2413481307048	16.9711482986245
"24"	"940_SemiBin_253"	20.8350959960561	21.2021630188929	20.1740662978889	19.3494963257406	20.8710186481026	20.3780411048575	19.787507703074	22.1783503254984	20.42054530564	19.5242949949351	19.9995365135346	20.8349582772673	19.5534344787902	17.6211522146054	19.3609228155034	20.3919430166549	20.4259870803295	20.5222515124911	20.2956597280287	20.8742922653191	20.3141050447237	19.7374901333963	20.4697509830379	19.8457059842278	21.3779479119424	20.2097265730933	19.9513542036343	20.5396865215593	20.4937501394865	20.2556395226862	20.2221914112848	19.964037683255	20.6397687351972	19.2289175167597	20.4508126351189	19.7251669296258	20.1608760249389	19.7862800328669	20.5804320122138	19.4580831744145	18.3083480677571	20.7689439056831	20.7013233027114	18.1920657646398	19.4922149235149	20.3565240451838	19.276713177639	20.1129838651871	20.3522872390228	21.0454724273682	20.3401600364655	19.5613255162159	20.2494657878999	20.4624436711384	20.9242154828805	19.7368937747471	19.8661960085326	20.2635990258005	20.3761190039585	20.4869025094748
"25"	"941_SemiBin_237"	19.310852449745	21.3254142054149	20.315996417874	19.8335086146057	19.4124857543735	20.5832915842412	19.9088959558461	19.0911602404016	22.4882281369898	20.1020263970863	19.0591226689154	22.0148060012377	20.2903086977536	19.0392758003099	19.2547271779965	19.8185140485096	19.5557277821024	19.6340267805554	19.9646383521349	19.4065731911341	19.7136266222654	20.4223709378634	19.4421613849615	20.4455696330296	19.410022705847	21.1251431216887	20.6011239563051	18.6774073234729	19.0978059554368	20.0249979068745	19.565517958255	20.1009825163226	20.2994042943662	18.8563748612539	18.9276898280721	20.579569067426	21.2811829663334	19.9646054370432	20.2464035012619	21.9618613635055	19.0997774574784	18.3895522877464	19.7608647147076	18.6431068151941	19.4072308876509	19.4068329981191	18.2828085105736	21.74107631096	18.910275518049	19.0591811821799	19.2879053467661	18.8779669573682	20.1342160952348	18.6883561331231	20.8492681726649	19.404031176401	19.1191701784414	20.2848681993193	19.5306871561569	20.5581676319638
"26"	"941_SemiBin_67"	17.7064260443413	17.1695540640912	16.8294877221377	20.6476666833135	18.0980134283684	17.2090216900381	18.6580968037869	18.0571226173623	21.5759887985693	20.2960541035944	20.4425990057743	18.0008985068086	19.156167167454	18.6427130663743	20.5276034229272	18.7188181144571	17.3050040082417	19.3728354865175	18.0126787319286	18.6097090600742	16.9006420498384	18.696889905132	18.2480711910049	17.2773931686604	16.9624192116593	19.2825905137209	19.7103759463959	18.1608552583356	19.1894216052083	18.4957081832017	19.3638465625959	20.3448245016383	19.3562934959109	19.468566207704	18.6643595530284	15.8294716323363	19.4920363684547	20.9531726532664	18.5893281185723	15.3565782563689	16.1130212249285	18.2842456896867	19.5973390641211	17.9574545048413	18.4586375085803	19.4405953489717	19.9517816887586	19.0852538861743	18.8266907748939	16.7580911859885	18.9242907118265	19.2749223125879	18.9721888660213	17.9598682226497	19.2612903024966	19.6675251634384	19.9129939781236	18.5546231137586	20.0774890926455	20.2267966468062
"27"	"944_SemiBin_44"	22.2722822473103	21.9090410445798	22.3869988822489	22.8649468829413	21.7665845306993	21.7316572137447	22.4091712915283	22.9149214555209	22.7999012733493	22.6474054842615	23.5455286683944	23.3321531135033	23.0621451415632	21.7791801512292	23.0375343551587	21.7188430793399	21.8712774029637	23.1068794527491	20.8639222017556	22.2703973568235	22.1293890153883	22.9766912890408	23.1265027966509	20.4520991742002	19.4854048683085	22.5386889398836	22.8077897066257	21.6330669471083	22.7680515684809	22.6302445808291	23.4068750972423	22.6680281914454	21.4923750390035	22.7754514571669	22.2007303905259	22.3204631759431	22.898285721366	23.3134010846967	21.9209806069185	22.11579556613	21.1369134600777	20.768005410664	21.4429215209215	20.4555496288789	22.909698034681	22.248699849153	23.0711360108733	23.0660973615753	22.9739876811184	21.4564841801799	22.1904251582599	22.0218031809561	22.3118297427746	21.3753647542874	24.1133786347351	22.3795677754335	22.7934629745757	21.8334539145219	23.1832213646599	22.7142245674504
"28"	"945_SemiBin_110"	20.021303971164	18.0547827328569	18.3030529064688	19.497520762115	19.1848516091132	21.1154158098463	18.7785880840982	18.2141240847264	20.5262415255512	19.8132307609098	18.5564426682586	18.8549191634606	21.5023124753732	20.4726101135159	19.1762446716767	17.8992628995178	18.0872249111985	18.7172196749782	18.1936945417756	18.3944384269092	17.8324541800191	17.9545340514093	19.2192738546287	18.0485134105929	18.2113205309513	18.2825020873661	17.9296644030157	17.8360001670319	18.5077483526002	17.6192362611868	19.6428152365931	19.1032769099424	18.0654182211412	17.9631502152342	17.7443597159782	17.0364976485455	18.8450177575325	19.0385630904244	18.1688376796333	19.6597364418271	19.4427629354195	18.5836824271501	18.2431716661397	14.8032206666532	19.4444530312756	19.4990030600017	19.5731108908412	19.5872366826339	19.4290546813485	19.1332965936283	19.2640158652288	19.1827520401702	19.3018215251529	17.8592309889586	19.1713119454633	19.5008577655207	20.0914382266118	20.559171649806	19.3657474292937	19.8425952168839
"29"	"945_SemiBin_185"	15.3374686600979	0	0	16.8375692153106	14.9186895787077	16.7078763313577	17.4814608256228	16.4683539240964	17.0031667831365	18.984743832355	17.2717963655507	17.7431114915685	20.511338369855	18.400414155561	20.3241309145243	15.0264371191376	16.0817354315441	16.9299183999083	0	15.4458397804659	0	16.253604280667	14.4463727598227	0	0	17.1028830978355	18.3115229299273	0	15.5462061079343	17.1413059473655	17.3333742720269	15.5821159730858	14.9379064534977	14.4949841668406	14.7146990415609	0	17.2952188547219	16.3054935960755	15.4273026771107	0	0	0	15.2292007305855	0	17.8657371224529	16.3619034934738	19.6424016059331	16.6211433369486	14.8171390587969	15.329266410946	15.053824878915	17.0095249749512	14.3590583714333	15.1478754703872	0	0	17.3704981444642	15.5125936137081	15.6337111608297	18.6915093037608
"30"	"945_SemiBin_201"	17.8235735141411	21.5996446318742	18.3196546531348	22.0466536696037	18.122837002885	15.6040385947429	21.9839177055138	19.1017537504878	20.9523416337314	21.9623148595188	21.574415060222	21.7186879865916	23.4817732783894	20.9222187437236	19.1620749802667	19.6999360886423	17.3550172174338	22.2681957272891	21.2041534013168	16.4234954941172	19.6542621093113	21.7538668089416	23.0922089601046	19.7890076504589	15.0795542622116	20.0790147643043	19.5542259234642	20.4477180154367	22.7434249269228	20.96230696419	22.477194394585	20.6823491011071	0	16.6263055363535	21.0631674856411	21.0384707073209	22.9843865064852	21.3781034135126	17.797866585445	22.0495547314717	19.5817453632378	0	15.8986728313904	20.7315481298353	22.679830574262	21.8844342269612	20.8800623296757	17.3054955854858	16.9187814807845	16.5878842904003	20.6624412453365	17.7873609517126	17.1250143788635	16.7852510395648	22.89772898984	21.4206753375161	21.0492529687718	23.8519565976458	20.9638518569241	20.0132873381972
"31"	"945_SemiBin_23"	16.0875538665801	17.3561933051973	0	17.0662043322	14.7880406126642	17.5216216040999	19.1718085607089	16.1956211474051	18.559916939451	17.503969197166	16.6064437954226	16.4662703078546	19.8970239272514	18.6483011750253	17.1395661633881	14.5829374212304	16.3683653782092	17.1209012284478	16.8777655029786	16.080613685494	16.7430611542853	19.5690810867435	19.175244443254	15.4047657783697	14.6852440097038	16.933263915322	15.7489199688956	0	16.7726647629817	18.3755571522529	18.2957900694277	18.0743764029348	16.8039119591566	16.8804521323843	18.7000626361683	16.5454143604093	18.4062302721761	19.0852453795374	16.2566119788546	18.2152573886026	0	15.0452485460807	16.2667670020689	16.3336568463837	18.1920723398458	18.96947674201	17.1637123969402	17.3681356689959	16.6870205174148	17.2238449365197	15.7620212774983	17.7607342966379	17.8306526270536	17.1704203945829	18.7446325784002	18.6029817002884	17.337973788858	17.6411083994389	18.4520085956425	17.4165972809138
"32"	"945_SemiBin_50"	20.6313146198376	20.1075614816674	20.519562458757	22.0213921187592	20.7576178469924	20.7669897886304	20.3693888157877	20.532359656708	21.6698491255067	21.8762202576099	20.8771837766331	21.1772697726521	23.8823129453914	23.0216946026948	21.8884781145726	19.6880601619134	20.0510305238991	21.0958393377734	19.9902520805589	20.539741772439	20.1476164401032	20.8124637085215	21.197401772895	19.8398594610455	19.969200649998	20.2582938599185	20.5400375356359	19.2959510734147	20.7617567613606	20.3984517259766	21.6922316660078	22.3875942315068	20.0929658142682	20.917084587313	20.3163915732324	19.6169909012619	21.8747511219175	21.4216467357696	20.294245576134	21.4940209754399	18.542151061806	19.3111300147598	20.1192965056763	19.6380154182268	22.0073520606938	20.1902154638617	21.3662758067602	21.6018527527367	21.0677626729548	20.7828566016942	20.5219278607341	22.2877673912528	20.5651613644113	20.1411484702971	21.0720732608073	20.8631345047237	21.4215243994115	20.8380341737351	20.6015595226821	21.6243502724899
"33"	"946_SemiBin_182"	17.6526473331284	18.2723990275237	17.5301871772289	18.7761933697045	19.4237285597404	18.2217284581686	18.4430863844382	19.5238653028295	19.4983231846723	19.5342958176398	19.4508020161229	18.3580798800443	18.9672785604351	19.6696235661346	20.0915052841332	19.3533198068134	19.6559015747049	19.768181148662	18.1298617920944	18.3444069282636	18.6844122359427	15.8337839493554	18.8397013572085	18.3073726957496	19.1117866925561	19.535829648107	19.4249633445531	19.151019739772	19.0928329114771	17.296604719166	19.7626888949026	19.6773134955795	18.477530984174	19.3974107253829	18.4987399719686	17.0373864188689	18.817403383669	19.1655139516357	18.328115194551	17.9890854931253	0	18.8250244281408	19.0365822594668	16.9509996580499	19.6179797933448	17.8884348972971	18.8585397019071	19.400329203148	18.8881367551261	18.8818725617484	19.0804689726709	19.3484163809378	19.3245931778009	18.4012012607527	18.0267700618252	17.3440012895037	19.5617290387411	18.1289839988793	17.7360392597297	20.1535590710913
"34"	"946_SemiBin_296"	22.9669427836741	23.0133625777166	22.9264137520361	22.5683604639589	22.3718473334819	21.7226224002354	22.8200716032546	23.1586009992792	22.3191080787277	21.7769132307419	21.9255606396091	24.0928940173177	21.6628325000056	21.6929221354515	22.1533224034873	22.0650146119842	21.8685992345157	22.9388571402302	22.254678681995	22.4770696149439	23.3869556198253	23.1063945932837	23.3149417019124	21.834995708261	21.0555896989739	21.7099041779211	22.5421353203402	22.9717284942432	23.4307654941052	23.8505209005807	23.1658140704475	22.0024554048943	22.1534004488764	21.1264471401118	22.1355131929591	23.6311375635331	22.8104868854025	23.7389200052067	22.7288903946921	22.4656798013877	21.1889322266191	21.9509633927567	21.6590181714232	20.4717116958554	22.7592408483106	22.2195613496255	22.5670218922257	22.3926804089453	22.9218943310328	22.0753344529266	22.3192928164415	21.7762834578924	22.8572180228392	22.1110452079188	24.7230428406739	23.0226777562478	22.678742630094	22.5013398000825	23.1746367244322	21.7219400677241
"35"	"946_SemiBin_333"	19.3384723338033	19.1792713034682	19.5387604918382	20.1670614215546	18.7148975723517	18.1727615197975	20.3753576327112	19.7719236642996	19.8861432582586	20.8852459536497	19.8514530115486	19.1895734801595	20.1548846793238	20.4124159887471	19.7189870834045	19.9197275224156	18.9327255238472	19.8313374786765	18.5558119412603	18.2567843798921	19.0254419763801	22.9854156015038	20.5269127886362	18.9922220531616	17.843845219121	20.0089353958114	19.0888755729313	18.3875905563901	21.0413992179261	20.2903802155973	19.8220478859228	19.2639977194145	18.9162971271198	18.8356810088838	20.3328486983988	19.8856967831987	19.2117525852186	19.3717870781208	18.1614740791	22.2347023605099	19.5549131162257	16.5266999399639	17.5483517491302	17.475844293491	21.2236332240151	20.7387857380868	19.5352062161397	19.3287750497532	19.6659619850065	18.4722785801266	20.2533378135153	19.1788195241981	18.8329422520723	19.5185110868572	20.306144588595	19.8707472246069	19.7372515474844	20.5391083438545	20.4300492121699	19.8014728819807
"36"	"946_SemiBin_374"	18.9105035344797	18.7216806584563	20.1425454078197	21.4434864192718	19.5854199048501	18.9116857506794	20.1135233503529	18.5253031394767	21.2067809546419	20.8960295962468	21.133282333682	19.9692944283568	21.3660384928661	23.7145817033712	21.5852051460076	18.9824096728751	18.6728464073254	19.923167599761	21.3395491997075	19.2646743143468	18.9127826884327	20.6744309774205	21.1094495232569	19.3344272089705	18.9769187077229	18.1122543167484	19.6748008605872	16.9781961433078	19.7827436109343	20.9881376647095	21.1041382743101	19.9106390305128	17.3057609847875	18.1363943225544	18.4047893671921	20.0017839628862	19.9445485221757	19.3613587905204	19.2636792494447	19.9089155801277	18.1861239169281	17.0580264102418	19.3094077894744	18.9947418625022	20.5863406507327	20.0804236902217	20.8225950805753	20.9282844532949	20.3739377643031	19.3044407008172	21.0200645297937	21.9134221541903	19.7314948120232	19.6132689420323	19.906612727895	20.430630954717	20.4486691867821	20.2745213720134	20.5366383576579	20.6794764079092
"37"	"947_SemiBin_204"	20.8912556264144	20.9483531101642	20.9950441704678	21.6872980712282	21.0687234141786	20.6453957387753	20.6778018162525	20.864133142772	21.2321689424656	21.8771586001214	21.2662736588083	20.990630618964	22.6987381224634	21.0249772623208	23.3176281610433	20.573994670194	20.7996933703189	20.893705347428	20.6746817875375	21.08069635299	20.8045843859085	22.1636003276767	20.7228508864536	20.5974149308712	20.9015823833879	20.4313590386371	20.6412631004332	20.7794598916631	20.7785506444418	20.8895064260439	21.5082759875462	20.4905504646297	20.0603171813228	20.338636284715	19.9726569778553	20.4472234179254	21.5133821461155	21.2014403233381	20.727112537792	20.7443905278996	19.5454334605202	20.328385171683	20.5623807020366	18.7859478301709	21.8541044443521	20.736190666551	20.9949732482762	21.0452257546548	20.8165300106708	21.1286733513301	20.6296632997141	21.3406580800972	21.0248497205829	20.9141010094074	20.7404640657069	20.9279997148944	21.101150957579	20.9301977695999	21.068051567417	21.2199743186772
"38"	"947_SemiBin_8"	19.08122181811	18.847545030688	18.9097636909385	18.8593213320196	18.765197814987	20.1470792079176	19.6192461951082	19.4440061504201	21.5111609531572	19.090813850795	17.9553578753318	19.4327883475173	19.7486629267422	17.8790360626248	21.8654305002119	19.8846115995032	19.6704382215699	20.7087698256256	20.6771276023585	19.6204921040188	20.485244108984	19.1835898673132	20.9168898062241	19.4144499005573	19.9471671749417	18.7774409576613	19.5773703276205	18.1524902790926	20.2385701997401	21.8618771728272	21.1946440257963	21.0322108492863	19.9810498089095	18.5073319793585	19.8393102792816	18.3609959187831	20.3256569744478	20.9479307341811	18.987518556769	20.162665366274	17.4109490079237	20.1783716194602	20.2882860110756	15.1488281647958	21.0622589898221	20.1108230238602	20.6277353671146	21.0328320919067	20.1660335432972	20.2594647267472	20.034233789439	20.3573315057723	18.7959359886493	18.8039343153663	19.3668623312631	19.0543380910131	19.6723862855505	18.8085248965973	21.8312383500396	20.9496767317797
"39"	"947_SemiBin_9"	23.0354659010784	21.509043413576	22.4824866070688	24.2744810333744	23.4761993959081	22.2428091763759	25.4146380304437	26.0796790479434	25.2563071062391	25.0833706867525	24.704263878231	24.138867259382	23.87158235928	21.7894031295764	24.5619229751654	25.4208865153054	24.4292019772989	25.1529270808272	27.7351095305142	26.5171498103237	24.4989157895167	22.5759172384041	24.1982119453899	27.392578880087	26.554514331644	26.0115425358368	26.5563260165118	24.2122604275588	24.0859129470157	25.3652148331067	26.4463098788281	23.0813475091903	24.783542340751	26.9330811607912	26.209761145077	23.3232947970238	24.1491031151689	23.8195546591601	23.2643151921178	26.8727088566325	24.6574929527823	21.0480144264824	22.0626411016585	25.0613440800269	25.8273195464739	26.924675767075	26.8996435178956	25.3787362587733	26.6607554506448	22.8346179958652	26.2139021826175	27.9902049289142	24.9399701346388	26.9169617625491	27.9022719217017	26.670678441077	25.2021262054628	23.3441742736328	26.7307247326937	26.269491458072
"40"	"948_SemiBin_209"	20.3857215135466	21.1690292951427	20.9667951726358	21.7163589946856	22.1381528749215	20.1091479374637	22.8690001972604	22.0812373040417	21.513867265844	21.4672434176994	21.4228195262069	21.2961712394779	21.248032909387	20.4016027669377	21.4824858377985	22.7205694411018	21.5774310128693	21.5741376248142	20.4175423616445	20.894994436009	20.7139358642585	21.1030121330364	21.2050631497346	22.3647428300613	20.9522193864999	20.4836826823737	21.2380609910195	19.8370766635467	21.8372255211142	21.7813487641384	21.5635264458493	20.5641471294754	20.7292085600575	21.136582544621	21.2815514164917	20.4172436984897	21.1808617729705	20.7197230737283	21.0883007138898	20.3197617135498	19.4359289235084	20.6924744277274	21.0334608869053	19.6776601135811	21.608521090535	21.2823013452187	22.3097977483326	21.3533698262793	23.1705059428934	21.7675371686886	22.8790431354273	21.2088927060113	21.3216046529772	21.14698608501	21.654472048577	20.8756941100278	23.152499785471	21.330001756611	22.0020645733233	22.6173196540631
"41"	"949_SemiBin_129"	16.90264946955	0	15.8898449229501	17.5445646853881	17.4173717344734	17.4523297208949	18.2994557940849	17.4691216906397	18.8969346942902	18.2748861285955	17.3794273357131	15.47870584033	19.0178768120297	16.3150220443913	17.3006332840531	17.291936148201	18.0834529055896	17.2010490139816	15.918745977932	15.2994237519647	14.7891754450019	16.2111577727832	19.713467936261	16.9644220580171	14.816276967089	16.4049752073825	17.6145262093824	14.1785474648079	18.4330285530973	18.0038712979422	18.2410376279605	18.0503138416028	16.2249165555275	17.5950250548122	15.5956130518222	0	16.7844523431675	16.4846901164552	16.6754421742828	15.5791580221919	0	15.2394820266641	16.9273697551058	0	18.3392530655463	16.127424668136	17.4343718629796	19.3052306705679	14.1662962744233	18.4477908303242	17.0622820785166	17.1204658687563	17.2699283879875	16.7517802731094	15.8500193531923	18.5998902482063	17.5499909942479	17.7054273072439	17.7046644910758	17.9185621640796
"42"	"950_SemiBin_52"	18.2097512995251	16.0808065661571	16.9799221735867	18.3971455619891	17.0936342682098	16.6290225738198	18.3475059181901	16.9095277817551	18.9602619400829	20.075117823219	18.6613720402259	20.5942302492884	18.448565413752	20.7283878029456	18.7027897328234	18.6916644310925	15.6945483221864	22.1021861737567	17.3751278702582	16.8674588947789	20.8797697295701	23.0223495532675	18.6810211095832	16.4011837789123	15.2652868388533	17.4759382741912	17.3199335588317	16.542749516376	17.6151518638544	20.7946843408134	17.7488915517867	18.5872835569624	17.2947537801596	17.2987841663886	20.8553498376984	18.932817603745	18.0211054697957	18.2383318216179	17.6345506668702	18.3625154721597	17.4598286311283	16.8145102187712	17.9470389253124	17.7248289922467	19.4548495591973	17.7114025525125	18.1220135346828	18.6529664247766	17.6524289791827	16.5442945163776	18.9970475536388	18.4103575804396	18.1412874561399	16.8965402257784	17.4365130589738	17.2260480925841	18.0700452962259	19.4418426376468	17.0954067787884	17.9577138723207
"43"	"951_SemiBin_21"	0	0	0	17.5371074236886	0	16.3273109415401	15.6946034673935	13.8187541472929	15.9119611127943	14.5716124806486	10.4396978415538	0	0	16.0487769278527	17.8496402785223	12.3004759978187	0	10.6180370942151	15.5771863670367	13.2046616078092	10.7130122186662	12.2926373997136	14.0149349063293	12.5481258476072	14.12397549799	14.883008920697	13.3798217083896	12.2497555282029	0	15.4215610504472	13.0323434656533	13.8666641961448	14.7179636568042	14.6951455926149	14.8674820311721	12.6244970162484	11.9935579569598	0	12.2311713035109	14.8617206786785	16.3286887209515	0	0	0	14.8441187001444	14.0758043373064	12.3150814996646	0	13.6345763996095	0	12.8987456361172	15.7660485717638	12.4547934460847	14.1491930613911	15.1042197663637	13.7095622328635	11.2698486074798	15.8089927206111	12.930104107214	13.6680685283178
"44"	"951_SemiBin_94"	20.3792720061341	18.9019448260381	19.416230921166	19.3339309115372	20.4150238492355	18.6382532345537	19.4318865936718	19.4504992666347	19.6674191703162	19.9439230882203	19.3004273384686	19.5269488456469	19.513652764232	18.1174023190105	19.8233165539302	19.1911799759987	20.8915857713579	19.9977703725994	20.1618503654186	20.5424010332338	20.2130280508837	18.3316720422308	19.5180425608643	20.0008622703182	18.9025183908208	18.2127338192901	19.3399601190152	19.1249034066539	20.4108690857725	19.3057049098007	19.9463140036407	19.0641315581433	18.0592711214194	18.7318329079631	18.0216386783204	18.0511498755364	19.060715849033	17.8819394057768	19.7029749405581	18.2839080082022	18.3184289756717	19.1941347520906	19.0771693843489	17.0558692008887	20.3701163404569	19.9195603601755	20.2049418248983	20.2249311176863	19.869882967901	20.6361116502075	19.9408343350898	19.7010087166597	20.959274629699	20.2238416638095	19.7619906529142	19.787206273069	20.2984459224437	19.3304878969056	20.0995403658253	20.6931838378677
"45"	"953_SemiBin_322"	25.0859448083287	23.7394867022447	23.3621293608597	22.4123172253442	23.9266402750789	23.3304082079069	23.384775231905	23.9208534131122	22.9833096819547	22.8853835714052	22.7639733695977	24.3231797392928	22.0420844664775	21.494995826365	22.3548753809435	24.7898047987194	23.4104971067598	23.3523269460245	23.0138407730122	23.6146035606719	25.1144568615814	22.6307545820536	23.142527788551	25.2218483630946	25.3368892804276	22.953874065834	23.0582159002468	24.8861073187159	24.3933961985846	23.7580432142636	23.1026349660459	22.1356331715983	22.9138172281201	23.1616397485467	22.5512762885097	24.5624160206408	22.1215887685045	22.5838382643132	24.5652968763431	21.6823927083869	21.6013186668089	24.0955304865106	23.4332496863122	21.5247597337023	22.5033382678428	23.2411353554729	23.0243412080273	22.9156638942558	23.2074838443653	23.8261884859676	25.4422483455122	22.9291156604132	23.7010452390673	23.5784922391747	22.6143266004766	23.1203419093837	23.5523857403087	23.1997018946175	23.227529918299	23.3991830443203
"46"	"954_SemiBin_108"	15.2337956181765	14.277444058384	14.5026857079506	17.6167440803678	15.9731233338744	0	18.7831463016027	14.3493151461895	0	16.4361612517549	17.4288698728562	16.6431019849316	16.9752129035618	0	16.2834596306183	14.1309302561645	14.3422773677541	14.3686995614801	14.115634177315	18.3013419593967	18.2646318095791	20.2772292245564	16.5378804543854	17.9632266220205	17.0121333679884	17.05557737869	19.9391932533285	14.1476090955838	19.0914836282843	0	19.105749365441	0	0	13.5121140399398	0	0	0	18.3648957921266	0	17.8027712332087	0	14.3831155780301	0	0	20.0281962125645	18.751718345616	19.5343303474008	19.3428486734311	19.6159296385693	17.9112423598595	19.0448746902996	19.4625115233325	18.6678759390857	18.7083660820798	19.3334035678218	17.7020502992541	18.9510578825491	18.2257048640414	19.2224266222547	19.5151037691398
"47"	"954_SemiBin_2"	17.8273684124227	16.3367997383489	16.446917977832	17.2076751774503	17.6904877329663	0	15.8430472051702	18.6531990247525	14.8445514863469	15.7881378295698	16.9073647574456	16.1451271880483	14.7921328882726	16.9929249419049	17.9948101634227	17.0285000920463	16.2099659295314	15.6880872230143	14.4500757115329	18.1137475998941	15.9839773970002	21.3882737080934	17.1229485158967	15.5988875854949	16.2950869796579	16.5770528967795	14.5210154973351	17.8356223258883	17.5100342654912	21.0739531752226	16.8638647563905	18.2273410706404	17.3007678384681	16.7682566453599	17.3118152396532	17.657302924479	18.7114597525831	20.7889999134393	16.7392079344482	18.071391327914	14.6462593036553	17.3185541195369	17.188141598179	15.9821923923384	15.5569547473487	14.5136496310313	16.098974967713	16.1125085735282	0	17.7279143038781	0	15.1796977616946	15.8201182041146	16.4472386705365	16.4541637759597	17.047048320246	17.4440746431109	0	16.6870588018036	17.0634882361586
"48"	"954_SemiBin_221"	18.0579489467294	17.8810856300825	18.0689406467493	18.9288611200433	17.435585197266	17.0648572439961	16.5960207185576	19.5509354749756	19.1996903212025	17.5123216746204	17.55305992129	18.8591239701592	18.6139875556271	18.4177870833126	18.3986011102627	16.6454159024464	17.0073053850183	18.118072443381	17.9624256612815	19.3689622205299	17.3340914517196	20.4225735585395	17.2562081395499	17.356396713719	17.8430102935402	17.7197402706342	16.9975861089294	19.586005148635	19.1439004592094	17.6730260941088	18.3365590179768	18.2902334834399	18.067219100876	16.867126340151	17.6156947797531	16.1839334036179	18.1918697220111	17.2869574395834	17.7575878017439	18.7431305514442	16.5539359345842	17.9503764319732	18.3860448949746	15.4866427883757	18.536853157594	18.4975640942255	17.4691024259249	17.9852285313222	19.0910053094998	18.696726242855	18.1756886069972	17.7635270138006	18.7428798405027	18.7801877864263	18.7561554909971	18.0700544739614	20.2235479221183	17.9678271150209	17.5212746113765	17.8091004484368
"49"	"954_SemiBin_346"	18.43356365609	17.9640341620474	16.7373865278732	17.9341903905901	18.1763722850987	14.7431813834404	15.9749563229038	17.3444090867113	18.6414807674045	18.5790227677588	17.5525944135667	17.8367956106382	18.7180949319471	18.1184173020345	18.7437939445476	17.5400406151601	16.6915627553497	17.7549966493132	18.2752689841144	17.5897902292157	16.6947934481483	21.3577746195435	16.5781683554343	15.7676768922453	17.5485807276111	16.7689509176742	17.757844909694	17.2506064282322	18.0326315781953	15.6041005823289	18.6963477437827	18.6073361451114	16.9557473662491	17.508151430992	17.1276938411574	17.181527272974	17.910819986287	17.6753637417478	17.9440211668345	16.8531028656528	16.0118931711057	17.7511010641653	16.8625160075058	15.1248687163114	18.1435262537632	16.7412001499239	16.4155229969739	17.8890345082945	17.1962193169924	17.6067068484324	16.4503577340063	17.9347015900394	17.9018660602253	17.3578186727073	17.5449630239127	17.0720283374908	16.8177026327661	16.6537705258386	17.2383812908754	16.6544691705609
"50"	"954_SemiBin_8"	18.7127149971425	19.4486997677917	18.6388264105849	18.9940136423372	18.0096398009999	15.2401162036942	19.2623993904337	19.8176988872426	17.2274469959896	18.7217664131277	17.4044430044774	19.7011669649695	19.2523558680057	18.7550608280127	16.5034070881453	18.0624017985095	18.9789434854003	19.4789076357542	17.201699234862	18.8031130580833	19.961019188854	21.1685828449497	20.0118049897679	16.3882606845684	17.0078899875668	17.9550446766813	17.917852061801	18.7153513872746	20.2618131759584	18.5409416576115	19.3987345229621	19.2310493225232	18.0885572777443	16.1991654460765	17.91085316853	18.2040495381259	18.6893678417211	20.5981216415692	18.7639743421543	18.3715389068992	0	17.7556186083567	17.6394017339533	17.026809052573	19.2836936465878	17.1122470450819	16.8411655977833	17.6063033900659	18.6527610683667	16.0289775814027	18.1824257501244	17.8541125075966	13.2867984278074	17.371355210042	17.0501471909078	17.7790073145972	18.112347793516	18.2378970593211	19.5780110900397	18.7234140847914
"51"	"955_SemiBin_146"	18.0636654948471	18.8576957016409	18.824144345941	20.0133211643969	17.8718648699305	15.7496828621821	18.2178807387007	16.9979737786182	18.1646742832206	19.6917317720219	18.751687373429	18.6079348155156	20.5435790242002	19.0439975552974	20.1843559087252	17.7625735285628	17.4292451770928	18.4796841501993	18.3628414827496	18.4993831191104	18.5379937383354	18.7965736791277	21.6599843620086	18.8972926552454	17.1536195124884	18.2518480927056	18.1849949279867	17.0584453553743	18.3675252211937	20.4267544584673	17.9712400565088	18.1030440075897	16.6177971200165	17.8011339289699	17.4545297796566	18.1451892347044	18.100444202168	17.5070400555136	16.6526679284735	17.7773431517968	15.5230914368278	16.4971335933508	16.8502832133348	16.1083025110973	18.5193973775372	18.8664029495234	19.1216884654491	19.1023362057653	18.1954790594856	16.8624873550427	18.7447842911331	18.5848900068253	17.6629308611126	17.8581411260937	16.5606190211248	18.971340117218	17.8307732690136	17.5176724098687	17.7970811634899	18.182201040912
"52"	"955_SemiBin_256"	17.0737899200889	17.0848655813612	16.9270550784736	20.0727630665336	18.0209140941248	19.0347541649309	18.4083879512969	18.5621079396482	20.703935326023	20.7460153822166	20.7963496904492	17.2586295659428	20.3141493659756	20.5659479951667	20.9970496675821	18.3150773963852	18.9600978299035	18.6053803672049	20.6499183705465	18.4797297089763	17.2920857876087	20.5776176930617	23.1247697022609	18.6634461367669	16.6722760058359	19.894169832717	20.2177397979939	17.0249821193645	19.4966014337511	16.7971132159523	19.0345374258328	20.2962296448613	18.2547893344722	18.5450322455034	17.8034382832332	18.1903792266813	19.9572641714817	19.831107013811	18.9654182971766	17.735197951651	18.0821828845352	18.4431217016148	19.0407877677625	20.1240548559897	19.8055406782383	19.3523492316249	18.850840926944	19.4650678496087	18.7053987875402	18.3586848752091	19.2626429030508	19.8200128625204	19.1951685163021	18.1756178339633	19.7304610933909	18.5154647324763	19.4525796879687	19.0615566213419	18.8477603575535	19.9432711618859
"53"	"956_SemiBin_125"	18.7253330101486	18.8639158259437	19.7607903132031	18.681369440385	19.6392943072709	19.0872245144034	19.6702472272599	20.3411840004752	20.6073569565994	21.3524386722965	20.1560586272211	18.4593189966829	19.3891943273509	16.7111262062555	19.7349577665932	20.1821203542676	21.1355629862469	20.2609166602461	21.0131575135605	20.4215817485916	19.1404462320032	18.3301234499004	19.5031127204488	21.6998767900086	19.4295133209389	18.2298983989086	18.829785793713	17.9574709491324	19.757964038966	18.7120167948857	19.782841128456	19.6216864269331	19.4113275619292	18.7572328619933	19.3628781021287	17.7974873800455	19.0865816454841	18.7548086600266	20.1646094200239	18.4867189682637	17.6068801534634	19.5698052897072	21.028236595704	15.8391525267448	20.344492580175	19.8574464167644	19.6211082729369	20.0524080405986	20.0076581683641	20.9503991752253	20.6365216477152	20.214781058969	19.8881542158686	19.3193935528874	19.7099743551547	19.5908044118651	20.0293409026978	20.6040471493908	20.1353262369742	21.210453287641
"54"	"956_SemiBin_137"	20.4844821518806	19.9302155832466	20.0952697352901	20.5595297666295	20.5744401552158	20.2636476997963	20.4649657829575	20.0633155314292	20.7680539533503	20.6336689152258	20.2137703687089	20.4606522648369	20.1135097334243	19.5954043742857	20.3273434417774	20.0251622948797	20.4877955497417	20.325243103803	20.0541104400465	20.638311979973	20.4650849163936	19.7437736380586	20.4921533289736	20.1426869537591	19.6214426957679	19.4841125331937	20.0317083395236	19.685349948922	20.447395445518	19.7366932387685	20.7552216676994	19.8010357195116	19.5269106927739	19.8601032594091	19.5934868549905	19.9107416480342	19.9843135288113	20.1612068655422	20.3884490795859	19.0805579298391	19.7664505573169	19.9191797940829	19.808077407954	16.1513287556861	20.3354336510749	19.8953744045834	20.5200355787846	20.3931299098425	20.5324428157172	20.8181720757204	20.8336118532874	20.6410424496237	21.1875710415781	20.1465743945108	20.2499503744586	20.0695792933914	20.68458912389	20.4323662592813	20.443145904553	21.0116669265205
"55"	"956_SemiBin_187"	20.2935634812972	21.3016983409569	21.0198441826089	21.3239693406826	21.7465611570422	22.1792653479723	21.9942344569728	21.6177266453742	22.0472580215935	21.5562135296957	21.3618626400975	20.5645451939028	21.6786712206822	20.7305753384992	22.284885042504	22.0221723994568	21.6254232919913	21.6752537508683	20.926730164412	21.1493751998562	20.8492415426044	20.6507784968888	22.135268485676	23.3111803707465	20.7637284915087	20.5863513743259	21.0200897242288	20.4850681835012	21.3876261836923	21.6655763123094	21.5925378984564	21.060719990114	20.9867214785746	21.1299479344442	20.7327502245788	20.0950642653231	20.9774659035591	21.0899374002785	21.974106072576	21.3000174263509	19.890884194268	21.4921358927822	22.1354593479865	17.5462918025966	21.5155353267893	20.7233065352334	21.1897815077075	21.4671322067588	21.3942755078331	21.5312324100193	22.0402737857891	21.3863519238575	21.7662363937165	21.33054370748	20.9578115888373	21.237657606668	22.1409160668422	21.4983371501635	21.1518881006318	22.6928542967853
"56"	"956_SemiBin_215"	20.6942498662469	19.6127311596963	21.0241706562586	21.0023385693379	20.9334081924364	19.6502564874733	21.402237458738	21.3985522758329	21.0354700987264	20.9721094574121	21.1511179540661	20.3607329447633	20.3223479068818	19.1553681208767	21.3689509070409	20.159067268022	20.9612615193354	20.4567062212499	20.9341885895086	20.8751014505094	20.6695537675262	19.7293179837547	20.9813721847811	19.9631231324339	20.0570289303632	18.6253795335617	20.7268959919268	20.2831678845323	21.3003027640038	20.5062325667287	21.0093830384801	19.4469802937096	19.1882280980094	20.3030668732852	20.4170200241419	21.3493599439884	20.2832149524613	21.2341730637881	20.6790110003346	19.1552749310096	17.7678112066165	19.9209252636972	18.6886154243459	16.6206865655472	21.7031258798398	20.5998846919957	21.6691039575511	21.4006563665394	21.6502894246585	20.8562783237529	22.3691347459377	21.8099862935905	21.7634424638233	21.6142669614502	20.0214679077693	21.0165248833801	20.5664019334697	20.3814979545039	21.4696570363012	21.369826716984
"57"	"957_SemiBin_343"	15.3786191891019	15.2141836141444	14.5297412472914	16.5212191165668	15.9703484998413	0	14.5004514193036	16.7167053882551	17.3931513181843	16.4774675789637	16.560170798834	15.9120755518562	16.9610419379692	17.0415147561189	16.2784166641677	17.3114840314366	15.6402490693852	16.9140761865935	14.2316757550712	14.7362083717251	16.2774931676225	15.7756995832322	18.3790538209906	18.6222591144376	19.8857339217517	17.0078544307916	18.2609156521895	16.1642375981596	17.5502383073604	15.2123764488873	16.9896034900111	16.542800775213	17.1059555739268	16.2590265574695	15.2874258302405	18.9697722853593	0	15.0079239979413	15.1810376380239	0	0	16.2186232123944	17.0599856506989	0	17.3264849193513	16.5916018382673	16.8613745743239	17.5238312791729	17.1506565000048	15.866806913901	17.4175442478003	0	16.2376296710713	14.9410992534965	15.6275404765434	17.309619247809	18.2084849053911	16.8719926953093	15.7036736933204	17.7746209124104
"58"	"957_SemiBin_50"	21.0243791423123	20.9821086202419	20.5211195125518	20.9071003105304	21.9443267626815	19.9194974032514	21.0192077123902	20.3385305208362	20.860327636626	21.2198219121162	20.6465190903105	20.4850746762831	20.4679079641404	19.7235532682975	20.454497530842	21.6934165003016	20.565542035416	20.0972837190291	20.3980430866553	20.3365599301402	20.1505583532368	20.0491020472192	20.6063891113146	20.9779196023027	22.5521995076179	19.6991228140093	20.3006082846992	21.156115835065	21.0010833342501	20.5289175436944	20.500938617735	19.6812619248953	21.7717871690759	20.0421704599023	19.7780749689661	21.4502468098287	19.9182018869873	20.6956178742935	20.3194175021029	19.250614695605	20.0175049311921	20.1224572650933	20.0666317683268	16.4317188403173	21.0986262609987	21.3636736471777	21.1598503647476	20.9901379950572	20.4310222731535	20.5950503215915	20.9949362278209	19.8353182771594	20.3872859077021	20.751195057287	20.5316436765776	20.6330287566787	20.7154514541977	20.6777205164998	20.7226439976619	20.6744943320198
"59"	"958_SemiBin_114"	18.2957957181693	19.4068083591401	19.7774249846074	23.5555969621888	18.6856036628894	20.6339369791275	20.5198338759776	20.2248573185956	20.8538937823253	20.2285973742723	20.4011113060456	19.610957421976	21.1305594757079	20.8156351733281	22.3283625549104	20.4614895967742	19.2064406207316	20.8634064799805	20.2475256258788	19.925454937078	18.6434112605601	20.7998997353643	20.6435146635485	17.491650961738	18.6976825678676	22.0493180334602	21.1120112759563	17.6623683037547	19.4976668052852	20.4081040447958	23.0170604321952	21.6383978600192	18.8564129923176	19.8440856291726	20.0048920579985	18.2963504466494	20.5185262486655	20.8612806939028	19.5789857758715	20.1800857570135	19.0775890572635	19.1052201639211	20.8448650890019	19.5781714631451	22.0585044645522	19.826304562783	20.3205761179798	23.2880969464402	21.6558975422393	17.4276204881906	19.3372461792439	22.3847664517279	19.5373980578633	19.4686546096289	21.9451929836612	19.5992768008877	20.4380918301233	19.8998963243182	20.9728882326295	21.1069433025647
"60"	"959_SemiBin_129"	16.6627684607117	15.3805127607349	15.1494060755266	16.8879442742986	0	0	17.5377390722457	17.108161544387	14.976785579528	16.730928436589	0	17.65698369239	17.4174159614297	16.6721386780493	18.4123407983085	15.1148067811975	16.2409993530294	17.0907523167067	0	15.2274535489217	15.3034147362247	17.0280466114131	0	0	15.6982563967418	16.8717215377524	20.8017985349576	16.1146869313627	16.0295517451996	17.3192141246165	16.7468926954294	17.0383781223558	17.2677967213124	16.1666540618229	16.4969444050162	15.4776379062931	17.3580411294924	17.1732581700243	15.3882215389851	16.7716671862356	0	15.8473962304159	15.0860381070482	16.3604736135039	16.2540565530658	0	17.7716090358457	0	0	15.2853525941565	0	0	15.3913363159712	14.974061970229	15.6527379659075	0	18.0980439141363	0	16.7359783926168	17.4680396743938
"61"	"960_SemiBin_14"	20.1843323317617	21.276557383597	18.562206558582	18.3138533496542	21.1405676702115	18.5934580759539	18.6679578384801	18.3930613940288	18.9020634261251	19.1562377325325	19.8336459773895	19.4301902025123	18.0246095847658	17.9348704884974	18.7199224608839	19.1721897370389	19.2417548382909	17.5835182607034	18.1550195449817	18.4676157677116	18.1303654825875	16.9716205398665	18.3783538750988	18.5826819684109	19.2335858568139	17.6620332685675	18.5397314940303	19.544219689486	17.7800768109852	15.9757017854372	18.4761929002567	16.5020616463004	19.5811550128361	18.6342858923629	16.8622954778487	19.1758135786244	17.4754870595293	19.9227062307872	18.771037876539	16.3115596570397	16.4969706813104	18.453767329787	17.6187402767904	0	18.7761344397796	19.0656508818307	19.456204712293	20.5894697915402	18.7727737480365	20.0559959658503	19.2182614035209	17.8745121240879	18.7902972290212	19.8267418160041	16.1800584336915	17.4880976022997	18.6639932861183	18.2287186056492	18.288401774416	18.1088123851823
"62"	"960_SemiBin_192"	19.1765282212336	18.8947468883887	18.6194137113213	19.4023118289561	18.9417210635883	19.129835894503	19.3745867080132	18.7494439534277	19.3185814079817	19.1560531284518	18.9882097246935	19.3472785676181	20.170402906412	18.9699039709478	19.0313282291854	18.9034602123556	18.985288488033	19.0384597865285	17.8594755800361	19.2125946598192	19.3863698597775	18.9390791372371	20.5186118591971	19.0012983446301	18.2330830791563	18.071654089768	19.3706460621948	19.6613019749413	19.9215584985205	17.9880420918252	18.9826851271514	18.1428549058638	19.0886844829114	18.9703248837167	18.2511914645962	17.8290279230931	17.5405798923979	17.8031489804507	19.2837873955879	18.1840218540204	17.0109238149623	19.615655365266	18.9293517217369	15.7460761314621	19.0113759484653	18.7736499441313	19.0406220619662	19.4280893811687	19.4082813700329	19.6808216609821	19.4299217384591	18.4177768306325	19.8743282568678	17.7675677504151	18.490397420111	18.3883774280091	19.9532310244945	19.2345967317763	19.2639322268811	19.4268070370668
"63"	"960_SemiBin_248"	16.9243485094745	17.6367224235604	14.7884134861431	13.7528243939043	17.3975925011087	15.6944665041054	14.6770795182305	14.8120704557041	16.2440417855897	15.6660977283121	17.0415819503321	17.1943065947376	12.0555767198535	17.0868958158057	14.7278951063827	15.6832142719535	16.9986932829931	17.2472464784216	14.6564143613414	17.8378753159615	18.0564997227648	17.0893937555126	18.504518435415	16.8439952828896	15.0200886998585	16.6886943632388	17.9387545314489	18.803796866754	17.6802449680634	15.6267455853152	16.2981646873538	17.3831454078711	17.2996583749357	16.7052008341673	16.1605292260958	17.9144300345511	16.8360910912404	16.8560193354912	16.9992365688377	16.0450756960085	0	16.6820564932429	16.9569364428864	0	14.9109942402768	16.3770295843744	16.4019954839602	16.7220193085045	16.3332549788142	17.0482452155878	15.1987753862981	15.7503989356142	17.8512402719664	18.1652855485704	17.4896906286539	17.3668784038651	17.5879817967451	16.953362716978	18.0510890605193	17.6526538571834
"64"	"960_SemiBin_428"	19.0015035435649	17.2948460519949	17.7911072536884	16.7769058073169	19.2630277915414	18.7922042562574	17.5272212392824	17.4239727892048	18.4441173944888	18.2500472894173	19.3172098078516	19.0993591728473	17.50227048311	14.9630016004978	17.5616410258859	17.2362340464326	18.7010536206511	16.3331879299102	16.3454427286558	17.5830778340232	17.1487092761562	16.1662483289709	17.9424258657082	17.3196918558448	16.9833527467253	18.4392882063005	19.2422358272124	18.8554182690081	19.2633886786435	17.23911775458	17.7128756387877	17.8994490820833	17.2074392024411	17.5206807383889	17.2051149537311	16.5051148744281	17.6805582899908	16.1342748179262	18.7165188264216	15.2426910578757	16.5367488019945	19.1448380033581	18.6783822117221	16.2630894044141	17.4643140175486	16.5241789495518	18.9863761213235	16.9104836819214	19.025979158101	19.3507839551151	19.4420929067093	17.6178510967174	18.6303998124131	18.3314413684247	16.0016871035752	16.9858008187976	20.0235294024695	18.5855282520898	16.6151856145984	19.9456335307995
"65"	"960_SemiBin_641"	19.008398064222	18.8328378005482	20.8317753540209	19.3517091137689	18.9666217495416	19.0910847413492	19.3558102289019	19.3576422210181	19.4015722406537	19.6558027957739	19.167707521087	19.7136131968221	19.8987320434815	19.7484646288023	19.309280859564	19.0509303989754	19.6963331804074	19.5355401161519	18.7907792351203	19.3053236675675	19.9625338135933	21.1577811886435	20.2798017770848	18.4125506308158	17.906052356645	19.2664855607328	19.3002767476616	20.5584664757993	19.6386524240115	20.4945557743689	19.6431903784998	19.400609223662	18.3731609522767	18.2814201178098	18.8154579881645	18.7507391993816	19.7452433509353	19.59703483647	19.3335733398037	20.9098296885365	19.1659967859188	18.5853201534654	17.9725725459558	18.3875246344484	19.6920313473016	19.5146844655632	19.5254468093832	19.6596328346958	19.2827843849891	19.3129679919203	19.1946391640216	19.0684688132306	19.2193205628978	19.0214990578273	19.5562203178949	19.342487949167	19.8212795037002	19.4613370511617	19.6748316762219	19.768355807223
"66"	"960_SemiBin_66"	20.2721238871645	20.8229949975852	19.0070001329249	17.4484086277968	19.8018113626772	18.7541676021964	17.6101511045054	18.2756683106644	18.5190191777655	18.3530356333821	16.496228562078	18.1786612133955	17.7097382363502	17.8664290377365	16.7014497233457	17.3393037433064	19.8260507528191	18.5191104612473	18.3860549396776	18.4500894191469	18.6945748677662	13.4081260397122	19.2157683716473	19.4083915695952	18.8822463251786	18.6239924146788	17.5112218365177	20.2673199340945	18.3975388777933	16.7104185733565	17.8280954072626	18.9767246308166	17.7011800638374	15.7554797812279	18.4948996119636	18.8783695260919	16.5039540905599	16.3566961159489	16.5912965564343	0	17.8153086141489	19.6131873720715	18.3731851070796	0	18.5103581420718	18.5506584238359	17.9951631611089	17.5891704611874	19.113315499609	20.4721498051654	18.5836211225477	18.0433567141456	19.5479271413014	17.6928795269247	16.8647020761939	18.4945133696656	18.8979866882707	19.9088440561322	18.4421369537462	19.1680056927531
"67"	"961_SemiBin_68"	19.9000512156262	20.2016772146867	22.841880461961	20.9390186446542	21.5388108583075	25.0621502449022	22.7218950176671	22.5117730243711	21.5332548006251	20.3444526635509	20.2184197335584	20.4103204911792	21.2315837978506	20.0389526285855	20.1780267174258	19.1666055023369	22.1683970878074	19.9137091511782	18.9532559209579	19.820856522319	19.6065489129365	19.8632564132736	24.7785574908157	24.929299634928	19.5463098022413	19.8183328758199	21.3995367287782	20.6085016541205	26.1161508513809	20.4483825656816	21.4688339626309	24.4549917927972	18.5879628182969	19.1212856635666	19.3014290385377	18.802227968947	20.2165315316066	19.6457377665636	19.8741888879035	24.0737568306562	21.8649633536352	22.7862560086314	25.698334035331	20.2953443861852	23.6032381057643	23.8745282718468	20.4833763563182	21.3564025402267	21.0571004306338	21.567582164504	22.3746413396169	20.7077602402188	21.0016305995413	19.6910145368029	19.7810914153327	20.2071092433558	20.0199468880749	23.9102210112093	20.6544513555587	24.4880168168274
"68"	"962_SemiBin_32"	15.2268633357404	0	14.7542998684184	15.9799775906219	14.7935192783164	0	15.2565695239497	14.2396375692	16.1289306296342	16.2460839749061	15.1443803504084	0	0	0	16.2604546829195	0	15.1207337003727	0	0	0	0	0	0	14.5905831497986	0	0	14.2043363008329	0	15.0428646234646	14.649414889038	15.433162873058	0	0	14.3540012776215	0	0	0	0	0	0	0	0	0	0	15.4925850038836	15.1462962292438	15.2362930222788	15.8735610229855	14.6742800338578	0	15.5140536578689	15.5939699041787	0	0	0	14.9399672780829	15.2640633057868	15.550073176576	14.8328493481912	15.7179574414584
"69"	"962_SemiBin_52"	17.7590635253858	18.3477514786703	19.099869368453	17.919100968119	18.8949572673901	17.4800212738236	18.0174619830647	18.367315999002	19.0918468769403	20.4521172217212	19.9879064757734	18.8018097446328	20.1200513699046	17.580269850551	19.6543010394884	18.5434733548839	17.9999987942842	17.9542404571093	18.2320324164702	19.0093048146686	18.4200247409813	21.1300199320976	19.790976770817	17.2115690972681	17.5487763100842	19.2335379308187	19.7299779875414	19.1743934034926	18.1437853052296	21.279351988352	19.0243795817728	19.2153618341483	17.757984560168	17.7994376866494	19.8081681035587	19.2731718383713	19.0812155910401	20.4185324885296	18.8606717805856	18.282843292289	17.6588490583899	16.9541140671437	17.9938951800924	17.4658850270239	19.4406715403818	18.7038945036403	17.7831989711637	18.2516476117282	18.3700005106142	16.6270582500116	18.1289119392525	18.8903087143849	18.6337980652449	17.2113983426821	19.2423188766418	17.406519044152	18.8477761473226	20.5604210333055	19.1115899927782	18.6372163904921
"70"	"962_SemiBin_76"	0	15.6150781078218	0	16.0631491723907	0	0	0	16.5258143377034	15.345060678442	0	15.9085652186687	16.7254987066015	14.4606829587606	0	16.6258713085685	15.5704941279403	15.2151258195897	16.8159266796269	0	15.0446164713167	16.6453528415394	17.1734253830326	15.0117710035273	15.0761096901828	14.7965594850902	16.1196411942266	14.6386502338148	14.4752973727431	14.5864586757989	19.6186943912782	15.6974949881219	16.1775810401308	14.9380495000878	12.8387322609607	14.3505291154547	16.2878225360009	15.6497905337062	0	15.5418669806165	0	0	0	0	0	0	0	15.2899806599057	16.0604473705543	15.4496879748936	15.0627176312651	13.5542600281004	0	16.1779159594842	0	14.9125528830452	16.2895478112871	0	14.7402680147471	14.2375090782433	16.907913647946
"71"	"963_SemiBin_255"	20.8972626523723	20.3048483206524	20.4712163700815	21.2232012915103	21.6223135954902	21.4028810369952	20.9014309725836	20.7547211583616	22.7224787586412	22.5438503451619	23.736104946865	20.4935345862526	21.3003234058951	20.6143969392671	21.6610566664351	20.7768617671723	21.23126027545	21.8887628844044	20.3149869759599	20.603443092326	19.8313284242492	20.1465686372494	21.2616373576402	21.1899162807714	20.2968610478158	20.2215214816488	23.1863783686054	19.4331165543965	20.8118047817448	19.9436167256488	22.9222187547907	21.8455456749551	20.7627959462884	22.9979080505928	22.5044381395272	18.6680601521497	22.0583091410829	22.7073173160024	20.8057050474076	21.2469963494351	19.9476037905245	20.2934673253712	20.7828118940463	18.8668209816811	23.3483714598702	21.190063046201	22.8211229002186	23.0190296456588	21.272589695917	21.4485663637947	21.852760858827	21.4238013958973	21.2643599538218	20.844976029619	22.2241593032913	20.7615698655527	21.7645169098014	21.8348435008715	23.1610304851564	23.3379873858449
"72"	"964_SemiBin_111"	19.4546466228399	19.9532070045279	19.7515266167987	19.2052589671029	19.6642443404962	20.3305499113857	19.0739918883793	19.6017814126219	20.6006094615071	20.6441837402308	18.3688978929627	19.5578184661705	21.6197253338492	22.1534073374335	20.1620520081759	18.9019020578124	19.2773279402567	19.525609367079	18.4317667467453	20.2425232305451	19.0985351560086	20.5555052936777	20.1200818228978	18.22959102568	18.7368104754435	19.3655528537556	20.1941092629407	19.2393281131851	19.1669872948834	20.7846926003567	21.6619725252423	22.3462023247774	19.6415559518847	19.9579752738224	19.1085645487851	18.5600528492932	22.8133314884354	22.62601331321	18.8948899878223	20.2484355921512	18.4679260579086	18.7617961605898	19.4238619861971	16.2052263663039	21.1188136437264	19.8487211009198	20.9830097982274	22.0710076535532	20.7676144200123	19.2937409061578	18.8251956953844	21.9395991743533	19.327878733684	18.8077349118964	20.0321657691821	19.4617117637882	19.7707694576082	19.9526289769167	19.3420055942174	20.8747998418559
"73"	"964_SemiBin_528"	20.3278582176825	17.5214219191419	20.0122507451582	19.1731752009221	19.4526842203634	18.0119952858043	18.6767852449584	17.9886823275287	17.7867041375356	18.2852160162141	18.6549992877312	17.8447450465234	18.6426183901789	19.5295747932817	18.7509604109678	17.7265811308363	17.9718031599074	17.8197593082094	17.0823576853802	18.9074613485352	19.0161157261216	18.0414539717621	20.7449681894364	17.2315905231163	18.2223030473138	17.1587766503898	19.4179754915497	18.3453994898994	18.5678894255502	19.8074705532093	19.707255888993	23.7850231342158	18.3879163243429	18.8660460402149	16.1995475149461	18.8797387575812	17.8194376270821	18.9317665258057	17.2610384252442	18.2140215789206	17.7075222086008	17.100999626247	17.7909958091304	15.1142632021603	19.4407190538034	18.150701595373	19.3081824693436	20.6844794041818	19.7341720868894	21.801459989514	19.6487582779503	18.6710462322113	19.8114790931949	18.8587897540669	17.9257188789857	18.5172578819878	19.8835724862579	18.7826112155264	19.1767345461074	18.8047302366838
"74"	"965_SemiBin_146"	24.2464389112311	24.2105951015874	24.5790333079689	24.1631188856724	24.5608827317853	24.6268207971077	24.5141759554453	24.7824563990533	23.9344510802228	23.901894812042	23.8993847450874	24.6964263255746	23.7712345943807	23.5049522067762	23.7020801260102	23.787751270008	24.2860907773462	24.5520046441856	24.2932822536791	24.5538776242047	24.3926666752308	24.2832405279034	24.8971537366763	24.0843834399545	23.8404026186076	23.3325102442366	24.483471592892	24.0179688419918	24.4803472605046	24.1353555161637	24.2251712720729	24.1770863726564	24.1054112856506	23.2953546155158	24.0732295200902	23.4801931276425	24.2424814712353	24.1449359677381	24.8239222862214	22.889791012954	22.1162058576337	23.9203320153567	23.684873881392	22.3476195479418	24.3486865502063	24.1927016521162	24.0320183770726	24.4080116876479	24.2036896623325	25.0468709856492	24.3718377296344	24.4736599677368	24.1606690817108	24.0674123103245	24.4404468019824	24.3696203753537	24.4233120722949	24.3225403301057	24.4320707866147	24.0431788785287
"75"	"966_SemiBin_49"	17.8947483740212	16.5813233677575	16.5947594890011	19.0820738852274	18.5210597495348	16.9679482400467	18.9772283920719	19.145574372859	18.8955052865951	18.5275929700139	17.831011562704	18.8028119200374	19.8091131958988	18.8282324260427	20.9913107778633	17.5256872071036	17.8436602254889	20.3899508535819	16.1569638946094	17.0675864939466	16.6957505820371	18.9022464807568	18.6417374299781	18.1260732108359	16.3880382734141	17.1513796521084	17.62278927354	15.589600256944	17.4103133628426	17.1682959563325	19.1130486855379	18.0722890229406	15.8478951231653	20.438907213235	16.3428299522904	16.1567316025679	19.537901369842	18.8852148393673	17.1112880792355	18.194640513686	0	16.6719804631315	17.3272124144141	17.3528794672902	19.0586856516599	17.8452833600752	19.7244804669927	18.8995620224046	20.4474607030725	18.2865433548473	18.267115058877	18.9300567534016	17.1427466894107	16.5510331407335	20.2716136563034	17.2377342272034	18.6999619159723	18.1950886593961	18.0355133784686	19.081327748871
"76"	"966_SemiBin_69"	19.8807260515363	19.6185189993543	20.0557599979384	21.8337609308379	20.9094813751867	20.0883501979755	21.3618926155546	21.2830141404706	22.0571390256287	20.9056068050705	21.8858372517471	21.6457599275097	22.413149354117	20.1075312363368	21.5426515509594	20.4238347736438	21.0979732029086	22.0104016250213	20.1340398003768	20.8416187419774	19.6800412726194	19.1159462093681	21.0731367041785	19.8397806560124	19.8569028974445	20.3330973843866	22.1777903032145	19.7503805037137	21.5138494243023	19.2204700673932	22.136705853373	20.7719902976656	19.7169429005573	21.8076230902304	20.6487412179479	17.4012648727405	20.2123544554128	21.7342783888179	20.3407597363029	20.2618087856105	19.2836367644678	19.6410846383085	19.5221690501284	18.506763708388	21.9143861468898	20.8580013149371	21.6231805006404	21.7817629646867	21.5030379900029	20.5197101248953	19.4411295177186	21.5778028635152	20.3643486801684	20.3884992582482	22.3130137581821	20.9228006106551	21.9274591814012	19.7969278402707	22.1604954063317	21.8342816308225
"77"	"966_SemiBin_91"	19.1605723742514	21.143817261578	17.7941632218332	20.6089511084095	18.4588485405205	17.5264743956322	21.2758026806372	19.2252899105816	20.1769942361901	20.2080594442865	18.4275042488563	19.9279959295125	21.9705567013725	19.595827683034	20.09342026544	17.5966216675678	17.3862408389478	20.3457918629862	16.9905117188538	18.5072441412463	20.5548229288017	21.5237303784128	20.8480052045685	16.1530483008729	16.011077549344	17.7963801895322	18.3153904099341	18.6932586821228	19.6001809117961	21.3713414916183	20.4198860253679	20.4521047573006	18.6901737926541	20.7425944502825	20.349730105878	19.5701292535078	21.1625064693548	21.1282810682162	18.2909121231125	20.8990961119108	19.4621752796759	17.4731586208477	17.3725919332922	15.0248578818163	20.4017471735391	21.366808162595	20.5676111284199	18.8719831802053	20.9723117011837	18.1841773437086	19.6463299474202	18.4624408610796	17.6708461631052	17.0587134520882	20.4610748309334	20.5718043001034	19.7575599082076	19.8828497357469	19.6066870376456	19.6956307587103
"78"	"966_SemiBin_95"	19.7595254023371	19.9399234922883	19.4924591061751	21.332986938421	19.608251415305	19.7459853350059	22.3810615513843	19.9052074143476	21.2172566837706	20.6446223639398	20.6162839132163	20.0091918454647	21.3758502934295	20.6961434627337	20.0630056044822	19.8271463464986	19.6658127773115	20.2509479397988	19.3147636629426	20.3218549097854	18.6200127904925	19.2619355541876	19.8805146460512	19.4055164745979	19.7116111327461	20.0963992908428	19.4597596484333	19.8084892443013	19.6827105495293	21.4488867413793	22.2097007333264	21.6539441053129	19.9093168979836	22.6784791159888	20.4061351657928	18.2920960512005	23.1237424505506	21.2555285934968	19.5546261886158	20.2577197190537	19.8252361877948	19.9318858985307	20.0196896340575	18.8709025608098	22.8306426914284	20.4853415410973	19.5095708967915	19.9843531642997	22.0703781437584	19.8866804499979	19.6115843344058	22.4607550039282	20.4533794139537	19.5227174639911	21.9580124597389	22.5102641582924	19.8828707688272	20.0029546458175	21.4647681569873	21.5188735483637
"79"	"967_SemiBin_89"	22.8011110229728	22.4453892220241	22.9388415895543	22.5435790340208	22.9763614401468	22.3544920067575	22.9755641777368	23.2591733144946	22.7145220282993	23.2114801676035	23.9636219882263	24.0701270634702	21.6427854794852	21.6050316688027	22.4213482076663	23.0817792406035	23.3025825392169	23.02954893357	23.0680138255077	23.2838525270756	24.3114019826863	22.3971390733911	24.6351309257543	22.8823708425976	23.1281869073062	22.6729477962775	22.9317746005344	22.4670000699683	23.2501814802681	21.9580017688336	22.6605861232415	22.5221192084446	22.4247943739581	22.240836002317	22.2770926539949	23.1355540322207	22.0105173934975	23.7201532740916	22.4680677874176	21.2803651642414	20.6467603797242	22.2584008497225	22.6961284421099	20.2878183552025	23.3602499625215	22.8221423544743	23.3915153287868	23.3267491200569	22.572781102281	23.4637662744866	23.2384142686692	22.5720685825502	24.6601956194967	23.9609369480358	22.3118737326103	22.5998505859277	22.7066130959635	22.4620886279206	23.0122191584086	23.1243369558876
"80"	"968_SemiBin_116"	16.0832479372132	16.8163993801622	16.5853847687569	20.1735804829764	17.4931569639513	16.2133130308816	16.3898753461135	17.3135182591722	18.8402043680158	18.6975223932603	18.7627148860617	16.9959547861143	19.0850671802031	20.643004551508	20.3144068449997	17.2858285994317	16.1225751374924	15.4275916338714	18.5694629703798	17.2043943521482	16.8419837274562	17.949139384142	18.033601562442	17.8795647960434	17.4433467095324	16.8338286011397	16.1407722105999	15.4993348696213	17.2426232426928	18.1239350195254	19.2998191946025	19.1391679860102	16.5175197732549	18.6590299014497	16.6611575507724	20.7851590818412	18.0645210354466	15.3727804980191	16.920819072049	17.7545451448328	16.5364821738185	15.9294116786782	17.7070189153069	14.3247143986334	18.2238150022639	17.1818679456717	18.0826111772368	19.2158372404057	16.4062644076615	16.1656351648373	19.9133751662837	20.3056574773487	17.9149846172676	17.0369547437611	16.4294587655607	17.5361394709433	17.6279074671687	17.7635154589513	18.1296433073142	18.5334016928429
"81"	"968_SemiBin_131"	19.5605650550997	20.1821833037891	22.0843027199097	22.2827637503391	20.9670706751843	21.180942505993	22.2089000285243	21.2815871996333	21.5765802053612	22.9894347544733	22.9955095419245	22.0542980336421	21.5068209117045	21.3717666216177	22.0197391478668	21.0690146330242	21.3041304646906	21.7730730956249	20.5474086382977	22.0322317231039	21.8928630506092	21.6077165432044	23.1082231592661	20.3717216277207	18.6923833911361	20.8186822325178	22.0640404840023	20.9169655242022	22.1981662746474	21.0606930543001	22.4111132570762	21.6848624102851	20.8012491492968	21.3787207503993	20.5771558373771	21.0867383381157	21.6328054959679	21.8924255855151	21.0109935225395	21.2686082533409	20.9459009589322	19.9411979654531	21.265335037115	19.5576225753908	21.6904046347881	21.1081123514284	21.4614165563129	22.7477333996926	21.0485358375024	20.9086559461664	20.6529928500467	22.0033145630228	22.0392084946241	21.4820008289898	21.9482706652735	22.1237357850316	21.4775584146116	21.4429541730543	21.9504216079572	22.1292935944873
"82"	"968_SemiBin_24"	18.5618128817297	16.229946948427	14.748338666419	16.9961787616113	19.3448894578926	17.5399474808279	17.8625161980245	17.5797261767993	15.833174622535	16.9300947726485	18.0552892097259	17.8643148007129	17.2781467790437	0	17.9230905964078	17.2993029044543	17.9311317077225	17.7012324776089	15.3205127427059	17.0708266541715	19.7513062009543	16.7001755982262	16.7894462568971	16.3662839128566	15.2211423930013	18.1011451995686	16.3145319054958	18.2128211219071	18.1250794718179	18.2753278653184	16.1087776924629	17.7688340904123	17.323368628509	16.0863797339708	16.4499653697687	19.1733012118472	16.7059470956639	16.3968257424579	17.2509702309985	15.4434623237064	0	15.9900447099063	16.164510431841	17.5348758375306	16.8521313930826	16.7789043011006	17.6817979385525	16.8674860182901	18.1868005936548	16.6588657369492	18.0680354573326	15.9721993520477	18.5475901926753	17.6180971385566	16.2314298948875	15.1468855837229	18.4893040038508	15.6238595416447	17.3436702839925	17.7198203356584
"83"	"968_SemiBin_313"	17.2318475696464	17.6976481222714	18.8152457473967	19.9198506846199	18.9048515659359	18.1772024995786	19.7025341463605	18.9452075067318	20.1478404843645	20.5119908550103	20.0197283754843	19.4355072423814	20.2495053104559	19.9750902102556	20.7801716004807	19.4122967432346	19.1385183219562	20.0924700853625	18.8816779072561	18.7194779652026	18.575180446299	20.0688044989962	20.2518155340833	18.9944285833871	17.7444377436867	18.9759873419792	20.036264688001	17.9849487702795	19.1718062116152	19.9214649258522	20.9603152379673	20.4570091743418	18.7556189574957	19.6190480559536	19.8265502412138	20.2351340839689	20.4259921465325	19.9926326370101	19.5527832112049	20.37427350152	18.5357814767784	18.8978862304281	19.7097198522535	17.2113165181295	20.3758747483532	19.031999820624	19.3259051335202	19.7464020312932	19.6660599775154	19.2584149356926	19.7808127312434	20.9115285334572	19.4387595276303	19.1431295147764	20.1729872072663	19.4433430303718	19.6651218755756	19.9459103927197	20.0008575924934	20.5155061705922
"84"	"968_SemiBin_85"	19.2778426254444	18.6822814945642	18.7476567246456	19.1677761682069	18.3306165855999	17.5370315115834	19.2743041009725	19.426969912994	19.6091000975483	19.5071113971391	19.6305593164355	19.1217158741381	19.5452048434564	18.2724055611706	19.4818068735878	18.9002815502	19.062014410297	19.8250014594876	17.939572161807	18.6193920077808	19.7232767250332	18.8808601978474	19.4068538343487	18.5740544429062	17.5325259798707	18.5687416322178	18.9935983307202	18.9546128504459	19.7359824934089	19.4559791503356	18.9977658647251	18.5534739451837	17.508228370688	18.841900525563	19.5917932141616	20.7143889304638	18.9431934746088	19.2036608225331	18.9301695174745	18.7845230527621	16.4606376618784	17.7998729349588	18.0975218336416	17.5772780222702	19.7307231959421	18.4236211485826	18.7320528932327	19.0113206628277	18.5526213559513	18.1049200040388	18.4336257211959	18.6294974636267	18.4949115619568	18.8643274565597	20.1338884016902	19.2493711219282	19.2337610067835	19.3502650683455	18.4678029324483	19.0860870308597
"85"	"968_SemiBin_97"	17.9040767977762	18.4953540212761	17.73726352327	20.1033064339994	19.3064637612348	18.3300930079142	18.7648065254467	18.2012585868403	19.8900450394504	19.4816078996202	19.4174751027961	18.4319499745448	19.7262726604395	19.3141159702253	20.0328588559962	18.9648835949086	19.1849212173556	19.3691699468309	18.4921465370827	19.0579665910911	18.4756499008014	18.6323651863059	19.7617065550271	19.2965384347296	18.6116070378804	18.5621098541174	18.6039647574366	17.919160759874	19.0483953108891	18.8932204573457	19.9331218254635	19.2109881582832	18.0313319674032	18.8471273023069	18.7002519696037	21.4810284638566	19.3044998498907	18.8770955823038	19.0563913162638	18.5988064101131	17.5082277396139	18.0639039220365	18.866555394556	17.2181245318532	19.4377180994548	18.0141089294263	20.204584675567	19.0240767161282	20.4153958283347	19.4217124022616	19.5521992740462	19.8905989636758	19.6805085911055	19.3560120481369	18.9596268364488	18.5636741506734	19.7323531412258	19.2576283774642	19.9280364132617	20.6466556893939
"86"	"969_SemiBin_208"	19.4904978072669	18.6802761064667	19.4155389323094	24.0877744625456	19.7252306571737	19.6579930208466	20.5309230665733	20.082819966395	22.8301777917986	23.5654227055256	21.7060308846716	21.4696382461721	24.8803708436559	23.7567867158028	24.1455077149804	19.394718671593	20.3173583242643	21.0361591378018	20.6823087484455	20.0963401652462	19.0710582806801	20.656414722067	23.1076194691825	19.6992343158705	18.5024523246	18.7810196338867	19.2613942280954	18.3345473310835	19.5832851046288	18.5402273906131	22.4311105006038	23.0579942201252	18.9314029281445	19.0878190092143	18.6394834811676	18.5863105809258	22.6532113232283	19.6344808542327	19.3706084379866	23.3606581008422	20.9769568685792	19.0902483752675	19.6246919663842	18.7156502384152	21.0048139807242	19.5781265301649	21.876844885785	20.8577813765112	23.316672203444	20.179571916507	20.3919778429153	23.9967506679631	20.1909496320246	19.4694198690594	20.5471682276842	20.4313045385627	20.976026375423	19.9560374148644	20.5586774871682	21.8569322669911
"87"	"969_SemiBin_225"	19.7688036416645	17.4137766834798	17.9310738280149	17.0293697423835	18.1692073229137	17.5878771490161	19.9287977861224	18.2619445897404	18.9292606063155	20.0485690839884	19.5540925986637	19.639141090743	20.0325041205882	18.0070742490357	19.7187619498011	17.9986808640108	18.5821632255918	18.7296329294178	18.4415685799936	18.6772291177461	18.6584718636799	19.6969299460823	19.3990782055489	17.9560527260957	15.6110079070533	16.7703462308903	19.1155642265486	17.4669366794487	20.2521544007615	17.5031654337131	19.9662082072771	19.2238119289374	17.494288583417	18.6956397826705	18.1488532069613	17.4670912287239	18.8315298826296	19.0449309681091	17.0400568712374	19.1741998582698	16.9941931943867	15.3544044427365	15.5556018516495	18.0441005814386	18.7574837595458	19.6498590057672	19.5185091515889	19.4273845971332	19.9853988494465	17.6136087828072	18.9285724982363	18.3811401044841	18.4947953592128	18.27717888802	20.2045871491877	19.6033454855414	19.7663639910636	18.5053933115849	18.8836912900803	20.0271486523063
"88"	"969_SemiBin_466"	16.6925329190156	14.9478920602144	15.9920302338659	17.7183515526421	17.3754490111411	0	13.9804559657161	17.2126763464977	16.3843247598936	17.4741193935806	16.5995129712647	16.5540080723082	18.0216789993441	15.051737347256	17.0653732277557	16.4846291514893	16.9192181615757	16.7421915683513	14.4077020682912	16.5265521397485	16.0681783594824	16.8543982066616	15.3210830260129	16.1121174442752	15.0731285906623	17.4948279047954	16.3832806438042	16.8716827433125	16.1674195462883	17.1988494198512	17.2072920154541	18.2601975915406	18.1262039007593	17.7236290171634	18.0925933681165	17.3752885657055	19.0753905738925	18.2949607998708	17.7493524133273	17.9784246807107	0	17.7488222272721	16.7363623196874	0	17.3825393531234	14.4040944845515	17.3057636761468	17.4457974605259	17.1081318725654	16.1626810093068	0	16.6837374091991	15.7895357511341	15.968511744641	17.4475147670485	16.0922347559862	17.3984898156418	16.3452674554685	16.2408740949154	18.1473566650043
"89"	"970_SemiBin_111"	18.507615272402	18.5990465650451	19.1342656283719	20.4853357849305	16.9730609892749	16.7278313158227	18.8689641598825	17.9399589848636	20.4803775212693	21.269289070847	19.9628256777913	20.4656548868293	23.4913265366432	21.1025946289564	22.5421025172774	18.9376724488241	18.4445643919034	18.826533550201	19.5019431239489	18.4005573445913	18.47392192243	21.9655227925645	18.8586567363617	18.4324913687753	18.0748556865663	18.614009153898	19.7822033304675	18.8364560786452	18.5766151524998	20.5137530936275	22.2083801998962	22.2551660032076	17.2003995787166	18.5973425174254	20.7347286249846	18.0332224793117	21.8882449055407	23.1974395245814	18.7829806513753	24.1483203598578	21.7218671900774	18.855062941481	18.0765917126666	18.4834414207437	21.2579149058689	19.5287087164794	20.9800404984683	21.6521730429386	19.5607350460746	19.4002539434184	20.1684521281794	23.6913919470541	19.9755895695816	19.5487525216054	22.1633254651619	20.9685486427589	19.9885001056248	20.0646040581432	19.9116819520161	20.4498206005956
"90"	"970_SemiBin_149"	16.8424271331934	16.0814359821268	16.5556904833342	18.0217794583754	17.9233207038285	0	18.3819097106002	17.4376692892169	18.0162263591865	18.5130128345693	17.6864953582274	17.8835884273705	18.7062370473627	16.0496905343748	17.2893519870536	17.8486391586921	18.6693462797599	16.2815160667445	18.6938901803215	17.7017855625262	18.3187227799225	16.4898552298545	17.208343495946	19.2108648987417	18.8993943083759	17.2937619059383	17.5822866995602	17.7725804405064	18.0995899458139	16.490382724929	18.1718306877716	15.9010145350837	16.0347823156821	18.6531779160957	16.3101026019613	17.0867129651288	16.7081030447766	18.6706743863636	15.4227623368953	16.690998955307	17.7674110225148	14.7910855872345	15.2310965857995	17.2754530527076	18.8438649676079	19.3819819461292	18.9694237787257	18.0979668828166	19.3250153493859	17.7381063929504	18.5246318942236	20.5237611061585	19.0188927084736	18.420078500441	19.4084527548889	19.1869851571224	19.4239240218379	17.8615972794727	18.9058463129447	18.8789567797151
"91"	"970_SemiBin_53"	16.2775335728643	16.2436887795352	14.7874027045379	19.1868847468312	18.2693878341834	0	17.9916789547126	17.4480663648921	17.3495428694147	19.1880898181265	20.0396873385085	18.0063922444784	16.2454348308645	18.0785074566681	18.4399408504498	16.6300457349233	17.5467541076546	17.044698025782	14.3275657460127	18.510106256907	16.3369818406879	16.6725893732038	19.7949813489843	14.5390811399353	14.898308313958	17.798483674729	18.9509511220639	16.8745533536782	18.9971351834449	16.8733259208932	18.6187988521302	18.0681101114445	18.3191801683736	18.5519920462019	17.4268307207333	17.4564996963042	18.3906579259251	19.8654511750884	18.2750743724413	17.9792547192618	17.5398711573403	17.7687946016814	18.3691091317211	0	15.5782216089457	13.5846473139644	0	19.4448279662774	17.1316130716722	16.3059110000798	14.8705296532883	17.7102797781651	16.5943001970863	16.597037165299	17.7129383403492	18.3231349178328	17.6120580311568	15.7397716802819	15.8606013400075	18.9251757450495
"92"	"970_SemiBin_87"	16.1994305640129	17.3916318205637	16.6425005066971	17.1917198213669	16.9763257144835	15.2851647250209	16.9972822861219	17.4515051369089	17.2153103730874	17.62359663745	18.1801631615703	18.4300375025145	18.1896757973845	16.498354783757	18.4202548806081	17.19129031108	17.3305583295471	17.2417815427799	17.4723919153823	18.029038646412	17.3224195345078	17.9904425170818	17.9396069807284	18.0762433667914	16.2570712720962	17.2022711240124	17.7922955242801	16.921022814233	17.6546128575774	17.6841079553366	17.8245155260915	17.5696186114683	17.9109255298072	17.9978700826073	17.2170020778282	17.5059804404092	18.3819299298446	20.1007974637924	18.2824315031149	17.0114435676739	0	17.186798229238	17.6837341803635	15.6959977129661	17.4478227870319	16.5196057205485	17.3070649666532	17.6154006526297	17.1985252646599	16.9554729107592	17.2817517240693	17.4704965791061	17.3275115183591	17.7190706245532	19.0466760428044	16.9133104656047	17.4530514877203	16.5624616128482	17.3701104450226	18.3188383936421
"93"	"972_SemiBin_102"	18.8331481260089	18.2023272080844	19.297297188416	18.4830018975781	18.6034783398977	17.9104830969051	19.2937857096591	19.4697571682764	19.0006316088046	18.5659695887262	17.8099622860538	19.2410443741758	17.8361515718227	17.1521816625765	17.8811163266487	18.5776417202185	19.0344481032659	17.7204675042198	17.9999843302584	18.859739953904	17.0248290705515	17.824060276649	19.0436139654466	17.8433477958556	18.4184631998862	17.3637079324362	16.4789072530913	17.0774262924177	17.9820188277717	16.5498412962463	19.7896331482375	15.0721663612007	15.4016055574003	18.9460102928786	18.016826123527	16.7067551219713	17.6795013544171	17.0976691475927	18.2705449925962	19.7527885882231	18.6134871410266	17.2068969115603	17.7511389302098	0	18.806430655902	18.0921466361685	18.709074652712	18.153823995697	18.0378429540898	18.6437051732248	19.2848488211586	19.3921507719134	19.2157128436627	18.4242490087409	17.8794470070282	18.1752980851348	18.6745432799366	18.2729961064222	18.4604909481072	17.9822572341085
"94"	"972_SemiBin_103"	18.0620452713099	17.1175404685719	17.6300686835829	18.8883715047302	18.1271913275677	19.3866247167576	18.6764267029705	18.1704879250148	19.5987945324263	19.3293869606993	19.1224290433015	18.3049895940883	19.0896321270609	19.2032532751295	19.2622536127547	18.4586769870078	18.5653163963036	19.2219968923485	18.3024446803865	18.579296215185	17.603786708702	19.2193685778399	17.7474189152246	16.0772820294941	17.8081801997674	16.6115659328544	18.3153616003076	16.868129308379	18.4766072344293	18.0700475694652	19.2526117560034	17.8145581085343	16.6265515485812	18.7728168579046	17.555735639268	18.4388394940795	18.319559363464	19.427419352772	18.51428521806	17.6761136292637	18.6839214250066	17.7915963920793	17.8607007995655	15.1650306479196	19.5617389429905	18.7484064072835	19.2389590114165	19.4256907612205	19.0484457858183	18.5504981536431	19.531296292714	19.567595289142	18.9553317782653	18.9308061752786	17.8420037705668	18.2453656409587	19.0689650948628	19.1168968595114	18.6868174727094	19.6198613468114
"95"	"973_SemiBin_207"	0	15.0659075787457	14.1884022055083	0	0	17.7317189695185	18.7953888109369	16.6750758793425	17.8597343948446	18.439056641226	19.6634667057317	18.431770590002	13.9249899513661	17.4817113081933	18.179925054701	17.7081845315168	19.1974663889839	18.0818818282092	16.9409224311069	17.5027677016221	0	15.1024513264753	19.459751768868	18.1466155261316	17.3386641757811	15.2936951287692	17.903548803717	18.0978406833675	18.3076114810334	16.0394334487543	19.0305378778132	19.0090293786819	16.3203372153956	17.5799727813631	16.5384328439198	17.3760684117412	16.9274449008491	18.5496887550711	18.1285450733667	18.5724653117428	16.7225227253771	16.2298803350098	14.7324765151493	0	18.3956169755668	17.6091720756353	18.2744406108828	18.3239141562273	17.771880483423	17.5961754834305	18.4103729843348	18.9663540980536	14.5030232941171	19.062489302515	19.3854895126105	18.0959160230837	16.9404640463447	18.2495449582739	19.0542033879633	18.7508356601974
"96"	"973_SemiBin_307"	20.4104560780055	20.4880153513905	19.9576772729369	20.9946240637434	20.3346174426938	20.6473328674668	23.8271534882111	20.3805693555128	21.8974670704157	21.8358469343217	21.2888909077544	21.1675238092032	23.7834847201226	24.6740008958451	20.5071363209479	20.5994302200699	19.7583248924802	21.2986291272634	19.5047062812686	20.5260679486256	20.4806266311526	24.9546580929697	20.6802436040815	19.3422913535296	20.1564442486133	20.0306257245171	20.293662578182	20.1927603453543	21.4592803049704	25.1117585476299	25.2465072404735	23.3676661520203	20.6848290853013	20.1220298275106	23.602019856812	20.4257228941041	24.3129626303354	21.1787746267508	20.4411505517325	25.5071635800992	23.2824145681623	20.8193506905682	20.9112087912654	19.5880227264106	23.5217344188473	20.7442851373481	21.0032504439927	21.011198491164	21.5310529626628	20.5166654972354	22.0400688087283	20.361222819434	20.3848175656468	19.9462477494189	20.8343069108486	22.727367593978	21.4002755518623	24.5366713550111	21.3143930605282	21.4036448159645
"97"	"973_SemiBin_32"	15.3093216491613	17.3339451530414	15.5536420003876	15.2448119748905	15.1641227746902	0	15.9226341298453	15.1551050767366	16.6454093526587	0	0	14.9454678968695	16.2722833890082	16.2264497090301	14.8938595691815	15.5482775253981	0	15.0191655709122	0	0	15.1097829667365	18.1445203355431	18.9608572366367	0	15.5355509283088	0	0	15.0286181069967	16.3357584861983	0	17.1315613852116	14.7975884635318	0	14.7316146911313	13.950645970161	0	16.3289299622165	17.7720619416141	15.4781629015932	15.550863579182	0	15.9533789146346	15.3157692827705	0	15.9616180356113	16.9103228326581	16.5390467891956	0	15.5902719064985	13.7633788993892	0	0	15.1184659265511	0	15.4392881850357	17.631773614856	14.6961564922396	15.1010895182811	16.0234363422523	15.8497217054773
"98"	"973_SemiBin_47"	21.0987691256172	22.8398601035256	22.3461987484794	20.0875424439967	20.0309426055243	19.1966368803014	23.6514880373447	21.1717936968797	21.3030114847279	19.2362355660691	22.0621274064366	21.9384227159264	22.2654693282517	22.2008697319334	19.1861638910782	22.0687658566532	18.5873731759465	23.0749347973788	19.1294792554608	18.1705865468134	21.6065816542168	22.2083335019266	21.9445044539518	18.3654526774931	17.9558510225073	22.5381219376323	21.0203723788076	22.2362750368684	22.7409573813131	24.5872012923205	23.101904286171	22.5421943050089	16.6315186579898	18.9831647781807	23.1719841331798	23.2207479806319	23.223158752356	23.4706797086311	18.4999140039135	23.4114710988143	21.9626774589288	18.2146409733891	18.5900648392315	19.5869953749325	21.7192470737303	20.3433971563349	21.3842916592898	18.7678239242024	20.2922865931405	17.4568738509843	21.3225122711248	18.0389688717958	18.7384594404109	18.2948131237667	23.8951360294034	21.960710225885	20.4409079143479	21.6921549005164	21.8735251335607	20.0268953340575
"99"	"974_SemiBin_118"	17.4097865601244	16.7106233888632	16.9154974974692	17.6463184621104	17.5580735298301	17.3986213257362	17.2984687908875	17.4586184985202	18.4142206387125	17.7998710255241	16.8226677952162	16.9362961073655	18.4012283602196	16.9279061632284	17.7891035056838	17.6656262113134	17.7728408436657	16.3831829144164	16.144268487246	18.0467901755126	17.3984320961398	0	17.7909158328592	17.2714954975643	17.727954412606	15.5025891966268	15.0877642079623	19.5081160759148	16.8957509503284	15.1143633351404	17.4049967279823	15.3259580902266	17.1997926211065	16.5467846858142	14.3790073416257	16.6368034798304	16.637207205115	16.3823324267041	17.4295235004401	14.4332374408698	16.0488951817235	18.7268226356982	18.3268374478512	0	18.0539509844099	16.3297790206806	17.1727148539242	17.4471384328908	17.9900850640296	17.9560231180404	18.3310232300765	17.2806702532392	17.5406904730401	16.4905802332493	16.7669702288517	16.1789287479518	18.2974588881964	17.8668691860156	17.2209565180758	18.5413163218512
"100"	"974_SemiBin_337"	19.0941746064346	18.3820867600357	18.2699633674305	18.1078838373468	19.4093487485236	18.3905520780554	18.6219131010022	18.7346682155375	19.8527539450374	19.5729912144471	18.8970230373834	18.0823244728932	18.5328983466764	16.0854604297841	19.070973251651	19.0225767392176	19.5444848547817	18.3696144343944	19.0045836731337	19.0465699777801	18.6720201727578	15.2668504933129	18.3203386774877	19.8646663742982	18.6792101406782	17.6911673888598	17.7061977541698	18.3468953729923	18.1050657846943	17.6983346536355	18.5146814579143	18.1812820185939	18.1550637571918	17.97248197476	18.1299265210602	17.7696515373949	17.4850638996287	17.7489869563422	19.4020640256748	17.3711575634847	16.2578442624889	20.5754242759031	19.139763293094	0	17.8416422293918	19.1064294228608	18.206747384955	18.7524571473829	18.7451427982468	20.403791103348	21.3330321048049	18.766700449821	19.5841231313698	19.3902679157497	16.7825358850617	18.3088368592603	20.1646517765411	20.1484579378267	17.9940347375938	20.2798292309643
"101"	"975_SemiBin_73"	18.026927296652	19.0273807449456	18.7930497417895	18.9973158451109	19.1931929847643	18.566228586246	19.3597473492378	18.8414196005398	20.0084481357345	20.4698315124589	20.4587752088446	19.1937653383592	19.9471867588546	18.9790936616553	19.9629737938743	18.3811484712227	20.4066881713153	19.077580948204	18.0854857035294	20.0263166944841	19.4921226560215	19.2522149312409	19.2777164580471	19.4157640597376	18.3840806977495	18.2385118364945	19.0438726398463	18.4090967411683	18.9422189965667	20.117526096183	20.0273385834267	19.8989207948509	18.3712154981914	19.0657529045469	18.3927646930131	17.9120054491097	19.9175075562946	20.4216001962381	19.584145697964	20.083923317343	18.3599867757841	18.8684252176922	21.3621572843339	17.8540163993854	19.5490039498646	19.4391508929807	20.6520969977395	20.6843441527525	19.9086915938687	18.3471411402775	20.048833189145	20.5695923932243	20.0553403982989	19.8826495185549	20.0954759823455	19.4866009120022	19.7237579569783	19.8458427826313	19.2240738055514	20.1272890385569
"102"	"976_SemiBin_228"	18.5081113306466	18.7600000388722	17.8879609570342	19.3125042784876	17.7652578137365	17.8381299368625	19.5139280945985	18.8112340990202	19.7031956779107	18.9808959785969	19.1586059492626	19.4342376023265	19.122494413436	18.3341383777031	19.7794545444185	17.4502568021355	18.9158442170011	19.1641697736458	18.8182312913669	18.3745860886447	19.1268385113054	18.9580919895771	20.9803607525863	18.9361437789183	17.367119402064	17.6120252498122	18.4176176934329	18.0600963350346	19.6416446693331	19.1170539576031	20.0040487883016	17.832220409553	17.3004594952521	18.0344264064055	18.2622656476003	19.4913617797492	17.8995341199214	19.2584914182237	17.4296240645434	19.0988356399739	17.4433637667722	17.3957995235979	17.4186877188455	17.9541617214914	19.9390609818438	19.0436100298787	19.032944133935	19.7403274552775	19.4345883244313	19.1324835464569	19.8077291258396	19.1190394356955	18.8127959122744	18.7844068078045	20.4612369277685	18.9316922077243	19.441524452593	19.2991616325784	19.5966761995829	19.8222089837573
"103"	"976_SemiBin_24"	24.7688025169808	25.0650407265922	25.3047703559028	26.1252521870973	25.6168978953452	24.4958599195464	26.138651438321	25.7523524148793	25.4767074089	25.7046883960703	25.8695621029969	26.1708172920219	26.1555722291895	25.2930848694765	26.0273940770598	24.8774214238657	25.8381133112827	25.7629781640259	23.7308261198757	26.0436486445397	26.6517286290142	26.6104331247989	26.7587282080833	24.1381262208576	24.0327688315456	25.5986711076396	26.3687912169464	24.9953741355878	25.8629529102281	23.7474891389388	25.551596050971	25.1703116820614	25.1648182533919	23.3609182730654	22.4160762039488	23.7709447357383	23.5453764344531	26.0998326532606	24.1183828247855	22.6806052400739	22.945546191939	23.45912436724	24.0546919562432	22.6949715881525	24.7266929841749	24.599683720388	25.8457921589039	26.5815369701997	24.6385877557565	25.1644853538244	24.6010832676186	24.6552133085577	26.4219151192523	25.7302966361053	24.434258948591	23.5798774921794	25.0102079347224	25.0863672914866	26.1536743422527	25.9032292568097
"104"	"976_SemiBin_36"	18.2138705744787	17.8752807303082	17.5395779095196	17.1042485604079	18.2101509110953	17.5496700887489	21.2894228326994	17.2331125557099	20.1547942390022	18.5680815375896	18.7718267416861	19.1731932016161	21.5627432853984	18.8332820266266	18.5997064750976	18.2042501825731	16.2996694254035	19.7319762874797	16.9761735818657	16.8210764561215	17.9984981530775	22.8802617164953	18.8114040865721	16.9226883678128	15.3193827818699	15.8791565776228	16.9763735718378	17.4847912588148	18.2762042159466	20.2859133490235	19.482485189957	17.8103314709012	17.0806809441635	17.7051910189696	16.5636733161102	16.6593954820235	18.4414415365979	19.5606493431121	15.4815664907478	20.7139915389023	17.6682347986896	15.7136905039606	16.6141859262878	17.5159874205725	17.7234929608946	18.0107210802805	17.7175968372872	17.4557573259716	17.9626379806103	17.9265078065732	18.4492667063088	17.4308823404777	17.3098651372779	16.8419221266721	20.0218891762003	20.5152889278826	18.7768957781812	21.5472184994914	19.485571535031	18.2843178656211
"105"	"978_SemiBin_64"	17.7249800857109	17.4674878489236	18.8410498147345	19.3253418135466	15.8508257477296	0	19.1885839194575	18.8627445590709	17.9698777784499	17.6429834986861	17.3428050047164	17.495020481479	18.4510970625755	18.8416588839911	18.2105543982306	17.1386306581734	16.4434358172698	19.551320063978	16.7782217190419	16.0755023062791	17.7589987446113	19.5975758350773	19.8907456338468	17.1479362647654	0	17.8367204387976	18.1884812248478	17.0500619935501	19.0334910340485	19.7409490090853	19.1787082904866	18.5028150198398	0	17.2439172345228	18.0222112108812	18.2128273221777	18.4103837698178	17.4014369867679	16.5239677938383	18.6088478772377	0	0	0	19.2755214469381	19.1546322020032	18.5697317449758	16.3528635988635	17.7827676227053	19.0129791659679	16.9897266617632	17.7510307530807	18.0375531846367	16.8435486446492	17.1178804741411	19.2799121438219	18.854488589434	18.756324925817	17.9161469332278	18.4866283166319	17.6736244905746
"106"	"981_SemiBin_196"	16.5548295487672	19.8103226665479	17.1860272885578	22.0937300579416	16.8967683536447	18.4707707192493	18.2401830347735	16.4634786576341	19.6502299187927	22.5157527306828	17.1413071628243	17.406402794183	20.2084212085787	19.8103253983329	21.794172284897	16.9274744899275	14.8349671594008	17.8343349137073	22.8647754802626	16.9591711440871	16.89195312374	22.9036971397302	19.1374802918571	0	0	16.0748374079824	16.5546544630118	17.6468807543379	18.124685069386	18.7568744481191	23.616610324509	21.9339846959129	18.324011897537	14.1829980231801	18.2951636515767	15.4301092769902	20.2673194494564	19.9075434222194	14.9682762082886	21.7045397919987	20.5249141909911	17.0230352408418	17.0419742974369	21.8306012329776	19.4499100487998	19.3764506231994	22.7229247065632	24.0905123347474	17.7479185243286	16.2373423437421	14.6272113606361	21.6708180811029	16.1967961363181	17.1711665732852	18.3785515276112	21.4430326697101	17.6481449237085	18.3656981862851	16.6606951018282	16.8779966464243
"107"	"981_SemiBin_432"	20.4757623171053	19.8054742104612	18.9486250841963	18.8563457015031	20.2168218283611	18.1584299789497	19.2484967212979	18.4598181682267	18.9587243014072	19.1130178998032	22.2774730819534	20.7669674831274	18.5768704146339	17.1530659221305	19.1992186231548	19.3849575884719	19.3829822182826	18.8679376909957	18.0151968424295	18.9239171986253	18.1663287930224	18.4760751044109	18.1185427609103	19.0869145483995	18.9079278613592	17.3270338596713	18.6027767064094	18.1872357402682	18.3781271016112	17.1281847000705	19.2383736301516	16.5286866755121	18.1647641911258	17.8016909233538	16.0698392071482	19.6987662181212	17.9607169745401	21.8454232594052	18.6008078028247	14.5425075479928	17.0358953989832	17.552152074651	17.5652333872228	17.7048752347329	19.3915424036742	19.3871765206545	20.0098210122888	23.2068581429597	19.3940576062346	19.8588565119345	19.6229891687405	18.680360116828	18.3621860694993	20.2175420040914	17.7610104021702	18.6042133095745	19.1902033517738	18.9418897409637	19.0364497818155	19.0947790979628
"108"	"983_SemiBin_12"	19.968935409576	20.1843213056542	21.2591131293695	20.709492030984	21.0786670238017	20.7210611019652	22.5666359742496	20.4461542144928	21.1812347718207	22.2494915574073	20.3458639193359	19.9485739166264	20.7298598812361	20.0536937981544	21.5973991598682	21.8267719179092	20.867897264015	21.2279555273527	19.9785834873959	20.4481980198255	20.5510834530683	18.0376447149679	20.7183925548051	21.1936536360142	19.3443531383507	19.7824923316605	21.072386075054	19.3646417648699	20.400927887448	19.2292282025779	20.9800947124567	20.6067367061063	19.6132012356596	20.6249916826515	19.413897745959	16.7119389646349	20.4882682147815	21.0149591702208	21.3954934119186	18.9758399221975	19.1859135365218	20.9001127263437	21.1341154095429	19.340250438184	21.10888818593	20.3008909633792	21.3174604738777	21.2108997514271	21.093426312343	22.9316815493895	21.6740883260798	21.4958548673437	21.4887507720125	20.7808040700184	19.5307478360697	21.3325112439083	21.4831660042782	21.631238519294	20.8252115328261	21.9116021437643
"109"	"983_SemiBin_128"	15.3937945971864	15.4074056708628	15.2308905975035	0	0	0	0	13.4888835845965	16.3064490012076	14.3925488843038	0	15.3053067793089	14.5231134916556	0	15.6274546475504	0	15.17560470197	0	0	14.8507835366302	14.6519448886339	0	0	0	15.414335863038	14.9003386201371	12.3756815763286	14.7325435357836	0	0	0	0	15.4737437889875	0	0	0	0	0	15.4697984079521	0	0	11.5554711278928	15.6207838277941	0	14.4715314784277	0	0	15.1861997383867	0	0	0	0	14.7505549250647	0	0	13.9835914530821	16.3993433330561	0	15.3713919530876	0
"110"	"983_SemiBin_133"	20.6441771859486	21.2214009247598	19.2187970931637	19.6109819451494	20.1326270704748	20.6285822165958	19.4995928513619	21.8307070788939	20.7852432591216	19.8504860392551	21.6660233318801	21.2228801504187	20.0366983536771	20.6943304934033	18.505937481915	19.7663434897535	20.3003078218686	19.7135323186291	16.9435608089244	20.2036539907222	19.9689713750862	20.6646268160909	20.0041456009457	17.5929774965238	18.995557657709	19.1273440596149	19.8572967237023	18.3192977029494	19.7595000231901	20.7165448440855	19.8293892263204	19.6290974613946	20.4523662420483	18.8118733523406	20.5399901892749	19.1519443488261	19.9675033890292	19.7358949889843	19.3330465701344	18.7764908391577	18.0463562862829	19.6605150717483	19.6860810657664	18.2177295535814	19.7074996618902	20.7705914857614	17.935227562273	18.9898970965226	19.3872685202082	22.4488698595713	19.7832203915773	16.283057185103	18.8705105609283	19.3841972318463	19.8942058783859	20.7344136014583	19.0269522355538	19.8794503830188	20.152237957577	20.64324862728
"111"	"983_SemiBin_140"	19.524204646697	19.5250241521372	20.2828301362098	19.8322583019889	20.5658379991524	19.7077810029245	19.9174539210574	19.3215991302568	20.5620726089675	20.2234486016388	20.0615680750672	18.9183001646626	19.7839027398731	18.6922374277864	20.2936525885241	19.7601775921883	20.8924184307402	19.4633745467637	20.0746394755298	19.8659547090419	19.1473133303916	18.7104584342681	20.120822011508	20.4645574801385	19.8073980061807	19.1486064854816	19.3451033751201	20.629208706648	20.2143543364207	19.0508424382678	20.0463601955199	19.2935402168576	18.8723211538024	18.5241301975552	18.8781366483475	17.7534933525569	19.4276514194974	18.6087086657838	22.0074733234066	18.3896680916198	17.2719171185677	19.6667186981031	19.6895570844635	19.1910083362749	20.1348127674836	19.7796137696713	20.2093206325101	19.9543072711244	20.0586414722802	23.352162700438	20.9998048762504	20.3973591328421	20.9044073280686	20.1034662393829	18.9671904229151	19.5598432875753	21.1279075715533	20.1192911215342	19.5845267395721	22.1468679014829
"112"	"983_SemiBin_151"	22.029142714364	24.3064805350281	20.9647299943837	20.9776381606856	25.3265752843328	21.3685037184237	21.5097204180338	20.8113986852534	21.4841379983043	21.5280707730658	22.4154082058275	22.4169920661141	21.1023898733252	20.5249410972842	21.3492051330114	22.9992813661202	21.2694646680737	21.0451330553227	21.0363740804578	20.7535286469782	20.730937950287	20.210305684129	21.1763508506204	20.8118534785836	20.1942273821382	20.3525522334032	20.6437305199989	20.9559237039197	21.3336897455042	20.5354437232841	21.2916919946774	20.4894425307246	20.4925167814981	20.4351340417871	19.8890094294756	19.1569546221279	20.401869630186	20.1116339658084	21.083394048904	19.5962583708422	19.4582847937731	20.7027896502969	21.0586924280345	19.0908904537661	21.5569887235822	20.9346972072563	20.9673239899532	21.3426624667927	21.299865671016	22.4554929189214	22.0989552563034	21.3313811084415	21.9788343550762	21.5097796730943	20.895234883793	20.9705935900346	21.7418747379499	21.8347214548972	20.9726660942435	21.8207799807995
"113"	"983_SemiBin_265"	20.906664086015	20.288840989318	20.9221870963835	21.202110946768	20.8346713376034	20.428354263419	21.541641531941	19.9447320250048	21.4565545978117	21.4776177890991	21.5967107679664	20.4447592099938	21.3658342180629	20.9513249376105	20.9807176508627	19.5614119288405	20.656165569216	20.8325990881019	20.9727982502945	20.7765202243629	21.3798321936185	19.6951976729039	21.9240359988376	19.2211243939302	19.8472311474403	19.505697369967	20.4909724354211	19.2965109871144	21.244878666374	19.8177627627335	21.0703907460293	20.9916975921302	20.9341093045676	19.5936126039221	19.4055122039468	18.4326772517855	21.1541918918747	21.6987558672215	20.5100830714014	19.1490023969756	17.6825730792381	19.9671549948311	20.1962529788549	18.5799023736422	21.71991920681	20.9219074720059	20.8667935520018	21.5218508165963	20.4014814672632	21.5751130982515	20.0158620266751	20.3665674919002	21.3323057565403	19.4335383711911	20.6540550019711	21.3838331299562	20.2757737059936	21.3571257351428	20.5423694944282	20.8228714311169
"114"	"983_SemiBin_276"	23.0873693486044	23.331213580358	23.9776904326003	24.1031512971384	23.3043660787598	23.4972599909291	24.5251555516872	24.2432387054663	24.2891944668165	24.6753586426932	24.7046587848569	24.2476278089507	24.4344328180999	23.0840064585011	24.5380974891934	23.5899631314473	24.7520537429094	24.927693447881	24.3281465143857	24.8681201498614	23.7644525286458	23.7266229749473	24.4075881342573	24.2969366234301	23.281026972013	23.9003700693737	24.088300243116	23.3093271690001	24.6915366265203	24.1061833950778	25.105937747343	23.9896309721991	23.4514587208691	24.0595518028547	23.8358079650282	23.7141345396132	23.6151655119861	24.3343028533937	23.928332829198	23.9599668706304	23.0022344223031	23.0286780436426	23.1901398124386	23.0317967214318	24.2473885188106	24.0775388610366	24.2102532340104	24.4691109277902	24.758399706858	24.1622850176889	23.9834225273372	25.05944305938	24.7525810151543	23.4340497787841	24.4407709259041	24.0662340610288	24.330022484149	24.0617383290562	24.4548282274229	24.591739668969
"115"	"983_SemiBin_309"	18.5606873865386	18.9341837797632	19.0898422942286	20.0385266859266	19.4637597359201	18.3177582888992	19.4439525638478	19.1807576946522	20.3393993236036	19.363100699522	19.7215202146057	19.3687959680236	19.9192896924833	19.2630698215862	20.0941832099989	18.6078278945812	20.1223610132984	19.6846221830697	18.9827193959458	19.5752678173291	19.8666335566601	19.1157421773096	19.9874050766151	19.9909607969718	18.5054802367498	18.0706826757421	18.2055570780096	18.7095887509635	19.6929718813842	18.6882935027692	19.9264054371225	19.6522744171658	18.7465771950829	18.4348341564572	17.8656998302964	18.039002472121	18.8577903506383	18.7716787020753	19.6523724930036	18.3124213406665	15.707862152547	20.2993723848487	19.756069237413	17.8137369468359	19.5604148566975	19.111412287146	19.9843336304801	20.0965941584985	19.2485379786146	22.2313636077511	19.7367455025389	19.7631676929476	22.8078662123038	19.9254760391045	19.3987630347229	18.5587766364641	19.9789320670676	19.5374232710646	18.9456042397592	20.4894634016469
"116"	"983_SemiBin_321"	17.188175708236	18.44923808749	16.9028484102436	14.1684909435921	20.1108079458035	0	0	12.6448366441877	16.582543455726	16.0151184488878	17.3890770056967	15.2205768789405	15.6593879214543	17.8889944575388	17.6926698966958	15.3432315750776	15.5798752459157	16.04044290305	17.9768416481742	15.8385179817906	15.1495867735266	0	16.4455777176859	15.8818208221382	16.752914140388	14.7420723006687	15.9433373250712	16.0124322661081	15.8513464900089	13.5050622234997	17.0859980271775	16.4558872292095	14.0310786890188	0	15.056014450819	15.3202256937524	13.3328310268649	13.8697872706691	13.5255024865619	14.6289698666263	0	16.4731458179137	15.8893095302341	0	14.8743747399383	15.4587407988571	17.712361164607	16.5940335249677	0	19.3704732831905	18.0085370397677	16.9477228055127	16.9869109157181	0	15.6410784857683	15.7379147355847	14.0229758037641	0	14.4671495381319	16.6648895156313
"117"	"983_SemiBin_75"	18.676973050931	20.05681408264	19.7335110474096	19.8723576395477	20.2809732019231	19.6691258510877	20.1845612029653	18.6097222431204	21.1664090920137	20.6751717215272	19.7022283253607	18.6523429913564	20.1784901735631	18.2356366075289	21.0210179453376	20.5939664296888	20.158052478804	20.0873727938326	19.3325079508171	19.8721447897507	18.7585470209663	17.0503744293029	20.0322743157527	21.7181687034222	20.2788227864071	18.8800457673148	19.6509853491806	18.1428147772982	19.0957581382819	17.9265664163174	20.0517350121814	19.0991227766313	18.9422300643349	19.5077621546031	19.0068058972738	17.9608828550578	19.3143754653387	19.4120564477119	19.6505222400833	18.6670255451252	15.8413188620828	19.8126978515714	19.6734353110668	17.3032853455518	20.8632524599129	18.8345078884983	20.2231741450094	20.4875168451035	19.6396210723287	21.318090339497	20.3892585862284	20.6789401994554	20.0459154302507	20.4261487454379	18.1995270796685	19.3603373344796	20.8134490633464	19.4504587095717	19.7893218288295	20.9851143631636
"118"	"984_SemiBin_54"	15.5812206909277	17.4863388553238	16.8552089299301	16.0157300010843	17.8167023400944	18.4244501605275	16.6028483361278	16.8063511876813	17.7247723317812	18.0171452323931	18.7605968735405	17.0544339563903	17.5173200848861	16.6694979644926	17.1012433967595	18.1635501423793	19.405883664963	16.6832531560559	15.1811729557307	18.2477602514843	17.1635594098625	16.6824594837763	16.4944372919247	17.6954446473638	18.0051437156941	17.5551681620454	16.3361622268334	16.5151475397125	16.6639166338385	17.2856809543026	18.2620242831065	17.8247884669951	16.9196505291457	17.1975643702226	16.6698528091615	15.7752113106875	17.3926575502076	16.0200875784364	17.6222180055693	16.9539706792645	15.9225438656677	16.8735277567752	17.9638655627303	0	16.3870336499933	17.0485814956453	16.6399283429155	17.1741503768398	16.0612218065669	17.9986353407854	19.7515438353921	16.613505659058	17.5937706321454	15.0932133468172	16.0395652327497	16.7946593483066	18.2882776027607	17.3917622850478	17.8100809568661	18.2347686174861
"119"	"985_SemiBin_129"	17.6152790133417	18.0083955979447	17.6104165192801	22.9610641461035	18.4379057857555	17.8125035333009	18.1930903454184	19.2374666274455	21.4414598996876	21.857928741947	19.9440446334343	20.4689036700058	23.8978459181919	21.8210129422416	21.0252636695724	19.1303409106966	17.980961482232	18.8295907629655	20.1641371295475	17.9612952766966	20.0658024260653	20.9727558522781	20.3732927851272	15.318416280074	16.7014958760533	18.4364824970319	17.68028548104	18.7711730427235	18.4869222260208	21.4742517482151	21.2879910933877	23.9613817466273	18.5237047708526	17.6672263713523	19.231345170442	19.3592589398504	22.5016288511773	19.3934636769722	18.1708337252249	22.8125673100704	21.502822401145	17.6860598132207	18.5057298737171	0	21.3953414350268	18.9579653670292	19.3723209970696	19.5791787943926	18.740128143488	17.7609767607007	18.9117854079734	24.0900014384823	18.6930314633647	17.1521242700776	19.4034015133768	17.8414072315504	18.9320357557985	18.5433975134106	21.5164357691763	19.1720462734056
"120"	"986_SemiBin_101"	19.5696885660181	20.161367495287	20.0746670690711	19.8143153555875	21.1006825171034	20.393755591262	20.0125456095476	19.8983390279999	21.2639452882613	20.5128030352437	20.148385404505	19.9399616742363	20.0235522146466	19.2269558730431	20.7007526373879	21.2488790578405	21.2353694022195	20.0597867710927	20.19870871897	20.5523018091023	19.8924254821164	19.2376410267517	20.4567127424661	20.9708187037788	20.0316249017494	19.3169129153699	20.0017145875695	19.2037634840696	20.3378259182181	19.6911803276156	20.1105295313734	19.5745875366047	19.1000733621614	19.2278073398456	19.5638182055489	18.2419081321349	19.6805332503123	19.8252916046214	20.2977157733705	18.4475026753851	18.4622135797349	20.3241269222342	21.4435292746579	17.653209780273	20.2382168160201	19.5281187250663	20.081030925007	21.1154540130756	20.2990334498473	21.2008136630776	21.4265648482539	20.8608241082508	21.6424297306583	20.8901889659271	19.7892543705647	19.0211572796264	21.4823922521902	20.8042830919309	19.8884953403929	22.1520133144774
"121"	"986_SemiBin_166"	16.6855145832029	0	18.2004838050325	16.5820257083866	15.1025762542596	15.6616870725126	17.6203913027934	19.6736181726959	19.2502089391055	18.7775146257486	17.6219459676372	18.1733054926106	17.5432038467372	13.0299338185559	16.7569578968087	16.7766453438967	16.5828197800234	16.3296467710247	20.305895147543	19.4362705661761	16.9463597156881	0	18.0862560219547	20.8269706018309	21.10705870097	17.5989205690857	20.1279270893527	16.2116153564776	18.7923868948328	14.2388384314472	18.6345067252439	13.2148457744299	16.7153991747592	19.2762402442692	17.7752562219033	15.2490414117132	15.0256904145281	0	14.7713274975522	19.0847327786966	18.0437504027019	16.0607360587501	16.0843284024713	17.6726130487311	19.3596661864568	20.9307047847474	20.2577737628745	17.7472042356179	20.4389423436874	16.2750647377686	18.729878875352	22.3064601534276	23.4697466598755	18.7902348471482	20.1030297889536	20.2404696609791	19.746725437167	18.4391857574839	21.4362705743582	20.8517005898477
"122"	"987_SemiBin_26"	19.2196480554951	18.2624103319309	20.4598122577729	19.2156171625464	18.7516021435809	16.9112247047445	18.7770033104157	20.1017808252137	19.7227073905113	19.7718661623726	21.1994499178378	19.952225717666	20.081733700438	18.0132172557616	20.0142906337101	18.7098263467232	20.3801333828492	19.8734093709743	18.2607058646336	19.8708718098385	18.5026627565513	18.1480595531654	20.8126201435734	19.2302429041116	19.0611627134851	18.7471883877682	19.5674774249514	19.8901896839644	19.5064815471952	18.7459905188884	20.0304180879929	19.8759360908265	18.8773981590968	19.8287865594812	18.259694173449	18.3141469999525	20.0679492683352	19.7177500465015	20.6216533071954	18.3060954081261	14.4389058252725	18.142461571097	17.9271121885102	16.0556623550871	20.178468440237	19.2246925327675	18.637211820767	20.3747320348857	19.2223462732276	19.5890300069802	19.5392794197847	19.3583821790169	19.9888154748577	20.6279061561273	19.980542604943	20.0120788177166	19.6930578995548	19.5333313798758	20.4798079188939	20.3207753326145
"123"	"988_SemiBin_105"	20.779991508673	20.8026171289389	21.415055687977	21.4196976387603	20.6882292497921	20.3009183162285	21.3492829634786	21.2654234912646	21.6681724294	21.5355745486461	21.7326678765275	21.8680296187666	22.1427330638225	21.662798401425	21.0957078519881	21.1130041680804	22.0975345547514	22.2161265103236	20.8592385593013	20.8936319765285	21.8691308587426	21.4138135537208	21.44908585995	21.6638774501298	20.243898945563	21.2005689215352	21.8709221294844	21.0651507042917	22.4775092627447	22.6511360322293	22.0571653028833	21.1540779909061	20.1237518120786	21.0075551947668	21.9005351556234	21.347761842166	21.2865190955653	21.370283954983	20.4645592158391	21.922269401846	20.6002554449977	19.9852160278345	20.1408402659574	18.1191374568327	21.8777561959504	21.5143908709453	21.7556926317065	20.5711833013524	21.2804669772221	20.543716906036	21.3500315533501	21.2200048091493	20.6863292267229	20.673852960158	22.7703710178778	22.0430009157913	21.5263249651197	21.7369085665181	21.306476253269	21.7894894601449
"124"	"988_SemiBin_31"	16.3272279884901	16.5684831762327	17.9682295993278	18.8242586931436	15.5893546790841	17.3917946134089	17.3331829218406	17.5664371740441	17.9835610962476	17.0508182525937	18.2633142046408	18.4828750125584	18.1867728294963	16.7827200103585	18.8423686844562	17.0225537896878	13.9871560678794	18.3012002781378	17.1105728575532	17.5035459991429	18.3169633012424	18.1015678904996	18.9389840283202	15.3273380233819	16.6605611831618	17.2219041568377	18.145809067142	17.4992060376527	17.9617012010854	19.7887904304002	19.3354552439282	17.6218395659133	17.3437386016751	17.2172487302485	18.5677155125776	18.6118506005256	17.529019243247	18.732152780303	16.0372014004461	18.7955715510903	0	14.8627660505575	16.9921556300491	0	18.6356569414169	18.096730637415	17.4570434358536	18.8368601959918	17.1989623042895	0	16.5082045503122	17.5598283136876	17.7393143794679	17.0191651746173	20.1009261680236	18.6073044066686	17.3330698111572	18.0411341592172	19.1899769588692	17.5653759757509
"125"	"990_SemiBin_269"	17.5126908127814	18.5889672862511	18.5141041258036	19.6665136187362	18.6096174831765	18.3915146957014	21.0999215491352	19.5509265159032	20.4664891621559	20.3179536113595	20.8079594499447	20.5781351337813	18.4779182107845	19.0687351912586	20.6317498821682	19.3059214925493	19.1899814514009	19.3850289072233	20.0837747744465	20.8718433928913	19.1281646089843	19.377296167187	20.8666389257245	19.280579946116	17.9763554579035	18.6981086727257	18.9302355673553	18.8993097582883	20.3407573575287	18.1410566185588	20.5386303554806	19.7972426901799	18.7472394272828	18.3305163251549	18.2557675359426	17.3510764375838	19.5212383085558	19.2448800793876	19.7983445584265	18.2894920651747	16.4004835967753	18.6747858853393	19.9826826238735	18.4999981694874	19.8397390723028	18.8631728823362	20.4514163437262	20.310972226781	20.0309593439112	20.2029909522221	19.7325450322989	20.5703795301565	20.7521457947752	19.5385186217715	18.5465975407789	18.2393505349371	21.1113828653807	19.386101402078	19.9406290480692	20.7985277581574
"126"	"991_SemiBin_110"	14.6080337330417	16.1487467405427	15.0427034572799	17.2038439200742	15.2110375254318	0	16.2959521789024	18.0911161260127	18.0219715185304	17.0185367968405	17.8398641944236	17.7300025745052	16.371891207703	15.2458772016769	16.8525952591999	17.2659580314074	17.4687911735331	17.8555949704502	15.9940948782038	17.9942724433907	17.4993009027698	17.5049748289448	16.6901592072991	17.4286842513129	17.0227172827849	17.3164978487128	18.356330014089	17.1846692470938	17.5198645981385	18.6017306140006	17.4274377019383	16.8756107854608	17.9453958365027	17.9146441436202	17.799030628446	16.2659298938675	19.2164916970773	18.6728592515133	17.3828966547617	15.8334426004281	0	16.2917167835702	16.7121043081386	14.9987852152218	18.1203044216234	15.7185975888246	17.6498408985147	19.1803024228637	16.8092380369203	16.6840855166038	16.6814456878156	18.0540680585633	17.5142020708432	17.347117228476	17.5147856828132	17.5332990666104	17.7064195987163	18.7461853550053	16.5332394955222	17.0219030051636
"127"	"991_SemiBin_113"	17.8553663509423	19.2118381898647	20.7479312480522	19.5627549950014	17.5951851918594	16.6335896289586	21.5013948722725	18.5375449097408	20.1323229787412	20.086193818413	19.1798196823596	19.3711163385809	20.8326324657299	21.4489010660901	18.7581341734631	18.9664721649254	17.0352541656343	22.5096231061788	18.1169519641311	16.6626268101882	21.2355030776486	22.5400009128776	17.6510677199629	16.8639572179006	17.8867806418786	19.3474093248722	0	17.5465487499423	18.6850154314494	25.5453175744443	22.4568072071567	20.0247480011525	17.3874810948326	16.5723186316031	23.89758531548	17.7093137804732	21.4001496744418	21.0551307126166	15.5985249384855	23.4491713473419	21.7363927935516	16.8998425791876	16.8249983583523	18.0445401646445	20.7083629848219	21.4123523389887	20.8887973724911	18.7626915037568	22.9903077379748	17.305410510549	18.9493172636614	21.3215616877737	18.609049728482	18.0756734482	19.0852546109002	19.7329360856228	21.1537800784758	23.6592140451528	20.4227914168804	18.9593883731044
"128"	"991_SemiBin_141"	24.0925215358402	23.6767756594867	23.4071692305424	21.8325347706461	23.5428171616383	22.1904102677412	23.1255961826644	23.4953537788131	21.8921354411258	21.924428840652	21.8859780045893	23.9602347570341	21.2216737425708	19.7841722149104	21.554624029293	22.9831042646102	22.8409192542819	22.9092751252038	23.2554943143204	23.2692727719697	23.5723610357748	22.4177142291413	23.3092487460853	22.7815028728482	23.4718249985644	22.3725888163534	23.1523584088185	23.8270231411737	23.3641154844435	24.1221100103141	23.1435071393348	22.3457546703609	22.456679544311	21.9635465736685	22.2983223908676	23.9422981651484	21.6832919548073	23.0639726773314	23.2276666714484	21.1021455396488	20.3292244800683	22.6679191696831	22.8307660873062	21.3631337712349	21.9942815093689	23.0110590060708	22.9905904356676	22.3844919566411	22.7298423112526	23.2269317485313	22.9461167765519	22.2854676324008	23.4366314515338	23.3376023799022	23.1974153456405	23.3806338322069	23.3088434014106	22.8628710468413	22.7140463785647	22.787043349012
"129"	"991_SemiBin_49"	20.9996658861947	20.0660727020464	21.149270972877	21.0497079202502	18.8180073654611	18.3019843186639	22.4260182149408	20.5544790860695	20.5138895153294	23.313043805594	20.7601479434217	21.0743553453387	21.871870299099	22.4492681686347	20.1165951006468	22.2728918739588	20.4233393211283	23.4152583605205	22.1478292161952	20.7875133898841	22.102115930346	21.4843110696621	20.9052028302236	18.425185465418	17.5442631594131	17.9321307474303	21.5259138608786	16.7421305853609	19.0428419688256	18.4594545398245	21.2360055340745	20.3103490910863	20.5760616878471	20.8819098826819	21.4411645588546	20.9071531595719	20.4832559584275	20.4919865093501	19.8742147444197	21.5337928660867	20.7584014872849	17.2234412546645	19.6689806710737	20.471481902817	21.001892358667	22.8693304322378	20.9712075633786	20.157607244017	20.9101413478099	18.5800371229334	22.6470624244166	20.1174898333566	19.3749816484058	19.8073986934076	24.06230195085	19.9517826280501	19.723802187894	23.7658719223395	20.8473815143454	19.4407764074957
"130"	"991_SemiBin_80"	17.0364618149492	0	0	16.0615513221849	0	17.9830964676773	16.4952046251176	17.3776375117181	16.7468955774375	15.6017004525048	14.960428667826	0	15.5725202983802	16.5420931367541	15.0332661767726	14.8904626929803	16.1105956149929	0	0	16.5601556096917	0	0	15.3713566226625	16.4031194804123	16.1245249496921	14.9360020266043	15.5637726680573	0	16.4855847575819	16.0955428865786	14.9037164242364	15.6451737837536	16.5224924982897	16.4093345145184	14.9624904470719	0	14.3119129012839	16.0004352826759	15.695825420035	0	0	15.8229300311033	16.4550789246977	0	16.7075119634138	17.7167443336092	15.0663042956963	16.5551287682743	14.7752198703688	15.6832201259034	13.6533464577131	15.8862871268934	16.0499018291619	14.594746723343	15.1619619539884	0	17.8074924312255	19.1078817764363	16.3380222094831	16.5085010152957
"131"	"992_SemiBin_141"	17.1288183274675	16.6691819944785	16.9868218255434	17.5909118979494	17.9425020006241	16.3729648476582	14.9208058272478	17.2217074459731	17.7935805095967	18.1815415903519	17.3756526886438	17.6133100984728	18.0297067387077	0	18.4724460464517	17.457195291673	16.4543880263206	16.7488998471541	17.4158131245159	16.1617755861142	17.2756415547696	17.199163126995	17.6892809451353	0	16.7778835520884	14.3727413253625	17.683213304512	16.9757549384296	16.5348973175745	17.2837906996575	19.0245961587553	17.3273076317601	17.1946221446967	17.9062861870362	17.4282058661745	16.6251541154137	17.9881464759527	18.0830674910898	18.7135038214357	17.1491039198241	15.5498605116364	17.2695682609025	17.7475445871348	0	18.5988256360893	16.3114616012171	19.5640226399381	18.9024430229349	19.1040570449871	17.6530634898085	17.1839253251915	17.954083612883	19.2998375047093	17.2629572092299	18.5360216073031	16.4684625556592	17.6452704571793	16.5073941064554	19.0729460491509	17.71468497244
"132"	"992_SemiBin_233"	20.8756738830166	21.8882327816299	23.9493084910898	24.5674269065873	19.5206616353085	18.9316175963504	24.6445021276009	21.2619892444247	22.3805322916919	24.765530476558	21.316758795787	21.5758458867648	21.8407731429893	21.1721744100078	24.1422318511094	25.2482350945237	20.5871517374078	21.9198132032602	22.8644900747629	22.8722730485788	23.8005193410248	23.2370010015639	21.2215173879559	20.3599253873267	18.4832362325418	20.9272323525145	21.3537087442768	19.5383640761975	21.2509129763789	21.9276737604722	24.8624124537091	23.1729464020126	22.1292855690403	21.1877166459697	21.7552742540417	21.945055878764	23.0957592512364	22.3363942520876	20.8714737786061	22.9960322896745	20.8679336190974	19.3822734134928	22.9173311045897	20.9868668327866	24.9348474985373	24.538014368127	24.3900137229386	22.6194528251966	21.6220786861496	18.2723311638325	22.5182896135031	22.0466465999128	20.1762108135019	20.8940698157684	23.1420999515178	21.2901630124812	21.4413355582386	22.2877359756645	25.595177511259	22.7864241814722
"133"	"992_SemiBin_359"	17.507548192914	17.1911932810599	16.8969949559705	18.0251732587697	17.4045219989232	16.5273446118049	18.2546507360385	17.3111834526806	18.4737107878071	18.9016706989399	17.7208235746365	18.8545733416353	18.5616309389778	15.7366234841993	17.6804789471315	17.7531469049795	17.1739098968902	18.8830528941138	17.6894916009776	17.9835954676778	17.4519858258465	17.4246843213014	19.2021584494725	17.7575429752636	15.4325849594874	17.1135825616936	16.8751193779543	17.3773907455972	18.6056265225284	16.8083134868222	18.0494381565469	18.1224634746138	17.1662297277696	17.4751694573261	16.3845540337077	16.2958996278204	17.8090164631248	18.2535797737603	17.750629770602	17.0065350172726	0	16.2414771352113	17.3611615585107	0	18.8844759021903	17.7500295219248	17.9944546378819	18.8529357042564	17.6041096967473	17.856090630978	17.0979761246385	18.4532232620147	18.4382020041419	19.0106424457007	19.9133526051677	17.4899916254944	17.4589751086299	16.8448634967219	19.5458146826662	18.349004650215
"134"	"993_SemiBin_0"	20.6588171436332	21.2609453796754	22.0592379331438	22.0756567451518	22.2842637014152	22.0681922728855	21.8109255956872	22.1492657782584	23.7589860575808	23.6248958763515	23.3965809515894	21.268134496908	21.8044451561735	21.3542721248532	22.6191569697559	21.8086489225184	22.3924458375876	21.5743504135596	21.5915415684248	22.1203403345429	21.3910787070898	20.860164867925	22.3108898500279	22.737216764276	21.6477647914297	20.8927613083812	21.596693855304	20.6041681304004	21.5985442542839	21.5356914419042	22.3815316418703	20.6670247298781	20.7340920570977	21.4271538303504	21.053806550747	19.9370988680947	21.5537745410986	21.3007031550201	21.7732487252346	20.4227730454031	19.9774333008059	21.2668670691355	21.8343963392976	19.8879175902282	23.5000147649673	21.7302864680143	22.2942443475407	23.6604515268669	22.4404278930618	22.2378033901921	22.7876041037705	22.3491227554185	22.2622269342992	22.0390269605914	21.5641265416618	21.3194177240683	23.1815028667	22.6554914569383	22.2685333492991	24.4184838712743
"135"	"993_SemiBin_156"	20.4703225367534	21.2665364518974	20.9560812963041	20.9114928501591	21.6538649691732	20.7456511788267	21.8200351586806	20.8014877701253	22.5122638820904	22.0085748115538	21.2586999477165	20.3903254006701	21.2286131106143	19.9451409647753	22.3302480676831	21.6565017357114	21.3118320880396	21.5562780564339	20.7750949694961	21.3545505170744	20.5787393368141	20.440531947609	21.8208844502447	22.1320670262309	20.850612732557	20.8114653663394	21.4826815069934	20.4335671064072	21.2589566914892	21.3834086361533	21.4178444076562	20.6312539097598	20.4425231078216	20.8464234818258	20.7044953706593	20.1599784109345	20.735151803512	21.3011291581861	21.165260914168	20.5558965170753	19.667627181506	20.813656381972	21.2717314276417	19.1073592448214	22.0740482448434	20.5758675624016	22.0222064719615	21.680214209941	21.0081667971844	21.9431499583079	21.7064250574518	21.7452948913224	21.5622322373745	21.6976871592468	20.7253983126857	20.7925449914226	22.2871372491771	21.2907562570746	21.6776783517954	22.8067398464299
"136"	"993_SemiBin_2"	17.0938384271781	17.669872381977	17.7717028680265	18.3893914374998	17.856740237204	17.2848357224793	18.3547828394033	19.2597745676228	19.0981095499388	18.2122139410008	18.7522680900764	17.5726997882557	18.2198081896582	17.5676764109347	17.8926864755723	18.6842231147348	18.6267771364342	18.159264908866	17.8216455190169	19.1006132391833	17.8342728780115	17.3092578440862	18.5740181185125	18.3258211692711	17.8084057799428	17.8054548141738	17.788038344073	17.522045171145	18.29014597989	18.4869438273699	18.6816752598055	18.2243324224676	16.9531247732484	17.6161273912289	18.3047824364091	17.2819609571874	18.1483873968743	17.7534135344708	19.674199626242	17.7348783999128	17.4620580960029	19.0707154084181	19.0131209256561	0	17.3150438829969	17.0666792538752	16.7316932286527	18.7512612160755	18.0202349700367	18.5934155170721	18.5044468852551	18.5693808612524	18.6887316958272	18.8291224483583	17.9252451899716	18.2834151711133	19.3925179524454	19.0264802688343	18.0239746962804	20.528234425438
"137"	"IsollateEukC-trimmed-reads.medaka"	18.5638631332586	18.0168677452845	18.0716492841556	18.565683999782	18.3980768140652	16.9954191632051	18.197055514459	17.9013774498901	18.720734378582	18.4860031378491	18.142283471126	17.976930093511	18.5352899788476	15.3748212851216	19.0902674885893	18.1072296096833	18.019058918706	18.3503674087578	16.8745528917111	17.764775778057	17.8511311989937	17.4520856765649	17.8158265423151	17.5953193033522	18.1393942763997	17.3639568421001	17.1092382470043	18.0707280133595	17.9991180184874	16.4317595179309	18.3073246610343	17.7664670751433	16.954780586023	17.1899654275062	17.0427994191148	17.2899807297279	18.3037232458612	16.4045153666339	17.6905247272095	17.1217976041483	0	18.1603536448369	17.6078583838496	0	17.9241743746193	17.4069760274524	17.5712838050819	18.6993145659691	18.4796835525314	17.9365382561761	18.3873610159443	18.1734474915664	18.5272002190414	17.7033967812271	17.9144331867142	17.9897362407738	18.2532069344515	17.7193958410372	17.9975513413533	18.7656097242403
"138"	"MEGAHIT-MetaBAT2-S932.114"	20.1779861553072	19.2201689955175	17.2247784960113	18.4278096861553	17.7683885183418	16.2644207168395	19.8218503756198	19.4765849771816	17.3154435249873	16.9240987778811	17.5695260662331	20.017783611035	17.6185207971848	14.7638772741672	14.1105349532447	18.6387542092748	17.616565037155	19.0951151685136	16.3224976094724	19.1733601330255	19.7161470349072	17.4177455897022	17.4669118735971	18.6730979625104	18.6193429728058	19.5175424449561	18.1793283798031	19.8933278653471	20.6459927374079	20.0091896709996	19.0458794800647	15.711193482972	17.8953058156757	19.7144644193262	18.6025099704428	20.3368416048583	18.2509582770053	18.1981015670282	19.8035376720863	17.7878304345965	15.8617357302081	17.8875884423065	18.4708758088783	0	17.983460246244	18.0668562552359	17.2429488015441	17.7485506623478	17.6270554153624	18.2745913801279	19.7781854972486	17.9622031307361	19.1373711211707	20.3264953417906	19.6613177491835	18.3760279448993	20.9613917302735	18.3421819976649	21.1831109794047	18.7464958620513
"139"	"MEGAHIT-MetaBAT2-S932.132"	21.3887220401516	20.5068038361193	21.1579663113179	20.7416271218732	21.3188112831587	20.6594730834812	20.3829725176197	20.9174607961541	21.2936239263155	21.4572705248509	22.0180381128588	21.7626860796112	19.3805885893343	19.7777897982593	20.4946403732553	21.454069693794	21.4856562126484	21.0449649588463	21.3324585782871	21.518596793277	21.668926045534	19.7942792937662	21.8834670496474	20.589902312563	21.6128416207325	20.6807556857581	20.6890071743432	20.6090370668804	20.4541503857915	18.8753545649888	20.0628383439498	20.6354932348642	20.7772861594551	20.4310572201277	20.1396367270338	20.8224358506725	19.7563345893035	21.2048708185823	20.7263968573305	18.8983565784856	17.9759032817752	21.0164082310508	21.3744082731116	18.7472454747056	21.3637184659364	21.0155423812957	21.3538667860712	21.2909063694269	20.1263298768501	21.7152286610823	21.4430660062188	20.4634702513162	21.957183160909	21.4752551212776	19.421911518961	20.3149876231691	20.7016821174164	20.235785139476	20.7483886675673	21.3345862113451
"140"	"MEGAHIT-MetaBAT2-S932.178"	20.8039555958987	18.7178438364653	19.5257068992403	18.6281523188847	19.5019231506869	18.8185834696241	19.5018737675132	18.7361334974659	19.5718026249926	19.5354724451577	18.4156282019816	19.9553615252793	18.965518620213	18.8179271140262	18.1710139231853	18.7195676804136	18.5314529030742	19.316993374653	20.1498764305025	19.7474967447168	19.1496755567018	18.6978081770884	18.6862198352974	18.1753814468376	17.7605692518437	18.2433304738051	19.0821045137941	20.1232938915067	19.9149336553976	19.7693652604892	19.52997742354	17.7482574425238	18.1943365882972	18.3911462998865	18.8410241185965	22.074747484662	17.8230219235914	18.9666857791369	18.8614190952807	19.0529958216813	18.8046878723156	17.8902939743961	18.3648750455618	18.625206271558	18.9649498872446	19.755603784306	19.48909843377	18.6366989265509	19.3891935535656	19.4980606945243	19.4533398397992	19.104639058235	19.5000138132141	19.4700565722506	20.0077934342084	19.494591095137	19.9191160823187	19.2344277389516	19.0824440348684	18.5717187561595
"141"	"MEGAHIT-MetaBAT2-S932.184"	20.2601969718254	20.1810492676985	17.3298808884795	15.5357987589913	18.8362098711231	16.1130574640412	16.696605913985	16.9746685827814	17.2712869504465	15.8499514167878	16.5474830806556	17.9395512205475	17.6161021439747	16.5125886731269	15.5694943519369	16.1790107361467	18.1280052840891	17.3554766546463	16.7261657276196	17.0726087416563	17.477918299135	14.9413357572091	17.3247635032153	17.4050298905746	18.3969304517367	17.4447132870333	16.4714762194097	19.5834995397241	17.7310581203926	17.3739098611005	17.3944135728055	17.7396163124339	17.4924308906171	16.7746682598179	17.1856672195828	19.2495726062163	16.7568670426443	15.3332749887849	16.7406730372327	15.0224143460623	0	19.6868994210757	17.3302149475233	15.6428361583529	16.2713578418218	16.3992476491553	16.5175248386817	15.3993502638575	18.1517139987944	19.7664605855624	17.619873122453	16.7107881501313	18.7780408175535	16.7185955309082	15.9479073829862	16.5022125861196	17.4487843094471	17.9300118810313	16.0081414731961	17.6386807971268
"142"	"MEGAHIT-MetaBAT2-S932.23"	18.5222384054237	18.3461809014783	17.0496774163104	16.7727509773927	17.5811321252505	15.7906491167048	17.9621696579922	18.2822153300452	17.9412108412599	18.9669708874014	18.3967937333199	17.9286368276737	15.7070915789005	16.7319296821265	18.3303156734769	17.992370585365	17.9327868337704	17.2902590872863	19.294351485854	17.5902896133038	18.5699810283593	17.1179276898121	18.0383145731998	17.6884902915047	17.9967907949689	17.239722988974	17.3639414240811	18.2571637432644	18.2284277367571	17.6993354100161	17.7695071364353	17.6179763836442	17.1740941600171	17.2706516218426	17.2822411918604	16.7125171793665	17.4279899604051	18.0829446216298	17.7719535421243	17.0276977130066	0	17.2200939446675	17.9192124325579	16.4692576448188	17.2091999496558	17.2095031814941	16.8780013317655	16.7146544770208	15.3827078766099	18.5529087723962	17.8453485298978	17.6259323360556	17.8780868237278	18.0592681566584	15.9865557015574	17.4060132405785	17.6901232764118	17.9164933119007	16.7486237515997	18.5889963779134
"143"	"MEGAHIT-MetaBAT2-S932.36"	21.1165430654262	20.6023432790453	20.665544857579	20.7358463887939	21.4963644103306	20.5344284309268	20.7270247903499	20.7884269237123	21.1192834410913	21.456144532335	22.0175574242847	21.4310491045912	20.8493235275331	21.0718881273427	21.5500645890822	20.3006735962125	19.6748495515428	20.7287091130147	19.8569850879003	20.7638731936661	20.684618681527	20.9206864159841	21.7068147139544	19.7688805663154	19.7102966565693	20.0064971098994	20.8586717550291	20.4180427798967	21.0500099722752	20.4360101337655	21.7724286918677	20.9440862824978	20.2316923167249	19.7246465465627	20.1026331823148	19.590261054266	20.9129989997528	21.3457433362687	21.0816447988116	20.2951489620289	18.9295720186371	20.1720620924121	20.2797826593958	18.3164819283611	21.3420235629882	20.65567315772	21.2766192276798	21.6811462629025	20.2494684137001	21.0805334668088	20.9961131562339	20.5798757708288	21.0021011280492	20.9706521691356	21.2384463893354	20.1502545583795	21.4355781253826	21.0256420586114	21.6461524164733	21.3871896467871
"144"	"MEGAHIT-MetaBAT2-S932.53"	21.4134524265389	21.0503639730183	20.8852682790714	20.2602980539451	21.2738436583585	19.4961201370868	21.0649141437306	21.4943143675061	20.2584854707086	20.9461015655967	21.2849312641029	20.9961508187578	20.3026852360669	18.8704576528565	20.6949889793442	20.8234592958066	21.8002693981842	20.7827520273218	21.2442412877476	21.8987623942777	21.7854897988292	19.5246637191494	20.5957183080632	21.0063630728744	21.087683124001	19.9873369349707	20.3299367024188	21.5913759266645	21.503835147684	19.5080813443429	20.6281273303588	20.5297170644229	20.7264437464172	20.3006186030641	18.9408092588422	19.7969916639408	20.0613962507947	20.7372832370588	21.1912707259021	18.709281143201	17.8453347894563	20.6725925493246	20.433437431282	15.9539669339312	20.5749091769421	20.0002620121821	20.8568012224574	21.0469415755805	20.6454683702599	22.2348401647106	21.2046376728399	21.2721860239752	22.1101440490262	21.0889542077887	20.6181186083071	20.1520913753096	20.4689700198037	20.3048159018425	20.7424150277741	20.8496202995439
"145"	"MEGAHIT-MetaBAT2-S932.72"	21.4692740304419	20.8812045413896	20.8710561288352	21.426831485432	21.3217455500641	20.9399587358108	21.2326117442585	21.3111895288143	21.8618744487649	21.539775352517	21.7657997845457	21.1198846144709	21.6735862002217	21.1837490083343	21.53365350143	20.7387081133258	21.6055407921125	21.4772994615221	21.1619242236025	21.3783737761174	21.4935665392511	20.4347134727287	21.4755584324406	20.8929957603184	20.9706075839842	20.1955100484877	20.9470334311931	20.6133146409119	21.2201852735929	19.8480145591415	21.6017563407269	21.0704954488962	20.2349704812151	20.8581748072469	19.6843585314918	19.8475870138034	22.0055570004872	21.3852284323675	21.0547269571637	19.3640314299253	19.4461774919599	20.2654425898333	20.5119742599574	18.3905484432005	21.2649378995345	20.9529185153536	21.8242951317619	21.7135913914413	21.4592417718749	21.9352727570819	21.5627191519435	21.9493686102454	22.0293122422534	21.3083004810557	21.1356940594172	20.8177279220563	21.1603295567959	20.7491738435939	21.2753331413751	21.796208521979
"146"	"MEGAHIT-MetaBAT2-S932.87"	19.3150171877053	18.736313423064	18.4715031745204	17.4822271517205	17.9048219260439	15.4732833830736	17.3679504764419	18.5954262022643	17.61849446749	17.9609389698601	18.7596084079993	18.3553091623448	17.196718325752	13.4540784903073	17.64104393387	18.4068845762857	18.0364792877464	18.8656633984277	19.2440018838434	18.4226263899117	19.3360927102205	17.3471525799718	18.2528387019164	18.4674050033431	18.8099285652786	18.1723290718594	17.725256845412	19.0037566212453	18.0094706865786	19.1925738608364	17.5490130394681	18.2574356338665	18.24146150375	18.291994664289	18.632389589261	19.3068171302581	18.4218550904504	18.9238897027209	17.6854469022699	18.4100414318939	16.783109106029	18.4272351407455	18.2238570207875	14.8703684877094	17.8028749584061	17.8587465494568	18.3931783388841	17.8231706301998	18.1409947977224	17.1812631776934	18.6151172935272	15.9607808298306	17.9290663308466	18.530210311294	19.2749878758704	18.207824583764	17.2099903463705	16.4633961582912	17.6081361822779	17.7079490198286
"147"	"MEGAHIT-MetaBAT2-S933.133"	22.6536627454209	22.8724213914624	22.0069366035528	22.5248766366416	21.7478654297074	21.8087642472042	22.3246859718068	22.3653949076631	22.697476047605	21.8936173361944	21.5488880641363	22.3460415427496	22.7900969197956	21.5247382168661	21.8201925176435	21.5430771853947	21.3404035330253	21.239678149262	19.8288357418354	22.2598737809356	22.5787792587016	22.4839266796238	23.455424732006	20.5633261848255	20.3192260417681	20.8489794043227	21.9011825355596	21.3000127985618	22.7539568790251	22.0147392375508	21.944238066259	22.2872342414853	22.1118019335293	20.5804138945852	20.1606324603736	20.7879091319897	22.4729242178046	22.9035971516562	22.8256811507234	20.769133400607	20.2136944547583	21.5932909263761	21.9715487938748	18.576616673755	22.4452477879969	20.6222932160268	21.8100041883514	22.2246258133859	20.8665023117633	22.1712931810538	21.064107511791	19.7227124224341	22.4375723456334	21.5610826684028	20.7234369637032	21.2018854856932	22.1661939591794	21.909943496308	22.4220244400433	22.4488902302095
"148"	"MEGAHIT-MetaBAT2-S933.139"	15.5737511011406	15.6269823256078	15.4020985956333	0	14.7710915616963	15.1956236960249	16.1413833111536	15.9058838882116	16.1695837154462	15.280142802063	15.8358534478452	14.9158439065192	0	15.2303575074261	0	0	15.0959464992893	0	14.4859122572162	15.2360024870868	14.4873322164165	0	14.7944519389651	14.483154351408	0	14.7083544828208	0	14.7618069216997	0	0	15.1501585038637	15.810699850039	0	0	0	0	14.8015575168535	14.760971533079	15.3829507513765	0	0	0	15.3545638154301	0	15.1454484361616	15.2611088979144	14.855189363088	0	0	0	0	15.2886484101558	14.8485091004225	15.0566918743879	15.1996814722594	16.3607548686829	0	15.5070948454543	15.4675058254553	17.0763291805638
"149"	"MEGAHIT-MetaBAT2-S933.151"	18.7308735042534	18.9789144000982	18.8933588146046	16.0284277276023	18.1433302681544	0	18.3239648327715	19.0789433558017	17.2741349575993	17.682058639044	18.2037594408498	18.2993109967092	17.8541206311296	16.5950999189581	17.7181053330992	18.2878337969099	18.6248887646896	19.8537818177238	18.6691024533132	18.5617193911321	19.2889790507921	19.20726709262	17.9937707722115	17.349558058325	18.5150387726423	16.7743126974193	16.7533072809722	19.0400395523408	18.6383452915565	19.3874776955657	17.8000553988122	14.6335759320668	15.5687291157642	17.2063234695581	18.5526492734068	19.0574024313258	16.0341058196976	17.0343407661515	18.1641715656037	17.9524422881708	17.2467171930286	16.1207381687721	15.6615717188885	0	18.3321608835213	18.6173990569172	18.6690119397272	17.0780394270974	18.3020970607673	17.1859159543399	18.1493893277756	17.2921196707498	17.7528457530413	18.0572397702881	18.9775048143934	18.3343315872427	18.0146402861518	18.5457706364136	16.9866283511513	18.1877477054357
"150"	"MEGAHIT-MetaBAT2-S933.161"	21.9666465919003	21.7558474703723	21.5290038606536	21.1022983317362	21.2683931842312	19.8839626630803	22.2531132282969	22.1032193416329	21.1357723600626	21.2869648885371	21.8127344410182	22.8459157947326	20.4036298178754	20.4672280814115	20.8846780989746	21.0865911865184	21.1920144718444	21.8851402083807	21.1950268897216	21.5930270446264	22.6743483129662	22.0865777671514	21.5871840657059	20.9462704354337	20.2212744408533	21.1394240770394	21.487544196411	21.8519501255044	22.3276132972451	22.4933072972094	21.7752578199807	20.1603945082784	20.6508502532918	21.1825409536997	22.2071662443554	22.8664064993212	21.4803744572699	22.736981244351	21.1788483573216	21.1189355278336	20.7047309356604	20.2156253742894	20.5286538415013	19.2459607673916	21.5991868726433	21.3288371184764	21.768393770938	21.4652823193927	21.6356902903921	20.7788455599842	21.6332632562471	19.6876357994375	21.2733558298855	21.6338533956495	23.0365678299792	21.3616436407494	22.0644475508499	21.1161233271889	21.631614034055	21.1537923079626
"151"	"MEGAHIT-MetaBAT2-S933.63"	15.4654354442431	15.6329325767475	15.5730840440783	16.6591269209096	15.3875344195352	16.6637731272882	16.2000962198419	16.8515564077396	17.9168654760826	17.1267726678469	17.2837276235643	15.1920475127566	17.7352118946449	16.6585012665376	17.7837155195854	16.6361621626923	15.310061215008	16.9724704863562	15.1081722563961	15.9484299339863	15.5680970042857	16.2333330161389	16.769972288778	16.9137552594708	15.9259033406691	16.7182368871964	15.3079617430949	15.9687727308867	15.6601101565163	15.6346862173898	16.8732758795521	16.545028408931	16.4539783967912	17.2483493575118	15.844007224232	15.7583880033469	16.156352217766	16.7070835216229	17.3917098873898	16.6082118567576	15.4881600511839	16.8040560348276	17.1862981303984	0	16.5336754461147	16.2983559601996	16.53928173436	17.2883509717369	16.2341045654291	15.3041423717383	16.6958248027168	16.8113278502135	16.2092987377103	16.1311084770952	15.6017498223744	15.8636268346395	17.0484176651466	16.4245996807727	15.7620002970408	17.3323682431573
"152"	"MEGAHIT-MetaBAT2-S933.74"	0	18.456201617859	17.4271217739649	18.0625929134194	16.8691205335425	17.4756052973832	17.6022659678503	17.7279089413036	18.5693338671468	17.2458569843282	18.4119997996247	16.898413314585	16.8969606586113	14.3323129062371	18.2412329012214	16.0470283367577	17.1366180710374	18.7400679765454	17.3216332280958	16.9993930109141	17.7407971528727	17.5838763562215	17.774733552205	16.9688901689869	14.8299807942435	16.9040626252936	17.5330310736685	16.0132958231852	18.6281622639322	16.7735577980113	17.1163279032758	17.3338293949414	17.803963693139	17.1730156545985	16.7111855503568	16.2383283690625	17.2207912952902	17.9469807349763	18.8063615307389	15.7590039063173	16.7862542960659	0	0	0	16.7755312772814	16.6046096617452	17.6285601238173	18.8029836441694	18.792154789606	17.4440939098017	18.4328429686993	19.3566595088164	17.6997786576944	17.5102516740672	17.5985447142546	17.1666360415649	18.4546109143895	16.4745050557408	18.3238925834047	19.06822888915
"153"	"MEGAHIT-MetaBAT2-S934.132"	19.8273883036126	19.9008042369958	19.6514517377075	19.7368763051924	19.9852323348705	18.6002116227882	19.849345602021	20.0042561533341	19.776102784908	19.4209503197674	19.4833236365469	19.2783101357879	19.2792101705993	17.3968813760651	19.9648496828984	19.3028112757865	20.3506523164325	19.6924388296531	19.6503335271525	20.229735934172	19.8370931341466	17.7866511984512	20.0871100088317	19.5068361020327	19.3564497769591	19.0183930628959	17.9871525166057	19.5623647760806	20.2929675296934	18.9893366687993	20.2124799374044	19.4646905513734	18.4069842398467	19.0389457769744	17.4773548723579	18.5494191508309	19.3070437466661	19.2599408504784	19.2814096087288	17.8334638447164	15.3262155760237	18.4692487266446	19.7539042193562	18.2837338578792	19.9987358021903	19.5158509541295	19.9637064296268	20.2383254045919	20.292427953118	20.5222630704349	20.0073743208528	20.1828070193901	20.4273415821636	19.603267824351	19.7321368164184	19.2071921595221	19.8677766408555	19.3600726739349	20.0143612474373	20.4224063212546
"154"	"MEGAHIT-MetaBAT2-S934.40"	18.0575389926865	17.8468490031945	18.7878514851468	18.4273896442097	18.2224919250458	17.9708901342436	18.6830860923036	18.3645102165808	19.0054496599258	18.7018393491988	18.2350974627427	18.0409889481326	18.9303389682322	17.9343560434645	18.9816317159364	17.2626983604264	17.8282314517366	17.5598306626952	17.8348514171323	18.5441312859283	18.8595917944139	19.1964454819536	19.6665103442129	18.448593024366	16.9046015373743	17.2450958035446	17.0788838047107	17.9231938264258	19.0086047522023	18.6795039841105	17.538504539729	18.0670569905215	18.3641441946056	17.2946284010216	18.2982001772041	19.2700503316988	17.0048537366348	18.5091267168526	18.8717248319243	17.5334656444272	0	18.3171733176294	18.1540572012925	0	18.3793307317743	17.9253103244949	18.3140382769854	18.9623724484563	18.540852788348	19.3254076561067	18.3770544486462	17.5986022242546	18.9224975131675	17.648808295544	18.514741841487	17.4975688611895	18.1745898327419	18.8029605275587	18.0375839777214	18.3448193420747
"155"	"MEGAHIT-MetaBAT2-S935.158"	16.2729960476781	0	16.1709408798461	18.7954691616054	15.4227346809698	0	0	0	0	0	13.7068807010544	0	16.0217864392541	0	16.4081415132432	0	0	0	12.0070968267957	0	0	0	16.0812929330424	0	15.6692838959464	15.8762825172182	16.179130924182	0	0	0	0	18.7455535293986	15.5843508743654	13.8971740310547	0	0	0	16.2184236909536	15.4730684852046	0	0	0	14.4807607334831	16.924160160597	0	0	0	16.1385160017725	0	17.433514162103	0	0	15.2034026106851	0	0	0	0	0	0	0
"156"	"MEGAHIT-MetaBAT2-S935.32"	15.8554627430618	15.0823064868771	15.8663032764797	17.0604262725567	0	0	15.8186666249294	17.1353321735237	17.4032188784953	17.0425039977539	15.6187299555667	16.469797400082	17.379164764043	18.1375765368312	17.3929248550528	16.2569649859936	16.9436019789781	17.9511327171119	16.8487276976172	0	15.2498901600655	17.8028975796101	18.7965312915799	15.1342754973473	0	15.620170627381	16.3107385168544	16.0373255544216	17.8049863289745	17.9052724907139	17.9793750196161	18.2123979959534	0	16.6915895153091	16.8795964198845	17.5827225921051	17.1263433169345	16.7412205111426	0	17.6305791766972	15.3815407165759	0	15.1189923399777	15.9504536531645	17.5756544405166	17.8011105071513	15.2541758626152	0	17.8485721974461	0	14.8944699006997	18.049853207006	15.2220531281369	0	18.025355543535	17.5928973260552	17.0957332852025	16.5620496082183	17.4939117623403	16.6960679820111
"157"	"MEGAHIT-MetaBAT2-S935.50"	16.6111578197669	16.7186152248226	16.1398957119267	24.6540095846158	16.8412444154013	16.0715266912651	17.4605338902887	16.5303517307845	19.8189934883652	20.077249619117	18.2052528264304	17.2386980285914	18.5867222049745	18.6467953170853	21.9632388466332	16.8801773922255	17.8467244316722	16.6955976220466	16.5418644825125	16.3106777218781	17.0225585192436	22.106651941537	18.3248808079707	15.9063981766246	15.9536682482532	16.7615580236217	18.6493699341214	17.3161809718382	16.4751662456094	16.6686375939588	19.517764947833	16.9107438903308	17.8090467255811	15.6822768601246	16.2393058335149	16.9426319543729	16.916032321113	16.4458214331428	16.4454890575356	16.5082348502199	0	16.5597420318243	16.770520327431	14.7657301968023	18.2352639679493	17.2537339671874	16.8900345005896	17.6718639590738	16.7525008968549	16.3846265714941	16.5308760812677	17.0940282422969	16.5458554009368	16.7950172768822	16.1902595367554	17.4771432679679	16.6255335775164	17.6426533588177	17.0560758546429	16.6559810741936
"158"	"MEGAHIT-MetaBAT2-S935.60"	22.1040932496514	23.2884764398491	22.8584527610449	22.9992367561441	23.8812019804514	22.6874112269179	22.9724185591361	22.8847207355637	23.1422747518842	23.3003776800956	22.9905746568046	22.4056524717939	22.696148122743	21.3794392734952	23.0437884110019	23.4897999177364	24.2618211145666	22.6448122211691	23.2239609055435	23.9071519304581	22.5720181596188	21.9042100321535	22.9415299879154	23.8526579839967	23.3281916486758	22.457815043468	22.7877049419399	22.4849279669734	23.1930011542913	22.2172680403794	22.9259984894477	22.4689755042087	22.6972425470581	22.2680244080632	22.2547290240847	21.7707177861197	22.2995334761899	21.7690127968176	23.1513780630693	21.3377681018271	21.0107814710121	23.4527658103983	23.2725892116849	20.9819708135483	23.1542401335044	22.8260760104129	23.1324812978342	23.0225841162839	23.1294296828238	24.1679881521029	23.8837269599807	23.0302032139247	23.9227473774639	23.3867645264501	22.0494906605075	22.1974703126649	24.0239385916585	23.2574350696593	22.8450660437836	24.1929036165634
"159"	"MEGAHIT-MetaBAT2-S935.62"	17.7024924611071	17.2975906779913	17.4628456364791	19.1596455061838	17.9867253012337	18.0712239879778	17.7799819438723	18.7369346947795	19.6363424489118	18.9751121188123	18.3539455247185	18.6482590658959	19.7478373282247	19.0620891476182	19.0943937412437	18.0116594116656	17.7907294529936	18.1262941972842	17.1744827433075	18.0729574204394	16.6916051634351	18.258616086726	18.47407771983	17.6806408511437	15.5000759535751	17.6399479147581	17.6016085867754	16.6336136046628	17.9991701699093	19.1339513932297	18.4668254691253	18.6554091404476	17.2893557451111	18.1659804949537	16.9539424135537	16.8902138244131	19.0252115382137	19.2221796140077	18.1843390038516	18.3955018848034	19.4045043501534	17.2385665873002	17.5754168306456	0	18.8866942214815	18.6128764490953	18.772305062697	18.845352139238	18.2869031570405	18.2143107553378	18.1470812554576	18.6273286168814	17.9203152839019	16.2729449889533	18.0525177034676	18.2544707468144	19.2104725695435	18.5026917231257	18.2629424245739	18.6337492531959
"160"	"MEGAHIT-MetaBAT2-S935.70"	16.3164525383285	18.7037358801255	17.7440422926587	21.3292232077917	18.7628053787338	18.2720784354875	18.5057019237177	17.4532839678787	19.3824854881637	19.6514202636234	18.6888294469011	18.7291331794138	20.2163743093272	17.499364502102	19.7884334363566	18.3056608857928	18.6088323647681	18.5995912951975	19.0325123568208	19.4921234388061	18.0248439557351	19.8952773592936	18.5898470283082	18.0953434235106	18.1246426517	18.5483140968947	18.8442619314342	18.0363481622392	17.239887164635	18.2601672576181	19.4896744041274	21.1750625184431	19.6036986456936	18.5703349451067	19.5351317537794	17.4245226576473	20.1201400448275	20.0402715754767	18.0145958815811	19.4400377532879	16.7608824382076	18.0852916516311	18.2664154031127	18.3567673304598	18.6293203686288	17.7217893583134	19.2047213538773	19.4139495137875	19.9738204420204	17.0671896737784	18.819972554328	18.2245510607143	18.7160276182077	18.6450287726433	18.2446430041637	17.0434715261621	18.5890795906771	17.8641705637454	18.6890998231265	19.4516897246341
"161"	"MEGAHIT-MetaBAT2-S937.157"	18.6866576794681	20.9982130681773	18.9887529514089	19.366368320172	21.3990419282993	19.627334684886	18.8288336020477	19.3507237969499	20.1651635192737	19.7006875158677	20.0314662140028	19.2332629210878	19.9037922826469	18.9523091651356	20.0483143038809	19.0408436397682	19.3895447335645	19.3402698258123	18.7712417544047	19.6924753598383	18.6357891672642	19.0734504329283	19.7448600082973	19.3547962535883	18.7164822200381	18.7816283700394	19.5650175638446	18.5082896752147	19.325241152432	17.9844442239763	19.6411501342565	19.8343982022354	18.1696208199028	19.2910887195411	18.2933250498884	16.7561155967405	19.3521766963221	19.253568596953	19.8425131077069	18.2343457339378	15.6447854305819	19.4518532287788	19.2410387671208	0	19.4470755498894	18.6589921884474	19.3884756593866	19.6587499412508	19.1924228589194	20.372537068022	19.718596561682	19.6227149229834	20.0712963232439	19.4680221445477	18.4718088438712	18.2758056690146	19.556606434505	19.428215448154	18.7957296175782	20.4913992454145
"162"	"MEGAHIT-MetaBAT2-S937.160"	16.2370087406092	18.6657425249634	0	17.1163603158449	18.9280236043719	0	17.6957020567744	15.096442395776	16.5361139588106	17.5271449883943	16.0971477162007	16.6922020598895	16.9878365185449	17.7789817916685	16.9206470574037	15.8486769031142	12.6179606164321	17.28982937716	15.8304251130476	16.6445354685098	18.2712987078176	15.7858779684119	18.9937531911483	14.4014271806372	15.9495080503057	17.528855546924	15.6840569609547	19.0674011871157	17.9503052696963	0	17.6570924758483	17.2434652771301	16.2656355141049	16.1929484473912	15.7553574968061	16.1646608400984	15.2201696706743	16.9433399074424	17.1292199394526	0	16.7645603061119	16.7832184485674	15.5925961856638	0	17.311991891304	13.7557637951818	17.2689359199418	16.8884454657278	15.4053877424746	18.6917953068964	16.343546096762	16.828444396367	17.9617524555845	14.2388999333887	16.1138070414809	0	16.2706558982848	0	17.1880674490766	16.9000342414234
"163"	"MEGAHIT-MetaBAT2-S937.179"	20.8415493846142	20.0537751964298	19.8185787969106	18.3394097318148	20.3763758561944	17.9506492154097	18.7638545512125	19.4721897895368	19.0803727247409	18.8152802548315	19.1670689710895	19.6032134469585	19.0575363210753	17.633037780736	19.006240824668	19.4819438688293	19.8517246225555	18.6632783945079	19.6913660352124	20.2774483321449	19.8051822075883	17.7056335610118	18.8533877977431	19.108063507778	19.7641580099126	18.5969795777964	18.0870345449115	20.5815563579756	19.1168185115194	18.4344417108352	18.7301910219522	18.6552286378698	18.9320581171852	17.9853307007565	18.0606690719578	18.0807701139338	18.5409846465304	17.8927169508472	19.2861032720323	17.4353600929863	17.0931420578714	20.1332013417459	19.2853748781094	16.6917281505535	18.7197555472232	19.1100539560011	18.7976152378758	18.9467939738459	18.7518704289212	20.6283309996484	20.1866405280845	19.1951122639545	20.4759242551725	19.0147638718917	18.8222007585415	19.2378914153127	19.2071124349209	18.7104523634257	19.010921012233	19.2362779559961
"164"	"MEGAHIT-MetaBAT2-S937.180"	21.082934524931	21.615760632589	21.8750246466634	21.1326417195167	22.9216992764002	21.8557945403864	21.4025681084103	21.3628185320852	21.8719090199513	21.940351909561	21.4409511721783	21.1099481919744	20.9968815765286	20.4638478153206	21.5252210320922	22.2757033956009	23.0290221654878	20.803253974231	21.5982147092532	22.7831476369475	21.5110598174206	19.623047047768	21.4811378422501	22.4204506144784	22.7740684570315	20.5341658083943	21.1357946000837	21.1936878033809	22.3867873879775	21.3252877526617	21.665333210954	20.6075714048933	20.6373390761821	20.2059656420395	20.4408629301676	20.3326774370633	20.6674094410955	20.0482997799757	21.9059784607534	19.3156456987274	18.6913584963746	22.2046064502698	21.9519334122083	19.8533071176614	21.7296572156178	21.1615358836837	21.5568275934865	21.5695069808187	21.7148962102922	22.7556669405375	22.621037623393	21.4055011264086	22.0392784519667	21.7610412952823	20.462661650995	20.9744441884546	22.4538375403949	21.9215359379054	21.5923022626649	22.8360313689465
"165"	"MEGAHIT-MetaBAT2-S938.116"	23.1381116059609	22.5829676045439	22.77271484622	22.1495677276176	22.8280727268226	22.7325583950142	22.6654346509583	22.9360653320566	22.5128551536174	22.3121047820092	22.3973298800623	23.0111464291135	21.7951291694064	21.0961495721538	22.0712433391073	22.0191889704493	22.4824779320572	22.5530345499512	22.4039765376633	22.6374581876513	22.6417044884561	22.4951237318832	22.8358810547734	22.1540786590452	22.4208263862433	22.3693822172797	22.4742186671323	22.3759402350436	22.8048176441601	23.0780927557246	22.6161526268293	21.6022459504345	21.7860472130716	21.8917306619156	21.8117062884625	21.685867614996	21.8262079140151	23.0348199463989	22.5277614336327	21.8367595795585	21.0158231215355	22.1265604265487	21.9009935506621	19.9258118646864	22.2322466491307	22.5395507830343	22.150646790209	22.5178095072716	22.7644190758855	22.8405414300899	22.7788785341329	22.2186500164504	23.043455746918	22.7773981135681	22.4820886966424	22.7144183045636	23.1159446092287	22.6932937576811	23.2717415259163	22.5452945300974
"166"	"MEGAHIT-MetaBAT2-S938.148"	0	0	0	0	0	0	0	0	0	0	14.4020832782539	14.9576096950564	0	0	0	15.8130619781361	0	0	0	14.3706583159931	14.8549547671223	0	0	14.4600363962573	0	0	0	16.1922940809069	13.9803873054137	15.7404276214657	0	15.6996978996979	15.0267680342109	0	14.6491326124259	16.4495076214751	0	14.9431143033127	0	15.3017191452467	0	16.1832935199876	0	0	0	0	0	0	0	15.0650359458412	0	0	0	14.4856376109842	14.3347379825542	0	0	0	0	0
"167"	"MEGAHIT-MetaBAT2-S938.161"	21.8409147367479	21.464090659919	20.6908751171018	21.0730272789138	21.1572417814304	20.8284993364032	21.2089648494038	21.0291081324721	21.4455974065799	20.7138743949311	20.030849723779	21.0954241802806	21.1249179905957	18.9349084166768	20.5735939315295	20.5814301805705	20.6678510111423	20.0109335848365	19.7871094861557	21.2431608470838	21.4964584985044	20.6854608785616	22.5149127143354	20.1966269343748	19.6400771226948	19.9766492975568	20.7382715723851	21.1228089816174	21.6449990053179	20.4589188406503	21.2731744158693	21.2152615456674	21.3365184549356	19.4972748145019	19.8229968011649	19.9821168183611	20.9119268604701	21.4561186381083	21.4924671923753	19.4401655417095	18.7893975229287	20.8289123046561	21.1131989202826	17.3543061666343	21.1400255334548	20.1874480036771	20.7949034124789	20.8565859573546	19.9827693695343	21.1320937747673	20.7621518207012	18.5877982151899	21.2740220017615	20.7670896196916	19.8721900984277	20.6064356786285	21.3087553069521	21.0592420529396	21.2111079608876	21.2807772937148
"168"	"MEGAHIT-MetaBAT2-S938.190"	22.4300235029773	22.212193488497	21.9933389677106	22.120841697085	22.6192420857691	21.4943001523449	22.2031594194283	22.5848629361187	22.2803448795252	22.1833938707128	22.5655363135438	21.9303422387809	21.7170807996716	20.8710737421107	22.2946971609941	22.1016377498419	23.3055169882717	22.197598768158	22.4769090902535	23.0842020641478	22.2870467413197	20.4504186010961	22.2012240030966	22.2077274542074	22.7228092345055	21.3383260565614	21.6438202913112	22.2325907501047	22.5888593220797	20.9998255252175	22.0213903147208	22.0581935389912	22.0473322495121	22.0072432888923	20.899274111084	20.7299493270424	21.9427269074235	21.9192116785858	22.4791275624856	20.5410835648615	20.4464571748163	22.095568506369	21.7973198645747	20.0843111406341	22.1854057406843	21.5770931136413	22.1682730188811	22.7176019158985	22.3386502241347	23.2443997082583	22.7312276422694	22.6246236920595	23.2885546921764	22.6072084670153	21.5692575444698	21.4065231042939	22.2058493024952	21.7157749707795	21.9530853158908	22.5757385754243
"169"	"MEGAHIT-MetaBAT2-S938.43"	19.2014223497282	19.1848566242052	18.8723791281972	19.7951904794004	18.9629894550919	16.6562040070514	17.1039481447322	17.3669371487141	15.150150874679	19.3445304510189	18.8113106559059	18.5090252505441	18.4031095124285	15.7815963072007	19.5188353071621	18.4811233110505	19.8992092858198	17.8035459634391	19.332218923628	18.7016586411492	17.339576871112	15.6016134496898	17.9218582341147	19.0992687043701	17.7397493341382	16.1505419554563	18.2634398497212	17.2593865668422	16.3201887203554	14.9780013161379	17.9149236753234	17.9907942687282	17.4883191039657	18.5661771285504	16.721443999223	17.8656983480934	17.8274424821725	17.780786055056	18.1450475390587	15.6713118257621	0	19.9733246174151	18.3404910612273	0	17.3602733849975	17.5781599328588	18.8071219891807	17.8818555159385	17.559597160065	18.0062402936828	17.5733037490735	18.8028583706225	19.2749872685788	17.3758735122806	18.0136236442021	15.9045932789257	17.6753095365799	14.8619373353996	17.1305545399517	18.8297357123049
"170"	"MEGAHIT-MetaBAT2-S938.66"	17.7104551606677	17.6226616688193	18.4365734545836	20.5005185372461	18.4519657586656	20.1493671458833	17.366269739933	18.8252922916034	20.8837542476726	20.4167700318231	19.9682966993424	18.6079377260512	19.4385753058346	17.6672139181766	20.9987444754433	18.9352678827618	19.6432889651394	19.0919260839426	18.5757784616822	19.9254057653988	17.9088918266424	17.6206303464728	19.0773032789008	17.6360020058851	18.4246309675861	17.1089880454376	18.3662283339865	15.6767833756017	17.9726265202753	17.5171814937676	19.5777879332235	20.2775317262567	19.09554718752	18.8981465265659	17.9449413790523	14.9729109211089	19.883396567864	18.795115518185	20.1897014161701	17.8305788019264	16.7875223489817	18.5049371515202	20.2524756701998	16.3079687558729	20.0608539094992	18.929910235393	19.1541949924335	20.6354621795835	18.4136086878901	20.5571139840333	18.8013091895353	19.6067226966978	20.1119393289529	19.830814559944	17.8712799253686	17.5902663509167	18.1718712495077	17.6382689105039	19.3139614927293	20.7705979049575
"171"	"MEGAHIT-MetaBAT2-S939.26"	14.944055549992	15.5581762334341	14.3276057983859	15.6859021233768	18.0401575579814	0	21.6654168782684	0	19.7357282173799	19.3530224356275	18.5330013473129	19.0406669892837	18.7878301809414	20.9840862791499	16.9838310925333	18.6568567752701	0	16.6563400086621	20.6939680432098	0	14.4983934050401	17.3781971801241	21.7093585053568	0	0	19.2399881387413	0	16.2184645553388	17.1180624666685	20.9138965854066	18.2308182158844	16.0106698227917	0	0	15.4807781310485	18.154955096997	19.2558243818761	13.5074299933145	0	13.0695886414198	0	0	0	0	18.3865507559869	18.8703986753522	15.4973475502864	0	0	0	19.5041248166643	0	0	0	18.1590024233324	21.6063092463879	15.6408257307453	18.872969950754	20.645007901955	16.6207246895288
"172"	"MEGAHIT-MetaBAT2-S941.34"	16.399512767548	0	0	16.7093942025484	14.761538948864	17.0524054812246	15.879325779115	17.167486959571	18.3484926992943	17.2926905514976	0	16.6204410441665	17.6486570735025	0	16.4320928925245	0	0	16.2634561271153	0	15.8761077045658	14.7538535649903	15.7238626029266	0	0	0	16.048164863091	0	16.2612106405391	13.7569840203552	15.6580969805737	16.6773775348127	18.4970588890202	16.2186255419802	16.1255824725585	16.0745831189728	15.3257568698453	18.8897915837345	18.1089395597551	0	18.5502067507518	14.0567958553052	16.3411268232688	15.5282182812672	15.3476784516021	14.8258744138333	14.4452589181348	15.0057840177746	16.4156186482074	17.0513140702275	0	14.4275099323496	14.0995389740384	0	0	18.8007067791162	15.966012283009	16.2941192123041	17.2639972955999	15.7124250640527	16.7480738399168
"173"	"MEGAHIT-MetaBAT2-S941.86"	18.6757579897105	18.4258413769708	18.1856671154665	16.4617654735246	20.0725447561775	16.9840008121345	21.3694560713251	16.1946431826696	20.2191595390491	16.9921815093057	19.3587647988516	18.1429329898557	17.8778568117657	17.3305488980559	18.3887660030185	16.6106056465611	19.4111259688046	17.4823038174552	17.9789748377234	15.578561701454	16.9611508405599	18.5799678324043	16.6344231321157	17.3166534756362	16.6081146948012	0	17.0973307699897	16.7120340339237	19.5391557588693	20.5630549881415	19.364003438093	14.5938903584286	15.5261097520062	0	17.0742352992606	20.9054394628682	13.4567742875845	18.871745846526	0	13.9885388105231	16.2649757482421	15.8468252839727	0	0	16.6697545151082	17.5806235987748	18.34904538	18.5174201416144	17.4766208495467	16.9277699211284	18.3690439323274	16.9053640017739	16.8265447770331	16.5310458896862	18.3165260427647	19.3135415745828	18.0423798361675	20.2333155710422	20.3652543366715	17.5460074811464
"174"	"MEGAHIT-MetaBAT2-S942.110"	14.2271641567738	17.6645231186468	16.084532905855	18.9057843239998	16.5876609221131	17.1097380602376	16.8288012790287	15.7558510730452	17.5683166030881	19.3555093389041	16.493767565391	16.7242712312852	20.6005485188046	18.7403420252411	17.8207168428069	16.2624481924796	14.4672639739971	17.3468478285671	16.5795195055994	16.9229609273783	16.0690129142612	18.2148282272519	17.2160451002677	15.7291772684404	15.9833245095676	17.1896128522553	17.7098148799873	17.7924205690885	16.3311390125705	18.2010390320377	18.359176378422	18.7132039252034	16.4759303837949	17.9155840803987	17.4587518276966	16.3824139961284	18.5865160827055	18.3168928591326	17.247287626474	18.3891606576174	16.2085437550573	16.8909112353168	16.9853905049953	0	17.849821459548	15.5582917710175	17.2771098795967	17.4926019376491	17.4886155675079	15.2074136586939	14.8215563254385	16.4292955827381	14.8561773363561	14.1515132233998	18.2612568055256	17.0380889364242	14.7544001597415	16.2824578791154	16.5661375378299	17.4738479424779
"175"	"MEGAHIT-MetaBAT2-S942.153"	16.7787729908339	16.5516795810434	15.6670907121325	18.9011154833264	17.3926173048246	17.4786073498903	19.0919969323644	16.478643206111	18.5820091527608	23.0173667346508	19.8214588963527	19.3635862489891	19.7239323394474	19.7391795125154	19.1449226614067	16.7888860422925	17.937614688037	17.7086121005118	16.9424624555681	19.5855357690805	19.2784396056476	19.5020572131377	19.530887143223	17.4344393716848	16.9388947480404	16.1981998667936	19.8257360538204	17.2186110409094	18.2803977576442	18.7440528131848	19.9811909833319	18.4456284308012	17.6985239082048	20.7157745159488	16.6316605438498	15.4250177253465	22.2098106073855	20.7592599314889	17.2457695780335	19.2060399374665	19.0736259447294	17.162253878193	17.1144623916821	0	20.0537684517561	18.5591714027131	21.1784233655069	20.2659899371292	19.4576269112779	18.5242267643728	19.6700027874011	20.6598320250144	19.2799505421544	17.7431222811764	19.5634923517337	18.9745604713459	19.9607757950241	19.6245168329805	19.8243650750681	19.5691141625448
"176"	"MEGAHIT-MetaBAT2-S942.30"	17.3749817086407	17.7234399223466	19.4992925159075	19.3553995238183	19.6105976610366	20.427243888807	19.1487096483716	19.2992508303438	21.2943232338699	21.625251752601	19.9962158792998	18.037417911504	20.6557870109437	19.1614341810783	22.0290053818881	19.6478663715712	20.3684879107924	20.0184339795928	19.6365064857411	19.7653314701782	18.4182044153654	17.452339450451	20.8229854261322	20.5775869881137	18.5761952579282	18.5087761479095	19.2238946229725	16.9039660733559	19.8287000177337	18.5949258102298	20.6237888108109	19.1650260162347	18.9605825119988	19.2046437354626	18.6852991155592	16.8835813392507	20.9567217431335	18.8712926058154	20.1822304175802	19.0159687660956	19.4486176822049	19.6332936098316	20.6330894958712	17.7503786640949	20.2835340512999	18.9054987961072	19.5869608269972	21.0029573162092	20.0962487740634	20.3717327284589	20.2794813552839	21.8822541250494	19.7378714328101	19.8254860457576	19.1931746748228	18.3362820031817	20.725977086953	20.5620231525484	18.8516319490021	21.4536294118191
"177"	"MEGAHIT-MetaBAT2-S942.31"	19.0902584995452	19.0842886920843	19.0984831115535	20.451381009814	19.7772764261572	20.4914680234683	22.0597658423044	19.8683523343203	21.6656246724988	22.3391471964845	22.4985582663696	18.5431059132282	20.7683984402866	19.4125015116536	20.818007421443	19.6810873464873	20.047615476824	19.0693161254476	19.9096687320088	19.3917162717809	18.2585059420769	19.1384936672183	20.4658034182216	19.8178253005853	19.2812453898655	18.8198326227265	20.0216938491982	17.1657621513798	20.2224031838068	19.0274687367871	20.3234176671488	20.4070210341308	19.3037856878808	19.131515216872	19.3295172781482	15.8620131519235	20.3426198869946	20.4350272222749	19.6915483793	19.4615319804401	17.0339901665299	19.8814802041834	20.1532943898661	16.6569818323702	20.7026639711321	19.2265690276785	20.286686562598	23.0119987249391	19.9886532290464	20.2563901026515	20.1521836977517	21.8488170226635	19.9161544999901	19.0937718016429	19.2271225684235	20.6439223626361	21.2974051493324	20.6495625751538	20.1857022188138	21.324237558681
"178"	"MEGAHIT-MetaBAT2-S942.43"	19.7007544216077	19.9048123483013	20.2652493056301	20.22546824937	20.7707728640323	20.0910692023378	20.6601761446793	19.603924661804	20.7044199722234	20.7605783112457	19.9276792374581	20.2182964462041	19.8355676106628	19.1510724376427	20.6200708223488	20.6697277732928	21.037403753124	19.3873551488294	19.7919222285478	20.7102626886569	19.8448480107551	20.1952334251767	19.3673392033152	19.9789161432212	20.0054979655675	19.3942301371712	18.8733475682587	18.9611999059626	20.3157425168224	19.2372459937551	20.2394352650632	20.453777760912	19.6031538032164	18.9253085025021	18.9683354875168	19.025035494972	19.7779064579803	19.4999114449972	19.6114504655232	18.8197585663988	17.4968270837508	20.2603649666821	20.9536756207682	0	19.1960373325716	19.9321040678046	20.5406471975076	20.6961043523091	20.4623879427588	20.5134439943229	20.3483033434558	19.9722814253041	21.0699625190261	20.5905034642436	19.1664747430438	19.0387513932347	20.0718136168118	19.6697566468171	19.8338434814185	20.6279248689024
"179"	"MEGAHIT-MetaBAT2-S943.132"	16.1119590610029	18.0426680193646	17.8604285496904	19.323695424178	18.7637682187208	19.4315799903716	18.8638701428549	17.5881612194739	20.8459788296796	20.9036716156822	21.35197070627	17.8330505250023	20.6382648813928	18.9390722393522	20.2729278177672	18.7104427262999	18.8908399193153	18.2818556604422	17.8148979074962	17.6546469991472	17.569119889079	16.7205928760132	18.9812289772223	18.782021723418	16.9786261279017	18.9331001040399	19.7254706597479	16.4749639174824	18.0246265936774	17.3531154306287	19.5760794411137	18.8641651059221	18.4451491732835	18.7181185759896	17.8416263433943	17.441251298418	19.1341357738731	17.931937130292	19.0289452915044	18.1959097735846	17.3517747470911	18.4174032179422	19.6448843128391	15.6300724318817	20.1734604768613	18.9998499378925	20.5405876382003	20.8493693845731	19.4358484687555	19.5018096521308	20.3322000899353	19.7515322352494	19.4297399757328	17.8764440128795	18.4858372240588	19.1840988146025	19.9520571158592	19.7134064574068	19.2718270348995	20.6063504044092
"180"	"MEGAHIT-MetaBAT2-S944.121"	18.9791615446055	17.9634412110336	17.7263931541222	17.9566824497726	19.062387843508	16.7136529678115	17.7876266948475	17.9053041508178	18.1822580029122	18.8865582494103	18.7928744141412	21.0175344869478	18.2287891137856	15.7521508934688	17.7561186653006	17.6611207412014	17.0033264322986	17.8210831766104	19.052051704855	19.0088955258255	20.2724025497561	17.0953484821823	19.3703604663193	18.0050957882748	17.7080756167247	14.6954498461993	16.3359263718602	18.2943653727395	19.5715607622811	17.2316511435631	17.8906060406918	15.6329448379104	15.7195873206554	16.8667269855596	15.0555857546988	18.9323372159057	15.1900582013129	19.6462207456634	17.8723604412152	0	0	17.1275368807218	16.9746629422729	17.3741555256848	18.8574411617586	18.5566581349323	17.9188486566817	17.7944831644247	17.8300674938356	18.5238596502557	18.5673742321054	17.4108037450425	20.09173718134	18.2973019522002	19.2216915965045	17.3537896513981	18.9513734249585	18.6086397601749	18.2600903284025	18.2581985481575
"181"	"MEGAHIT-MetaBAT2-S944.127"	14.8655583153264	15.2338316526911	16.2001234329482	18.1535018464325	16.9452464814264	16.251971611146	16.8837590852184	16.3179016882039	18.5536005370854	18.4196781450371	18.4072473840558	16.8523716143476	18.410439760324	18.4156475277278	18.3242046456975	17.7568636229063	16.5645199177254	17.4769963796554	15.6441983703593	16.889605776312	15.4756185707878	17.9260198170806	18.2509669953521	17.5130636092606	15.4583774570117	16.482709261529	16.7517092538647	14.724452860928	17.8189408247431	16.924853955415	17.9930272731029	18.0247043287849	16.7154063475122	17.0896165830577	17.3379452574008	16.0932413591992	18.7007054942888	17.9687090668945	17.5245476032334	17.4098084718212	0	17.1043172857038	17.8395831027895	0	17.5360967614939	16.0918657776226	17.6683962783468	18.4638020196467	16.9748713636544	17.907393596373	17.4597020695233	18.2704505168123	17.384907804939	17.2888532602673	16.9140856264139	16.1617046370375	17.7264834818599	17.9796124664494	17.0565546048236	18.2688993489285
"182"	"MEGAHIT-MetaBAT2-S944.143"	0	0	0	0	0	0	0	0	0	0	0	0	0	0	0	0	0	0	0	0	0	0	0	0	0	0	0	0	0	0	0	0	0	0	0	0	15.8535552496936	0	0	15.5773934742999	0	0	0	0	16.0002318187598	0	16.2003575231341	0	0	0	15.2854155350852	0	0	0	0	0	0	0	16.0361313937806	0
"183"	"MEGAHIT-MetaBAT2-S944.7"	15.5577753249091	16.2956796409406	15.5864186318197	0	14.1245858153744	0	15.6606709707898	16.2254836427936	16.2818202868387	16.0936463872615	16.1668381085517	13.4026457785634	15.6398074280315	0	17.0269489581065	15.6845719570779	16.426371807371	16.5005187225978	0	17.1095859830669	15.0600569577394	15.0066775834564	16.4671825813835	16.3276125492114	15.0350800112627	16.0946275426963	16.4245140067032	15.2721636101475	14.6429578120742	0	0	16.419203019949	16.2820958888379	16.8770745219246	15.7562081619257	16.5997824882036	14.9637406749575	12.8407432857278	17.4596797002577	0	0	16.0355977631295	16.283025781982	0	0	16.0067630617761	15.2151344024328	15.3826688868736	12.7946070992922	0	16.0312640484127	17.3916395999651	16.5497358028467	14.9732179946908	13.7277255201381	12.5545039123394	16.3627557707919	15.6103517976271	15.005996977952	0
"184"	"MEGAHIT-MetaBAT2-S944.84"	20.7083730201378	20.486282598438	20.6742564958728	20.4595631157304	20.6841594255944	18.4081153687011	20.3064666679649	21.5536593914288	20.2754548477584	20.1394001067525	20.0475411325013	21.450538470595	19.9115354583641	18.947322595893	19.4432760894082	20.3197683798341	20.6775618653088	21.2233904665896	20.7067016939178	20.4216752820855	21.3661868527225	19.937076093763	20.3882974957019	19.9151791177979	20.7015293375667	19.700819014743	20.6949835047164	21.2981867509667	20.768023821383	21.6342254751595	20.2653253778187	19.8811373275912	19.2681857697053	19.8406602406404	20.3499721687118	21.0174774535758	19.7993813341329	19.8107576501663	19.0696141619687	19.8666832529207	18.4373635033639	19.0473642243512	18.6273151820715	17.3699744917682	20.0005685521774	20.7662930064118	20.0906470260988	19.307339162073	19.3594358988282	20.1685957424575	20.9383795707771	19.8023791718256	20.3713984162453	20.2465470427383	21.4170892094598	20.4778925142336	20.344143599305	20.0811877416114	19.9357753846976	20.4937506085715
"185"	"MEGAHIT-MetaBAT2-S944.97"	14.8000841416569	15.8049386762232	16.3085825367668	15.2510612420827	16.3735712216003	0	16.1463689019265	17.003167324257	0	15.2258329864899	16.7120915325159	17.2517194535333	16.5049498237741	0	17.5125694868022	16.9818365528658	17.3697366068977	17.3174812906075	16.9199835858727	17.576550422898	15.5916096080071	17.0644650893191	17.752945755644	17.1029098005267	16.6933321139327	16.8605830312913	16.9516352988087	17.6271291236601	15.6163521913334	16.5866695401503	15.5633395708156	17.4435086126727	16.9768616945311	17.3547411209507	16.5955136076829	16.823027656453	18.2382773756543	17.2260222487306	17.1188390672155	16.7728423310445	0	16.6580950052067	16.8658281960336	0	12.9897308307093	0	14.6312318928944	15.5495438983644	15.5930162491505	16.8458399605609	14.8137611371842	16.3637904533999	17.0496779927655	17.0325119823602	16.7087989862069	0	0	14.3744585289773	16.6897813162248	16.2866868240907
"186"	"MEGAHIT-MetaBAT2-S945.103"	19.8107375373409	18.8166251900163	19.3060859513321	19.4743969856858	19.3074090507181	18.671422293051	20.0000100740387	19.3537427569686	20.0959742964783	20.3482127448662	19.2891561020802	19.3806586944959	21.217966533641	20.1581929896633	19.3579966665166	19.5732539686998	18.1027710469569	20.4376939248093	19.4425286251694	18.2687054951071	19.8646742626364	22.1703366049085	19.5373070806698	18.3061558503389	16.9191121138555	18.1695196594305	18.7566398694699	18.6298776905182	19.9717534196713	20.2828922859672	20.5602629819363	18.894759697816	16.9261000049334	18.4348171602622	20.4846637319328	19.2413557965804	19.1348108412666	19.6106481115221	17.4976052285892	20.3703961055201	19.1746357322794	16.9070317213227	17.6825542521596	17.8699541032069	20.6640397524401	19.5392113833876	19.6515358281105	19.3934661125903	19.4489663649674	18.0487390467732	19.3511416491884	18.7212443078143	18.4854802287701	17.9139352462568	20.3510641368025	19.6676597579101	19.3986871534856	20.7918264198077	19.6390142264383	19.8620566715017
"187"	"MEGAHIT-MetaBAT2-S945.11"	16.4618127631597	17.6628773651514	17.3283090586222	19.4846520825315	17.7058436313468	17.9925855040238	18.6861146996815	19.0792804831886	19.1804610991963	18.9374259412689	19.9428407575087	18.5736804798845	20.2599887809359	18.4041606977464	19.9306409821001	18.9972742126013	18.0139890723095	19.0225816511232	15.755493235495	18.7039842972968	18.1870124565559	19.1555757362629	18.1425432819716	18.6294123606145	15.239906362157	18.889121506126	19.0952259215978	17.175252505115	19.0529264475996	18.6473919460155	19.1742405217953	19.3772449929596	18.829457369802	19.1845765863541	18.7201309885626	17.1459087224556	19.5198621242808	19.2103212011904	19.7262995717512	19.4919499334193	16.9003148260598	18.1527868257783	18.9303649505219	16.5617185847425	18.6081683935801	17.1178768608355	18.1232339780778	19.8210415108153	18.1841508209569	18.4512906381227	17.115590831092	18.9761962192308	19.0491403260771	19.1516071558934	19.2657996783958	17.7965135852652	19.0648881828986	18.0076440955177	19.0447306510927	19.1877511962477
"188"	"MEGAHIT-MetaBAT2-S945.128"	18.4599735897225	18.8718468099448	17.7552383107604	19.3342386212469	15.4938112733313	16.7706597225965	19.661071050676	18.8598739849764	19.845389938355	19.6398726628782	19.8006043038877	19.9567501090442	21.0173033243437	19.3159107486547	20.5232175990315	18.2861932901608	18.1571125242084	20.2407543654454	18.9602784481581	18.6420385346433	18.0295278622063	21.2560983531881	20.8826769879452	18.030380829232	16.7859331763156	19.7081122506069	18.6975696886191	16.9419500266878	19.692287905643	21.1112682303892	20.2716552078473	20.4587010970817	17.7282196531266	19.5171434450129	18.4618349754425	19.0841000157052	19.8317603952097	20.1596231151483	17.8272672690954	21.66971586787	17.7351434756242	17.1547744927969	16.9977780696658	16.2117193492043	20.0795103639653	18.413227699008	19.1527188965284	19.6104986696451	19.6817569339596	17.8051739883464	18.2756780125735	19.2719213104574	18.1812819387834	16.8515158782518	20.2261390919829	17.5211900609768	19.0728687641676	18.9721236724803	19.1405657389108	18.691965459962
"189"	"MEGAHIT-MetaBAT2-S945.135"	17.3192519699779	17.0901697237514	17.2813339112447	20.199948870281	17.7291294620704	18.6252680156019	18.3612476593234	17.2156852713492	21.7043845045888	19.3072587592121	18.3599941258958	19.1360904356465	22.6710233473857	18.5987759592361	21.7081305477745	17.3346891867464	16.6511603531272	21.232506616481	19.7777752900132	21.0757196135586	17.3376612968323	21.7052765407754	20.9016378747506	15.8499698888201	19.1564784484242	20.3868779630206	22.3218594173411	16.9524108713968	17.9377000715808	22.1802428280343	23.031557104981	22.7938999807675	19.7519094651624	22.2498934030155	19.4600529767023	17.670575817682	19.8534714220356	21.8587247981442	17.1406382089174	21.0046356895729	19.5289198504954	17.7041975199129	17.682586295615	20.0478497215117	20.5032991908759	18.2814092643	20.1606726895709	20.596565541321	21.885264742925	17.8999015775611	17.1152547781417	22.1823672636908	17.6788951738586	16.7792878648567	22.2773542764071	21.4818292566748	20.3102403177447	17.651939696863	20.1918665011514	21.2278471784627
"190"	"MEGAHIT-MetaBAT2-S945.140"	17.39363980981	18.5925385101771	18.6841245932634	17.6749393023572	19.4906411436171	18.8322805576316	19.1062521416659	18.1405341444024	19.0285246935511	18.5444441645336	18.628766902612	18.1779836800242	19.3746595740593	17.2467449209258	18.9411201250219	18.8615656323898	18.8683888843734	18.5474370274391	17.6442541484707	18.5564304983213	17.7534524379645	17.7004078501114	18.7425292432249	18.7350475622991	18.5864797639095	17.7054635690778	18.5177553157333	17.2990806392717	18.2859675470699	18.0605073062447	18.5424417299955	17.9345079871377	17.3322918114652	17.7251260189185	18.01930353282	16.9603193190063	18.1124360478014	18.0336594803122	18.5236040802137	16.8815959998831	0	18.0705331903113	18.1198945828123	16.5844842146509	18.4843481175775	17.9677886487175	18.2486774435667	18.4497579340899	18.9612959693086	18.991137552778	19.2180120698874	18.4161303745774	18.9954237967466	18.2687513376565	18.3665113899749	17.5188012138736	19.1084347981805	19.0564186033654	18.3457634722678	19.210809495177
"191"	"MEGAHIT-MetaBAT2-S945.141"	23.7035722676584	23.9251406054628	23.9085978628601	22.8560344311595	23.6630884000429	23.2372421491241	23.2879505658497	23.4156136787206	23.0711431062472	22.5557193567772	22.6761911531555	23.522261435672	22.5156455608716	21.7235985843387	22.7286131028487	22.8548458377293	23.4613943901778	23.1392343439142	23.3325201004723	23.6309048814134	23.2472420166984	23.0466135380838	23.5712370852897	22.9307673471344	23.3160800654922	22.8137601125055	23.0291923335344	23.7543945871099	23.7305732678682	23.5166585502583	23.5140756173941	22.7980898150663	22.7371232153149	22.6651568643258	22.8530643606659	23.3535180009464	22.7121056159062	23.0121055726983	23.2391166791959	22.2829064653233	21.6391936023385	22.9464632533191	22.4365186918377	20.6554913924545	22.8499945969685	23.2412853262152	22.8961694729284	22.8658352074323	23.5506431923791	23.5089090213974	23.3274357497612	22.9399137237277	23.5316997723562	23.118978740797	23.6317131546825	23.70613924782	23.503026086101	23.4632490792448	23.3682758082662	23.1971505824163
"192"	"MEGAHIT-MetaBAT2-S945.152"	19.1991582774339	17.6554062773916	18.6226815677759	20.4390572113482	19.1681807447195	19.2087770570062	19.8192894516216	19.6064746791868	19.9637659421719	20.1724319866064	19.9316914152393	20.3424275598286	20.4701943521742	18.6833588697199	19.8227586350599	18.5616241923685	19.6219650722999	19.1962621172556	18.488468756569	19.7677698758933	19.4570958954078	19.2673080234928	19.2598227863221	18.7409861149293	17.9670055117843	18.5470831773606	18.7257169566138	17.7865183752059	20.1087837303873	19.2582495077308	20.4970073237907	19.728110914638	18.4102730113921	19.1743472872422	17.6120129924664	16.9444918833205	19.2667814895303	19.8912837674399	19.8757969091238	18.3688373092428	18.2799895011375	17.7251234047187	16.9669724042309	17.1878987619192	20.0382820635998	19.3686046228341	19.6940866414506	19.8540556404182	19.9395295803783	19.6836999834193	19.0205612414707	19.5743771688149	20.5654080564924	18.7188779228412	20.4551159592419	18.8596649682104	20.3483965192481	19.5109467241211	19.8028116314566	20.230821910263
"193"	"MEGAHIT-MetaBAT2-S945.168"	17.2472855263374	17.4159225398766	16.6988326620759	19.4748750796498	17.2574711997361	17.5746555820933	18.0779006925036	16.5263828954684	19.6570897122863	20.3774830089538	19.2652447707752	17.6615470046437	21.1299377745044	20.5725158804934	20.7024254204218	17.6991074477944	17.0208956482798	15.241244371271	18.299250982906	16.5032822871634	16.9790331895888	19.2327516818697	20.7901301675569	18.5554199910118	16.5118849082709	20.0336209898602	19.8506763035202	14.7339987893588	20.7538178524041	20.5763637796411	21.1029887475154	20.6891135303264	17.393813126475	18.239504793862	16.9923153108063	16.932142717494	21.3904758658852	20.0183905832847	17.4714614539731	19.5860488168942	19.5923879449208	16.5812765005173	17.9768150168453	17.1048705410012	19.1144000005513	18.6367996156696	21.2090777217695	20.9771262030434	18.7782125912929	17.3333408475817	17.7875026558375	20.6821519945814	17.7952802010087	16.720077919723	19.3481934581973	19.8886314765378	16.0775671042527	19.9109897879396	19.05861143988	18.4248299937624
"194"	"MEGAHIT-MetaBAT2-S945.32"	17.1236443860198	16.3585602019103	16.6936293369801	17.448109762766	17.1177449862757	16.680769348211	17.1603476564291	16.9122071355845	18.5348330837197	17.6674951194056	16.8804396702403	17.1721210133498	18.4531000261253	17.2326598744331	17.8006346854409	17.3765358044404	16.7902500986172	17.1302938691073	15.631142433373	17.7571363371369	16.9366332953056	16.5878872313396	18.0498156857754	17.3028994712994	17.3206701065267	17.3891372889031	17.6158009974466	16.63629780152	17.758375475133	16.4207043949773	17.6452118603327	18.8771833598182	18.0705893801934	17.0690456953835	17.4115942875496	16.7459241057032	17.9373625924841	17.2067242946394	18.7318166083269	16.2231432430625	16.262725105458	17.8933206751823	18.0829879619556	15.3686368530473	18.6031196677349	16.8187671208431	17.415315462879	17.8277139114956	17.7050509189491	17.1849103977643	17.4985009015457	16.618578028392	17.3315389999682	17.0343031339217	16.4155676514495	17.1637641845418	17.5977987048702	17.2681968478388	17.2779884951615	17.3970471621119
"195"	"MEGAHIT-MetaBAT2-S945.70"	16.8471840956986	16.9037506585254	16.9069065643502	18.0060480256615	16.7938435580368	16.0685463067882	16.7052804541404	16.446173136385	18.5709344620565	18.2671887940222	17.3606292205064	17.5322902723132	18.8384706752209	17.7935120155892	17.7422423346834	17.2081699403637	17.0007660910527	16.7373095228816	16.7333167010172	16.3897506829601	15.3458131094042	17.4393367349907	18.589993979254	17.6732270280903	14.8425679112382	16.0700585790707	15.6600751428013	16.2529331067811	17.4738622687673	15.4133803032624	18.5370751215216	16.9872201921203	17.2783949242072	16.6291690025548	17.0610808728021	16.2455268022099	17.1358718941495	17.1519460722393	16.5034621300401	16.0968821436624	0	15.8059022623713	15.605190425425	0	17.823420932774	17.1530945347032	18.22745286097	16.0858548000979	17.2924928101613	14.5239097758976	17.2148119324312	17.0139256400575	14.4065300565047	16.8510763233209	18.7617188644967	18.3039903961367	16.9028004847352	17.9287889178394	17.5514156873647	17.6729949263965
"196"	"MEGAHIT-MetaBAT2-S945.92"	22.2889551842768	22.4162834285231	21.9809767692048	21.7272237087472	23.2206342489006	21.6768738133778	21.4723405000596	21.9917173727691	22.8328775818422	23.2913170448651	23.9301106340825	23.2707855126268	23.4307493422318	21.4217601324596	21.7892112154303	22.1771474540953	23.0705576499339	22.3513727684247	21.6413341430524	23.3988308265325	21.851881405243	22.5366459933921	22.2887190310916	21.4911079190487	21.9824731976188	23.3237044580578	22.5308023578599	22.0438752234611	23.0595979762428	22.6524147552165	23.5410795953006	21.347142730169	21.2999466270551	21.4122086350079	22.6887295140532	21.1480938825931	22.5360479610305	23.0473653162424	23.4512641221102	23.0375338052251	21.9816799275365	22.7456149023367	22.4224686005029	21.0581192083471	22.3338374544466	21.8994159129524	22.6451756731529	23.237512254537	23.3104564992667	22.4011533727093	22.4957624861805	21.675505991536	23.4805929190196	23.6924959232432	23.236007339565	21.887364642116	24.1287586038193	22.8410682302765	24.1855776309507	24.2570640737974
"197"	"MEGAHIT-MetaBAT2-S945.93"	18.5699316495142	18.0093163702238	17.585097360306	22.2827555758783	18.8457108719847	17.6104084819122	19.1642195979176	19.2104779685943	20.2065816262011	20.240066472674	19.7016644329319	19.4285931765913	21.5798688770242	18.7134779895049	22.0411138637391	18.2743944621365	18.3743613471929	19.0701397971072	17.928752679247	18.4006324465268	17.7011818804084	20.5344943936697	19.3805320872023	18.1963318708309	16.7217223345635	17.6905751283863	19.3363366962786	17.1281198549493	18.6126048638991	18.9207676442523	20.1681802857105	20.2644802208613	18.0156624396098	18.9333616144886	19.1528435982562	18.0282884326376	20.893817447045	21.2940100594792	19.4310855317334	19.5114850760564	18.1199598376346	17.5445350368491	18.5254051130879	16.3507450699361	19.2235387401923	18.284556706892	20.9975723426165	20.4262913649091	19.0470831112891	17.6860619914041	18.7989844994359	18.1872714650097	18.1422329138921	17.0718929633632	19.6767471731287	19.3142289473896	19.6292078897437	18.2189677652606	20.4241799870826	20.2158950072487
"198"	"MEGAHIT-MetaBAT2-S946.102"	17.9367263923088	18.2089374628673	17.8066607354018	14.6526391365742	17.4331087138598	15.2350094099192	17.6283155534781	18.6966244660451	16.701202661864	17.2314327325287	18.7071039014606	19.3656316394076	17.5763867702572	16.6367917478825	18.4344863207768	17.379637326987	17.5559674092041	17.8683304680705	17.3963986338299	18.2696895552973	17.9095125558516	17.2676505299307	18.6708025510472	18.2157496208423	18.3131477395773	17.9579141027599	17.4184997442655	17.3186948454033	18.5730420684561	18.3133337665384	18.8434270801975	18.2932313109828	17.4771634882677	17.7369845213884	17.9726907048868	17.6124007587948	17.6354533677999	18.347038989821	17.7990272455905	18.3663604486614	18.0552439095849	17.3538825788806	17.6066080180185	17.4917384560902	16.2407336575636	17.4230447993587	18.1297434976282	18.3255378878069	18.4093131043501	18.3377837520407	17.0562345639023	17.7818661205823	18.3819835768138	18.0897402741831	17.9662101848856	17.0350885740214	18.1168582891308	17.8104514754831	17.3485765543399	18.7135156578699
"199"	"MEGAHIT-MetaBAT2-S946.13"	20.3479424423931	20.6115724183265	19.5962389579032	20.2437452408948	20.0913732484714	19.1188020342247	19.253238779891	19.2923045918744	20.4664891561634	19.6616402923935	19.4485664866776	19.2484630746754	19.881593767308	17.7587914905705	20.0622405945028	19.1631463946381	19.6520311375152	18.6667592589312	18.0245540226068	19.8251501770434	19.654858401911	17.6317051398876	21.3207047235008	18.4805551539818	18.597772269494	18.5940697185742	19.7620876238758	19.5895839970491	19.9946312318005	15.8982243951094	19.3824505197886	20.0741909740479	20.4209848197226	18.2267985947257	17.2330616359587	17.9093765082214	19.757388280099	19.5747440413882	20.1443800331179	16.3129664829055	17.6835161485774	19.9696252778906	19.745303902271	17.0634374090876	20.0358619890092	18.6227476154621	19.5788467294603	20.0792778653629	18.8487654290599	20.2324615520999	19.5777616834332	18.8443168875275	19.9511169752752	19.6461525098908	18.3733988380501	19.1330172993095	19.8165394791964	19.5232414633483	19.7353773693064	20.2361276565872
"200"	"MEGAHIT-MetaBAT2-S946.155"	0	0	0	16.017588188395	11.5460643600077	12.8600487614423	17.4034168985138	0	17.6801257104715	19.044051311311	16.4037775498287	0	16.8246897963019	19.4720031158344	18.2685678299802	0	0	0	0	0	0	15.7967983004437	0	0	0	0	0	0	11.1246201364713	16.3185830206645	0	0	0	0	0	0	16.7727961637454	0	0	0	0	0	15.4886292487406	0	16.7410874944097	0	18.295929574786	17.6283812238808	14.4723353904977	0	0	16.1846900781541	0	0	15.575504284143	0	16.2730895065809	0	0	19.9076345228734
"201"	"MEGAHIT-MetaBAT2-S946.20"	18.0829758505714	19.4136192626808	18.627965339535	21.570618654766	19.0927949378545	18.8649954092368	18.6412490086621	18.8444681987627	21.1401171019747	20.5983751697043	20.8438391434576	18.4701986147539	19.5702255544662	22.7085443839046	21.3028077180561	19.261480589243	19.0717488692596	18.4469455006823	19.1162221446255	18.0790269481756	18.1967466518934	20.0828978575399	20.9560942631882	18.9139290286105	19.6252213664588	18.5066099585351	19.3002227568308	18.8350267223418	19.7103752797045	19.1602933671622	19.3935180746991	20.158547434245	20.3718647396734	18.6392254124482	18.2479347192261	18.1900826738572	22.4104235622334	21.9551477618699	19.594889076705	20.5040237922996	17.141806088561	18.5859440699518	19.0619716295397	17.0088547189466	19.621382269891	20.7199763629914	20.0584885669037	19.3398067594387	18.4044819543389	18.9921115044245	18.4938539920278	20.3798637450196	18.5714057199813	17.9913878675152	20.518962907946	18.4550423243029	19.4385001907675	17.9611570903382	19.3824932954117	19.5515512994419
"202"	"MEGAHIT-MetaBAT2-S946.206"	0	0	0	0	14.6220149950028	0	0	0	0	0	15.5829513747617	14.8760617336681	0	13.5235180587277	0	14.677331675072	0	15.8993022461385	14.9554601807537	12.81962516098	0	14.882853576809	15.323747527022	0	0	0	15.0526166090951	0	0	14.9108620733399	0	0	0	0	0	14.7285201318482	0	0	14.3864618647725	0	0	0	15.3185072146649	0	16.2163408935825	0	0	14.9687692425316	15.6970867885269	16.258282947077	16.2926300482394	16.4268886287755	0	0	0	0	15.8689291750721	0	0	0
"203"	"MEGAHIT-MetaBAT2-S946.235"	17.6212979604142	18.1326861818922	17.5198860529584	18.2589672776676	17.6437463359527	16.8691965455487	19.3965044539114	17.9548586990268	19.0333995491046	18.5726566891936	18.3253217632317	18.5741200143573	19.4732086015918	17.2952151840401	18.8684315988411	18.819117024709	18.2779483470038	18.8329778495581	17.0946830085535	18.6161570257646	18.2639372251126	18.9512888183418	18.6180532961029	19.2005150110217	17.5390930590016	17.8389136825416	18.8697729319034	17.8437329188563	19.5015500018242	18.8011002730496	19.1146721604934	18.7703882258365	17.6345559432427	18.7340092941707	17.6663999187489	17.3267981833352	19.3282806088916	18.2777701545831	18.9906688561094	19.2295948423234	16.7972530401768	17.2786418267353	18.1279077853468	17.9812159865756	19.3723380018078	17.6828587739712	18.5118618445561	18.9989358581005	17.8695151353957	17.5529144934982	18.1461963282527	18.2451935990257	18.2580363538614	18.4569832180796	19.6125795292425	18.4057192012479	18.5198976792866	18.3251444109451	17.8081440610964	18.4244534898285
"204"	"MEGAHIT-MetaBAT2-S946.39"	0	0	0	0	0	0	17.8250466040047	0	13.9954639683543	19.0934468280156	15.0669661263856	16.9799648797716	0	17.3669331548284	0	15.3651131098401	0	14.7141173218677	15.792344719743	0	0	17.2634407096365	16.5242288063416	0	0	0	0	0	13.2437772401604	14.8536244363655	0	0	0	0	0	0	0	0	0	15.1290943291137	0	0	0	0	0	0	15.6511376985229	0	0	14.3861719613185	15.6920810464323	0	0	0	13.8996934735974	17.9776390774559	14.6987084286557	14.4340213257324	15.8147137133779	0
"205"	"MEGAHIT-MetaBAT2-S946.44"	0	0	0	16.5561572550273	0	0	0	12.1461198730676	16.5216975770779	14.6040036669949	12.735164538427	15.3040298409505	17.2693063779076	17.0747823566064	13.4810088290054	12.4286531643163	0	0	12.8635358798848	0	0	17.3954584751966	16.0891993676465	0	0	15.537240803639	14.9164570992711	0	12.5903866919065	14.311852822756	17.0560496659234	16.1123881107691	15.3277967295726	14.6084113729499	14.7193671040054	14.4558928654759	17.0035056905859	15.4730456198436	0	17.0737940880839	0	0	14.745738091135	0	14.0799916790744	13.6934091562581	13.9458511990554	13.8726376129725	14.4932112921648	0	0	15.8319505053517	0	0	15.7822168914935	13.6211233781469	16.3112401485316	0	16.7182695129931	0
"206"	"MEGAHIT-MetaBAT2-S946.49"	16.4196921484057	16.9475887249584	14.6680756665761	19.3898878291574	15.5693044873057	14.6488312630721	14.1827214724991	16.5249707038164	19.3710747628747	18.9465925051718	17.1024344551638	18.1610578513865	21.2204235907677	21.0955252420476	20.1964741348705	16.6804497182064	14.6527736991096	16.1313582176006	15.0498310084638	15.1129290494249	16.9373093571927	20.90919137265	17.1704932125726	15.0133387966714	15.3031588866378	17.2622187544326	16.7359732241306	17.1532988568823	14.9521451092456	18.2718352724585	17.3732288955297	19.5754026013749	17.7634999959961	14.9238440488485	17.2891866597573	17.3152947056353	19.5475812483933	17.8789038720893	16.4178418231473	20.958860200856	18.4440930855698	16.3054255897171	16.5980052812154	17.3367038318479	16.9408971183406	16.5708361219669	16.3219887101006	17.9139930750988	17.0011569534868	0	16.6043389741251	20.1936734137241	16.2068107463313	13.0604611360826	18.3857596716262	16.3737908999466	15.5802817840122	16.8534917269086	16.7133603804624	15.3893887463296
"207"	"MEGAHIT-MetaBAT2-S946.6"	17.2627341953891	15.8635762907485	19.3266864835793	20.3763975279093	18.9706948555618	19.3870422342912	19.7810225786614	19.239652458322	20.2460250982532	21.0349085514162	19.4081497318089	14.5484019624288	20.0974066753556	18.6856170434704	20.2862018429644	17.5223633910411	19.9439582553163	19.0667450120403	18.0956011998902	19.4211097658945	17.7459645908468	15.6544202147653	20.3808932919296	19.2057889227449	17.0763160318023	15.9972222098613	17.5015323831983	14.5686171127685	19.5656116632621	0	20.2714422980935	19.9057633498491	17.8239631043373	18.7443165885139	17.5913981043499	0	20.2996359830434	18.4906611554594	18.8255322723268	17.7572219193345	15.7262209959685	17.8473774450484	18.88687019179	15.1397418068194	20.855408465776	19.3168260709335	20.3026259412425	20.4715701554763	19.4441449961309	19.5667293565934	19.5954529914043	20.2945716373961	19.5061101924897	16.1377183743221	17.6859120782765	18.8979260212687	19.3091033506086	20.1122917262562	19.6748420161981	20.1523139590994
"208"	"MEGAHIT-MetaBAT2-S947.111"	23.210574529711	23.3826765493193	23.4178845851691	23.7425305212225	23.9132440919252	22.5102054777268	24.275829835833	23.6675196701488	22.9954977663037	23.4617527348946	23.588664070575	23.6253915050453	22.3036107813604	22.9126387082315	23.1118326357352	23.2557061933131	23.3345536333075	23.7313907719007	23.2708148858164	23.366725449936	23.3548210857623	23.9015047050129	23.4017769314014	23.0518780987958	23.2171490228736	23.4818000327143	23.6935032370241	23.1271072701051	23.5544531242601	24.0317300492809	23.1314246747974	22.1229777393638	23.1239863416053	22.8365350432274	23.5108170793601	22.8823377696824	23.0346587057127	24.3192811850272	23.7561592190612	22.562786165395	21.5864378959798	23.0318295517121	23.3579531752786	22.2133122583508	23.6071287497671	23.3465579838506	24.0645198479856	24.1924013577115	23.5394388767631	23.3217974649502	23.7835448806605	23.0270253663027	23.5017273036442	23.8227227707883	23.82080511928	23.1997240898853	24.0257059985334	23.7812054589171	23.7374964660107	23.7477947754957
"209"	"MEGAHIT-MetaBAT2-S947.28"	15.6486505972429	14.110345398058	15.937423807681	20.7555046161601	0	17.355841841732	14.8821402520372	17.0667783671983	16.4118727531322	18.0423825205584	15.9154341026841	16.4732183134417	21.7707383250637	17.1807477510869	19.9434943219562	14.5602651778298	15.2788973347206	0	13.5863523449267	12.2659656347597	15.2436370784048	18.128794251908	16.4317904592175	0	15.0834031807396	15.5459781845366	12.8778657839783	16.1061890272796	15.485764721352	15.6906097170254	16.2485228578783	14.7901445880456	15.0023888240106	19.721226633928	17.2055797892168	16.1622258307643	19.3779400353039	17.2604648055591	0	15.185101175027	0	14.932494524504	14.4550250604771	0	17.2574869059633	16.6026586026549	0	16.3642434810706	15.1974260924817	13.7379491114836	15.4783908247617	16.3685335046967	14.3618715769174	0	15.4044197853548	16.720257484324	0	16.1709179919727	15.3726889195741	12.5342102597489
"210"	"MEGAHIT-MetaBAT2-S947.47"	14.7960082807086	0	0	0	0	0	0	0	0	0	0	14.4070354806221	0	0	13.0043860584315	0	0	0	0	0	0	0	14.1717681605819	0	0	14.7513054395309	0	0	14.8967538757534	0	0	0	15.0007392342526	0	0	0	0	0	0	0	0	16.1386671094532	0	0	14.8755143428181	0	0	0	0	13.8526594773087	0	0	0	0	0	0	0	0	0	14.2055636146857
"211"	"MEGAHIT-MetaBAT2-S947.49"	16.5132797122304	17.3853060580392	18.5983141343629	20.4041846404022	0	0	18.8024011905561	0	20.7950582537835	20.5861639122886	16.7364681916186	14.9323028420969	19.728531141413	21.2278517205335	21.0879351702204	19.0498054548158	16.6659348811055	16.3830533449013	19.7994970569374	16.0303171297649	19.0896140249392	20.8636579208312	18.1686845284822	0	14.2602015466063	16.0127015300734	17.6274123966324	0	17.8511695100773	19.0918364762129	18.8844100555753	20.3806749496792	18.4061091644864	15.0875283777652	17.3602428420322	18.5253536088571	19.3093150284228	19.0022097280646	15.3272164928274	17.7632376413955	15.7757157954066	0	0	14.4594193963583	20.6919008486996	18.5680174145096	18.2401577348212	18.4601243311218	14.6172306010212	14.9914144921394	18.1655678893654	17.1974164446534	15.4860028868498	17.3374086952827	15.9624532540085	20.3339636468953	15.4775548900607	19.2056278300755	16.3833581063892	14.2219173147839
"212"	"MEGAHIT-MetaBAT2-S947.59"	15.2213178644818	13.8979626680347	16.679991215153	0	0	0	16.3954833547452	16.2365974088663	16.0447486670471	15.2156377673018	17.6677101988611	16.7150919468041	18.0242289064305	0	18.5010087273057	16.0006471877307	15.5375634153213	18.0979455273106	15.5307492793899	14.7794998082869	17.3632875395145	16.38341411029	16.2993038095328	13.6185896667709	14.5804889177492	14.3001289295549	16.7729385879506	16.770221830232	16.7306592053129	18.0679377302887	17.2523727294646	16.1063331868772	15.1896939074708	14.3883586344778	17.2560852549937	16.7722761656121	0	17.4862874305891	14.4223469743381	17.3831034717771	0	0	15.0162674420316	0	18.1681560707454	0	15.5833070880353	15.9182868736611	16.7795473947524	0	15.6174700165735	14.021795225912	16.4007382648453	14.1639732502467	18.7249880566581	17.2183493690698	16.2851911027823	15.6804392353179	17.9654129003768	0
"213"	"MEGAHIT-MetaBAT2-S947.6"	18.5391342611621	17.6659110657623	17.5435011879226	20.0148770802174	17.4387533530612	16.2405705695788	16.4977336027818	17.8292226225904	20.1973280194776	19.7472581758865	18.4395288127085	18.9009837100104	22.0069836835299	19.3300541466354	22.2185853712344	17.0022096969421	16.4028582559299	18.0645918935954	17.5091185395718	17.8779322345131	17.4390815629748	19.2152060380925	18.5365341690935	17.7495494691878	17.9640516753048	16.9423628886826	17.6630571338896	16.7116427233839	17.4457421023502	18.734491716228	19.663308180929	19.3427465628695	17.4843355086462	18.2212193373952	17.6859091045079	16.160552409617	18.8587728539446	19.0196475718189	16.8934238932419	21.1472428134019	0	17.456637731132	15.4149967442087	17.0430727093619	18.9921532066912	18.3701478997271	18.8808404164947	20.2530098269406	19.1807919270324	18.2499715012149	18.0508199721081	21.6826816231316	18.0803009987026	17.4603965300345	20.1717190966393	18.6392002102833	17.2869442041365	17.9881194027172	19.1943945465683	18.8426344786824
"214"	"MEGAHIT-MetaBAT2-S947.8"	16.9429103494924	18.0628010848209	17.3389554929543	21.4494162898857	16.3169292844956	20.3759018476726	20.2350742964493	18.8786101756947	19.823517125598	18.4623029629147	18.4004936286147	20.1040753950173	21.179799239691	19.5744457614483	20.0037624139942	18.9555220738185	18.1060368484757	21.1968553836931	17.7993204743977	20.5651651842249	19.1959732962377	22.1074130445758	18.9422534255236	18.2927360687273	17.1585815128501	17.8510847401545	19.9576304159949	17.9333859828969	19.8345217985519	21.4413671981061	20.0133187708668	20.5549593531868	19.9627149325857	21.090311221378	19.2983514028472	17.3837866364273	21.1949391536348	22.1719460640293	20.6040865074019	20.6106234268835	19.2361019518902	17.7988112030301	17.6571368257152	0	21.3347468086407	19.6142588970122	20.5312371917542	19.884218576459	20.7364553397208	21.0308107293974	18.5377981858579	19.1813867702136	20.760153409503	18.1521709358431	19.796648916662	18.1526521171439	20.5430792179973	18.9515688036765	21.4806075503592	20.2909497831703
"215"	"MEGAHIT-MetaBAT2-S947.97"	0	0	15.2427044089718	16.4596886324301	16.3942504536559	16.3763635471428	17.4771294121261	16.0150745805317	16.0532782043279	17.6349009161319	14.742784669393	15.815816548019	18.3411137649668	17.6610705357021	21.3555697970865	15.6624471362836	16.9175665302724	15.0546059152232	14.857991163786	0	0	0	0	14.4800521844653	0	0	17.7127566870838	0	14.9076015668197	0	16.0867580266257	0	14.7239808095825	0	0	0	13.8957951084226	0	0	0	0	15.7693713850222	0	0	17.141938635519	15.3707739867127	19.466825529054	15.2009965542111	16.2713800685866	15.0575936891518	15.9676118921043	16.8706525595269	15.218641924466	15.6551087542748	0	0	17.2459598193536	0	16.6242409743145	18.6979770697672
"216"	"MEGAHIT-MetaBAT2-S948.11"	20.446003234897	20.4694598796581	19.7109421799353	20.2225083558513	21.1957443094311	20.3655685343715	20.4982757149845	20.7799128611799	20.551558752563	20.4649046001615	20.4211401311383	20.2453550241006	19.7264931109666	19.7862276365181	20.2855293873688	20.6421343361188	20.8206778246622	20.752710658425	20.2698409946656	19.9181892324859	20.6505501413897	20.7401146977864	21.0918419701474	19.6007697207886	19.6099662216004	19.3179562283932	20.078688015212	19.8623832122444	20.5436187719099	19.5222380198758	20.292888580226	20.1388923158096	18.3321470483092	19.5761779218645	19.9936416934893	19.6514118963462	20.102440876193	20.1121460243161	20.8998057768205	19.7677356813077	18.5029717179934	20.2324071903245	20.0477370311142	16.7891396069341	20.1954792995168	20.0950427741305	20.2577770232611	20.3073501695586	20.2109160885569	20.4682346145509	20.5348890228723	20.5764484236633	20.8238945601522	20.2518258440143	20.0967565065254	20.1417332743714	20.6091778048464	20.489628893791	20.9389461398888	20.7294105868979
"217"	"MEGAHIT-MetaBAT2-S948.142"	19.8571518323328	20.11465756859	21.6573274548996	21.3045036604751	18.3848192278823	16.936051854979	23.4417725320709	19.8477587101024	19.5259497654113	23.4423732570002	20.2506153182863	19.9252746462936	19.894037937987	21.5776847900036	21.484435371211	23.0677426094732	18.6988423267045	22.0667008695366	21.5196412672317	19.3114594449111	22.2518169576568	23.7516048158538	19.5905013740676	16.1249038399448	14.4116434231395	17.0758457273745	17.8258793139477	14.9438610066038	18.940291386913	18.717535449011	21.4414817277285	20.559440828512	19.233748670483	17.1818510345127	21.686179302952	21.740679757502	21.1999140165786	20.7126223585711	18.5169985322401	23.9593350652642	22.0147330143147	17.5244373508166	18.6227887627084	19.3630463217077	22.9186334647651	21.6226223561798	24.4287938990249	20.9400091633134	19.803536931915	16.1917296223485	22.1667563306564	20.4153174191815	17.6788426570115	17.0118890075964	21.7464604008083	20.139657897367	19.9952308098188	22.0065101753018	20.8320512844718	18.7597814481337
"218"	"MEGAHIT-MetaBAT2-S949.157"	24.534781159999	24.0580785816297	25.8625964817015	26.0496786363665	24.8956336009625	24.7574170195011	25.0468931258942	25.7037696258772	25.9019997837035	25.6130159019672	26.2946417566661	24.8961844671304	25.153705344175	23.7701198916967	26.2880506349209	25.0438493758149	26.0469432280445	25.8052114204108	23.3903855818846	25.2860970968117	24.3976578293441	23.4489594966483	25.2775191670368	26.2699254378289	24.8197465563596	25.2431443499594	25.0553373875785	24.1446112827902	25.5507728093933	23.7919500292832	25.9023952157124	24.8593956291731	24.3738972318951	25.6318064806937	23.8760138863975	23.3384838015454	25.560562490882	25.0810069368265	25.7815271313335	23.5692806684109	24.0132293593698	23.9844095644665	24.6184199455473	23.5267611269719	26.344268572848	24.5881796146312	25.6237069110827	26.3386259322046	25.8915000589884	25.5491912912217	25.4489891511219	24.7904876512804	24.8363073750588	25.5064283676298	24.5673756163972	24.9628131896089	25.6485314469803	25.3974737778278	25.2182003584695	26.2184022105157
"219"	"MEGAHIT-MetaBAT2-S950.132"	20.7358238821762	21.2403502998978	20.5119946173442	19.0215084578307	20.1550640860713	17.7714527687895	20.064855580951	20.8613322811435	20.176189573074	20.009293894594	19.9517853351495	20.1288005697346	19.967688802424	18.8340344394201	19.06921874288	19.3542016140815	19.472904135653	20.9617996003992	20.4760636084429	19.7651274813575	21.7918448328192	20.2895403668182	19.8254748762528	19.7131294854946	19.8758157948236	19.8189408150036	19.6242667937931	21.3049882396426	20.8037239193404	21.8347915626106	20.5112422080124	18.8820667385416	16.8274838129669	20.0583291270044	20.5955853081885	21.6040405931374	19.6335148751419	20.5265226780627	18.0137881400009	20.7495001167504	20.2616333203923	17.4717051052201	17.7926671734733	16.2670724324756	20.0332088488859	20.940654954722	20.9495646788904	19.47051585498	20.3960709863184	19.0698677632854	20.054947442667	19.0462245057805	19.7192363318055	19.5841116120284	21.6643631073528	20.2228015447003	20.2685436474541	20.0480001563201	20.1516581886426	19.840882015907
"220"	"MEGAHIT-MetaBAT2-S950.5"	27.1197119611838	27.1501591549021	27.0268149934746	25.7418984027062	27.0689799587419	26.3721484640232	26.2782826244656	26.7023414277315	25.9227956643172	25.9464778343563	25.8563098207687	26.7343790586542	24.985589051968	24.4295691206329	25.5878556946701	26.3406333742894	26.8274720947158	26.4727932752461	26.5096796061075	26.822631941953	26.6427754136499	25.7932468861636	26.2854638857381	26.1857754858995	26.8253631917988	26.0413757747964	26.1297301707332	26.5807767884961	26.5609599810057	26.121224270006	26.2844726957928	25.4745433492955	26.1796981872206	25.3238061917367	25.6585789752257	25.9768804494143	25.3165601661591	25.773649188112	26.502917265545	24.5293406869601	23.9760738437202	26.3098998066486	26.2311608698727	24.6897895566931	25.543186858638	26.4823872926609	25.9761592453716	25.6412746672656	26.3633312009024	27.0781124180734	26.5227830762722	25.9644912322734	26.8110278586389	26.5072793199221	25.8139861383551	26.4816940076151	26.3608415381875	26.4664309408574	26.2415482498776	25.9847889683966
"221"	"MEGAHIT-MetaBAT2-S951.163"	20.9402993164604	21.6607898731909	20.6350053465689	19.9496054299884	21.0419155469836	21.8518997287964	22.6453459957829	22.0362694413868	21.6076836651978	20.2790424245359	20.0787395776282	21.6949905291677	20.8182949116595	20.1197982158385	21.9747101206572	22.112482893504	22.1603869116808	22.2988066991242	24.0187980626359	21.5789114805915	23.375850689537	21.2287536462561	23.700437977445	21.9817464981593	22.1861588542319	20.6976008934563	20.7930600170519	19.9724038790969	22.9525785695872	22.8569267465328	21.8342904464718	23.1027459487204	21.9859077885472	20.0794952597238	22.1940881127805	21.0211071938536	21.5661946839876	21.4821299230191	20.8530977903464	21.5024339967497	19.6125811444052	22.5408948541018	22.5043271497926	20.1146285131791	21.6993096287054	21.8837645109771	21.2747607516699	21.7051751608381	22.1495192766613	22.6022170979798	22.4233364553684	20.7912841822648	20.2705133189945	21.0132081084468	21.2647463583386	21.8859049764523	20.461135344198	21.2882831987319	21.9870068705382	21.1756389337618
"222"	"MEGAHIT-MetaBAT2-S951.173"	24.9741312023304	24.867823086486	24.6759905710804	23.0905873192141	25.0624660664954	24.4199384370532	23.9432192021588	24.3215248596713	23.7194953413894	23.6842038065972	23.5770278170509	24.5164759746538	22.5116523733574	22.0144830688378	23.1130919274779	24.1925623720741	24.6052986135289	24.1684097921121	24.7008854877925	24.5877528457305	24.4504460096785	23.6454536047405	24.282068836423	24.1078088935181	24.8497473928734	23.9109024676117	24.0168187091574	24.5086792383106	24.3993578638258	23.9739662092137	24.0908512982332	23.0078954256127	23.9619872382293	23.0077202148496	23.5835675126274	23.630023639669	22.7685289699803	23.2132161844746	24.1550293661706	22.2909605508211	21.6894549535068	24.4183673179582	24.105001147444	22.4158582628872	23.6597136756733	24.5132786544141	23.7625034479358	23.6181660373365	24.2231881332151	25.069929799873	24.4940219558074	23.7055638308584	24.8744245154483	24.5585582377993	23.5581564997356	24.5798413796506	24.3491390529805	24.3368179453152	23.9219311981377	24.0789812640254
"223"	"MEGAHIT-MetaBAT2-S951.45"	18.0381705211065	19.2984436339546	19.8049232816138	21.354062641041	19.4687934396472	20.4120288893013	20.3309424395285	20.1545340186007	22.1107841102766	22.3078851491713	22.2230655620783	19.7619213051341	22.6373924379489	22.0759101191361	21.6908809641965	20.1700977907238	20.0427717135211	20.6524286493367	21.9035102787989	19.994359278756	18.9940497976628	21.1183768878262	21.2038304808913	20.1733669977837	18.516302680221	20.2814971024984	22.2952148264381	17.8802108316635	20.1856764778504	20.1780337661175	21.4097847880764	20.6065473806358	20.3413311523268	21.5601425380042	20.0212551848348	18.1073495359671	22.46718560677	20.9154699874302	19.9904594629382	20.7095480770348	19.6611386819309	19.6858276030641	20.1435025053956	19.5649761890304	22.205264634146	20.6506292983322	20.6007515815544	21.6250451917835	21.7629427939935	20.0828201839739	20.3830565552309	22.4518916719327	20.1741749164223	19.5856181031747	21.3824233483312	21.1283726244983	20.5747253786914	20.7914727145723	21.2502342430079	21.430118132617
"224"	"MEGAHIT-MetaBAT2-S951.93"	20.3827882128994	20.8578497785338	20.1171471377898	21.6705413273201	21.0430486319929	19.9029216656135	19.6822030534904	20.3514570765552	19.9439148708234	20.2919138134195	19.3688827259168	21.5834125862541	21.6685024711698	19.7628932175131	20.9856636332973	19.69960111931	20.1140079517473	20.4218226327077	23.1179182233955	19.9777083381602	21.1223996993603	20.3021952041938	20.4767640666956	19.3497636283072	19.5595472143861	19.4209917101628	21.5383876314644	20.298637048301	20.6713111071734	20.9625507039375	22.5918691322343	21.5302667286991	19.3710571827508	19.6247895448627	20.3338999550778	19.4358107292038	20.0932753029796	20.5937150237923	19.6303715856451	20.1934335984237	18.7837116034546	18.7112181026066	19.2693481447307	18.9431242716923	20.7999159562545	20.3755959143768	20.5487692217139	19.7574332834006	21.4845389862555	20.4628044486683	20.3446497023076	21.528430092116	19.4926216230903	20.6087990767124	22.0845931535122	21.4583781715313	19.1695117274558	19.1838396787326	20.0005843497299	20.4346918567927
"225"	"MEGAHIT-MetaBAT2-S952.67"	22.8385621234531	21.9040631063561	19.5273760934148	19.5134705835776	23.127248030632	19.9431003956267	22.1152995810779	22.2001197273689	19.4842017509071	21.2317177311721	23.3765278779983	22.6360192876375	19.2804779649616	19.391897846626	19.7187251957272	21.1013433768392	19.6173212066896	21.0128810087297	21.801507251881	21.0908212297383	20.8987287177813	20.4013097357479	20.0948116874703	21.6573204389438	23.5841497603297	21.9098898266562	22.4128530582875	21.6554285668102	22.6609318401641	20.9282212456164	21.136876844072	19.5923676401147	18.9192122723092	22.0227886649985	21.5124431218441	22.8342910645731	19.5718751998038	22.0616367057448	20.6752717412055	20.198934555403	19.2393842684677	18.5428113689773	19.3933820521422	18.913203184888	21.9220007416982	21.0232802271214	22.9540182854664	22.6303898060628	21.9221887648782	20.0948577304168	22.6111510854952	20.3493163999688	21.2726770060174	24.6235817667083	23.4274926713528	22.0313858760504	21.4125171723948	19.8853860543464	22.1635325303013	21.7306803470794
"226"	"MEGAHIT-MetaBAT2-S953.154"	21.9630492859164	21.6466725169448	21.5983359801682	22.4677160175665	20.8608129232334	20.7162473629954	22.7498308649162	23.0193015304156	22.2837967962746	21.4609131368267	21.624973193676	22.7709348107776	22.0954956977363	21.8936176017865	21.8855506987546	21.6935770668887	21.8303798122623	21.900042263633	22.5265575531302	22.5207540112927	22.1972701627561	22.1793762038636	22.6136481920694	22.4476519335454	20.8952257372855	22.1212459539279	22.6781931646526	21.6677284972387	22.178426015912	21.7832363311858	22.5609675318852	22.0467962909973	20.9877873521625	22.5600928722225	22.3227090122593	21.4384888250201	22.4575609870168	22.6714233167968	21.6296015826109	22.3607238774327	20.7708653898564	20.6177561191415	20.8027232847999	19.6789119371072	22.1058812805473	22.384535789498	21.9014913924428	21.8686542186173	22.6297117428533	21.8473098166486	22.2380019886849	22.4729975299744	21.9131899419435	21.6596628703285	22.7944867275066	22.6319679444016	21.8014639128148	21.8942020709387	22.9457063200152	22.1508292482647
"227"	"MEGAHIT-MetaBAT2-S953.167"	19.826536735044	19.8458061902911	20.3602027179745	19.8746744643117	20.4772828203782	18.4518628158295	20.0861351572778	21.106688811413	20.5823783870934	19.9379656196724	21.1140097262123	20.7080517291075	20.0361981202125	18.5776067373292	20.6850893180618	20.1158485772912	21.5587314845426	20.2566687976937	20.4752361580319	20.6899459137797	20.1101585250914	19.4901817731839	20.4308643585462	19.3446492661557	19.5835029824189	19.7049811362529	20.0256931277914	20.419948961346	20.9726068338146	19.769115813648	20.9778436958594	21.6124384088072	19.700227129759	20.0455574080157	19.4381787218896	19.3089852797244	20.6536257501814	19.9552739252566	20.4519646777591	18.9577084601241	17.6310932656768	20.104853098269	19.9425138071301	18.1675435484474	20.1622788197806	19.6434646061928	20.0715387680384	20.887180344078	20.8729251274884	20.5668570153564	20.6765314451191	21.2086699993546	20.6185140008645	20.0644476177119	19.7939849447213	20.632207943083	20.8137683591158	19.3283446760105	20.2236350591711	21.1290758189821
"228"	"MEGAHIT-MetaBAT2-S953.28"	18.5567774695772	16.0740889814185	16.1315526682707	18.0988635380611	16.8163666740913	15.2194563409788	17.8461491716104	18.9357186024565	18.0357953330052	17.9738798633877	18.31288054195	17.5463146381207	18.3998177630014	17.3268956910214	17.2202733022545	20.684722699109	17.2986786500071	18.4224754956777	16.596001692162	17.3253658153558	20.4074200591039	19.4471746563902	19.4302164429487	15.322133949446	20.5078332042277	15.8671525057105	16.8999365062679	18.2566708615525	18.3797464404595	17.3927622053522	17.0200356818941	17.2842109783497	16.381143406925	18.625965186256	17.0604962022571	18.3188925082343	16.5694375917395	17.9987752003565	16.0370460004817	17.8412589741994	16.7198867939645	15.8757106400819	16.3768131250499	0	17.3277567466789	17.7103210746591	20.0945714594281	17.7174418532178	17.5153189515447	17.1649313825368	18.5483386764449	17.7723091900243	20.6321491727011	19.164808172492	19.5630603469092	16.4183806486212	17.9499723983019	16.7407499731859	18.2388922898918	18.0181188693868
"229"	"MEGAHIT-MetaBAT2-S953.47"	19.273651392931	18.4994806005819	18.7970236132311	17.1361561068983	17.2143239852345	0	20.0817624602009	18.4659398850887	16.6345695313871	17.045595961853	17.5427173497463	19.9812937059372	17.5225141976784	15.8065036740397	17.3429827820694	17.3742344950237	16.4768648812486	19.8108023891476	18.1086516543659	16.3843563237321	18.9436481607387	18.286560199261	15.932607731435	18.0206406552623	16.4180622299131	17.6800843286241	15.8806061245983	18.9999428689716	18.3338207589956	18.7770052082445	16.7925154849381	16.3399274857863	16.814385236477	15.830051421556	18.8232064689602	20.388622165729	15.8372400666046	20.5558467290908	16.3855630552149	18.9883226333108	17.6210023580935	16.1707681143755	15.9571521560242	16.6405342171916	17.0307213730692	17.2219314659394	18.4201490867313	16.1264546228416	19.6995009481583	17.7554523944294	18.3652706635555	17.1577627931772	18.0953518371442	17.9974214800318	21.4160228685468	19.388229126633	18.9307618590578	20.4073671092098	19.0767834674187	17.8493350891827
"230"	"MEGAHIT-MetaBAT2-S954.101"	0	16.6261118174561	16.9482430849043	18.4435914073573	17.2174050737172	0	18.6308252732537	16.2542128016424	18.6951531808237	18.2985667191423	16.785446451427	16.3987684610415	19.4329115730264	19.0020272827708	17.3796156567063	17.421234635286	0	18.1700214256702	18.1992210202788	17.298450750589	18.0936113149567	19.5569497571185	17.9853828977126	17.0126708029745	15.0293114074868	16.9354607779246	18.3463291490395	15.4722512042896	17.2742793923059	19.3520645708693	20.0095638667871	18.5670843891013	15.4639953275835	16.8324155146505	18.0004658640602	15.7248477580393	18.9682300953627	18.2432450943101	0	19.8954047960264	18.028653262381	0	0	0	19.3513498280953	18.6225697056161	19.1564765324894	19.0792652499995	18.5846464531261	0	19.0209345055438	18.8113410675228	17.1340359812495	16.6459016945767	19.5634736422952	19.3572173925718	18.4717318223905	17.2515918547164	19.5808924985625	0
"231"	"MEGAHIT-MetaBAT2-S954.181"	15.9199438287461	16.973722069402	12.0783909204238	10.6279347218407	17.2795328280524	15.0000211394017	18.5066069787344	14.5442350521596	16.6814912522334	10.1133416335016	15.4891745168573	11.9641491604988	16.3083521269999	15.4762246333051	16.0883458752869	11.4328444462244	0	15.3901180012351	10.538120960252	14.4720939027486	14.878835336096	19.7521386411121	14.7697639742333	14.8106035212665	16.0619332897025	10.1949368989547	0	9.97006134951146	14.5131518163529	20.5754315653713	17.2496141608202	15.031276645446	0	14.9212199658122	0	0	15.0046872790163	16.6106550444396	15.3183673874517	18.7148623951499	16.2428660458179	0	15.0518720559237	0	14.0856781112982	0	14.6534554501031	14.5620333232292	16.2541874143098	13.8060432648721	15.1887078346222	14.6051156066115	14.6133580216826	11.2181159495218	19.4891525376556	16.8264314542866	17.3180028257438	17.3707036269465	18.4591366754093	14.4270703084448
"232"	"MEGAHIT-MetaBAT2-S954.74"	17.4734410699549	17.8179851320744	18.0542864763573	21.1205243125954	17.3294652993573	16.3812205696738	18.3162241994688	18.4251920903111	20.3057426560258	18.9385821298552	18.7757796432024	18.0866462497182	20.7567309484487	19.4728447848063	18.9841656672977	17.3920247960357	17.3908376637029	19.117023388342	18.2135089927345	18.2618862720275	17.9748624084278	20.7358262735758	18.7533925582498	17.0299348891699	17.1898914932566	17.5583989800243	17.0612100556629	17.2888982386556	17.5337725685899	18.1840832135815	19.1560994197885	19.8113779307428	17.8960504445706	18.0581693606821	18.6876156608383	18.9060862711619	20.29627561931	19.1370410234957	17.2330878134408	19.947939164167	17.1379856957033	16.3624641299053	17.7231727379511	16.3115229742071	19.3208986254977	18.545609965383	18.5038998747894	19.1575913466998	18.8269792342564	17.2236564104125	16.9869833087378	20.1207161412412	17.0213419084054	17.2722130708358	20.0305965725705	18.7669010834049	17.9409364727735	17.9453175773306	19.1565007106331	18.1371523454253
"233"	"MEGAHIT-MetaBAT2-S954.88"	17.9715235948904	17.8156466019073	17.0203198876873	19.3951002083307	18.6228898201928	17.0445490760014	18.298878984369	17.9939115223227	19.8495532519513	19.8375006768416	19.1041466379792	18.0483591100316	19.0467485576002	19.5257663300431	19.3290773106643	19.1332003370376	18.0048764235194	18.8501271208621	17.6736737818028	18.45295158058	18.5659584502911	23.3479345483024	18.6426028307325	18.0283264798406	17.6370415822418	18.1604777374201	18.3261309177604	18.0698370634252	18.3497144853037	18.2574753847109	19.2375120555338	19.0840619343848	18.3863036809311	18.4819550795698	22.1363877183994	17.7907152825316	18.527780177209	18.6680506031128	18.5952627652253	17.7390998133865	0	18.1587456894436	18.5684872566979	18.1138244705564	21.6365324678065	19.1369918610187	19.5768383425347	19.4971114672242	18.1445175022457	18.5415617719776	18.6858515742663	19.4237377449304	18.8593611541399	18.5667086012124	18.6526375998317	18.1539156356428	18.9267269108586	20.9071329034239	18.8103970049917	19.9109841325415
"234"	"MEGAHIT-MetaBAT2-S955.109"	17.3156987505177	18.4447826743092	17.7789098187128	18.0112774308003	17.7776681384371	0	18.5069320083605	17.8855422928005	16.712168467001	16.9468645592408	17.6291601135204	17.7091551283954	20.9656320589351	16.7498885187503	15.5257505001703	16.9485329818155	17.0445861589435	18.4546906504213	16.1602104683504	17.5736311276771	17.1858126202177	17.5409675846096	18.8286452647569	16.5167631350495	16.7587318876105	17.3176506908841	17.8544672275291	17.9351996952488	17.4035941188368	19.4624312650979	18.6366672600507	17.9613889743622	15.4006253308909	17.5445781771934	17.6924719552969	16.9325466049515	19.3076753142694	17.6180119401438	17.133078683215	18.4787542355002	15.9495610281051	17.2403135460242	16.4741655026783	16.45114700776	17.9530617600278	17.2882904770643	16.6090801178453	16.3787170463624	17.9192189517654	16.6421313960429	16.4429521669769	16.0757901784157	17.0571832904619	17.2298203347317	17.4400558524081	17.8376719604751	17.2582704048789	16.2678510426199	17.1840714089741	15.925761666315
"235"	"MEGAHIT-MetaBAT2-S955.122"	16.1578871635361	16.5138278505585	16.5947215202059	17.5535405927628	17.8180449600862	17.2717835309485	17.500319849517	16.9914903267206	17.8648704158987	19.0849497805154	19.4041312021257	17.0460010022334	18.4675299311474	16.759161318522	18.7745943272558	17.2828425841223	18.1567215206071	17.4335197398771	17.5730256587974	17.8295850888449	16.8972524906982	17.7919084808982	20.0536534775551	17.8889263289248	16.6426494461362	17.2416730044103	16.7492974035668	15.2176458681975	17.0815847873527	16.0455485957081	18.0055382084962	17.8877392931181	17.28208887692	17.2807161035566	16.7128631626357	15.2223878590647	17.5703632552613	16.7298721659527	18.2063828263296	17.0278417360363	0	17.3228569228462	18.010276580166	14.9599442164716	17.7838711055945	17.0196508342313	17.5589793322532	18.0118720857081	16.942817952766	18.0519363936775	18.7076064864916	18.707668597301	18.1958628594852	17.4890992707092	18.2221909608629	16.6973328742076	17.7924053219626	17.935285587978	17.2232458476181	18.7111888555623
"236"	"MEGAHIT-MetaBAT2-S955.14"	18.2960720384113	18.8067928442488	18.4688833316785	17.5520701761323	17.047652403459	17.575263825625	19.1005811663853	18.5012774477436	16.0982844408304	17.8187260068956	16.9683946462925	18.0285893914803	17.4475229807512	16.1436356504385	16.3006027812478	16.7208892131373	18.0340220020916	17.3667614049683	17.5546630025031	17.5095902201245	19.3747141904138	18.9441355998139	19.4964316068628	16.1131871619184	15.3301608307657	15.356334746392	17.0103496487737	19.0405135512502	19.2598794513745	19.3650585939581	17.9578932903945	17.7227259288907	16.6914859579227	16.8513103779615	18.2257517128918	18.649102543323	17.9498994266981	18.7386947893102	17.2232241868741	17.4222674616948	0	14.7891954714551	16.8542634911836	0	17.5030917565577	18.2063064072598	16.8223345781619	16.2059942579746	18.2008852707884	16.6878232429097	16.918904068465	16.046213489139	16.7990555451583	16.9099602257601	17.6100500772527	18.5868730415669	17.3750939900483	17.6230051132035	17.9379683600271	16.9587694683086
"237"	"MEGAHIT-MetaBAT2-S955.19"	17.2963754017193	17.0695572373306	16.6255998243372	19.2217726276376	17.3267299676851	17.2722430770888	18.0408511647361	18.1532697003176	18.561762879669	19.2758257097758	19.0723900759653	17.7438643910639	19.0861511954781	19.2626224346104	18.9360642167601	17.6477059115184	17.1687176491239	17.6522820888534	17.549437245203	17.3346792060937	17.2265356678277	18.5659750920863	20.0377606295164	17.2137469790075	16.6928989007438	18.2949260523983	18.7002415297511	16.7512508951821	19.0424468839888	18.1238941573686	18.8186685563609	18.5095064256608	18.3755027422664	17.6693530523528	17.8304268791109	16.4376306947995	20.0831544126257	19.0338501752507	16.9583563644519	18.3365223842719	17.3578958567878	17.0932770859628	17.0593516067638	0	19.4922041966427	18.5690622716236	19.8828924802332	19.0243400612803	17.7431275411716	17.5465830820382	18.1400844924888	19.5582762955952	17.9368725098687	17.5629369824016	18.8744952321294	18.0387591316239	18.3755436865919	18.6405014740911	18.8649587024049	18.3707089072625
"238"	"MEGAHIT-MetaBAT2-S955.226"	23.6555475927468	23.5732972162407	23.7678778324193	22.4176251455366	23.1547944661705	22.8646938484371	23.2607929022431	23.2244841258093	22.7649571668455	22.2968816829654	22.1296696682402	23.3378067777787	22.0781175256441	21.5136781600349	22.1505358027487	22.2285223439741	22.9501525241833	22.9299866095803	23.1385127170957	23.3598115440674	23.5431640162531	23.0825439530769	23.7317923483156	22.7474449601673	23.0349122111513	22.6558552516696	23.0715049365598	23.6606556506496	23.5020034564714	23.5415678761038	23.315491184564	22.7209932240124	22.465216156751	21.9177986656594	22.5951705743615	22.982099125248	22.4333323081577	22.6619454729597	22.9931179125129	22.0284051860354	21.1365518559497	22.6436630261475	22.2853788253085	21.0280366140508	22.648800691423	22.918034011832	22.5923062338536	22.406374848574	22.9506576926324	23.4443639440354	23.2162550718476	22.6005676558706	23.5600538245238	22.9719772373267	23.3100860244399	23.4746143680221	23.2231565129628	23.2202568359556	23.1380212382243	22.7922488189186
"239"	"MEGAHIT-MetaBAT2-S956.103"	22.0883367149954	22.0823507781525	20.9060969148794	19.4430254012829	21.0989820242521	19.4497478816525	19.58502114813	19.9425447616833	18.8454419731549	18.9413544274086	18.8360636684603	19.5540509775988	18.4757037451012	16.6866904990736	19.3245170151053	19.1062711507256	21.7874190058361	20.251932035227	20.1765005564564	20.3351012621797	20.5652912409202	19.0177340969418	20.1333269986501	20.9090771142292	20.437713830916	20.0775607868698	18.7454778919414	21.1059118212702	20.6920011978167	18.792465822205	19.5752418847881	20.5359004746977	19.8239395549327	18.7829964827528	19.1374935432452	19.9779990836335	19.2127614062165	19.0523465107302	19.2037210383753	17.5328061571265	0	21.3062910379508	19.9897992709311	16.5825056219622	18.1134191482287	18.82322950355	18.1385243949545	18.8465715882833	20.173319894211	22.370651541536	19.2960181824185	17.9633517225946	21.3268085985393	20.2439840461389	17.3078681937587	18.6476765774605	19.9791612076292	19.9411501303912	19.7162470620754	21.5478909756442
"240"	"MEGAHIT-MetaBAT2-S956.75"	21.8332431595415	22.8068513154402	23.2246969597384	23.4702170468833	22.3318742386011	22.8331414475046	22.4332865983723	23.011362178037	23.2614676494081	22.9927762075663	22.7829884209921	22.7695045738181	23.0165294861863	22.4413838010615	23.347872362819	22.0113661079413	22.5401876602483	22.8713250934051	22.885989550041	23.3183772247739	22.2064766673573	22.8887639811366	23.8066217631577	21.8348003123327	22.1263076139155	22.3823061980216	22.6575014462508	22.4039831040283	23.0270822403481	23.3331568427293	23.5957636873778	23.3819398345828	22.2598620240614	22.6010122447742	22.3913123728176	22.2629596361539	23.3467187615358	22.5712400156237	22.8549638077961	22.8930662420705	21.5601424614456	22.3584030134028	22.4356431026331	21.1561132428342	23.0316368334409	22.4479923615493	22.6701827083517	23.1783930600885	22.5211964230862	23.8015132461632	22.0995982487546	23.2590901880823	22.9582740742005	22.612289934861	23.2021745959073	22.9107527564738	22.7096712824512	22.3088667360621	23.2999803322632	22.9933133530636
"241"	"MEGAHIT-MetaBAT2-S957.114"	18.6804683826789	18.6787360421127	19.4134055431742	17.6314324618393	19.9091184931994	18.4901738883069	19.5777872004509	18.1187846899365	20.0480189011451	19.8840011327063	18.8604713995131	18.6835348099343	18.6718454967947	18.068418300281	19.4954501847306	19.1770366557312	18.6929175417228	18.5093955672765	18.4048458403147	19.0060326307334	18.1596609541317	17.7847506803735	18.9974871918574	20.4731917482196	19.7948984047534	18.2788851247196	18.6036239024724	18.4666877700316	18.2068138893399	18.503138007028	18.9997860425037	18.4256563963376	17.8298618565536	18.6324631630975	17.4125797873392	16.9638465657084	18.2245949144004	18.4327764367869	18.5911722278032	18.0359163118744	16.6122256286109	19.0451140832682	19.1755828873545	17.287284333879	18.7306027516431	18.9253108210636	18.6216008460038	18.7055695077468	18.3390326717419	19.7377760700768	20.0190652792865	19.330762342036	19.9319718217544	18.5703320072123	18.3799570866134	18.9852984398581	19.463241563253	19.5583091226325	19.247869754755	19.9530678265896
"242"	"MEGAHIT-MetaBAT2-S957.37"	17.1366868950808	18.3432500849995	18.557933341465	18.0063291665335	19.5634419969463	18.6983425332184	19.0973929627682	18.9844085284594	19.1016186999904	19.4122321370665	19.4993929752585	18.1155453746917	18.5117211359006	18.2348002376073	19.0110963948532	19.3208638807583	19.5814811514819	18.3994244486865	18.5648429803244	19.0411997770565	18.1344365948349	17.4910915480076	18.779587081906	19.6621493018723	20.6367362295817	18.3056608300443	18.274131296311	18.0064505893553	18.4200628879053	16.951803716849	18.8279953347691	18.6166983741825	18.6211862805386	18.3078658466661	18.320929605938	17.8816981855205	19.0760701585317	18.4876134135744	18.9511657757761	17.2299831741545	16.7871882638846	18.7630401774035	19.2064600943423	15.5906836090051	18.6360161872685	18.524475567846	18.6550348024404	18.8817066875834	19.4091859112653	19.4205504998944	19.7216977383508	19.0443881630173	19.049519136346	18.8851959407541	17.6061380487846	17.521726155421	19.6872898066071	18.7016441762985	18.17055286558	19.8972012953198
"243"	"MEGAHIT-MetaBAT2-S957.55"	0	17.1377816108147	0	0	0	0	17.9099942610581	14.8755366810492	0	14.8755934951532	18.6646839019127	18.7449210902745	17.0510970496934	0	17.8625586963632	15.0537771966011	18.1121026968629	17.9916486193026	18.6614890885391	18.9750200803818	19.0680798116399	19.3278773296496	19.1127096829925	17.8299277750018	16.8968723728901	17.6047359367883	17.3565050082481	17.7987200115052	17.8462752905321	15.2735855026375	17.0725335842866	18.0410953604968	18.5107803823331	15.4690984264325	14.7624592114568	17.1072015734113	0	17.5713155436731	0	0	0	16.4912513938905	17.0652628241834	0	15.2517593137853	0	0	18.5799747532126	14.9542023239393	17.0511199377083	17.3247666968474	18.4963284406293	0	18.1206449037512	18.429340075313	12.8913499091704	16.6207787629179	0	17.9845032292657	17.1903878591101
"244"	"MEGAHIT-MetaBAT2-S957.57"	24.1465946856379	24.1422491713241	23.7630595092494	22.6012728977975	24.3003205665003	23.4999928617144	23.3753159930555	23.6788909095488	23.0437129125215	22.840497879334	23.0958087754802	23.8511263688482	21.9677795223747	21.8329431734859	22.6999542981143	23.6971703581979	24.013308694434	23.5826522468958	23.6522601021928	23.9119501315303	23.5252579348104	22.8386131571111	23.671365416131	23.4568299915414	24.1541087945996	23.3497641418255	23.0758953624998	23.835302740229	23.7981608213844	23.4512602453872	23.2471137585958	22.2060958280538	23.0970562611828	22.7529146542386	22.9437578493132	23.1136910478168	22.3700081063756	22.7571297960659	23.4480084327063	21.976727409911	21.614568924865	23.6551246804266	23.2681310439043	21.9653221117044	23.0243370447174	23.339253007388	23.1557110908845	23.2442914695689	23.5355815986226	24.2288608677572	23.6853902948007	23.0105209121112	24.0167216152846	23.8253482652618	23.1285697893016	23.4789171576931	23.7352970796623	23.5190258995525	23.3854204372286	23.4935293247103
"245"	"MEGAHIT-MetaBAT2-S957.66"	18.9325031321496	18.6393340073815	18.5373513579728	19.7452282811968	19.5757970794161	19.1865072104189	19.5025317542362	19.6479622558333	20.2192659147619	19.9797869969034	19.7121118673845	18.9923716632737	19.8459712500392	18.8429181934463	20.1105096806938	19.5343485206375	20.1355662491921	19.821892273693	19.4471132135779	19.1640883611621	19.3060288270386	18.3276630833804	19.9402798852736	19.4163595613395	20.4040064257752	19.100505591666	19.0376174892227	19.6951980326356	19.7284854142895	19.0775993050308	19.9098040741815	19.6217835905991	18.5272409550782	19.2441638541115	18.4277993999804	18.7521966415637	18.9745779664275	18.8638480393858	19.355056214279	18.2591232405408	17.9347248438738	19.770179436629	19.382685574912	17.3684563347581	19.9107338824748	18.7198506089573	19.6839331057483	20.003690479456	19.5811753528413	20.128869847562	19.952635965611	20.2080766910698	19.9731276099287	19.2518487815945	19.4860495270639	19.0072080918565	19.9125267829978	19.59637025443	19.4708358662433	20.5095350771732
"246"	"MEGAHIT-MetaBAT2-S958.133"	24.9137234508844	24.2123751330683	23.9281341299049	21.039869125441	24.6730467442499	22.1788606346735	24.3525109654581	23.2826413746874	21.1677240076607	23.6209237023827	22.9758760973011	23.2276297835308	20.914485023246	19.399976080193	21.5019441602807	23.8940761836348	23.7757127619669	23.7073954170781	21.5857048527423	23.3134796197774	23.3770538520275	22.4740182832352	22.6345333008944	23.9456498554926	24.8620222265946	23.4421416709751	23.3233601455286	23.9322570480171	23.8361530104439	22.5889472334539	22.7497537197794	20.3397038713661	22.3075223481962	22.0642553735411	22.9682419561334	23.5147539804744	20.9655948681351	22.4529269193619	23.8609025947056	19.9574656581401	20.3456112330633	22.9890228031409	23.0701626505835	18.8007892984577	22.8176011072941	23.7947778488435	23.7015941649083	22.6406432416829	23.2892206908906	22.8607977762286	24.508925563658	21.294847258626	23.873197233732	24.2116660344619	23.2763917054239	23.7462120448672	23.5739341990134	23.3813211495503	23.3877034799377	23.2041348662067
"247"	"MEGAHIT-MetaBAT2-S958.137"	17.6854647950384	18.2551166161931	18.5662972428764	17.9372241463644	18.4587900500723	16.3361054645021	18.5607864519887	16.975800597278	18.5355180644202	17.8733029392856	17.7257370833434	18.0922027466086	18.4246391600308	17.4968153891495	17.1402184373234	17.7193910854707	16.9490116239768	18.1526278331193	16.1891239672773	18.9208534775196	18.6063021968013	19.026897068558	19.9208816905764	18.3838917003101	18.229539872572	19.930828652934	19.3054759241852	18.2232339849581	18.530129941837	18.5300566287472	17.9895336105907	17.2564863620577	18.0979167394979	16.374469572229	17.3970407762561	18.5335377552304	16.8523611466161	18.0127299750786	18.0563430250886	17.7020588398528	17.4024359690698	17.7281264441217	17.9359962086904	16.6973402362968	18.0905928970927	18.0797546272155	15.8505367144585	18.0271181480622	17.6956615770035	18.2979401070924	18.0396940328039	17.1006591367376	17.7984031590682	18.0087732296457	18.0454888005003	17.5738216137122	18.0239372270469	17.485118022925	18.35801485918	17.3419246785807
"248"	"MEGAHIT-MetaBAT2-S958.173"	20.1498682924156	20.9507181799537	22.356282577652	23.8792044219663	21.8701238782833	21.7893997721847	21.6003368977498	22.2912546532566	23.4818233833999	22.9556823034398	22.667894492281	22.2219774996747	23.3120758800958	22.7034808320619	23.6745572965403	21.5331800323244	21.7207694876347	22.4344074668606	21.4746298195306	22.3130655728974	20.0727139737287	21.7641234062687	22.9219654339002	20.5687508217736	20.4577152757176	21.8288198835792	22.2006612463449	20.5276315472631	21.4565240407095	21.6531510092977	23.4109515112547	23.3315320831896	21.8709385009367	22.5124480942078	21.8893823432822	20.2282756556656	23.2802056311104	22.4551537388446	21.753934383216	22.7289267722693	21.398995270899	21.380119749887	22.19795227185	19.9780137311188	23.273559386672	22.0784596656915	22.6821929598366	23.383912784253	22.3086230310877	22.6676593885509	21.0775236220345	23.3233100982244	22.4346032348322	21.9761486917713	22.6427379633174	22.0337536092037	22.4263895045346	21.4329043265674	22.8149039439336	22.9388412251724
"249"	"MEGAHIT-MetaBAT2-S959.110"	18.4012665360449	16.8414244970506	17.9052393796234	19.1415573094066	18.2840952736935	19.2944442004321	18.2591884821205	18.4154787845432	19.2186241592615	19.4118539750921	19.3490427335951	19.7721369859864	18.6962148401136	18.3248031391772	19.3822442574532	19.8591049650653	18.5538017419876	18.8730838001045	18.1384596418826	17.9788176020513	17.4972831330332	16.7559761836432	19.1047990180178	17.0781676659132	19.676971341489	16.3268115524537	19.5955198337288	17.1895077057894	18.0092880228909	16.1311479582825	19.4686392627245	18.0691239014663	17.373383444754	19.0210471007043	0	15.1603186715903	17.5780421467787	18.6930354722185	17.7899210901422	17.2227754451451	15.9951964953252	17.605122501237	19.6609445486796	16.8863892433577	19.18820117104	18.2790490624073	19.4543916684454	18.9643704512648	18.2952955562418	18.4094158116207	19.9124017487151	19.274868701305	18.835448870602	17.9651420521637	18.9484630648398	19.5877139904544	19.4907474362863	18.2863066909716	20.1857297431817	19.5553263976208
"250"	"MEGAHIT-MetaBAT2-S959.123"	20.0035115186341	20.2395791921983	19.9409162705317	21.5289479456845	19.8948043502082	21.8516492903917	22.0145523760387	21.2941071530522	21.4804677429437	19.6677945159755	19.9956737057029	21.9331961453454	21.5420423817756	20.7158637301968	20.604535190998	19.7609060583001	19.8158315230024	21.719046849103	20.3109701475572	20.762576801758	21.1727898319702	22.3859808058149	21.9446611363058	19.6903946852038	19.0793009219183	20.2532546543652	21.6366549626033	20.4909490827243	22.3383200611627	21.7676325484318	21.7349454291624	21.2193085099358	20.1561252226499	21.0920585959286	19.7371807554238	19.9182379560472	21.4849282332626	22.4061662786601	20.8118975598894	20.6539930376189	21.4959167578542	19.4446384755938	19.6413362304476	19.6132856152024	21.8264598770436	19.4588531876928	21.5672121511234	21.3420289281368	21.6455543006306	21.7018507198237	21.4230165737851	20.6372937149487	21.4511681849719	19.5457311337356	21.4975256172519	21.498867414895	22.6747143171006	21.620652576107	21.5439556910744	21.7275781134624
"251"	"MEGAHIT-MetaBAT2-S959.81"	17.034320826178	16.9339781820558	16.7182210594568	18.1268949343424	16.504941445827	16.3570447401598	18.7079169216394	18.5660319124904	17.2263626441649	17.6591537684178	17.7322205473789	19.4381650190698	18.2871037425388	0	18.7670572444563	16.628670750754	18.099496543086	16.4364991902529	17.1899307946676	18.72194327602	18.5379732836879	17.5196685300454	18.9007186558618	16.5276582855164	16.6326588519834	17.2530325079061	15.997965923181	18.3131231968263	19.3358299123887	17.3987567131845	19.6424389764057	17.4797730564045	16.5592305432002	16.8240918347466	17.3001785564285	18.3113734210969	17.4369049090968	19.5550954228845	18.1177834597117	16.0265539684859	17.7023801761456	16.9709221336414	16.4113901688011	0	18.1684131144732	18.2277056432381	18.6179072016633	17.9730166252006	19.0209108096789	18.5539501201015	18.9820183165152	18.1526109964798	19.087550212577	17.2093603677774	19.4985637240363	17.9396764343593	19.2868406819012	18.0090639590637	19.1043897059017	18.9028951340934
"252"	"MEGAHIT-MetaBAT2-S960.129"	16.7645648219278	0	13.8763442982224	17.1026760223764	15.5446106441657	0	14.5404915650308	13.9305991037458	14.4382506805232	14.015771228197	15.2009917859661	14.6388581266658	13.861112276689	0	15.8347185196444	0	14.6424933908385	14.8915345876318	0	14.3215979430161	17.166567992814	16.7615852311956	14.3886504452119	0	0	15.5800812264232	14.4420632989171	17.2182730920905	15.7622553517119	17.0940206048015	0	16.9898100201017	0	16.0837705432126	0	17.3889599357939	0	17.5813339016764	0	0	0	0	0	0	0	0	0	0	16.3910829347995	14.7756184920185	0	0	13.5513734961641	15.3855429721399	15.0357885701803	15.8109965943529	14.419701602384	0	15.310105550148	14.4541419973923
"253"	"MEGAHIT-MetaBAT2-S960.192"	24.3719231053827	21.4790854819841	24.9512099096319	21.1247275097498	22.7721507901031	21.8457160763628	21.4623128229025	22.2595142028021	22.1876677315954	22.7223436799855	23.8052431623847	22.6147705462549	21.1406781582733	20.1745418083431	21.5753074854795	22.1763185523801	22.7495048071915	22.7579394590414	21.0584667833721	23.0868986994674	21.6270194568216	21.5580929464246	24.4621946272611	22.8589646397465	22.3170657866923	23.0160667178533	22.2643689634812	24.0282720440404	23.9487540803168	21.5181673836379	22.5467545484385	21.6242953944705	21.5542282166269	23.0066551137248	22.4286193425883	22.5280177022194	22.2974635964621	22.4473958178837	23.8711364575168	21.0870881524264	19.2839545300212	22.0873305871704	22.3013593187448	19.8472811987835	21.2614098852618	20.9302913699053	21.8067985493755	22.2320861721842	21.6320207620042	21.7605880876124	23.1664144809642	20.5833730350222	24.0449187386182	23.1403398712238	23.3824177784075	22.3874627138971	23.7468656511857	22.077412436642	21.875146714555	22.4565904225375
"254"	"MEGAHIT-MetaBAT2-S960.199"	16.6684168514145	18.6429620497236	17.0452939163038	18.3179242943828	17.3453385079564	12.3329069637561	17.8570878477306	17.4555425769091	15.2963866859671	15.6855246596359	14.8974946630061	16.95001029261	17.1336437391308	0	17.4463968583836	18.5048997237731	17.7194460168754	14.5666087573705	16.3687654849785	18.1242350335126	15.641722786552	16.7102456176004	16.9990522895229	18.5731495396832	17.6925221797469	16.8947226220888	18.2072484663266	16.8337328681916	17.6331617688965	15.7930994614565	18.1527649207519	15.3362813966185	17.3980535391774	18.1515713705511	15.8682616142084	0	15.5473763866456	15.5243531211657	15.3735062944753	17.9202485936948	17.3512373424423	17.6332813043635	16.9609190691914	15.7146445578601	17.7728807400926	15.9200907512694	17.304711112045	16.8637892574292	18.4427755933308	18.0418648206738	15.7643874638046	18.8860603476416	18.7933306725862	17.4332041900977	18.8375518901482	16.1575970639818	16.7170034510199	0	18.2205086933486	18.6532764786226
"255"	"MEGAHIT-MetaBAT2-S960.200"	15.9050089400585	16.3316234044302	15.5477553266263	13.4743642089019	15.955109417771	0	15.2840640064897	15.3886522494375	15.6729421670928	15.9288996890894	16.1768527846381	16.6534189553143	15.5408533250433	13.1075662679241	14.4129298707883	16.5324790368068	15.7046234640368	16.4973396658219	15.241587051832	14.8802701586737	16.1631036908282	16.4130357136516	16.9887751200393	15.7666861101964	15.8767100741487	15.1254914482148	14.8746865810581	16.8705011611203	14.9460591562101	17.9077853157422	12.7612199014024	15.6454688734038	16.0440772902622	14.7910503025295	16.7593094225746	17.5292644474599	15.4387896584368	14.9081718455095	15.1610243713174	14.0037384951896	0	16.4299861278345	16.3903108542292	0	0	14.4853477066309	13.1691868205654	0	12.8394245340237	15.3083184168387	15.2765837790705	0	15.3269522937643	15.3718753888708	15.4527828863669	14.3087096669353	15.3555321033907	15.9320651972477	15.8665541575054	13.6784576312541
"256"	"MEGAHIT-MetaBAT2-S960.208"	21.92882784272	19.4242594652318	18.9919030107355	19.155505715281	19.112278247961	18.5943645813183	19.8731343946712	19.5206187860656	19.3083347878361	19.5248077487149	19.2780821773384	19.5531393855103	19.6910179847683	19.6753372021812	19.1020424992381	18.5668629044076	18.5382713870213	19.6262963599274	18.9909224140267	18.7759465257752	19.962777919843	19.4930501052323	20.1680034467977	18.2206050870714	17.5046849978633	18.179860057904	18.0907419232515	19.3549881226446	20.2822110141612	20.0671341472994	19.6120902438398	17.7161537162423	18.2809322921698	18.0349284929102	17.9406935557686	18.9796843923694	18.4755166960082	18.9908623359211	18.8906756232775	18.2790999042472	18.6293301199257	17.5791170504262	16.460946224557	0	19.3684543755782	19.0945669187953	19.0856507255431	19.5866916812568	19.0638273990194	19.3595361365146	19.784531915233	19.3812411634871	19.0193796777854	18.3044650955647	19.7561425220404	19.4875329304992	19.6990339257802	19.7928377177614	18.7967624278246	18.7106043211681
"257"	"MEGAHIT-MetaBAT2-S960.65"	14.7674944309914	0	0	16.3993315715241	0	0	0	0	0	10.0477799129012	0	0	16.5423716067366	0	16.4722257991753	0	0	0	16.1169440948839	0	14.3987655987317	0	0	0	0	0	0	15.5388551652503	0	0	0	14.9613632393506	0	14.9199722292675	0	0	0	0	0	0	0	0	0	0	0	0	0	0	0	0	0	15.066038228318	0	0	0	0	0	0	15.3093378612254	0
"258"	"MEGAHIT-MetaBAT2-S960.89"	15.7238918440276	18.1436699851918	15.4771300949441	15.9074666258709	0	0	17.3071018465137	17.0152859964287	0	16.7515986849239	0	16.6264000401603	15.4430350872022	0	0	15.8175260501898	0	17.0340814796221	0	0	17.5127895599542	18.2295259656328	17.0734390903923	12.7195628202818	0	17.2250767151289	15.3101494180868	17.7511142969264	16.3870674623095	18.7565423574768	15.747377205721	17.2503184773648	16.11675766825	0	18.5250218979558	16.8397702604363	16.5135499665592	17.7129132887305	16.4344998628871	17.3086108400952	0	0	0	0	16.9896038087745	15.3127629890537	0	0	14.5383373052226	0	16.1015209370026	0	0	15.5028405958185	16.5272293254283	16.5037535695412	13.7324306029299	16.5560704040181	15.5617554444359	15.2066335737276
"259"	"MEGAHIT-MetaBAT2-S961.20"	21.1881984512185	21.0248849332124	21.0351531868621	22.724309290979	21.2738266806066	22.0452007912306	21.8509677348553	22.0530792024582	22.6155606888777	22.0611283680623	22.564271017808	21.5913842192477	22.4662973999595	22.2027704133595	22.9257548057324	21.4075381541357	21.7813230050667	22.3958594705435	20.8799330455407	22.1290868520897	21.5570953822686	21.3438167416491	22.2866829927072	21.8139963850823	20.3480899441111	21.4764729743451	21.3724377262308	20.4420239858556	22.3956265140672	20.911739501757	22.1898472306616	21.917362203496	21.0971196660062	21.4849702985034	21.0035738679046	20.1060793008419	22.1077572559887	22.5922856541963	22.5987154713153	20.9658634228364	21.0820912898473	20.5188370242999	21.2927790622647	19.8560184379398	22.2906727253018	21.5146964478788	21.9029037742712	22.9025297400269	21.7246269169272	21.9470621785221	21.1007984894353	22.3715700326156	22.2926148076871	21.7876843276969	22.0864301831635	20.9519269695083	22.5537603258702	21.7758518271099	22.1550780106557	22.5000461662709
"260"	"MEGAHIT-MetaBAT2-S961.221"	18.4875092310275	19.8167730457721	20.5356080648074	19.1771970107745	19.4471806681653	18.2293715544795	18.8986164454406	19.8808848802558	19.8824412082565	19.6605741193215	19.0127683962937	20.1256765418068	19.7826016708119	18.7543062451022	18.5114483098229	18.4569568662851	18.6614588867438	19.9122422248581	19.5990719936846	19.8303329129106	20.1737576810268	18.830727448375	21.1472604894187	18.7781902653054	18.520932905458	19.9063061688094	19.5133366971229	18.0386647164458	21.1264344636003	19.9294140420874	20.0939115651106	18.0925596001292	16.1046774706426	17.8503053135011	18.4471874633039	18.6780824643576	18.7324851535913	18.7645862580361	17.8370616182021	18.3818311796231	17.5540062900697	17.9663593011734	17.5062247034705	18.571051850315	19.9605697765247	18.9244679145855	20.1721028837086	20.4011281632552	19.9221613620518	19.2625934508558	18.4138482602935	19.4862292981187	20.4414672430642	20.3519291387847	20.1839009987548	20.228413079228	19.2247740903653	18.4689812350424	18.6020493387561	19.7933566251142
"261"	"MEGAHIT-MetaBAT2-S962.117"	21.2405430340523	19.5647272839053	21.5776287950417	22.1114134275089	21.404979568925	19.9036164713079	23.2863882274211	23.4573914265289	22.3439355811254	22.8644039733057	22.426823915852	23.0825458591445	22.7035870087008	20.0694988266786	22.1676695940704	23.0540383063792	22.967333638866	22.4457961423179	23.7689953638627	22.8131506942091	23.0512723566366	20.1582790911111	20.7752397998469	23.1106873357501	22.2143520302935	22.2655889716218	23.6008517982174	23.5917946157486	22.8357265162019	22.2783132344695	23.5918201400801	21.444364023487	21.9000130909079	23.5841015344074	22.2007253634137	23.0559153239082	21.6993522938433	21.6268645552339	20.6220873160602	22.1338228323647	21.7961564843991	17.3616654649708	18.1637483766269	20.7644960706357	23.0028186811757	23.543921142398	22.5088635431163	22.0534301770272	23.4731868569216	21.1261290118121	22.3406813036018	23.9678234144741	22.160632957149	22.8501110419901	23.8001858018667	22.9449986943526	23.0992142860073	21.2159659706039	23.0268509544092	22.4191617561559
"262"	"MEGAHIT-MetaBAT2-S962.15"	17.9249475968722	18.4389249467599	18.148490000896	19.7131319511774	18.1705151070127	17.8287060068739	20.739832535348	19.4218507134452	20.5204950632208	20.7078986722388	19.71329560066	19.4732823668708	19.9114850553163	20.0488801374743	20.2202995607113	19.5954965947814	17.4829067704292	20.1669024422045	19.9167847756528	19.1245526534265	17.6280685051589	19.1371902645208	19.7577895282683	17.6094772876413	16.4689602930635	19.3204416662869	19.6020571559956	16.4180087902737	18.5798738638574	17.6568310905647	20.5846827679576	20.1509678105642	19.3093519968639	17.7884157022058	18.5997997340608	16.2813259164862	18.9573063420708	15.6015260123304	18.2921416054579	18.9369140810831	17.7294760191606	16.5794808279527	18.1807436450858	17.0837506205283	19.9479487461461	19.5659705668966	19.4552668740225	19.2512983308504	19.8155036578373	17.9251606184988	18.7203760903521	20.4317588090098	18.9650255824619	18.5508466718714	19.5850397965812	20.3758713869949	19.771676896878	19.4493976930474	19.9329480858189	19.9620997177613
"263"	"MEGAHIT-MetaBAT2-S962.187"	19.6854100794201	18.4043635750083	19.5812756372676	19.042745749655	19.3231397270755	17.9419888608377	18.8427017950108	19.7598352502332	19.0929426768413	19.2230815407791	19.1932823372976	20.2323642702205	19.1839661443799	18.965803336447	17.8752114761066	19.1448653323015	19.6383002864873	19.8747420554467	18.734644293565	18.8676899782008	20.3651223778136	17.6292638606525	19.2714183297018	19.8011849179183	17.8047279496792	18.3020676037594	19.1706597628525	19.7646114401895	20.6217404179553	20.7842668988018	19.3306631692971	18.0864179243893	18.3256656527739	17.6671428547741	20.0050547818164	19.4338024130661	18.1609751064928	18.8344589512802	18.3359582719009	19.4608525029823	0	18.1504142799506	16.872570298896	17.0958306305338	18.5827842840481	19.0462662130401	18.977459346893	17.9761836463771	18.2336652688178	19.1930565542929	19.3959217874709	18.6836921690947	19.1103925198234	18.7132104502854	19.9219768361454	19.4912577257601	18.3736929560801	19.0297087805347	18.8250720389265	18.4447855093826
"264"	"MEGAHIT-MetaBAT2-S962.24"	20.4403135404175	21.5858389987418	21.47822414547	25.1177374167663	22.241630550475	22.026292608956	22.8489955071578	23.2623481712721	24.7964655576138	23.8317680157132	24.9382326906038	23.6324604355039	24.9269926859098	22.97644160606	25.0048927742357	23.2256492108222	22.701943949441	23.3373684080062	21.6524702402849	24.3325127899443	22.0786224895646	23.4196003792541	22.7112168765653	23.3293523064386	20.709487311018	23.3921887975467	23.6408311298874	20.845459230757	23.1024553643992	23.0643909737858	24.1529044596728	23.8468243712293	22.7544897266826	23.5148161722926	22.8464203652391	21.0204393806094	24.5104140541246	25.0854863750032	23.7621300514801	22.945922693438	21.4394696272431	21.9547673550062	22.8833465485159	20.9149559604729	24.8569468471452	22.7907101557956	24.6557726932414	25.6847119854918	23.5946014973091	23.1763492916762	22.5855722786522	23.8422332123516	23.4724769463811	23.5039509658917	23.5954002029437	21.9648663636166	24.1682790349492	22.5522336885904	23.6178892324836	23.8423056508339
"265"	"MEGAHIT-MetaBAT2-S962.33"	18.110830436943	17.5755343668816	18.8036252950775	18.4686525815491	18.9715470943427	17.7678234438604	19.6752641842783	18.0979199002117	19.6011407782642	18.8982920122594	19.0725174473762	18.1571142840664	18.8676279955711	18.0287625729461	18.9526399851331	18.4742180851728	18.7555575010476	19.4619929091578	18.1667531747115	17.9208406491494	17.0398571157952	17.8155970402524	19.2634138387657	18.506016863604	17.8473318452166	17.6861196800771	18.1118190791731	16.6231984527655	19.3256663823039	19.4080602772167	19.6699028464353	18.1892147183206	16.8644031429889	17.8182503016793	18.8696574558984	16.1067542587951	18.3318483872338	18.0440037169357	17.8457273696691	19.2955587830974	17.5659511387153	17.4810715935745	18.3953944613278	0	19.4882109754026	19.0379862581426	19.4919259582766	19.0254471666041	18.8662968586878	18.6946904299445	18.995368605593	18.0589114469598	18.2272261035705	18.5174575694394	18.5026407737768	17.8002556615291	18.8850593111654	18.961184014211	19.2297635026255	20.0199380045831
"266"	"MEGAHIT-MetaBAT2-S962.48"	20.0534837063648	18.7840755199567	19.3484600783672	19.349049949653	19.5139494102356	18.272502040742	19.4193143080747	19.1194558947602	19.8662622021133	19.8717049809115	19.530426096753	20.3192685097709	19.4269570498378	19.36165175366	19.1470142307906	17.4984488799844	18.1981440462101	19.8312381473746	19.4078106570661	19.1321613654439	19.7310524853941	21.1006892011811	20.1174665602231	18.5124608994923	17.2246360296089	18.4763537973538	19.8572260190643	19.4679848275832	19.4469440638751	21.6509134465207	20.3647654467934	20.1537103458781	16.9471176203199	18.4620307121163	20.6512488474924	20.3447781100092	20.0124100587953	21.0782776201749	19.0911581644045	20.3785681845212	18.2946770568784	16.405060894732	16.8473214245508	18.1597351535957	19.7987266531959	19.2672549299128	19.4485295533787	19.9573509714375	19.4069581583834	19.106923356962	20.1743879218758	19.0551602074032	19.5511708262167	18.7145934545109	21.101534956813	19.5062771111165	19.0635103116182	19.8657758961028	20.1797272346447	19.1784957954187
"267"	"MEGAHIT-MetaBAT2-S962.71"	17.0754118975376	18.0204837993711	16.8734937661749	17.7660470910141	17.79088656512	16.5056088365431	18.0591892249514	18.4076479546079	18.7419956505251	18.7025157567273	18.7417265170648	18.4037841434321	18.4979287877022	17.209734097113	18.3633442545593	18.5875645859157	18.0137955816952	17.4487558297141	18.3055120517362	18.3331712745439	17.9597676207243	17.5758015644176	17.9836509579051	18.5856493428808	18.2989245700608	17.6266491280131	17.7432259511636	18.3593107944627	18.1017144946507	17.881852925631	18.7036748801835	18.3618922103041	17.3038048200232	17.9263191920961	18.0842369822918	17.0931970995647	18.2127966601898	17.2393682261221	18.1763258999659	18.2565215779087	0	16.7106580521306	17.467502104135	0	18.9370500694149	17.4864947127534	18.0163702025554	18.3929898768899	18.1959240637539	18.7244953749008	18.2036433620404	19.0948262266408	18.6909840237598	18.80687036181	18.1157034499046	17.2673939165903	18.4811034331632	17.396547699347	18.5488464529792	19.0861179722629
"268"	"MEGAHIT-MetaBAT2-S962.8"	19.9889063967673	19.9846660662034	19.5942700180335	18.2331108270418	19.1733828017322	17.4855584886627	20.3278871462514	20.0050156028636	18.8726993960735	18.8173585176351	19.2458425187093	19.8393516104379	18.8006046657422	18.4972155981593	17.9515620811367	19.1096756173427	19.1272211010755	19.9809307621849	19.3464658046084	19.4755952209569	20.2226000382136	19.8818633819118	20.9034640020124	17.3727742022998	18.6432340057452	18.8836425505331	18.5589950190465	19.5687759846683	20.7687371142594	20.2988480651098	19.3791125974218	18.4568686546707	18.1298940407868	18.847267571395	19.6579084973755	19.8771284063626	18.7021767575238	19.6924986328246	18.8663158109373	18.9545171020973	18.6738822410332	18.1068544825522	18.3275418570161	16.2874792224461	18.5560945879594	18.7949922664733	18.4803053767651	17.8191545360677	18.8097039296567	18.6431807141081	18.8127259742781	17.8465174593075	18.5082156861908	19.1107837389537	20.0778405013	19.7028404892549	19.9707274175179	19.7083842607657	18.7126642758835	18.8349844624288
"269"	"MEGAHIT-MetaBAT2-S962.80"	21.7606423187821	21.7008844123619	22.9486907218771	23.6869446951183	22.3627622571291	21.9605474009944	23.0740116798979	22.8861909349141	24.0788145465858	23.4336160485486	23.4623451745806	23.7355681537005	23.2675544243821	22.2099122371208	23.6793957280119	22.6760393692556	23.0011950771506	23.6800346156072	21.4670232000969	23.2102765477324	21.9150676823748	23.1179479112081	23.7505833245421	21.8344818785735	21.3595617839895	23.0972004369384	23.236911151557	21.7611056071953	22.8336275266043	23.7167613284486	24.0121004147473	22.9618789064454	21.47347553333	23.0689294500305	22.449291725364	21.0555725466119	22.9013924404276	22.7813948156518	22.0576523482141	23.0372000227105	22.108016448028	21.84787620529	22.412000745084	21.3354774475851	23.8191055931679	22.6548561396555	23.7979881951954	23.9879845534275	23.4819349149866	22.4120488624036	22.8463217177805	23.2245639078641	23.1773525678933	22.9809122853308	23.063535980155	22.1773395060563	23.7347036055307	22.5521303314543	23.268893029054	24.2762606259499
"270"	"MEGAHIT-MetaBAT2-S962.93"	17.4220062670577	15.5146887913936	14.8589142894475	15.8711006552319	16.3114142793182	16.2199991402733	15.0008117112899	15.554388160746	16.5747542363175	16.4770247460468	0	17.217128338948	15.9746050769987	16.0098008413433	15.7434983967303	15.509977741068	0	14.8096892137875	14.9912561870632	16.6311101227518	14.7734089074688	14.9673120736429	16.4895645397795	0	15.1697054323785	0	15.0545897032362	0	15.0985346975447	15.1013288837243	15.1062735446274	15.1859441605259	14.7498149006495	15.3339630380853	0	15.8112481211129	0	15.2239232345721	15.4264634627637	15.1980383351013	0	0	15.4275191562679	14.7034203565425	15.3585128866446	15.8078073240928	15.5870778395769	15.7845094700024	15.1633884654718	15.4306376005967	17.5887141766716	0	15.6434045371384	17.6812756544226	0	14.5894082706822	15.4784938193318	15.4969622741931	15.0263026550882	16.1195042116666
"271"	"MEGAHIT-MetaBAT2-S963.73"	0	0	0	0	0	0	0	0	0	0	0	0	0	0	0	0	0	0	0	0	0	0	0	0	0	0	0	0	0	0	15.9676261969959	0	13.3449644077055	0	0	0	0	0	0	0	0	0	0	0	0	0	0	0	13.7115276090098	0	0	0	0	0	0	0	0	0	0	0
"272"	"MEGAHIT-MetaBAT2-S964.110"	18.4678095271795	17.9093038036571	18.2644393962002	17.3637818996989	18.3616032518389	17.3694333402559	18.3710102674574	18.5389861791325	18.5845773133717	18.5065688682488	18.1611855047304	18.2265481301913	18.5499589253451	17.3686740191974	18.5692722837706	17.1614597783237	18.3729061664098	18.4128058765329	18.229798241677	17.6041313103058	18.158703965801	18.7320627920712	18.4820578645	17.4861090088814	17.0440093944954	17.2930255736597	18.2215699665181	17.3168747574565	18.2413128680652	17.9803867210733	18.3658634696417	18.525157472828	0	17.5996624295186	16.5454691084973	17.6541226713549	17.7431479720896	18.5617319489119	17.4976659527629	18.9703275509979	15.6568625273754	15.8628524640857	16.2950161116789	18.3612801242061	18.6692692940933	18.3711728815325	18.7189313030774	17.9777539032123	18.4598583616397	18.6668707269745	18.7229858288497	18.2064431886993	17.9219780840619	18.0273739455483	17.755787751183	18.6088174190197	18.1823233953633	18.7616655451561	18.7059670839567	18.1056212215567
"273"	"MEGAHIT-MetaBAT2-S964.113"	16.7885917257977	17.7852450918857	18.1873136430097	20.5156282750366	17.9044403395759	16.3136130504875	18.6497189489468	17.2319259710476	18.9177223229968	19.7370783258419	19.2533494183311	18.5813685502836	21.3615118085735	18.5805115461744	21.3565269021035	19.9943606881995	17.9430524481382	17.9256388831243	18.048522648083	17.8519679751507	17.8375146597759	21.8545429499005	18.3842684548652	18.0467072327	17.532505798075	16.9895466167387	18.314619360154	16.48893936508	17.3282909700121	17.2553735530046	20.5479132056577	23.8087832377733	18.0910039927004	17.1556801658417	17.8219915189516	17.5366147182843	18.5456121892481	19.541958671991	18.3291724860647	21.9064486760624	19.5938930604236	16.5313138457289	18.0786904002111	0	18.9199615994492	18.3739506035796	18.9173915216835	19.0712808036901	18.578568625348	17.9267156974529	19.0975361015382	19.5683052737818	18.2925300920238	18.3468401890145	18.4711262546443	18.8570865331264	18.1984778592546	19.2157471995625	19.1544838372409	20.4995129396601
"274"	"MEGAHIT-MetaBAT2-S964.152"	18.0029165368105	18.522378939544	18.9187065447241	19.0891373757023	19.5775121492198	18.471239164632	19.2765224826492	18.9248864773894	19.9995378326456	20.103933725721	20.5003182037912	18.7561559602638	19.2537012233204	18.1965672521067	20.0332695744341	19.8927649182867	19.7669309879312	19.3339850954523	19.1261677508481	19.5294950864171	18.6258149711447	18.4484831025796	19.7446561708343	19.3486932270152	18.8569145060799	18.3862221762801	20.2785630477264	17.3254993309912	18.5610099264821	18.4845870285651	19.3290409323951	19.8809812894756	18.6680004086088	18.4827897982624	18.5655720761044	16.6073690392549	19.3047901993251	19.0543234797957	19.346545071644	18.4467765725751	0	18.9640953144444	19.5527332509123	16.9153673113178	19.3415896102268	18.5315442221273	19.4182150199391	19.6112596958139	19.3545132288227	19.4033206104949	19.9188410067681	20.0795589688556	19.382080082442	19.1103366229194	19.3393151798381	18.8283883792078	19.5087601270202	19.3001817994602	18.8567034925379	20.4417469694563
"275"	"MEGAHIT-MetaBAT2-S964.154"	22.0473467766256	22.1714134282044	22.7354930535817	23.2894925320529	22.1268438538526	22.3555017807037	22.5000783639553	22.548651661974	22.8084352865785	22.5731876408482	22.403845893388	22.6940266631042	22.7085785588217	22.715719448859	23.173407805665	22.2479076230969	22.0973042440753	22.5474922902828	21.655562754519	22.6140421814393	22.0991160332337	23.2534621974138	22.2049840462472	21.6043068114648	22.1500543940829	21.8371894511591	22.126740476131	22.1670402867873	22.2757581839404	23.111974644866	23.3700746586048	22.8818194734916	21.8751572194967	22.1874700753348	21.9775441684174	21.953725506832	23.553946870607	23.4625779995567	22.7068272890997	22.945482020633	21.0295489281997	21.9307275518165	21.7369374136306	20.9739518213426	22.6033762424958	22.1952741763434	22.5220470101894	22.6400287072394	22.7930837623184	22.76714107811	22.3689112991549	23.271356791099	22.859068183912	21.9996063650988	23.3025386970078	22.2466456295812	23.0768127877113	22.412374046981	22.8056348593174	22.2559720169122
"276"	"MEGAHIT-MetaBAT2-S964.185"	19.3097181012576	18.8396802661547	19.2193306639336	20.5623248227942	19.6322745992731	19.1925697729406	20.285495241673	20.0471689753581	21.5371135035012	20.7487025263368	21.2408574436325	19.9104984444453	20.8304167622055	19.1418927931825	21.5794104411584	20.7308290603534	19.8886298245809	20.8496402161893	19.9053357436109	20.0574803232048	19.3157836881867	20.3614596190456	19.6991117714772	19.4473498220675	19.155158087767	19.4818677509425	19.86249307655	18.5343834097176	20.1448924247091	19.873598420789	20.7197942752166	19.9317307305574	19.0250534220801	20.6511669437891	19.364932341778	19.4182809272471	20.5257029676549	20.7530079736688	20.0771133445753	19.7200450914872	17.2827265104273	18.6193657554149	19.4685360984062	18.4718996734706	21.1269726738906	19.466010582543	20.9212385395667	20.9830002230584	20.0692993262909	20.0121743374054	20.6203908120829	20.7398622240942	20.572947345631	20.3710438723181	20.1592425096262	19.2679869968059	20.7187174878868	18.9920583758236	20.1709455453361	20.8337042388805
"277"	"MEGAHIT-MetaBAT2-S964.207"	17.798672476022	19.4291906723932	18.4962589946873	19.0787150290072	18.1676209031738	17.4883862506038	18.7124077610382	18.419708805156	20.2733829546033	19.6474591827888	20.0119950519824	19.5429180430697	20.8217335367711	19.8271459784419	20.1210056217626	19.0637782919064	19.2986960700603	18.3397010042683	19.4303341818768	18.5317693944566	18.491330355046	19.507321850128	19.9865809413052	19.626185613994	18.2105268252218	18.5595731320021	19.10115838659	18.5389569208961	18.4610215802051	18.507818065327	19.9747510513792	21.9095217576205	17.3926650501119	17.3227544813115	17.6618568200561	17.7120015193093	17.6352398788755	18.8287768556586	18.4679562059215	18.3519774753545	15.6046212780533	17.9606836881643	17.7652479120829	16.1975308700362	19.0076950647897	18.5713544865903	19.1062207365774	19.2799512484456	18.2099476366272	19.3462498867328	18.8436129675799	20.1440732319531	19.6939393586408	18.650816210767	18.6889321247974	18.6853231358714	18.8553417093352	18.7735486343358	18.8646772720301	19.1605391069715
"278"	"MEGAHIT-MetaBAT2-S964.217"	19.2049126174107	19.2955804871557	18.9149936858104	20.9467010968201	19.2925272762623	19.6864633536128	19.6301901259623	20.193391397503	20.526512280737	20.4694829905808	20.3342911474375	20.1082837693011	22.9526026173421	20.6492486271566	22.2578176512817	19.6090441692944	19.7664087863762	21.2307618473461	19.0429572855921	19.86749966459	19.2674054643874	18.69637255386	19.6592013059223	19.3580144001381	19.2778487327636	19.5209686526137	19.5559644731674	19.3511785828676	19.7868344419802	20.4818359613987	20.7343410667101	20.4688341817796	19.2771346804191	20.3153876605784	18.8146526700201	18.13025108114	20.453583090866	20.030362698879	19.2899365603842	19.7514596374351	19.4863477025948	19.0742968453636	19.425533414468	18.3031947038702	20.9009025374566	18.9405923954644	21.524106928238	22.0552810857812	21.0783541755387	19.8310771612332	19.6836921659214	20.1996781727413	20.0776655636107	19.8005048601388	20.9626332506243	19.2191995076726	20.7460987703764	19.021030366757	20.4629125879606	21.1489358695968
"279"	"MEGAHIT-MetaBAT2-S964.235"	19.6858531771995	19.1549189203343	19.2358474517626	19.8738361288618	20.1000365255098	19.5325829421524	19.3225839401417	19.3301347599186	20.3224019311027	20.123943877804	19.426313173785	20.0912963953875	20.0641214255317	18.8475302607706	20.6073161401818	19.3102835560793	19.3476644459638	19.7431276930815	18.6592453412834	19.9907074064402	18.3620628474762	18.6763782193728	20.4965256013592	18.9255346763531	19.689099061597	19.3462889574695	19.8645352575049	18.7447110111322	19.8137003485479	18.9307657423621	20.4438982895769	20.1431568852163	18.8262009548511	19.4198149068268	18.3011727108055	17.8092465038097	19.9735317482058	19.9554429856507	19.1239355023905	19.7490371499624	16.6493670625164	18.9114242852952	19.2607647667701	17.6107169220784	20.0992598251559	19.490996055836	19.581113844962	19.6705890896336	20.0142155316092	20.043939188527	19.1134873211617	19.9943297119064	20.1793734868137	19.295398237319	18.5833663112112	19.1953263182533	20.0962629027696	19.8220841125835	20.0468438921065	20.5196980522545
"280"	"MEGAHIT-MetaBAT2-S964.264"	17.1169313764827	16.9699827951419	17.1990417677622	18.5660357291819	17.1660063695671	16.1878866488249	17.8893415514107	17.8320773176584	18.5278394219551	18.071003013134	17.1156791420075	17.312698987477	19.5980102913628	18.2306746665905	19.1463940099589	15.1722602566171	17.6444885737537	17.2708515114989	15.2233731832797	17.874471702414	18.2783925187854	17.1213800928066	18.24297321223	14.6850513748046	16.2151487672103	16.9598584616804	16.2642901204983	17.2558020348459	17.3046899738377	16.992546298691	18.2414376760717	17.6196043754624	17.3323491854689	17.7393840540811	16.8188715560928	16.8176074790664	18.1876793944237	17.9862713723364	16.5433366777708	17.3829797508921	0	18.4050667023972	16.8760712356171	17.9662667635275	18.4402226940531	17.1325616640202	17.6842171482153	18.0456674874084	18.2373721963549	14.5301722898608	17.0819517571076	18.4205128950301	18.0394000798585	15.931848598209	16.4773737734245	16.9162613543517	17.8219250611376	17.2988882103596	17.8666228294399	18.613243847957
"281"	"MEGAHIT-MetaBAT2-S964.51"	16.1115754128374	17.6038202045287	16.7774183878122	20.4729268063376	17.3903198109958	0	18.9864720273985	19.187335983115	19.7025515787319	19.7824717792575	18.7631435064203	19.574580414028	20.4481566603482	19.1798853173266	19.8413822433482	17.0818690170722	16.8518374933796	19.6181496056871	17.9809933315867	19.2133609083688	17.3626889742125	19.9637568973648	19.9989625973476	16.6376302519679	17.066642966286	19.6517912234626	19.8331438642191	17.1680111553805	19.5840707397414	20.3474478166802	21.8897147663983	21.0658893886953	18.3596714593521	19.6082480574933	19.523018802323	17.7692852934649	20.2315456810601	21.4038377804887	18.3269876215439	19.9486816995174	16.6617033622391	17.5962381222017	18.5783120579688	18.4301543954266	19.457407220729	18.8235928527732	20.7624855163375	21.1791566787226	20.3285714170745	16.5640647566917	18.4880829720857	19.3015602197321	17.5451129687957	17.5554203049067	20.2486420281838	18.9510330768877	19.0968934950355	18.2594490366967	20.0050663719876	19.0211112282694
"282"	"MEGAHIT-MetaBAT2-S965.107"	18.3688420232488	15.476739097048	18.080691746807	18.7335200030817	17.8518215774769	20.6070259706005	17.528590824895	15.4328262336342	20.7813796874937	19.6244124142717	17.5433124641699	0	19.0104115739319	18.6141107275417	19.1517591796339	15.782882327556	17.8593146975333	16.7671889708174	16.7763258330756	16.6667700617495	17.0129122150104	0	17.3626051300861	18.2375965068998	16.3778350563253	15.0414148142199	0	15.4936845665291	17.9198905084873	15.8629300618648	18.8932499108976	14.7140419843998	14.3235957931982	17.1696711681982	15.066695290771	0	16.230247331619	0	17.4722614137857	15.5589640974798	19.1343275893926	16.2669964677351	15.7480607738426	0	19.486738545239	18.4034389143252	18.5336050557606	17.8709734265343	18.521363137602	18.6142091419223	19.0524148686842	16.338497405751	17.0581955410303	17.4450930573755	14.6316381421462	18.3817047398129	19.7052502369658	20.0713858648057	18.4117521726373	19.1402441933911
"283"	"MEGAHIT-MetaBAT2-S965.170"	20.5907903643262	19.9786145441655	20.2999081871756	20.3900719442555	20.6368940904359	19.9079873537826	19.8078814556734	19.7124711650563	20.9484346983766	20.9631659166209	20.0892711730768	20.1340601289384	20.0084433628991	19.9877633458513	20.8662163518973	19.8047601867733	20.3066683228558	20.0419017420413	20.1878166750895	20.3879722539707	19.3936170581088	18.6716422590593	20.7706252467619	19.5839133859198	20.3904570804705	20.0042804011935	19.6620591436367	19.3616284111195	19.9168323819513	19.4466385907807	20.2724025743349	19.9273023323433	20.3474593772448	19.4713951030115	19.0336587056846	18.0907672731197	19.7075434596727	20.0736566694563	20.0234575963798	18.4128823859466	19.9760229777536	19.6694134697024	19.9302950329563	16.6276373443419	20.7984939660321	20.2673203479242	21.1248782095159	20.5933370123833	20.2127986651376	20.8810539429512	20.6829875108261	20.2368780783799	20.8523845334315	19.9189717594179	20.846542566078	20.1925468742827	20.531747545632	20.3328266947666	20.1461582148554	20.8283399696125
"284"	"MEGAHIT-MetaBAT2-S965.5"	16.1306459298517	17.3222061596099	17.0619594857459	17.0551118201652	16.0124179752672	16.4281559650257	16.631119443484	17.6594870563581	16.4708636083398	17.0977282538512	17.0973337061165	17.1714875553972	17.1876009236701	15.7452937956797	16.7997815090883	17.005428349797	16.8105342302435	17.4190354627485	17.2225189911228	16.6847216429112	17.4342565809674	17.170807607058	18.1687511394052	16.7880270081938	15.1773403423555	16.5144408630898	16.9137705993762	16.567199950971	17.6439994747409	17.6678001391667	17.3555687276996	16.8677657924016	17.0938925890661	16.1590421975028	16.2639724956057	16.2006172351652	17.8379814824331	17.2680645437608	16.9695039503842	16.8556501480417	15.9193042862329	14.7783859563074	13.7989264915894	0	17.0898007806299	16.7787902114736	16.4227455882967	16.5998835281387	17.1276595111876	16.8599939612203	16.7653083332666	17.1345666528438	17.5612725947569	16.3267545521696	17.4579475990295	16.7267379169689	16.7142946938673	16.6085817977268	17.2373582461186	16.9757973686253
"285"	"MEGAHIT-MetaBAT2-S966.102"	22.2260953353878	22.3856152437615	22.4899482791546	23.9597604522031	23.0895469550825	22.4010203462094	23.1320933135491	24.3994065805796	24.5752562877899	24.4092570002758	24.6473776386418	22.9374728333533	24.2169497816429	23.5144889889767	24.9122972425499	22.9202098814824	24.0606630498981	24.3484546763242	23.2516116366484	23.7663612048179	22.4011627106087	23.07643345741	23.9325019675906	22.7505490775246	22.361207514924	23.0108170140534	23.1755645250981	22.0810739763176	22.9741964098505	23.2009563683056	24.3813279997935	24.3590540290189	22.2799335768838	24.2672125462248	22.7148648335548	21.5646121433611	24.5852695471449	24.0812294613469	22.9786647769309	23.7973148550378	21.1835151828614	22.1788586630447	22.723086332692	21.4541679053451	24.3823995392446	22.7803019499179	23.9458219902403	25.1077201883215	24.8319166776604	23.384444994793	23.0638681700596	24.7578199000755	23.3538870684755	22.9033393959394	24.1465246477125	22.2273519616416	24.479385539192	22.6621140013283	23.6587225626388	24.9975569981131
"286"	"MEGAHIT-MetaBAT2-S966.75"	20.4340041889039	20.8236492748138	20.2271423950974	20.5551579639658	20.899833611639	18.9205259012522	21.3305632174777	20.4171874414571	20.9950371781896	20.4594393101339	21.6692676706588	20.1924624261757	21.5616016608799	19.3830326855719	21.1964451823284	20.3885706584844	20.5321755327954	20.8015143232871	19.9162804795039	20.3500358651253	19.4920931225556	20.9275056359015	21.7048273335868	20.4960377635087	20.4163722453986	19.7400246493229	20.9183944186857	20.2558600462972	20.9968495353373	21.0546660611075	20.433538163036	19.6966256393301	20.5336073600899	21.0120761026563	19.7385490569659	20.0039563802708	20.0052839840653	20.7095380213533	20.7718155546586	20.4894499862014	18.3091949160305	19.8248098432498	20.0557997810541	19.7705262399362	21.9883470855365	20.2067554540683	21.3289489132128	21.0386469439436	20.8083387217223	20.7410995442441	20.1845483303348	20.408256430495	20.3506662495053	21.2460657480557	21.572687477351	20.131782686905	21.3859581583648	20.7979505671521	20.7520315837521	21.3281086864727
"287"	"MEGAHIT-MetaBAT2-S966.83"	19.0845909924114	16.1509081635811	21.3367686085969	16.6533253739728	18.1661973267537	16.2906876393205	17.0893987532257	16.5880964827751	18.1320638061117	21.0786806831551	20.259868947148	17.2876147645426	15.03801247253	17.7927713546399	0	16.3103890912592	17.7055959360155	17.8909364500652	16.1820815527912	18.6628791824316	17.0535173605866	17.5357309533897	19.1415695264753	17.1922163369528	16.4544825049569	17.6782651102892	17.5161724003148	18.8588530284835	18.9445669173321	15.9702249189907	18.7551590522132	15.8613418693307	14.3926013339525	20.7775432844416	18.2457076864351	16.8775006598391	16.4570171276033	17.4852218956309	18.1194597308086	15.0974818711197	0	16.3288885826984	16.3861089210565	0	17.7443725190745	0	18.3682954698215	15.0792548171254	16.967764867556	15.4419383863672	18.0124600401768	0	19.8607229571565	18.8754408521979	19.8444198966643	18.7242201095459	19.9789675028965	0	16.3402897561127	17.6159194398283
"288"	"MEGAHIT-MetaBAT2-S967.21"	19.1077153347246	22.369507156128	20.2414850697271	20.7083091091975	18.3677370097187	16.7646684710614	21.5086659147626	22.0537346142599	20.5667773914031	19.5429809640816	19.7340497072578	21.712585498559	21.3356719295106	18.1660653404661	22.1038484329476	22.0420063530018	18.4577390294058	22.5196377578833	20.2347579158633	20.5127963408613	22.0527436807806	19.3562933636605	20.4221514380031	17.1426704241331	17.315336024975	21.8556446989565	19.2291375147521	18.7957311196213	20.4996273066968	20.4191412019038	22.4384216422569	20.7846390828693	18.5212194224485	20.3596571741879	22.7089131125078	22.180495651467	19.8047742222624	20.2000048080243	18.769006882084	20.9613329182217	18.0857548749812	17.8931421181604	19.1574274625551	18.8359885504889	19.2051269621033	20.6043681375232	19.3259596645069	23.612841366762	24.3288359749501	18.1341069207999	20.1954502827385	19.7303487781037	19.2806660092296	19.2793784336679	19.9768219757606	20.1885059101934	19.5002276554343	20.8377296357819	19.9016217578592	19.4218155841092
"289"	"MEGAHIT-MetaBAT2-S967.229"	25.9670069922018	24.8940223741767	25.693978346011	24.4676650598609	25.4930691955713	24.6555115296915	24.8921233488517	24.9015611329012	24.7717627993403	24.9779655774726	25.1862178608896	24.870636784577	23.7361410202947	23.014228641127	24.7780550354891	25.0875870333184	25.6982780979904	24.8489536606573	24.9288311598989	25.3274838370991	24.8942471852585	23.1014322374327	24.6741975637155	24.8630611569797	25.2889060645411	23.9520061365004	24.5786082961836	25.0013174834701	24.5687630725825	23.256411015905	24.8972620651633	24.0481659637563	24.0206100068948	23.9492239314466	23.7456211733656	24.1250831112141	23.8322090915178	23.5497988248625	24.8870867613387	22.50384963803	22.8164675805821	24.4384555440334	24.6508378813696	23.2932598730275	24.9504256756843	24.741956361106	24.5979448613437	24.8932328592903	24.7009116947674	25.5741363826666	25.3015479400434	24.5299829076008	25.6230100401529	25.5101109203773	23.7768823315111	24.8062142208197	24.8134986960307	24.7344833224087	24.5055655897977	24.8988695034911
"290"	"MEGAHIT-MetaBAT2-S967.46"	15.5348604826441	18.8967036352813	14.8433184273862	19.2077760515013	17.2421112151901	0	16.0769823681004	19.1095600108408	17.4393362245312	17.4711481379305	17.5195349354703	18.3968198324073	17.5578924482988	15.1220573631878	16.5478160792372	17.7354392439972	16.1113749637111	18.433048697537	16.5746351567652	17.4939192526011	16.1024775562986	17.310772780247	16.3984401543711	15.8726990187039	0	16.8801255474836	17.7847142188005	16.2401099626166	16.7831271690449	18.0615099082077	17.1860626221758	17.2652655840393	14.9561935332263	17.9957552787063	19.172482697349	16.4104234790321	18.0367358202427	15.8701419152935	14.2369493004067	17.9775305922631	0	16.182654926085	17.7317304135577	16.1384954170016	17.4060498010341	16.2237291884147	16.5472543195123	17.2163104523198	17.4539097658541	15.0778405589881	16.7951983391512	16.6778710900066	16.7636803679009	16.6007721494449	19.503213643587	16.59111077558	17.0893226072054	16.400914915347	17.3350309357478	17.4508868762858
"291"	"MEGAHIT-MetaBAT2-S968.115"	18.7224607458368	17.5462375823574	16.1968564381691	19.0224970545782	17.2611441607316	18.4332263398004	16.7188701507833	17.9091511025061	19.4748484293747	17.9189838913727	16.4641532769485	0	19.5107148940848	17.8579633350255	19.5113450705394	18.5217844395675	16.2212053130011	20.4059982904774	20.0359708190253	15.8693134994004	17.9221346305761	17.7265783744197	21.5047625984333	15.5436973944086	15.5625383948662	0	19.7028274446684	15.4485254066871	18.1458920170513	17.5122527706552	17.1822454514228	17.2132954289888	17.3219423830535	13.9769800381528	20.3942422292188	18.6224488737199	19.0558349717407	15.6162348917278	16.3904534103709	17.5933771948772	17.5178602763921	17.1389685893215	17.3998538636985	18.833776531638	16.8031497197965	17.3091697554629	17.8342217487392	17.1152906699042	17.8606517578082	15.3213634666795	18.4701343173645	18.1167480734432	16.7920055212642	15.3949338063759	14.7385667219663	20.3571815229706	18.6921620054618	18.7928603251667	15.6340757911625	18.5031116912641
"292"	"MEGAHIT-MetaBAT2-S968.13"	20.9469173896453	22.0632580528974	21.3010831261946	23.9299130029329	22.6979807925948	22.159819462522	23.2713847317538	23.5014958599384	23.8697468517206	23.3846738394004	24.6777366023805	23.5594701732239	23.9412864898355	22.6918900416275	24.2086481672889	23.1719692608405	22.408495023784	23.6994964879113	21.8956760347016	23.3242805434344	22.4963787006768	22.7635528550059	22.6237288900552	23.7416515594843	20.570747898084	22.7197040800917	23.4553898074128	21.4241675149215	23.2118430995919	22.4553775309405	23.3709295285353	23.1131337453008	22.1553228337177	23.3653701323883	22.118847709724	21.369161183994	23.4310622082452	23.7379911621626	23.5090303810213	22.2572920135135	21.301894680593	21.7768553933654	22.5188381538989	20.7179339241196	23.6764685020492	22.2392117329276	23.2385207574511	24.39850017825	22.7687230085707	23.2084957087871	22.735747733073	23.2050917860482	23.1633868942896	23.7932386349602	23.3617175671959	21.8299914539764	23.4201775182141	22.3617362560502	23.2265225928347	23.8818396361505
"293"	"MEGAHIT-MetaBAT2-S968.138"	19.0117941251235	16.9923142710415	17.6253373099462	17.2375320517343	17.2175143274182	17.5069984396633	17.1693380088341	17.4781589015423	16.4538280781125	19.198875197687	21.4762330177097	20.9574095248294	14.4469525678399	19.8304309012875	18.1407794361093	17.2572102270887	17.8081630700749	17.5660917625522	0	17.3042730590928	16.4797138147759	21.3756035159254	17.3813485398363	16.767394514655	16.9034997444354	16.5551974805142	14.7771290583058	17.5645509948096	17.8761981082457	18.2901163203137	18.2493045883473	15.6213196190111	16.7878299000918	17.0140622170521	17.8730032898072	20.876608147079	16.8806295792336	21.185934861428	17.1423630768736	17.7221013289885	17.2968942131269	15.8734455608093	16.6042147660507	0	16.7012570203195	19.6778288583843	20.5368032001949	20.8336626030675	17.5290101994905	20.1350544364474	17.5434470790754	0	15.786508650607	17.7382879668574	16.5142817238792	16.4147785445786	17.6532649224557	16.4016343351318	17.4793131782369	18.3604562500443
"294"	"MEGAHIT-MetaBAT2-S968.143"	19.3223010047777	18.0992198496582	17.9863175773062	17.7509740592663	17.827950869047	16.7416415169393	16.2794164559981	18.5109362425018	16.8733598709997	14.8302163375048	16.4270529107228	18.8323347788933	17.5701844452364	0	17.3611523175516	17.8812825533952	17.2379009827927	19.2977064108612	17.3298182838779	18.1644850372175	19.0549796861651	16.0009104042683	17.778405332608	18.3411534792348	18.162926777109	18.5560375546026	17.1833457488008	19.1482570123272	17.9283325645184	18.3451438022397	17.3756989517777	16.3321055745449	16.1832842129789	15.283307967659	17.2829991633419	19.8442761199659	15.3735880582853	16.273214939485	16.880718986553	15.9368565216906	15.5639955791254	16.6041748267702	15.8478507852018	0	17.1630981214226	17.4661884972615	17.8202855393483	17.9505034451377	18.4883028314425	18.1836188183417	18.5771202502259	17.1198994367262	17.6534204343772	18.5543344051994	18.1285489642034	16.6797639080417	18.3621624629018	17.7336310010339	17.6906979913734	17.4416861046433
"295"	"MEGAHIT-MetaBAT2-S968.150"	16.3218921865306	12.4988225855843	16.9149935170136	17.8657000863945	0	16.5853780597623	17.8693984199288	17.3498421364616	17.3995840533146	17.6848155783201	17.0988586208514	16.8789887919068	18.2977892823463	17.9283486028999	17.7638462039176	0	12.5112201258782	17.2955221212691	16.7700705869137	17.0400669340864	14.1194400773807	0	16.3709353563622	0	14.33023208983	14.2551244437573	14.8466399621626	14.8827553516058	17.4862300456264	0	15.9710345758766	0	12.0257662161275	13.8401233259145	0	0	0	14.1366548446124	14.3694071543812	0	0	14.6508968412869	14.1696778198321	0	15.2513273103946	15.8143131771153	15.930414413425	16.7288531570771	15.7057593399971	15.0920003078051	15.4516646929453	16.1510360611738	17.3951084595777	15.1736888220714	15.1012335190057	15.7721653292937	16.5782007069978	16.3597392930102	16.7954728296754	16.03944822375
"296"	"MEGAHIT-MetaBAT2-S968.154"	16.3275302839655	17.0468646742899	16.7014257386767	16.361780131796	16.6890872166486	0	16.5382517769166	17.0984905051881	16.8864788880035	15.4918382930949	17.2238367871275	15.7555955358473	16.3051955051764	0	16.8643690865528	16.6028072353859	17.3410578838855	16.4234859574825	16.1136220312726	17.2143496972111	16.9249383525832	15.1798713257439	17.3969009072323	16.4011816783069	15.6383558841195	0	15.9808039029558	15.9111180783759	16.7221279078616	0	16.7738051421644	17.1778223068179	16.1267501276019	0	16.5833887153833	16.6008154687161	17.2091464844193	17.4140539742503	16.4206478550389	16.8192168067973	0	16.0050630592618	16.5714412057228	15.3514062752169	16.621121414108	0	16.676374858856	17.1394009385811	16.7042142562366	0	15.0398215389677	16.6115237313222	17.1399273631579	16.9989181044224	16.1638341954018	0	16.4484852940355	15.8233500385928	16.661869611699	17.2120189325214
"297"	"MEGAHIT-MetaBAT2-S968.183"	13.7759359836186	14.5827948081992	0	14.6528880359076	14.4541839571927	0	16.1927816352402	16.0742778061963	14.659774251459	14.9444999481269	0	0	0	15.6958518035446	0	14.8263750756128	0	0	0	15.8441331071017	16.6214772902757	0	14.863067401528	0	14.2532257753643	14.2720732356111	0	0	0	0	0	0	14.9412289490807	0	0	19.1608360966649	0	15.9263737601403	0	0	0	0	0	0	0	15.2540585636759	14.0288672504872	0	0	0	16.2512646097242	0	0	0	0	14.6745384697136	0	0	0	0
"298"	"MEGAHIT-MetaBAT2-S968.197"	15.5439812322887	16.9482860210645	16.6846577633041	0	0	15.2889564392649	18.5139498982278	16.9449845673726	15.9493636206413	15.1839224252521	16.2003136546981	16.8773427637016	0	0	0	17.2414395933597	16.6097251195355	17.1980000128591	15.149165756212	15.029773925701	19.4163514338265	0	18.2557399919899	17.041120459937	14.9670803380188	19.0492861014608	0	18.0065019081516	18.3366223944692	15.9635349981135	15.4848127272472	0	15.3510391193889	16.4943622457777	17.9548830769877	19.0074416652321	18.54849889202	18.3889942936949	16.6340035195417	0	17.518602425176	14.6072527050622	16.6353100405144	0	17.9240245568314	16.4670703446037	0	14.162385469061	16.8125957118632	0	16.8536512149083	14.7730303122862	17.009339112779	15.17258068251	14.0288500853764	17.3668665896352	18.8455746016219	16.89481571947	15.9282272836528	18.897617332801
"299"	"MEGAHIT-MetaBAT2-S968.229"	17.303547589799	17.5714349375764	18.6581417871247	20.1914844117133	19.1810130872012	18.4160720150964	20.0856994379521	19.3451695301425	20.1449969886189	19.4579235523014	20.4043595526545	19.3396211868302	20.0931301582564	18.5980263827954	20.3117976853713	18.9672579243783	18.7167818353857	19.3909523881623	17.7741839292548	19.5947772671727	18.4803244083134	19.2741437299251	19.6433570928471	19.7297540480296	16.813445219847	18.5417594567703	19.5939558979561	17.1954931493411	19.704489738177	19.2480627887198	20.1202154212419	18.9006186401004	17.9347019557815	19.2625648845022	18.831991870676	19.1319651401933	19.7204568397134	20.2996945911586	19.2574709448325	18.4450926760602	17.5251770209786	17.57845536781	18.4933616680276	17.6664826458172	20.1796835092662	18.4432688615362	20.1205360608052	20.5962636975121	19.2182211380107	18.5090023377455	18.948830252531	19.5007152739003	19.110185989362	19.4706460544317	20.0928310209667	18.6023737846352	19.9429470908895	18.9087921091416	19.5381076830245	19.9676582291464
"300"	"MEGAHIT-MetaBAT2-S968.241"	19.7498842789158	19.8538801800341	19.8237549469903	19.1912894432967	18.7361343856091	18.5017917335369	19.0163623877441	19.3550092240654	19.485800441579	19.2724282929993	19.5200972179406	19.3551505172681	19.374573011293	17.949658650048	19.3181054280776	18.3696536764184	18.4325141225193	19.198545830794	19.6522669763997	18.8186753253278	19.9170303703136	18.8226170130767	19.9971941349527	18.2365076023513	17.5944622587529	18.2611307244187	19.2815508642817	19.7255555692526	20.276427701728	21.1057783377643	19.5326185656011	18.505202865592	18.6841175545608	18.9304837840229	17.9297455101392	20.1598187062711	18.3138419532264	19.4439977391415	19.0236014577814	16.6981742226946	0	18.1391196479092	18.5342387242104	15.8943661087809	18.9969792132927	18.8633747146874	19.4624038000898	19.4956847832876	19.0781549218223	19.0792963889971	19.0729192752264	18.2596612533088	19.2269205532481	18.8973862377103	20.3044930884871	20.0546584473671	19.8911393115726	18.7764969397022	19.8199594257423	19.2384372365148
"301"	"MEGAHIT-MetaBAT2-S968.88"	19.1563282330573	17.5994282042964	19.1025823052141	18.8213345892493	19.2717484553981	19.211294009678	19.0963114784657	18.8187084218944	19.681605798741	19.4116538245644	18.5798663610982	18.1569187918959	18.8462471078844	17.8104689106298	18.9050831728799	18.088330560525	18.8036254514581	18.9125182155057	19.1937232431962	18.8714077441647	18.5329324714693	19.0327031648822	18.9860419299574	18.7939758696618	18.2898238433226	16.6065831150926	18.6149353624283	16.4115807967761	19.0809893535377	19.3773453753335	19.5469638663578	16.8401643224447	16.7893097531417	17.9729283648186	15.9371803071918	18.4180566162641	18.1732318519613	18.8030617989052	16.8790770042668	17.4445827208839	18.0001179590831	15.8662208085812	16.8332639554154	15.5435225245455	19.3254257335265	19.1619794806258	19.1176420358684	19.1079514885257	18.838632079448	19.0682415695849	19.9743972937098	19.1022935498557	19.3918377391575	18.7843984908506	19.7318116188008	19.1761699141611	19.3183628042326	19.4615316821739	19.4214797987628	19.2496334024229
"302"	"MEGAHIT-MetaBAT2-S969.165"	14.8648573881902	14.8375012123558	0	14.4206847957556	14.6921130656805	0	0	0	0	0	0	0	0	0	0	0	0	0	0	0	0	0	0	0	14.7475957811261	0	0	0	0	0	0	0	0	0	0	0	0	0	0	0	0	14.9381381889739	0	0	0	0	0	14.3183060202425	0	14.2595769217702	0	0	0	0	0	0	0	0	0	13.4860456969474
"303"	"MEGAHIT-MetaBAT2-S969.185"	0	15.2311099368928	0	14.8890970763447	0	0	0	0	16.6276964368327	15.1113946307752	0	0	16.2922779773242	16.3121778644762	0	0	0	14.2457503062272	0	0	13.8296755851489	0	15.4177547072641	14.8108679142146	0	0	14.8169216285858	0	0	0	15.9674469090224	15.247386829288	0	15.8482660616807	0	0	17.1677535380466	15.6428113633053	14.2874218520117	0	0	0	15.7279616376806	0	13.8589723754474	0	0	16.1422867087233	16.3890677950749	0	0	15.7660786105548	0	0	15.9800962485968	15.147726701292	0	0	0	17.4606041300984
"304"	"MEGAHIT-MetaBAT2-S969.89"	17.8318232068194	18.2748153960502	17.1275846136642	18.3660580342668	17.2227405254519	16.502022205742	17.5301588586177	18.1104063235221	17.2183055604706	14.4840660242569	16.9555780777429	17.9874733893164	17.7941824760256	18.7814664105386	16.976256133099	17.7130421671672	17.0484871217124	17.6917127469275	16.2939363144349	17.022893861337	15.3993100385751	17.3756410516656	15.7584938265643	16.3940604708478	17.1443435463244	18.0372615946955	16.3962921762894	17.0206041672889	17.5040699747836	18.0203132036991	17.2999151362899	18.3997718744818	17.4161128783797	17.6493250161216	17.0156573636634	16.2751414269731	20.4044673795629	18.0691206632833	17.0140508993905	17.9216039531452	0	18.2126833112672	16.8998428425707	0	18.0006894374838	17.0037831672448	18.5560102373366	17.937595567378	18.1590557240601	18.1656407207177	17.2152804892211	16.8431057131478	18.631360489319	17.6211550030123	18.0402707716161	17.4025358375769	18.1940625094704	16.7548986074927	19.0284202205864	17.2955050504973
"305"	"MEGAHIT-MetaBAT2-S970.110"	18.0262987820748	19.753400364461	17.9202660537136	19.5260420371319	16.5866772941106	15.8237973041346	17.7059662892411	18.3370428224647	17.7769851656891	17.9222423529584	18.2502721533438	18.7715368157812	20.4248760803148	17.2453550830482	19.0514409563766	17.8479606891051	15.9731249974571	17.4421665598609	15.612139895857	16.7157898471108	18.7904990145955	19.6496508952883	17.7620515715076	15.5324210351718	16.9624193632143	17.1322494537915	17.1404647033793	17.6315485493012	17.9525297015338	17.1164279734183	18.5848334097996	20.2780505097988	17.9476044374308	17.0923476349082	17.1032071991471	17.8498821044166	19.2382598527004	20.3936458012307	18.5549724533274	17.2931615862261	0	16.9721601166611	16.8799920489665	14.7124598976091	17.688946636386	16.318424019196	16.3219113033525	18.0063016167313	15.6464304866861	16.2759714740094	16.7289497895746	16.2701367017441	16.9372062220002	17.9873687567603	16.4227955051349	15.7497515254867	16.5123002792799	16.5224316876125	18.0897067442321	16.9269668400973
"306"	"MEGAHIT-MetaBAT2-S970.119"	20.7392117592879	20.6254880699046	20.9351050073033	22.8230721801395	20.7682955271481	20.4900352594013	20.7469619027567	20.858218188564	22.9412555431963	22.2092751330672	21.6085304273767	21.8913847241698	22.1205367782443	22.1880910230656	23.0462307568629	20.8270171419271	20.347914396727	21.9115183709532	19.8905948066313	21.4101171966637	19.8773143623498	22.0693091404458	20.9098366953562	19.6999019981023	20.6602823668367	21.4584888988505	21.4164401875836	20.6535435008625	20.5288246523409	21.6568483611322	22.7517628360448	21.8669359345173	20.929362646807	21.0404439564852	20.832041635554	19.627004806052	22.1938694203521	22.8976901021199	20.4062456750748	22.604299830999	20.7642961393935	20.8562937182922	21.1845094411643	19.6713081017408	22.4402826550155	20.8966231618687	22.0779864664559	22.3889769302433	21.8020459667456	20.8040219770277	20.4946686190398	21.8552648046146	21.407728063836	20.8597049354444	21.8315341151124	20.7089019166005	22.0253470854373	20.859960467395	21.5456200268046	22.4284261005948
"307"	"MEGAHIT-MetaBAT2-S970.122"	19.6790610890664	20.208040507326	19.9130689517612	20.6403454165941	20.7285603097997	19.9214345648475	20.7056379032167	21.0041078012843	21.1615665587902	21.3117124498993	21.2258110356839	21.0659597110126	20.2934182159603	19.873342348258	21.1143208936031	20.710082229139	21.1414447356825	21.0396708932425	20.309651702725	21.1088488178883	20.5237294844565	19.9038790361918	20.7104919902196	20.2637267544486	20.3034323680072	19.9760720667752	20.499483670739	19.933440526133	20.4437212322251	19.7087036418099	21.1519824708829	20.6515158394193	19.9597998221078	20.6493995079752	20.0896580089501	19.2513792662506	21.028774143445	21.4951085546151	20.5641760387886	19.8913211075469	18.6248692512639	20.0155094685311	20.5886985781468	19.089000167142	20.9185718759955	20.1350319575015	20.6159308241567	20.9792302024044	21.3807667956337	21.127818859226	20.9087787130442	21.0904429670021	20.9914489041302	20.4777168430277	20.6920371788187	19.7806683649732	21.0291079917657	20.2736696731178	20.5588803062997	21.5011365007199
"308"	"MEGAHIT-MetaBAT2-S970.191"	20.4548472269439	20.7750583517009	20.7145262348845	23.1942561892323	21.3905283657604	21.1199207287467	22.0171517652889	22.4496458737353	22.7292044439845	22.5697397751188	23.5473597645935	22.326517798992	22.8016134036123	21.6893830264986	23.8571530041574	22.0263023806374	21.4740968971313	22.4452166335942	20.9957017997655	22.3866846225441	21.3299464825003	22.0492867750096	21.8414675260762	22.1905417958048	19.9004637914545	21.7964317435383	22.6193986748201	20.3197124966734	22.2128833247159	21.8443073508502	22.7045841724408	22.4726002178633	21.8028290630397	22.7925071305841	21.612979127197	20.5557948405236	23.0606771771448	23.3318668767513	22.565157809752	21.6742292894766	20.865329918202	20.9730117013619	21.6738897896312	21.7605798486768	22.796525026993	21.2192133651931	23.5362524201316	23.8992218293029	21.9758549665983	22.0452517804404	21.5096402609641	22.5547017498984	22.0742868571338	22.2218996317373	22.6923707530487	21.1676550568967	22.3924925788601	21.353199206294	22.4322316446864	22.8193184854513
"309"	"MEGAHIT-MetaBAT2-S970.199"	14.3893179861175	13.4405651814847	0	15.8825051633131	17.4641932192924	15.8007034961298	15.297907403504	15.7723205670074	16.1499374434646	17.4664809884116	17.8397382343936	16.667370520744	14.4461343519239	15.1280949063299	17.1750146700406	14.9691096936463	14.3329423007794	16.7654338926422	15.0638324439786	16.2203376039975	16.2077904620534	0	15.0533796288072	15.7383457257833	0	0	0	0	17.7572500709887	0	15.5537315947368	0	15.7513266651169	11.566478607096	0	15.3866780399836	0	16.2063760818906	16.8406459452339	15.6773832969205	16.1448973409474	13.021004683296	0	15.6545527729252	16.9480071141494	14.0241487527376	17.5823382873552	17.5851153903292	14.9092446942348	17.7966568848161	16.5784132810755	16.1397288662837	18.7074888709672	17.8255180089221	15.2432842280039	14.4507928425855	16.5474901090725	0	16.5913002497763	17.8817648221814
"310"	"MEGAHIT-MetaBAT2-S970.211"	17.6690142697704	18.2127352122571	18.3642287630826	19.6575095917211	19.002704547098	19.4521729767492	19.429598048335	19.6470774420851	20.1199280019684	20.4090930339367	20.6631680682107	19.0609154442393	19.8169303129665	18.7048002836504	20.1112950970153	19.6294169127074	19.4139691603523	19.5265933506411	18.369014041051	19.5503457964909	18.2565004942472	18.2806398837263	20.1652519363402	18.8502702145638	18.1353218166341	18.7901259472394	19.2632368931372	18.2128295532935	19.7803957060048	18.9599573768115	20.7491335044496	19.5295316518889	17.5538796140138	18.7901075667078	19.2583626128298	16.8662249652739	19.5573642249274	19.2512887126553	19.2383515316819	18.860682857676	17.5056428978264	18.2691802385691	19.6277530236666	16.7070966634343	19.444746646343	18.6388003832766	19.0352523312368	19.9882490181472	19.771706165831	18.8364600565543	19.5612125881367	20.15279211831	19.3002353115036	19.2062548418739	19.0542475141011	19.1129204673313	19.8413827002116	19.6654789432074	19.2846894272443	20.397535313064
"311"	"MEGAHIT-MetaBAT2-S970.215"	18.5336625463625	18.8749833994569	18.7077329660872	19.6818930200184	18.4400887180829	18.3666157448742	19.0556210140455	20.4703486062308	20.4536087143609	19.9093102732806	20.1645081673535	20.0865545624042	20.3593770822341	19.8176348094499	21.8137433767368	19.1341491106988	19.2830095466554	21.3187532005449	18.791021191597	19.4803593865698	19.1081145185994	18.8191889375819	19.0433883156727	19.01727110634	18.3958183800121	18.5750805550765	19.3797551823231	18.6887186132848	19.179006920971	19.4089528756782	19.9753199986696	19.7097595662335	18.8653621078636	21.0545574589194	18.7774707288083	18.3261296807095	20.426790039112	20.5615505913635	19.1529258711661	19.3845653250733	17.831309069333	18.4838109849686	19.2325871844489	0	20.1332977180648	18.9879544363099	21.1438593455645	20.3706217753139	21.2447107871751	19.5913320006542	19.0295451300161	20.0556889905473	19.4850887173904	19.0229779234321	21.2144389563235	19.2012184820224	20.1948916356831	19.445627498785	19.860305771953	20.70345570945
"312"	"MEGAHIT-MetaBAT2-S970.241"	19.5804522955882	20.334657313145	19.7866961983661	21.7180246308137	19.6839549808649	19.6500358535545	19.7489459389839	20.3385658943948	21.7819347365218	20.1272713928444	20.270139181156	21.1964571116601	21.8075166925556	20.7130167594938	21.1453156052267	19.1311023984742	18.3341864733148	20.6892877102913	19.4155191405161	19.4453502936212	20.2770711825482	21.4938566342829	21.0324724995946	19.0772669799353	17.6558906091597	19.078065850805	20.0838737271964	19.1424119000178	19.991884264496	21.6437230093519	21.3625780755238	21.0043864245297	19.6768411992783	20.0996325076749	20.1388675215428	20.5772076254197	21.2415428324014	21.9935041532203	19.9084003215008	21.162968988662	19.5364504801042	16.6721169351992	18.8324150235894	18.7939652299388	20.677229516419	19.603474471771	20.5258465320454	21.7373678079024	20.1811205964171	19.3221417994619	20.1382236821372	19.8272737782767	20.2696154297058	18.7751290908991	21.9041868891681	19.2194062346726	21.0705670523616	20.2456377832969	21.3658956420577	21.4844373550037
"313"	"MEGAHIT-MetaBAT2-S970.243"	15.7763146922038	15.5760626930666	14.4825764500126	17.3122342067019	14.648562337385	0	15.9471167994884	16.7315367719184	17.0791825909423	16.0008593268885	15.8488614802473	16.2841367308961	18.1444648112342	15.6861006679952	18.6867309428778	16.568060011045	15.2187005295458	17.2589603855097	0	14.8410478061456	16.5426686871989	15.8623136471403	16.3126035560144	14.4822493540127	14.821968298517	15.2898461951837	15.2109631407964	16.643467869008	16.4239360866394	16.0520907295597	16.2379642231472	16.301342459358	15.1594661100406	15.2358724628025	15.085194129551	15.7682739695932	17.3270904543841	18.9052584164716	15.7120803602783	16.0959360914162	15.1286546975242	16.2476583800058	15.8872626506755	0	15.6846635080739	14.3692679245099	16.0989814307	15.071964188115	16.2910374319822	0	15.0746830347278	15.1482464394792	16.1683526428638	14.3425748998171	18.802447641552	15.5695754125869	17.2068287812296	16.3864878552201	17.5339966352196	16.3838650613629
"314"	"MEGAHIT-MetaBAT2-S970.51"	19.8864622517385	18.6629878194076	18.4838592008957	20.84392070814	19.205309097378	17.3369204912168	16.6375248475114	16.6992575403513	16.8445042181914	17.8272408659137	18.684275109663	17.3859060155715	17.0810351315953	0	16.9376895761096	17.5420378940252	17.7177924867312	17.9847616155138	18.2263155915305	17.7264317187322	18.5883474010494	17.5441073022257	17.4910033493159	17.7782314660672	17.706575055925	17.2294501393491	17.9967743343961	19.0163736318267	17.1802285729717	17.3258226483945	17.5262965097358	18.1134418316033	18.5126021870931	17.7847929721538	17.402201593597	19.2236855808838	18.786569241823	18.4636494135128	17.5098077298836	16.6227166669416	15.8933781184157	18.1995956782132	18.5050099712213	15.064647811719	17.2690175716798	18.007954559642	19.0172761776388	18.0773650833152	17.5006761033788	19.1379693439112	18.5317440570191	16.1613832858208	18.0462986074402	18.022445568503	17.0834301961156	17.2998299235658	17.2491978936725	17.1530319058013	16.7974942024964	17.8259987931352
"315"	"MEGAHIT-MetaBAT2-S971.10"	20.9182624756515	21.048858850102	20.0699391192303	20.9118591236625	20.9539617162428	20.4347785051305	20.056192001006	20.027160993119	21.4533477826984	20.6381090480729	20.2184964828271	20.6866122787355	21.0442316991125	19.9352560549693	20.2065147707271	19.5977121901961	20.4771128613246	19.9544820510657	18.9036125716609	20.0878623923859	20.6788848595463	20.5142027521288	22.395530450425	18.6614076341369	17.9470989285118	19.4186050196773	20.6835306483053	19.5458618823295	21.259213937686	18.9430310499574	20.2627467650596	21.1110292761961	19.8406844122089	19.8176121867028	18.7210212105301	17.4744727672018	20.414194373475	20.9077588006771	21.5976415034108	19.5754911940539	18.6049115920392	20.9099533916462	21.1618191143344	18.1896477608327	20.5447283509041	19.2639099417317	20.3500512603341	20.6672296841829	19.5477367446238	21.045222874389	20.12229015573	19.5869453691464	20.4964132094419	20.1070226311324	19.8614559908291	19.6478172959216	20.8132433816149	20.3899895239353	20.4647005975133	20.9280850357862
"316"	"MEGAHIT-MetaBAT2-S971.164"	0	14.5837951718034	0	16.2707023770713	0	0	0	15.1139351474459	0	15.256440781206	0	0	15.5559324296963	15.814522981824	0	14.3841512198842	14.6062666453418	0	0	12.77830253032	0	0	0	0	13.6164002047603	16.1522968013022	0	0	0	0	0	14.4696604518357	0	0	0	0	0	15.4456786131176	0	0	0	14.6692124027122	15.2204748384613	0	0	0	0	0	0	0	0	16.9435667373426	13.7983962858798	0	0	0	16.4971247816709	0	13.9883843247892	15.8047167991593
"317"	"MEGAHIT-MetaBAT2-S971.50"	18.4034275959273	19.1982307379883	17.77496229505	17.2450917919771	18.3001007981442	15.7618000290387	17.6790828608446	18.1569742248788	17.4139981019224	18.0385171838801	18.4932141324596	18.5390722125108	17.3957886832766	15.3592662714262	16.7403966800421	18.4074646262504	17.7801592623321	16.7076342650045	17.3681049911045	18.0023522232491	17.6605664352241	15.7236918983785	18.3329343911934	17.3795343160194	18.3983705027141	16.9985930351466	16.6358681019494	18.5343981452968	17.978396140965	17.6573393735214	17.4810995251086	17.4844398410926	17.4624440347825	17.2948081510979	17.067642434893	18.2587156046091	17.1589726746609	16.960075450137	17.2046325278045	16.7667109918184	0	17.3066484057473	17.0362194714726	15.1487919261693	18.0423536948623	17.2458083061961	18.0853398600456	17.6725486254441	17.6752558286357	17.8304142270886	17.6161053830068	17.4832975073816	18.6218166913254	17.8995254783185	17.9569785979859	17.744653853906	17.8663883711329	17.5394390285916	18.4445815126137	18.2164637046516
"318"	"MEGAHIT-MetaBAT2-S972.107"	16.4556221752184	0	18.0838340635412	17.506265152566	14.4274546217496	0	16.8321486652764	16.1257364018869	18.7878445756576	17.864787276098	18.0278386062177	15.4663261563734	18.0480736721518	17.1076230312279	18.2915704928296	17.2549212061584	17.0981750530481	17.3219671177394	15.3810896391931	0	16.0738563001064	16.7213554388126	19.6906011284076	16.0952722361844	0	17.4670179266329	17.2538668585041	16.7507179718129	17.8964432605573	17.732662815557	18.160233869541	17.0162719576295	17.4485788725799	16.240008344832	16.005985916936	15.1138531337676	17.2672571985801	17.3743864114662	16.5293271559955	20.9828978437619	18.1021814011687	0	14.797144066908	15.2781201097081	17.3943095785218	17.9742433507804	16.2268624809304	17.1765885555359	18.2576292765487	17.1155093073417	17.6150721191808	17.2322935645988	17.0337160516439	15.6398889973994	16.3533765903045	16.0532483923634	16.7320853291071	18.290891047026	16.6864064996294	16.987291273024
"319"	"MEGAHIT-MetaBAT2-S972.108"	17.1899753395678	16.0152061856001	16.805162040684	17.9586973044352	16.9735279198703	0	16.0313764445171	17.2207557339863	0	15.1691500462659	15.4525363318258	18.8309123803817	0	0	14.3175583761875	15.9831333215108	19.3038664822664	0	16.7661028140256	15.3905927817941	17.3735351498703	15.7204303925575	17.6325836201762	14.8906505606353	0	16.5628881150549	15.4835090828994	0	16.9266195809699	18.1398642498114	18.1417566160183	16.9187357223273	14.6986559785408	0	16.9360081550344	16.4208313241146	14.367931889955	15.5661994750096	15.4136091752494	18.086077070096	0	0	14.2229987248835	0	16.189382785406	16.6858446065524	14.9181908231468	15.4561602135119	15.5206434943563	19.7120021708405	0	16.1272918070448	19.4658434380348	19.1151244890516	16.2564671743583	0	14.8950087090003	15.3135943529666	18.1436192359803	16.0455533245624
"320"	"MEGAHIT-MetaBAT2-S972.40"	20.3325250133294	21.4629823671373	21.6798343233151	23.4355137384054	21.5243405240747	22.912101467933	22.6899398999577	23.2853552140687	23.3730623670047	22.9052354617785	23.1678419096115	22.4618004986557	23.1628526317062	22.7077617640839	23.5084588301162	22.5701524567668	22.1572181652088	23.0687004000462	21.2212446065492	23.1254801268198	21.9107424244209	23.1362319811769	22.9975713090564	22.5400222335588	19.7858924715	23.2049190677924	22.9043428105555	20.5432102518545	23.3331022435839	21.8716439172241	23.5946050283238	22.6994271825232	22.5648146758668	22.5556177722126	22.7056559611666	20.4293254412924	22.9275700608415	23.5213010020167	24.0231125131329	22.226031324914	21.7685685000301	21.4457274690105	21.5439726893369	20.4630751729263	23.446125528283	22.3281089048435	22.5504766998848	23.6865328867999	22.4285137843583	22.2194187469522	21.8626740074348	23.7391688808175	23.7351790376929	23.0377894046541	23.6278777251015	22.1047203539844	23.9542442442898	22.3525019859559	24.124933351269	23.1451234275278
"321"	"MEGAHIT-MetaBAT2-S972.52"	0	15.0286142924135	0	0	0	0	14.8836508221559	0	0	18.8873664090036	0	0	0	0	15.5324086376673	0	0	0	0	0	0	20.2597277547395	0	0	14.0941519752921	15.9776663240636	0	0	0	18.7088523679637	16.0051126495723	16.1640267337109	0	0	15.7315691030569	0	0	18.6612974736389	16.0189255749186	19.5550807510331	14.3627145849844	15.2318776247621	0	15.6327064284508	0	0	15.0553020770224	13.3350471513312	0	15.1299783605427	0	0	14.4883955169993	0	0	15.651252785474	17.0858780998356	17.6757125828356	17.0430175805486	0
"322"	"MEGAHIT-MetaBAT2-S972.76"	18.1057078223459	17.1164297212671	17.8472003112005	20.7895734404912	17.7834345176236	17.5099884356974	17.7917088298429	16.6823315229439	18.5924152219523	18.8207203152769	17.5951044459583	18.3381137443873	19.9691095941998	18.9018072684684	20.2812961461149	17.1672337324858	17.6965211862453	18.5021684163965	17.8202893298494	18.1249968680105	18.1432143615911	20.908359056421	18.5668981601483	18.1145628523321	17.2176387593061	14.9986758810758	18.7220549387038	16.9756035912531	19.8149516219375	18.0679271805159	18.5151421713133	17.4622451014836	17.0159713459464	17.8419133583027	17.6046437885211	17.4833469267423	18.3462329196167	20.279683145821	17.9819495380253	21.5077671574923	17.7682065804937	16.9400100972366	17.3538451290705	16.0097302705134	19.8862738868575	18.0875636933935	18.9318377032845	19.9750429708241	18.0144806135198	17.5711440193249	17.4249590260005	19.4919057802013	17.4152379113934	18.1562788754616	20.8334167393952	17.9549040444909	17.2273481953227	18.0777147117683	18.4663416286412	18.2564419930812
"323"	"MEGAHIT-MetaBAT2-S973.125"	24.7627112002061	22.8624936226535	23.1769655153078	24.6185625309404	24.4215963687513	23.3990583842299	25.8255139820956	25.6943566223621	24.5041704651763	25.4283020561475	25.1339780403991	25.7327790337183	25.6633224782687	23.1391690386828	24.9449383830736	25.0025860081821	25.219313011141	25.2281229289981	24.3479320116122	25.2158697284784	25.4499952550565	23.5212711968605	23.0506065937409	25.1246125014449	24.0528942911495	25.0843448309678	25.7532713958322	25.0197935820002	25.7756228036615	24.071491449048	25.3067767825338	24.1225021875315	23.6326787145903	25.4248705874599	24.3339153024486	24.95822425135	24.3628260615689	25.0339800574533	24.3996863843741	24.0397780490558	23.5035148542881	20.4216744916489	21.7052040100507	23.0947135620419	25.9925298500696	25.2001399675567	25.4587188716798	24.6271763203203	26.1482625526231	23.4753499275751	24.7509190365521	25.1984961976794	24.4809431271236	24.6066563524283	25.5897342071512	25.2733244665045	26.389156509097	24.2524349739489	25.4246540584415	24.6459049118584
"324"	"MEGAHIT-MetaBAT2-S973.168"	15.6918680409841	15.894496751112	15.4299072816948	16.9208313098954	15.3310552889026	0	15.5828661883333	16.2423370408564	17.0014720051781	17.9431077648432	16.1560527693953	15.9069750593353	14.6860031056525	17.036031604835	14.2786916392343	15.0196633739161	15.1825882707428	16.3795275880777	0	15.9750229450283	16.5431158981437	19.5126897317089	16.1524720044185	15.6335219855238	0	14.6556106704873	14.7047287486831	0	16.1164815491781	16.8298661609611	14.5972252228046	16.081304381645	15.4174123460069	15.6007093846261	16.9886004064979	15.0373144036855	15.9847624623333	15.6457793204536	15.8866967342715	18.4197721386595	15.8187953687346	15.1773432033012	15.6005339120834	0	16.2941857075426	15.0672286108863	14.8764269787861	16.1669793705038	13.4990641290905	14.0145830217666	14.1190662580558	13.9309919924042	14.9296612488086	13.9204040269072	16.8571255601019	17.2414514229598	14.5129735048547	18.4926062567214	13.8492856059266	15.6329286301932
"325"	"MEGAHIT-MetaBAT2-S973.204"	15.4253362453288	16.6793749265681	14.6378148478746	15.1789968299627	0	15.6228914062357	18.4648631853656	16.9057173644436	16.9104935759808	18.0436169552577	0	18.0625409505396	17.653618515591	13.5839941002443	0	16.5854081898607	0	18.0786158473474	13.971513916627	13.8731115575138	16.3157201254305	18.8868034904371	15.0112083527158	12.9098583068468	16.0128735334715	14.5233738336872	0	17.3838377253	15.7930392821635	18.3708049809372	14.9143562227396	16.4864220396643	0	13.3971683800949	17.137088488686	19.0740748894439	17.2139788863195	19.1670062002576	13.795365721853	17.5916505860816	16.630916156146	0	16.1883420576341	16.1682183679662	15.0811335012943	17.2098954835555	0	0	16.1302127987462	0	15.8909334214748	0	0	14.662106848789	19.7850771975142	19.8341199902235	16.0402994328283	18.6627952826969	16.7585307160964	16.8049235759162
"326"	"MEGAHIT-MetaBAT2-S973.217"	15.3956702707979	0	0	0	15.426653951215	0	15.9069139041741	0	16.1132188057678	15.5344794633604	15.9308108806797	16.6937401053867	13.8208194219581	0	15.3652542502949	13.888832790148	0	0	14.7923892140618	0	14.8543129659707	18.0934393145336	15.6083510235451	0	0	0	14.9121123056146	0	16.5796617941578	17.3661300617613	0	0	0	15.0345898372666	0	15.3431695877382	15.8165657167883	16.3641604746474	0	18.5695437453675	16.5659805227659	13.5859632774443	13.6010529989706	0	0	14.4049813607693	0	15.1584230500977	0	15.6066277685725	16.2202351742182	0	16.2623113281085	14.9365980540411	17.9082280668862	0	14.51968613191	15.6300926550493	0	15.1760433803038
"327"	"MEGAHIT-MetaBAT2-S973.219"	22.6231795677734	22.5481999632997	23.1192226814727	23.6079726325618	22.8810441739444	22.4219083020885	23.0087564098527	22.9439960655467	23.7532283525922	23.1933603424344	23.1973354103052	23.2846737946701	23.6571018284974	22.915092476511	24.3110692357304	22.6701381287377	22.9721432217669	23.1952248599365	22.4645778558273	23.03276876919	22.5783354927352	23.7331870323375	23.0350046973287	22.3642826884927	22.3500007933961	22.9081955449485	22.8748041121521	22.291649864731	22.8409222597159	23.3094332123901	23.7918642892683	23.0494278561701	21.7433566924921	22.3726526664371	22.4429799636593	21.8294561977354	23.3297733262086	23.569011007095	22.6119574674663	23.8070444904415	22.3308890405209	21.831109409228	22.30925993594	21.4565979381602	23.5669723999431	22.8516495069588	23.0229584025537	23.2426123434511	23.1161220798949	22.7371599378412	22.8195096582067	22.983780312718	23.0461653762031	22.7958336563259	23.2191182511627	22.977398254572	23.343365794333	22.9526436459312	23.1373917326537	23.2815502348497
"328"	"MEGAHIT-MetaBAT2-S973.238"	0	16.1861478021471	0	15.0470196595451	0	0	14.5895713423754	14.8406043627003	17.0333401424639	15.6056710175185	16.8091553727256	14.6749933549695	15.0136592215539	0	14.6213503103717	17.306068857364	14.0288062189825	17.0722702595571	11.811398476166	16.1153656960129	16.2141087499643	15.7493478644901	18.4818380182662	14.9303089728429	15.201098594654	16.9236276728188	16.8932170825348	15.1793568096036	16.3557125003927	0	16.6663737713838	17.6728890923572	16.6439868352932	14.7249182368055	14.7320199878198	14.9666655026455	14.7263439272844	15.3178863878815	15.641650355254	17.4007516082632	0	15.24078566577	16.0217880719113	15.9252074351877	18.5293898342393	17.7129653266803	17.0938375028044	15.9351464940046	17.0817948929641	14.038576983398	16.341513723044	0	13.8697367293067	14.1632484972612	17.4082906548468	16.8055431682907	15.2573190928187	16.4194546934782	14.917858955205	16.8064597726782
"329"	"MEGAHIT-MetaBAT2-S973.28"	19.5675899459042	17.4177837254268	18.3555365336185	18.3821978650988	20.0581270487878	18.2838282649229	20.2450571402517	18.645491069147	19.7854047288082	19.6208640420314	18.6489358079523	19.8260768438068	18.2995333630019	15.3549977268888	19.0310707701099	19.3390621037491	19.9152326603918	17.8898708351077	18.5683312281534	19.6141949983159	18.6291641903656	17.9096042640703	18.725007877846	19.3318842172424	19.5973400009562	17.7951393378416	18.6345897622392	18.424914223114	18.9748286730212	19.3084224795541	18.9506859671563	17.4390227747768	17.4398651166199	17.1817879582644	17.4311003497914	18.1852283278049	18.3492399274775	19.0834774748671	19.3722441184491	17.0883779368956	16.5473089535601	18.3875200267124	18.322353082392	14.6003550557674	18.8319172338655	17.897469692375	18.2761807878628	19.0317184744056	18.4109810638363	19.6090048826229	19.2224188892782	19.1209912280962	19.6896384294362	19.0214061970093	19.3965909865987	18.6420173501349	20.3838620374478	18.9354956978197	19.1721661666849	19.2223591912558
"330"	"MEGAHIT-MetaBAT2-S973.44"	0	17.8101506603908	0	17.3415590654503	14.8335312019677	15.0080517864213	0	0	17.2033614307656	15.8009266841398	15.8910046534556	13.4521608222663	16.6651366950626	16.5401635269075	17.1604418377917	13.9853728067973	0	0	0	0	0	19.442315609132	15.4307072198958	0	0	16.6559193413522	0	15.4328307611884	0	20.1570485563531	18.6453712557699	15.571444466566	0	15.9730967876008	17.3365474471129	0	14.4860409976381	17.1204163610271	0	0	0	0	14.4244754785366	0	15.9201082207122	15.1665717436892	17.5566765557059	15.9459628718382	15.3331925758148	16.2592568890541	16.4449802792175	0	15.7641590114455	0	17.5780003901157	17.82567120188	16.1241738199616	0	15.6092207571164	14.4764798769982
"331"	"MEGAHIT-MetaBAT2-S973.81"	14.6632168828925	15.1591094455933	16.1586587285143	0	16.0518305480152	0	15.2339613490324	16.3432372807403	14.1470312007977	0	0	0	17.6378230249222	0	18.0006566885615	16.0366648517272	15.2576614531579	0	16.0346417766778	16.7966544247293	17.2558192695291	15.0685196166115	15.4720728711157	16.4044260408859	0	0	15.7662801925241	0	16.4870274043471	18.1584053244413	16.2042297902616	16.5347309873582	0	17.9112783355724	15.5503347434399	0	0	17.4177901643773	0	16.0574081482458	0	0	14.4600650052174	14.917851326057	14.0318825884576	13.4687971483764	17.9302557418248	15.7804135114858	14.6020725541062	16.2714892612963	0	17.0106978000047	15.7286051378137	16.2295929786259	17.9611040666234	17.0135614978618	17.4426048593443	0	17.7059589792622	17.5323413854074
"332"	"MEGAHIT-MetaBAT2-S973.86"	16.6104411566431	15.6588632973905	16.9398126135412	14.2534994658782	17.680590650888	0	17.4698385177145	16.1927164716979	15.7732067230447	17.9523849960988	18.1491353878597	17.2220385422646	0	17.8204579112104	16.5062891064498	15.2122300662673	16.3613225049759	15.4319727144233	18.2782769132693	16.386027969438	17.4436435908032	19.6400758821156	18.353347200979	16.3613939828981	0	14.9255832064537	18.3248583522428	17.0011858021507	18.0871974871175	19.4887552810427	19.3620168832114	14.7246226086859	14.4212779541382	14.5255954721429	16.5272245612122	16.1532980585212	16.8550788952611	16.7418228366921	12.7574696412928	18.8211877025423	17.7466371697279	13.9236691973968	14.4129212881129	15.2461079849224	18.4351361119332	18.1729161691071	16.7199327806975	15.5683995563445	17.4582430251166	14.0012753045197	17.5770621752658	15.5153458589651	15.8894376729429	15.1965020066717	14.631949027727	17.8130333334598	17.3803389101439	17.6543639097802	17.3391601118539	16.9357962522032
"333"	"MEGAHIT-MetaBAT2-S974.62"	17.0743156154505	16.825951341475	18.9816701239763	17.0199263700089	19.8576202367767	18.9574793217704	19.5203794743568	18.7131387313223	18.8505403275412	19.5191091261626	18.8341839658101	18.4925611341329	18.1994394035989	17.8644214447621	18.9365684247386	19.3398676196047	20.8417311409152	18.422955269365	17.9242422518097	19.0039512467052	19.2987957373407	16.0055428791624	19.5544147504593	19.9757921012958	19.2572670110147	18.4036680001444	16.2670081050813	17.4651322131832	19.229020891445	17.7139981022943	19.8339301396806	17.7109063744577	17.7284793986132	16.3503799795905	18.0044352664292	16.4161537643375	16.9286231449644	17.5041361344842	19.3469820892318	17.0468547039379	0	19.3859093091164	19.3320390894366	0	17.9435490475828	17.6793756957664	16.648628210359	17.8885669991778	18.8144521487562	20.353825759381	20.9887352626615	18.4850397015706	20.5896844895246	20.2963963246962	17.6100570388211	19.0931052521907	19.610952781137	20.3742113120139	17.9275879437619	20.4497016917875
"334"	"MEGAHIT-MetaBAT2-S974.91"	21.5779949283527	21.5686942412602	21.8065903449656	20.7736409331375	22.7010121865248	21.8553781016297	22.019462731581	21.6201578487568	22.1568807708368	22.0159914675498	21.3358294784565	20.8387555315637	20.9669954297215	20.2603891306669	21.9033212719907	21.8899908979766	21.8747862524599	21.0177125342606	21.0777599512143	22.1239994300462	21.7599710010242	19.7239528614896	21.9741150523467	21.822937676885	21.3500458764982	20.743915120705	21.1424951073518	21.2587008764394	21.7423961244393	20.6372361475526	21.4937538637037	21.1272802619805	20.6769460641699	20.9065134940526	20.6453393625172	20.5198217567541	20.9090513606924	21.0985062051165	22.5392795067532	19.9693343217861	18.9248755014043	22.073692762092	22.4477172242629	18.661438409235	21.7801639392916	20.901131283187	21.2187783413095	21.3654513688654	21.2037733578514	21.913409645659	22.6936221430264	21.4205454832766	22.5619230375179	21.4711816152935	20.7429508598266	20.8930315850753	22.035804553181	21.8775119689124	20.9096263728216	22.3050142554546
"335"	"MEGAHIT-MetaBAT2-S974.98"	17.7231361662489	20.3622687952045	16.193634532692	17.2218292190847	18.3031946136247	18.2942811788545	16.3023634484448	17.2648768747246	18.3399518496282	18.3009988483549	17.1924930596709	19.1175641364729	17.7549034937347	16.9875618377119	16.9847462032295	17.0471735547142	17.9834610729434	15.5340956519573	15.0020476355228	16.4769586734816	16.5340272498248	16.2611428809564	18.0619255358904	17.2928338892324	0	16.8959801109855	17.1644026280438	18.8621392459964	17.2781525282567	0	17.7970549182962	17.2463181587677	17.747435301553	0	15.9553864580964	0	15.5528826426099	19.2797582196421	16.6732550740609	0	17.3011850042267	19.741150486842	17.3902450128771	15.7563260371725	17.9301625988112	16.3831402773603	18.1349251349485	17.9924619029502	16.5979493559875	17.1531184019097	16.6732377696285	15.8796016402267	17.3719259040939	15.8096679102686	15.435543190394	16.365369719351	18.397623519542	18.2135432546721	16.4431857400726	18.242520723839
"336"	"MEGAHIT-MetaBAT2-S975.132"	21.8539967318926	21.9395592016104	22.6220209673634	24.5334862930285	22.8094095657853	22.3422248480746	23.5928871330958	23.2344634181629	23.9357614866811	24.1933931118711	23.7923876160086	22.5182193595694	23.8319585738378	22.9002260818727	23.7137850097051	22.5324983693609	23.2931788717189	23.5290937876596	22.5309868238348	22.7892741074433	22.0425021294958	22.4154891519035	23.8146512591911	22.6386702850536	21.6345571387723	22.567051582636	22.5107246753217	21.3895727720357	22.6933418919797	22.5596440675823	23.9685335970652	24.3540275031916	21.7654602566433	23.5737804018057	22.3636837709931	20.8824242802349	25.0604939229817	22.991742748311	22.832862588791	22.6283962818958	22.3107177970522	21.7103512404152	22.5554816212217	21.3738495952343	24.1138582336539	23.5088023476323	23.3360409165842	23.9451534811391	23.962026311707	23.025172074043	23.1123108755573	24.8140634196236	23.141133280763	22.6194985111796	23.1924813457135	22.4843678355942	23.8238281681608	22.7337944829773	23.2957341580956	24.0227105971199
"337"	"MEGAHIT-MetaBAT2-S975.14"	19.7910177522116	20.1912641556574	19.5123365263056	19.3815884771618	20.2096054512591	19.843397490191	19.4093217507799	20.7558196822682	20.3276369905265	19.6484086487145	20.0250852960419	20.0352640098096	19.5088587953294	18.7606323098979	19.9413952085363	19.3522754732058	20.6126131239038	19.8318906576435	20.003996190414	21.7207275724995	19.9539972271358	19.46990734689	20.3394029510067	19.3630143240053	20.9109520304456	19.1623045456163	19.1443428407793	19.5371329625766	19.8684334589596	19.7707112213129	20.2833174092593	19.5267116334536	19.1531749834345	18.8031771546672	18.5731082186528	18.6053184210439	19.2408434442182	19.478784756643	19.9825746674402	19.0039358691487	17.9072500804455	20.4731115096159	19.8005582118369	18.1966278086009	20.0418989630573	19.5942304478695	19.5442365008604	19.8298202551283	19.5846135366934	21.5430968510608	20.1027623976095	19.6371585048998	21.6828038028656	20.7326049316558	19.6109059638494	19.5909809596353	19.4081948373506	19.4496227934864	20.1035626993926	20.4157494644374
"338"	"MEGAHIT-MetaBAT2-S975.160"	0	14.1819671566904	0	14.5125672569751	0	0	13.7701714341835	17.3509204209497	14.3609599075862	14.2018378066027	15.4131724070257	15.1788766702383	15.9982933602657	15.1574377002347	15.0821596252661	16.7722335009248	14.2746747277657	14.7175904746576	0	17.1640847696507	15.2422313987131	14.7005680236847	17.2835440466242	15.3113777203847	0	15.5281047964252	14.430165794897	14.1132787345609	17.2865433241642	15.6351735353883	16.4307336521038	17.0178563527571	15.8897170229413	15.2622589998632	15.6249389044455	15.3017487084186	17.527097710876	15.5666677194492	15.6438641991796	15.7387358341503	0	15.0400866525578	15.2191092126275	0	17.0850390038796	14.2822350772757	15.7290455355828	16.0778783724849	14.5959654698825	0	15.9233992977605	14.3232267392402	15.6466183568638	14.2402002079656	15.279046104172	0	15.4762384290137	13.7802653568138	14.8931357541576	13.890686610878
"339"	"MEGAHIT-MetaBAT2-S975.180"	17.4567081659938	17.6551865970234	17.769381216398	18.6602332690193	16.8173342749361	17.0665507814221	18.0442418977499	18.2488516644172	18.5633362821786	18.683860709872	18.7169534602531	18.3902629214914	18.3556980500776	17.1781275981166	18.6917563508213	17.7378060563681	18.1787199886446	18.3524649547198	17.8941731197449	17.935258447228	18.2121088379063	18.2005710082583	18.8674838940241	18.0955324672108	16.3963430721872	17.7453422799757	19.2873288345481	17.9451584441853	18.1267230757903	18.6410828283087	19.002081959605	18.6400230585972	17.8168051978542	18.4068207438254	18.1666819278989	18.3407208782636	19.5840211059514	18.7153001446857	18.1965815007316	18.4670062822707	16.0611192091885	17.6023649349919	17.3028302190317	15.7490877802118	18.3339329406048	17.29644293253	18.1707466986455	18.3689308597423	17.9772301651399	17.5800711307943	18.2938598344822	17.6479910623686	18.0784004920993	18.041967198005	18.9121220126055	17.8034206159462	18.2667904237069	17.6036781235697	17.9003651564123	18.7927749694281
"340"	"MEGAHIT-MetaBAT2-S976.157"	17.5092562339981	17.1225984825723	17.0533051516973	20.2281557103746	16.8477828992961	15.297103476018	17.8893172128527	17.2522692311161	20.7623155673805	20.2280457776584	19.4686756035752	18.8712992055759	21.7966364907122	18.7614290784867	19.694696295753	16.6734079740404	19.1725100901702	17.8220870899443	16.7946102385684	15.9568074679861	17.1844732870094	20.1032622801078	18.0646031447265	16.1276269889461	16.7918736915089	16.6222942556289	18.4653992427973	17.41750500485	17.0857615507934	19.082413450998	19.5070280056623	20.2727090368558	15.8494383073012	17.314666952983	17.3138237636617	17.1564878040023	18.4632466529032	19.8007143461269	15.6346463010712	21.0304915411115	17.6715822766601	15.400671931821	16.5329742210327	17.318829340098	18.9864571916848	18.5343331885087	18.7427098517976	18.5420867161487	18.492893547958	17.5785741004618	18.4239948659309	19.4941273880476	18.0559856868985	17.4846496333885	19.820170172948	18.7867043197533	18.1279533101901	18.6419803715217	19.1156078502256	19.2500429025665
"341"	"MEGAHIT-MetaBAT2-S976.24"	17.3917280459029	18.3765185230064	17.357591014813	16.8099740703499	18.898749927801	17.7702535430135	18.7437568404894	18.7969969172446	19.5315312282537	18.5996458558852	16.5099174152599	17.626426830453	17.7793450559284	14.6516187446884	17.4024188029535	18.3963428833679	18.1970316718355	20.7594134427296	17.2137789290594	18.2485278714335	17.2915086017812	19.8986047566364	18.5130605333588	18.1006306339381	18.0186270840955	17.8915846901292	20.0258085922773	17.4130131498804	18.9884073180378	19.0435735116229	18.7196957155498	19.4988660987793	17.831077026076	17.058581102769	19.5507255260973	16.4725514284292	21.0406173974272	20.164794008453	16.8144389513288	17.4547576783247	17.0332142844753	18.1378351321536	18.9254196867072	18.6324350399974	18.8256885035747	16.9793545575244	18.0860974828374	17.1543266289339	19.9906605055966	18.0515581802543	18.3691877069228	19.1188509619301	16.270590192334	16.8852194424825	20.4812410896722	17.5729231760667	18.4546657998529	19.0300479974482	19.5653719105467	18.5337865108879
"342"	"MEGAHIT-MetaBAT2-S976.28"	22.7556336141932	23.4599712764626	24.0804096439004	20.9744410101747	20.5119054880172	21.7440144398312	24.3862161673681	23.3489962101852	22.4208832506511	22.048502290244	21.3422830162901	24.0316578723199	22.478733561432	20.8813001295078	20.9778880687168	23.2861809507497	23.6923156903749	22.608874854523	22.118357921646	22.8769870308397	24.3360740218942	23.4265734031722	21.6261273672291	23.4135320104458	19.9746919110458	21.91690922469	20.3170673822043	23.763135421801	23.6256916465027	25.7790355502542	23.4063923042598	21.7422416698272	18.5071816626846	21.5781039684536	23.5670537511364	24.7219135210993	22.0717658105272	23.946232189558	22.7517046581024	24.4597415540327	22.3326520855445	20.1200198553107	20.024581365376	21.3430248335064	21.5071007039825	21.3087003868708	20.8155384707338	20.80328558037	23.4191098719066	18.9902424439777	24.01495709378	22.6328915016173	21.7449306285462	22.5420382030923	23.9814390400169	24.1434564809982	23.1292887084995	24.3227322319044	23.2642389019885	22.5979690601537
"343"	"MEGAHIT-MetaBAT2-S976.34"	19.0041632177185	18.1624481229659	17.9651368549674	19.5863747946331	18.7816551226681	18.7622269811132	20.0540496791459	17.8469903094975	19.0813979373051	19.123227815885	18.4109229299486	18.5134382164226	20.1580567307138	18.7896330552563	19.5728355163589	16.9985220239324	17.816431472334	17.9168625737573	18.1179757841575	17.4524223605369	18.1195396178148	20.7531482098498	18.9419626129158	17.2318147902082	17.2873282026232	16.8927688909281	17.6399988235406	17.7589791101957	18.5539041845043	18.989731659653	19.6112729605407	17.720886817795	16.4222194924057	17.2834433345192	17.998727829992	17.5676577200359	18.3844941975892	18.7811187548723	17.4598423416642	19.4420469912063	18.2802599556678	16.1424378520491	16.9199436514339	0	19.2641669616998	19.8201656135507	18.8784989504774	18.1118351658406	18.45263560639	17.8984693693838	20.0874705905065	17.9083019939027	18.5511011311724	17.6817050450328	18.9087095674076	19.0534001825093	19.1665655992471	19.3198987490478	18.7744962605069	19.1493765668018
"344"	"MEGAHIT-MetaBAT2-S978.143"	16.0518978612384	15.9378968226054	15.284187233336	16.6350415557069	16.0483542930372	0	17.9763168860594	16.2349482953545	14.9209745086524	17.9956870963558	15.9684616766133	15.7771462813946	15.9060446134933	17.7749185360101	14.9295983083205	15.7380730426246	14.7837063163376	16.2917860256073	16.4926343447914	15.2062702334232	16.1958486109401	16.6793903482825	16.6707465476453	16.7815005949348	16.1436418698196	16.9430368807507	16.1303583559128	16.3866039820006	16.6544691946618	17.3799378854128	16.1796754336211	16.9283199285722	15.5220500465982	16.7775461646751	16.2726012314977	16.8745714091804	16.1070741959726	16.1203548772119	14.8911846006742	16.7066099807029	0	0	15.8145988184462	14.9450044258434	19.9904634297669	17.4551873748791	18.7456783979577	17.3059625539462	16.8417568231413	14.7830702381256	16.06067828358	14.6491860161091	15.192038929917	16.2475990296854	16.9249416356716	15.5655624336997	16.5252741487656	14.4945578928861	17.4584187507361	14.1275630200723
"345"	"MEGAHIT-MetaBAT2-S978.150"	19.5664689174586	20.3868865085259	19.9381535414441	23.9322781266298	20.4461246736279	21.1392272091472	21.4589021373957	21.6602795186983	23.1914394445263	22.8701861323255	23.0199315788822	21.776478250578	23.3192371070364	22.8006698036074	24.298123308398	21.405937433539	20.9007480277256	22.5542317528226	20.3903894389986	21.9545826516506	20.4994994252842	21.9967919515449	21.440090582627	21.3706975974909	19.8780357371287	21.6544883151173	21.8580587544601	19.576381395501	21.750504117695	20.8424365274899	22.9100858432484	23.2408199622666	21.228355810544	22.687217514324	20.9213801360553	19.0210955091406	22.960630077476	23.3484080704192	21.9864596449129	21.3212767939303	20.4293216314895	20.2969059067146	21.0798271060877	20.4668122711678	23.305067105693	21.2574410108615	22.0375941513451	22.9499011940526	21.872892206459	21.4958412332773	20.8345975371523	22.8796543305005	21.718556362474	21.5831270990847	22.1196772253452	20.7282100942031	21.8757585877145	20.9961370627456	22.1567341957556	22.9793689640011
"346"	"MEGAHIT-MetaBAT2-S978.92"	17.1449245533826	16.8797766026319	17.7035493422799	18.874146564237	15.8675897150726	17.0245871515823	18.1697407486946	17.0387976656621	18.7328204731628	18.0416568975377	18.4425297823698	17.8287175040753	18.552264195591	19.0532993082996	16.943932145265	16.3065737378383	17.4108234849942	18.4855961460934	17.3474605838298	15.239965830494	17.9016505657804	19.3432993643427	19.206957565286	17.3215685399911	13.512361437119	16.2745527388844	17.7958940691779	16.4169574562767	18.8428173501842	19.4426030390604	18.3258869417774	16.3897440015913	15.1274955858773	15.6391440032194	18.2230550918765	17.3271346030791	17.6285516456099	17.232454815551	12.9531324143903	18.8499050106225	16.3383658002836	14.1007033776199	15.3669723966353	15.5155623384132	18.9005973728265	18.3014710184385	19.5076236239962	17.3612030287117	17.6238779757717	18.2912156525649	17.6547200538702	18.15456698579	16.2282406860522	15.6041969015011	19.4531376761289	18.5915629305199	18.5861191562665	18.8973496554658	18.6399754774289	19.0025191054307
"347"	"MEGAHIT-MetaBAT2-S979.51"	20.1593918124194	19.7285572548328	19.1821102346796	19.2515590676811	19.6746111537102	17.9193302319017	19.7935510443554	19.8343407320629	19.2938855588556	19.2600110359792	19.0923998550573	19.3034421635888	18.4531489676295	16.7620771170538	19.804612035571	19.486690902503	20.0040344373733	19.5515711166925	19.5986494371343	19.6049357832571	19.5115838819123	16.8133899050559	19.7105134858372	19.3334363902666	19.3414844191447	17.859212072437	18.6693639950825	20.3447170065107	19.8792866787647	17.7098791734408	19.4013093216914	18.9269415725742	19.5695270087149	18.5106448197056	17.1496453953662	19.1902227457238	18.8665889816194	18.8750128285794	19.233654754011	17.0204023277537	17.4153391403058	18.7121073151599	16.877048973187	0	18.8166619925948	19.5245847966352	18.7347372758408	18.7378358021805	19.208336002668	20.0465535868216	19.4388926327827	18.6478836177496	20.5898943142844	19.6322450696097	18.5292566330323	19.032524508381	19.4296056377279	18.739870279278	19.7214757976571	19.3926035295808
"348"	"MEGAHIT-MetaBAT2-S979.62"	20.9824965141898	20.1911586040786	19.8939154422147	19.1761557287306	20.3100958253615	17.9365600757333	20.613962349775	19.9203379659146	19.2745654079307	19.7711351860692	18.5276850604088	20.5388313849577	18.4079037956741	16.4262437957309	19.9002046150932	19.1512676828797	20.9591779565265	19.7541256201883	20.4189110958768	20.3373051379453	20.3602669938154	18.0454053162034	19.2261404573449	19.2902795198332	19.9356344485425	19.2712325438378	19.1834547891998	20.7644205622855	20.1419061973816	18.7675817986997	19.8042494601012	19.7159770549451	20.2951546577662	19.1023052465645	18.4283396015338	19.7682086815144	18.7096717618437	18.9876087823959	20.1752953495873	18.0596657824422	16.96178036204	19.7749693873334	18.4896234575432	0	19.609271982362	19.9603568813412	19.6910930399279	19.2071682809777	20.3052671750499	20.7240343954988	19.4344402531013	20.7850699319978	21.3816285170487	20.3344145735257	19.6811674212309	20.1313984587399	20.0141219601936	19.4772798909438	18.8439232816663	19.3951929305337
"349"	"MEGAHIT-MetaBAT2-S979.94"	21.9125472553961	22.0427763130418	22.0965829260019	22.9627226934643	22.4240307055072	21.526442729462	22.9877636120261	22.4182794612814	23.0520261686704	23.2127881642731	22.9742361215	22.5266915752432	22.1864758302105	21.6208312998146	22.987318495974	21.610204928571	22.4571609871886	23.7334565516799	22.0959426545288	22.2442379364668	22.1318852982558	22.0854830923275	22.5476654334363	21.9942311248481	20.4909100846242	21.9564561957999	22.3487553705947	21.8127047580443	22.7376861925619	21.684844851577	23.4359560702312	22.4962217333736	21.1166253917209	22.1395182145426	21.6889612239975	21.9828323695144	22.2519291766005	22.9581281443769	21.846559397969	21.4688359848156	21.0790190532045	20.9068430744092	20.6875883378851	19.9870504114227	23.1017716900301	23.2303198087118	23.9660654100564	22.8034783912512	23.3040063089772	22.2636851828842	22.5092042398181	24.004898356646	22.8343067832932	22.3451685186293	23.053750267188	23.0493554932825	22.5883422555116	22.007578186372	22.7332142802576	22.7192972617994
"350"	"MEGAHIT-MetaBAT2-S980.126"	17.171845517615	17.6322710457842	17.4657893724552	17.685872805616	17.5046333098433	0	18.9342318337959	14.9051297234872	17.6779043154185	18.5561737095612	19.2646546072916	18.3029039513084	17.3327001936955	18.5477311883541	16.0975032745174	17.3670523587134	17.7314151298305	18.6778392724184	17.5484929705275	0	16.594661350166	19.9466410097083	18.0978711116596	0	16.0067338712733	17.8467634046042	16.8192765208638	15.8708378903046	17.9167894213856	18.607688030908	19.0784414349073	18.3366220417593	14.7527997930272	15.9420126963042	17.765164342374	17.6187309640235	18.0305344539555	17.9201187782999	17.1693425427112	17.5738171157234	17.0181135154734	15.4153686078775	15.3645930452252	15.1655809030252	18.0392218069557	19.893855215277	19.645983735493	17.2138357274369	17.3981887517048	14.562150513962	18.9531713745973	17.6002402646678	16.3572347443744	14.7945482566817	18.4423059875194	16.5897718265032	19.1529817262599	19.3851312534762	18.0970964919648	18.0170406639397
"351"	"MEGAHIT-MetaBAT2-S980.201"	15.1254761898526	0	0	0	0	0	0	14.5294713688713	0	15.4152799789983	0	0	0	0	0	0	0	0	0	0	0	0	0	0	0	0	0	0	0	0	0	0	0	0	0	0	0	0	0	0	0	0	0	0	0	0	0	0	0	0	0	0	0	0	0	0	0	0	0	0
"352"	"MEGAHIT-MetaBAT2-S980.38"	16.7793955708396	18.2178093647515	18.1215854326366	16.9049013845413	16.2625208432999	15.2738286834492	18.5182856263581	18.7880302289487	17.533267994308	17.1807290739291	15.3864656852961	16.8965227755264	17.4871385082215	15.3793034490814	16.5763328042843	16.8454612881359	16.1834917373699	18.6369763078061	18.559088791268	12.5039524685152	17.7522273252735	17.0732343953381	17.0445684858575	16.9200564941518	0	14.996388704925	16.1697526177602	17.9292943233898	17.4551946158867	16.9564835002021	18.1432738039259	17.4855939057293	14.7374137719117	0	16.6739602575136	19.2781223362217	17.5426492555712	14.5100353600897	18.2089251959039	16.1336222089128	15.077046171259	14.7187834769644	0	15.7202215417509	18.1475615627095	18.1072626632608	19.2506103154354	17.5931364756089	18.2481925962987	16.9808449193837	16.9055675504833	15.2631420798166	16.2400592047264	0	18.520631217882	18.5907146179895	17.1996634936154	17.8117699281276	16.7705355420756	17.0910338762145
"353"	"MEGAHIT-MetaBAT2-S980.41"	13.2472225106723	15.0339960229772	15.9501310838011	18.6714248591718	16.0968094924699	0	17.1715904009638	15.5156424880791	19.5340236888569	20.2470388957852	18.7204887108847	18.979980963644	19.0953439347771	17.7969250002865	19.3569051751057	17.8189632766438	17.12936172544	17.9329370181211	18.4744419181462	19.1006454385863	15.4753062878878	19.9156385996441	17.1048464356864	18.3992787505398	15.0925397194239	16.775900008411	21.0334033518569	16.0714096008324	17.6168737710508	16.3196271346806	18.676659044505	19.2170690082171	16.9955159406889	17.5794343303379	16.6827991269414	15.0481096771019	18.4840803803966	17.0177407300866	16.9161575420129	17.7224563017639	0	17.314682380614	18.3835918065857	0	17.7447618100392	17.4522944491835	21.8726689760199	21.5146164154061	17.318725247324	18.7722433060835	19.0803466837893	19.6390955653268	19.4307696251242	17.4190165675013	17.0258340592095	16.5202928168844	18.0423746058097	17.6610533782052	17.9931167613556	19.07701860225
"354"	"MEGAHIT-MetaBAT2-S980.86"	17.4573347724707	18.5866183505927	17.6074391491387	19.7655725960329	18.4087203420081	15.3693320651953	18.6031343949334	18.4338794515375	19.1140749412199	19.8465603131464	20.4602916004934	19.5750823681262	20.165415527578	19.0401660740808	20.9101263175104	18.7546012115559	18.794070132037	18.9811623663282	19.842656376617	19.0998018642041	19.1286150076123	19.5033742122738	19.6251692959241	19.4140223982172	18.4821281725122	18.6147500692837	18.5799993839037	17.9571784208168	18.947158495912	17.7371844670684	19.7039337889746	19.4709885258052	18.7228498062015	18.4064765983941	17.8382818319807	17.9411369451137	19.3678374556118	19.3135293690718	18.8482049830916	18.6629092095028	16.0722732118566	18.4487213227352	18.7995624160928	0	19.1193559236652	17.8410622508036	22.9419127276491	21.2416263860969	18.5132291584941	18.8994175503996	18.9337394940551	20.5818119773743	19.2312596068181	18.9416241352755	17.8972984376511	18.4986192289183	18.857299222917	18.6947825379211	18.89353106666	20.0311900174555
"355"	"MEGAHIT-MetaBAT2-S981.125"	19.964166574644	19.5677368328714	20.1950876467411	21.856095696061	19.6525651381446	18.6863114791489	20.3824081037808	20.7564587748965	19.9545291154424	19.4909510812501	19.7015047091153	21.2920080032078	20.7868027102755	19.3306667984622	21.5586504266053	19.0500554439915	19.1553919034252	20.7584288752367	19.8158874197638	19.6889865217807	20.5532218068672	21.6650907126094	20.4315248596716	19.2041725816542	18.8479538129272	19.3785291979664	20.1634612823998	20.0851867704339	21.0436296609681	21.3835123557271	20.8218951676306	19.4533515160363	19.2277438452455	19.3541086136943	20.0661209835978	20.6347053111819	19.8610142364867	24.2268324977801	19.7189628998464	23.1131180420561	20.4297030495637	18.6936408006586	18.851333761752	19.6054655813318	22.820580576422	19.824933125481	23.488025050577	23.5777647519494	20.3559477644754	18.8549250842975	19.4742813885575	19.9879646977762	20.0129749464997	19.4444229292257	21.9093256092364	20.4053365430247	20.1469007950831	19.5971185005553	21.1874953601342	18.9031671088204
"356"	"MEGAHIT-MetaBAT2-S981.151"	14.1102004477584	12.9451254237802	0	16.1844331990401	15.4008044894866	0	14.929947341937	16.0025453973824	14.9477165896926	15.9631660915152	16.3264698110256	16.9355488480647	16.7536037029459	0	13.9562312885274	15.9204353257278	15.4175167239679	16.0491145235811	15.7180796289439	16.9230882392882	16.590285617971	16.1218973638556	16.3936191247457	0	17.4926111250333	17.3534021702028	16.0260073384297	15.979173106145	16.7504781509764	0	16.0474780426031	16.5196743976949	16.3828007732764	17.210422492237	15.2054338831777	15.8422572616314	16.3764951526514	16.8399456937573	16.2994849740323	15.3961077522233	0	0	16.6801246705112	0	16.3877102313004	17.0977046831527	15.2751618865058	14.1243025899614	16.7795636315097	16.1564623936039	16.9251222749982	0	17.0583964192945	17.0207208414279	0	15.2894899818814	16.6381157228178	17.0046250769784	17.8682370531114	16.4013743126307
"357"	"MEGAHIT-MetaBAT2-S981.154"	21.5409291805908	20.995383905995	21.7659971963625	23.9942603862272	21.6669513176633	21.6353117153424	21.854104019217	21.0363970328904	24.369643304768	24.4727807873392	22.8542509516786	21.7593602729269	24.0156609937637	23.4315350854002	23.4413435734189	20.810101125735	21.3124798201653	22.9221405043169	21.1498568309682	21.3176913836036	21.2158821347554	22.1599526174257	22.7215611767224	20.6068501551976	20.8716607461557	21.8425741717808	22.7567572630702	20.7729500073356	21.3555809621586	22.57885890054	24.5484295857378	24.0667330177266	20.9676977391453	22.3540026433273	20.5343814925237	20.6572772027472	25.2116135586081	23.508595198563	20.7413381326775	23.3591109855897	21.4731415933582	20.7776546665385	20.9853317459589	22.2572773875179	24.206189460703	22.1317026801112	23.7554135437681	23.8722323326015	22.7543629950103	21.5892859586922	22.1671150729024	23.8180053271218	21.7113399040261	21.169416240271	23.5766570454432	21.5479951858767	23.0587421337756	21.8593339251205	22.0052437215753	24.0047293312708
"358"	"MEGAHIT-MetaBAT2-S982.27"	18.5280418542996	18.4301262091326	19.1057211964724	19.2194216720008	18.7457717670726	16.9639191503562	18.9422849776744	19.1937275225201	20.0380290366477	21.1238843526279	19.2674616575115	19.4896468573809	20.4175723524466	19.7009286926231	19.6739643025534	19.1062072994854	19.2326910377583	20.0859416620313	18.976136997489	18.7066106518425	19.2396198038211	20.2411450777958	21.5306358273169	18.9139804374517	17.5880634141426	19.9912168934488	19.264777444585	18.9109469522703	19.8594266260846	20.2307367521842	19.876679810444	18.9202057975721	17.8099680837405	18.9099953655879	19.6364371358704	18.8939296310874	19.3503234939475	19.6684104516212	18.7743434030308	19.9802257914093	18.566559170542	17.9744657520193	16.9767394363834	0	19.7403410541565	19.3691054920852	20.0609590930065	19.0243517602527	19.5217586399057	18.0164731932827	18.9823985245313	19.5885149018788	18.7610091153645	18.6057444623232	20.5824035226769	20.5293546542031	20.0258386791318	19.5575005647593	19.5245491592954	19.3030888698615
"359"	"MEGAHIT-MetaBAT2-S982.57"	17.61384436262	17.4907112679642	16.614678018772	18.59653974444	18.4623766709181	17.4777026138325	17.5963176861389	16.6891993633732	18.7442631152461	18.878575852771	18.0936413256575	17.86221366558	18.4393835322809	18.2700320010013	19.6627835074082	16.2623491270028	17.3941295096347	18.3552894151152	18.164516890189	16.9241707092796	16.0168746817425	17.4419504235312	17.8808602944213	15.4432190119594	15.7473613772958	15.48308162559	15.3427633322544	16.1202153712998	16.4128482569312	16.5161388140954	18.4569783016656	17.2996161646303	14.2967731161902	15.6056536918237	16.2052464400842	14.4746107573888	17.4071446697231	17.8516499048638	15.8092389134517	17.0709562578858	16.8694303452656	16.2892090949155	14.1376866629544	0	18.8924765904007	17.4201872008728	18.1265156444771	18.4215202348437	19.1699203054892	18.0891172973524	17.4637692973609	19.705964509286	18.9102435306718	17.2056049947424	16.9529517063735	16.8380928440406	17.7631585500848	17.8533962010996	18.6746254199444	18.9946068919002
"360"	"MEGAHIT-MetaBAT2-S983.160"	20.1122588116097	21.5539627386179	21.2564234419577	23.1397370628286	21.259805470156	22.2811593776421	22.1985701640647	22.4751604726146	22.7867036735755	22.7140908655724	23.0624613236022	22.1829880707473	22.8780328780258	21.8114385414836	23.3722301273341	22.2291976261715	21.9838169282516	22.7385857890468	21.2092090617497	22.6139780206532	21.8438965781683	22.6198550240185	22.2990535845644	22.2898186517532	20.0964890074699	22.6730442526342	22.5381010244397	21.0463398527185	22.8493074143345	21.8102849326007	22.9993858987695	22.8821278065427	22.283049902664	22.5889049276082	22.2395068309488	21.0484831285683	22.7627925054768	23.1368237318543	23.3253679863758	21.8240948620544	20.5446947988215	21.6426192008551	21.8924308690075	20.7303395149595	22.9209062858553	21.7348053135303	22.3172498166223	23.3365358399825	21.9007862973693	22.093624324933	21.5930222728108	22.9803187687718	23.1235071354413	22.6032254888708	22.7871069258063	21.6783112834179	23.0687084549116	21.6856188538985	23.0086191729567	22.6979739260626
"361"	"MEGAHIT-MetaBAT2-S983.173"	20.998519105185	20.6974185020389	21.1104137488029	18.8418275469827	21.0274575789159	19.9731938253621	19.6228634442486	19.9701120088816	19.9321233479626	20.4432184562784	21.0228123786898	20.7102121133283	17.5390296904005	15.0969134974429	19.3793398128917	21.1342278139893	21.3182784418374	20.9391015155383	21.0817370359422	21.6142809947815	20.602089057259	17.8651087379335	20.6495542042541	20.772235129107	21.8102572442222	20.581853801314	20.6001053586245	20.4276780463741	19.8066093807836	18.1551309309199	20.0361837704786	20.5408766907679	21.3414262712453	20.4630490865318	20.0586031318054	19.8771102687836	19.1038976803644	19.1556451365348	21.0297078998955	18.5944570047699	15.3956890989088	21.6052620689517	21.4572657307845	20.5520845592621	20.7992036253081	20.2523125191073	20.0738584732971	20.9264682000832	19.3983120720084	21.5683407813069	21.0838534399081	19.9429712799288	21.6438305297777	20.7368550547683	19.403580657343	19.9040428221739	19.764710110103	19.6858056341567	20.336846025832	21.3103167429753
"362"	"MEGAHIT-MetaBAT2-S983.18"	16.4837375819533	17.3982530094854	15.031563918914	17.2562474644299	18.4593974970623	17.6529348791769	15.171178923507	17.3744440073712	18.1630692910765	17.6331804873693	18.3519580651338	15.8350695409639	17.0551437917094	0	18.8709621739446	18.5945772374805	18.4500213229266	17.9860870007467	16.2296018669075	17.4738327483241	17.9559371049155	16.3450586060485	17.5057793012134	19.0442805554225	18.2269033800037	17.988842432637	17.0661613829229	17.6427752113571	17.7191096184167	16.1580840136857	18.7102865662856	17.9306355059739	17.6806739389583	17.6486068694191	17.522228275641	14.519512344951	17.8883269369732	16.9591680089312	18.8819678406233	18.3440404380903	0	18.6559060254562	18.4385390151017	0	17.5236799390176	17.2900923734444	18.19479581241	18.3981042531782	18.045969958701	18.7791639776044	18.7732100880583	17.5364629430359	18.3516052268102	16.3246342861384	17.0037828750057	17.4023209367934	19.0110714144299	16.6808063016802	18.2326656063255	19.419582816841
"363"	"MEGAHIT-MetaBAT2-S983.2"	16.9313990664265	17.6927710255698	15.4506748011018	15.2604053140848	17.6082344532696	17.2318946617532	15.4231901339765	16.087497496444	16.4188638800552	16.784197754249	15.6266450090769	17.275159310346	16.3102651753439	16.2110652366821	15.8583393520132	17.1707928313202	15.0906327780105	17.1263876435537	17.1999539118021	16.7136762558886	17.0271365000476	16.6078422422411	18.1405615848978	16.2559593575922	17.8872530532639	17.0635283947391	16.3705587196487	18.3253718962537	17.7083666566054	17.1017441233982	15.7737014842813	17.1221318305451	15.579707636176	17.0648362734352	16.3880936039049	17.5375139911618	16.5879401405322	16.6672472458779	17.0310563499207	16.7411661553135	15.5453678457345	17.1409901318443	17.1617081187396	14.9772347462029	16.4244805691646	15.7985728628424	16.3610761828377	15.5193826762755	16.6941141302897	17.7009904683763	17.0547269157208	16.0393333356419	17.2116245321325	17.5274154496271	17.0418232403324	16.4311834912223	16.9795818915875	16.3060589936365	15.5452505462465	16.5618768425521
"364"	"MEGAHIT-MetaBAT2-S983.24"	17.4274278470715	0	17.7826296894035	18.0470386368467	16.1070850435049	17.1043059698121	17.9234194868428	17.0431568159677	17.7262372747804	18.035207397142	18.2484997345782	16.3991086616637	17.560899566465	16.1160061834668	17.5559328563565	15.7679282301321	17.8124643057592	17.1860314801224	17.180064857665	16.7919461036145	15.7936617207773	15.7107050026206	17.8322739431895	16.5746016499901	15.6563275264415	0	15.2987304040143	15.8900212400379	17.0440704292	15.9769196086488	17.930421882558	17.0001044662177	15.7119485707501	16.6140414063952	0	16.2022667537769	17.3531064698585	17.1034839083875	16.6376064657268	16.1367502172097	16.3243507724997	15.6923661896672	0	12.0693645798494	18.4485533034349	17.8391823304057	18.5415897031869	17.9442367536658	17.8370327576703	16.8173361773197	18.3011633716192	18.7543787202184	17.2162798866154	17.5339050021906	17.3448248747757	18.4350054441452	17.8083139331905	17.6365331880626	17.9973981678084	18.2084493583944
"365"	"MEGAHIT-MetaBAT2-S983.33"	19.2837067107998	20.3403728935092	19.6088352613664	19.4648207533719	19.0692272816316	17.1386708119487	20.2084451719162	19.8290743711953	19.2112746494467	18.8566079907149	19.8092077684066	19.9418996986397	20.045250650004	18.6716793210069	18.949479304503	18.9650516164785	18.9922054364556	20.459566600611	18.5082219618471	19.0416408496057	19.607021799635	20.0030766630519	19.9320522175342	18.8694731496139	17.7681381931076	19.2028771061633	19.7517783991446	19.1956780887702	19.4549506184194	20.2399495602855	19.9783108966143	19.9725121762408	17.2092355338213	19.4016334943177	19.3674156717658	19.446815861257	19.8136864172044	19.873309691696	18.7920196853272	19.4852646498219	17.0947044451668	17.3736447411621	17.7668928714408	15.4672368952343	19.8530313956365	19.2183586043255	19.4726674074542	19.5947751801674	19.7942041115234	18.1678480969783	19.1391728320517	18.4766034484739	19.1632646064984	19.288207716257	20.2022675080419	19.5834820303722	19.2272303302263	18.7395098637048	19.3332327299201	19.0574263039601
"366"	"MEGAHIT-MetaBAT2-S983.51"	21.7517579558728	21.3532425319328	22.9804384120291	21.434633316763	20.6660942256254	21.085870837623	21.4609095246691	20.9774586144544	23.5326061288499	21.0666054325213	21.1466551228377	21.6744158246631	21.5299104467639	20.6851913426991	21.0704674562546	20.1303247367619	20.97604804495	20.6865392033505	19.795546029873	21.7638681378943	21.2308178648769	21.8079696999182	22.546537408951	19.5357166787686	21.0516573470115	20.3616664746405	21.4080638683055	20.6118870292004	21.7874731358925	20.7369143879904	20.587824780905	21.7428425754029	21.2136309654312	20.0011059465925	19.1756205417367	20.2068897717782	20.1242011702975	22.0530734531442	20.6862586827403	19.4141393519765	17.8019129369912	20.3540420969773	20.2414129701747	18.6411848627663	20.2952376064474	19.53586333913	20.9331703642138	21.5322914734428	19.9709173603421	22.8781469969989	20.7777086859592	20.6277951059291	24.53101317212	20.543108406878	20.1084084387287	18.9761943439451	20.4495801522216	23.3078860244219	21.6384061435874	22.374627645417
"367"	"MEGAHIT-MetaBAT2-S983.92"	0	0	15.8761197595602	0	13.7333956504518	0	0	0	13.7352990447152	0	0	0	0	0	15.7770728497799	0	0	0	0	0	0	0	0	15.0669890139024	0	13.967381903426	0	0	0	16.1200826430531	0	0	0	0	0	0	0	15.5282049301094	0	0	0	0	15.8815213104889	0	0	0	0	0	0	0	0	14.8475482229978	14.3792419344975	0	0	0	0	0	0	0
"368"	"MEGAHIT-MetaBAT2-S984.21"	19.5612771140362	19.5925903601158	20.0011497800508	19.1867749065782	20.2633755079826	19.5932065624786	19.9397257010016	19.8403898030402	20.0719891358602	20.5078338164678	20.5608763379306	19.8376917587128	19.1491057233622	17.7179967755168	20.4309533224065	20.4255219160996	20.8046698331811	20.2484770595538	19.6288620539767	20.3616803210524	19.7720801956464	19.6159956079809	20.9080564317935	21.0477684066695	20.1290009073747	19.9352050371428	19.6551349836679	19.6587397067292	20.2769569623363	19.6781653254308	20.3637675580248	19.3187196599128	19.1335512526584	19.8551255604825	18.971756683749	19.4265566402685	19.4031524046202	20.0561423378689	20.5351385324125	18.8920477896808	17.7760714769499	19.8482610675221	20.6338980974252	15.271776428161	20.4861592525239	19.628105821676	20.4019548918739	20.1524364917353	20.5965578176049	21.0257636116131	21.2040056456745	20.1754657106746	20.7561511264111	20.6332059712454	19.3112524924772	20.0882963778056	20.8376821611461	20.3093705702252	19.9448681169395	21.1672186065965
"369"	"MEGAHIT-MetaBAT2-S985.24"	21.6150968618015	21.0330386260144	21.7424908544263	22.7972517818444	21.5051487283897	21.3648171365042	21.7140821441968	21.4688422581079	22.7139583875552	22.0766350433521	22.3215667052919	21.5924949485565	23.2708845484112	22.1017044107637	22.490431087659	20.881138874595	21.4882892229007	21.3094683057504	21.0500964220987	21.5640827901898	21.3130575755048	22.1082178159448	21.6853905794233	21.0486772886774	20.9650908189007	20.9032394073748	21.593578515173	20.9701974096915	21.5253482040498	21.6587821597033	22.4732990239456	23.0604236915506	20.6738271035924	20.7810255999327	21.0846228426846	21.0905074661582	23.282509281262	22.1626644729272	21.1190514275724	22.3365321417109	21.1097445228052	20.6754901818511	20.7146999378128	20.4517858663257	21.4391934327226	21.7922230810148	21.6495212091076	21.6304341850795	21.6501138572582	21.1869548937288	21.6740644395455	23.2984628246944	21.6607233360442	21.2057276182588	21.7509622023588	21.8025089253093	21.9146812491452	22.1561462006404	21.7567986563917	21.7498249079159
"370"	"MEGAHIT-MetaBAT2-S985.50"	22.3641360302613	21.8933074647324	21.9781483003268	24.6769183390354	22.5107624516095	22.7936365661928	21.5841849287546	21.8996806897699	24.7608822321755	24.4544915788449	23.5197047767595	22.6507043712525	24.8845121545044	23.3433626153416	23.8035413438419	21.7954756638831	21.73460781934	23.5544222004526	21.6279076621601	22.7355055106838	21.4236052864043	22.3255092175767	22.252212158733	21.3686235744397	21.7539448286015	21.4567280503842	24.1050011429502	21.3419185149949	21.9895901189638	22.3909022175404	24.228313327642	22.6087260126066	21.8893404403616	23.2939020003552	21.0398891536178	20.6910624083769	24.1395023455442	23.0127227117986	22.0227369340847	23.3075058883103	21.8759843498609	21.9816118044739	22.5420419508607	20.3238516395366	24.4704448866237	22.1033651740214	23.8779734990857	24.7337858213104	23.5249560838957	22.7671126980794	22.1117618451186	24.1067337347575	22.3958747384052	22.063493977988	23.5379394709728	21.846002690782	23.5977896803995	23.2354817533652	22.4526516390093	23.9433366483931
"371"	"MEGAHIT-MetaBAT2-S985.88"	15.2279056745964	0	16.5517213430947	14.7383740868018	14.4504380915841	17.7537334870641	17.920089227002	18.391053611355	16.48235095642	17.0435046698345	18.1882690781086	18.4193437258775	17.1576671421182	0	16.9907249687504	18.5095333621405	17.6281230225069	16.8153020941763	20.2100082707303	18.7714157387211	17.9864182719602	0	15.0590479998594	20.0916122269535	19.010415683232	18.6492741488888	19.3118803890713	17.4807898352814	17.3012374276327	16.7339655866814	18.6993623419361	15.5071616012231	17.9982505178863	19.8818345887023	18.9335285737645	17.1182148326097	17.3385847438124	15.8345082377625	15.342490587964	19.5962163543465	13.8742635193393	14.8424124676158	15.281577092206	20.0096392736764	17.6008913744477	18.3698851385256	18.5129918425862	18.3101091358889	18.6451317129724	16.115347028186	17.033454997885	20.138166496105	18.0329458059025	19.1900449624247	19.8102741328585	18.9560077630349	17.9322300316807	14.6803594755826	18.4779615770214	18.0852226852078
"372"	"MEGAHIT-MetaBAT2-S986.109"	18.9834644334126	19.4342750361799	20.0321754747293	19.062583572431	19.2221153843693	18.6667832879707	20.1025214935678	20.1921026094326	19.2223308940115	18.8108350024117	19.0246161163461	20.001786261939	19.7519946945363	18.8776201348783	19.554579940876	18.6002137023375	19.1319298261996	19.3982389996267	19.1933195010034	19.4612894437444	20.0183338125846	21.1154089101087	20.7138764725711	18.7871357120071	18.2484480236135	19.0129092776859	19.67335468847	19.1990348807699	20.4267652100592	21.5399954829072	20.3252330858068	19.2370898267731	17.6798720954212	18.412952336253	19.7248984897455	21.0781008463059	19.5434073153721	21.1599761359136	19.3727959145351	20.137419858192	18.4663545742836	18.0047286697569	18.1003972262401	15.7285917866192	20.2733214168546	18.9554709732459	19.4559998439971	18.8681612170669	19.4212014264087	18.5969689004489	19.2741244899666	18.7314966439362	19.942191691616	18.976624268764	21.7730554077591	19.7375871825813	19.6518704494543	19.0552969210141	20.6274541910469	19.0996523767838
"373"	"MEGAHIT-MetaBAT2-S986.50"	20.4633793438835	19.651616147415	19.1919428407084	19.6753407882865	20.7989551856892	18.286436062242	19.6753473359594	19.6827211069446	20.0416764112516	20.0427948927768	20.3377246913525	20.0616974174767	18.730454458965	18.309862734489	20.4640607893432	19.2785018732127	19.2010657955573	17.9244352020687	18.2075850675983	19.6517101501159	18.0234955209214	17.4299453725258	20.3880298518821	19.2173697751563	20.3580402341092	18.1225233585471	18.9817088071256	19.3055226293564	19.1774787134657	18.0998164514753	18.9782648118315	17.554569152291	18.7270202084164	17.9698270769052	17.5605037395798	18.8721244464504	18.3969721408865	19.2199928168185	20.7237483804782	15.5004455273105	17.1660883067797	18.4213517790231	18.5632003686512	15.7493455350669	19.3692181193725	18.7213283412864	19.2299038858943	20.2893071101251	19.2139643139795	20.6600734872308	19.4198197252288	17.5180504965542	20.7004576440348	20.6060920276733	18.0881330722017	18.2497088435408	19.9034912202891	19.2844849123457	19.0504424389199	20.3219429713746
"374"	"MEGAHIT-MetaBAT2-S986.76"	21.4159062269645	21.6814780467915	22.6700212443543	22.6242241351788	22.9825714155013	22.059339863662	22.899217785055	23.0958810645558	23.0132685406747	23.5941190157963	22.8354543123157	22.1791295603371	22.8595115317947	21.6076394518443	23.4028278773441	22.7596772410984	23.3095589016133	23.1445918823515	22.8807165505217	23.0396937061427	22.387059851536	22.241295782139	23.7923294194206	22.9561306235536	22.0758012419664	22.0691565097737	22.6488165956793	21.3360023991579	23.0361020574955	22.1292169195091	23.2323842739485	22.4740470249005	22.0531172554972	22.42231316729	21.8061771950586	21.0065432656431	22.706413146024	22.7298925543105	22.8872194233297	22.0597169349956	20.3445950463038	22.0714749952987	22.5621413730728	20.892771014196	23.1145349880994	22.7213453705373	23.1330037926569	23.3073277339593	23.117842595041	23.7622929815746	23.5214432340767	23.5990905935535	23.417804646242	22.8252903442214	22.7815067544279	22.4108779764733	23.0644561592708	23.0290044258073	22.8748665078434	23.6555301940865
"375"	"MEGAHIT-MetaBAT2-S986.81"	19.4181098490059	19.566194757021	19.2978789406633	18.7003944401811	20.769863414724	19.0683472145912	18.9411482658388	18.9342066986726	19.2566193805734	19.9287107254276	18.264183211655	18.8533371364024	18.6570092060436	17.9137141675744	19.4887509812992	19.987110969695	20.3780707015743	19.6296738257107	19.2885648194239	19.7923014011737	19.4854773870726	17.3145845734772	19.2355318476426	19.8302248086904	19.26629485935	19.1646548330296	19.1204654588632	19.4075549049538	18.7871769234483	19.2148909619981	19.5486861025991	18.1226528271909	19.2945731794435	18.7318245786971	18.8212582449724	18.3933703787846	18.5113588648508	18.2993521517138	19.834991215569	16.60719790789	0	20.1057244348142	20.16545979865	0	19.5409448559424	18.6346638103244	19.4677668329653	18.9050495876959	19.7971883993587	20.646321283937	20.6939463781181	18.7166636838308	21.0646083833668	19.2148390147379	18.2267767028079	19.1546825696932	20.4819254112496	19.220071859468	18.3917662184801	19.9456981082665
"376"	"MEGAHIT-MetaBAT2-S987.11"	17.8767975422754	16.9941797513466	18.3059568542528	17.7977717215067	19.5834561949018	18.3688365505495	18.3625497027716	16.5778316106198	18.1232624638925	19.0835826381481	18.6139727314149	19.0412144687524	18.1466162459011	17.7657411801199	18.4307763705693	18.5561668311506	19.0940032084158	19.0868166383582	18.4968874275106	19.2140726398073	17.9273803552913	18.4540788371859	19.0371902233555	18.0788847399054	17.1559973785253	18.0610435367119	17.9080240983435	17.674177470262	18.2021282522381	19.3954452457672	18.8433286274128	18.6382220205134	17.9716742198725	17.209600141869	17.4880423701048	16.7379532495443	18.085465450586	17.2696095019474	17.8608579938165	17.1336690385886	0	18.4880205820974	18.7146548541033	17.2469171389336	18.8791097300124	17.7305963900033	18.7973305262157	18.253339367388	16.9616054288199	19.2445360038422	19.2861522104201	18.7740421123167	19.3859773308004	19.5935933150474	17.771406172044	17.7224958457867	18.4102810072449	17.9704891753554	17.7940352806663	19.8335579944106
"377"	"MEGAHIT-MetaBAT2-S987.67"	16.8111183536873	18.6263833391007	14.7604632429792	0	16.1121011773938	17.4934732382404	17.2646213602291	13.6887517630649	16.4180672417835	17.3988063374829	19.3527898706749	17.6712124327389	17.2542717765901	16.0944591716223	17.5512598511665	17.5684503460953	0	17.3483815669353	18.519000034246	16.7794869575974	16.7582279881684	0	17.7791736853095	16.5686240807478	14.7802741643043	0	16.332826741846	17.8309755288272	16.6264868238555	18.594559618292	16.1228165361093	18.6850279862178	16.3452185273572	17.8191538164285	16.4969924539663	0	17.8035117645467	17.0903090009701	17.4045836631262	16.1772560257608	0	17.2591531141465	17.7614767321496	17.5942942936479	16.4850563929246	16.0420569114897	16.9205991693698	18.094643968048	16.2748683851455	16.7036661715145	15.2129286117748	17.4746451623273	16.846016732811	17.9867239279517	18.3924962598463	16.2527719695762	14.9197643349735	16.5295939262039	16.8801503575905	17.1618721843028
"378"	"MEGAHIT-MetaBAT2-S987.82"	15.244532555513	16.7254671360084	15.5150495059712	16.5637134841312	16.5367077319654	0	0	15.453512872555	17.8704925206631	17.4031150329943	16.3760793555375	17.4066965565331	16.323190970571	15.9810434858982	15.1750420493296	16.9371744817185	0	0	0	0	0	16.5417955934858	14.8660427656532	0	0	0	16.5280261256771	16.3589801772836	0	0	15.8162487832191	0	0	0	0	17.5782213970985	15.0743378146305	18.1797072242781	14.3826854910456	0	0	14.656334481255	0	0	16.4928774051477	0	15.1917652327007	16.1659125713604	0	14.7231635409028	17.2663468632917	15.9350879299534	16.6398273204119	18.0548655282825	14.7731218617507	16.5083031724699	15.6858743327324	16.4733802233215	14.7677271191821	16.3811873968644
"379"	"MEGAHIT-MetaBAT2-S988.125"	0	0	0	0	0	0	0	15.2218700274591	15.0527119737208	0	0	14.5707332290508	0	0	0	0	0	0	0	0	0	14.9356224763367	0	0	0	0	0	0	0	0	0	0	0	0	0	0	0	0	0	0	0	0	0	0	16.212362216663	0	0	16.2806711219106	0	0	0	0	0	0	15.8861121934754	0	0	0	16.3538532852651	17.1479801334819
"380"	"MEGAHIT-MetaBAT2-S988.167"	16.761050231175	0	15.2741443416808	15.8960140309591	16.2061786804987	17.4750372435558	0	14.7443047708368	17.0040186335279	17.0398975464315	17.0556304804697	0	17.6513023235967	16.4996188417741	17.6721842439703	0	17.3765500447005	14.6597551787095	14.8174718796049	0	18.3682104547677	18.4565434924111	14.7112907364659	14.8446602015239	0	0	0	0	17.4251675483534	19.6703972525421	16.1107058650668	0	0	0	0	0	15.30373800169	15.5069956654553	0	0	15.0902475046301	0	0	0	17.1221270905066	15.4443787841636	17.1774873502644	17.5568767316514	15.0632106664826	16.8091462899683	16.6030313183736	15.8356862969072	16.0353464038534	0	20.4094248618659	15.103013978331	16.0126470387184	18.6674335266045	17.5557118406873	17.0345517713198
"381"	"MEGAHIT-MetaBAT2-S988.179"	19.4335394447609	18.6095288885908	18.6620551787635	19.0393917441472	19.6759638855511	18.3386463683612	18.7027175993482	19.3374618292859	19.2606417555929	19.178260612924	18.4574472943786	19.5632593757237	19.1135927059741	17.0754230552548	18.8056000785989	18.2355660755089	18.0723282547961	19.8210296150965	18.4172588756184	19.4933445658345	18.9502141858926	18.7487149730228	18.7317121485944	17.8693935144011	18.6210650344399	18.6663914371893	18.5290204350969	18.5390759917585	19.0499156668944	18.847892427813	19.4976200274838	18.6800901312865	17.0862129209587	18.5488537453412	17.6593972429667	18.1355738001443	18.6662372286864	18.9816090942284	18.3052332776374	18.3489524856085	17.0060470554191	17.9177045127851	17.6424720143408	15.4294550712308	19.0522348169616	18.783573000825	18.5878638282371	18.3784740276326	18.7997664756235	18.3001902129768	19.0925925076876	18.4315322037193	18.7619728708717	19.0194872848236	21.5342731990759	20.0180094866491	19.4484582361977	18.7731738236819	19.2156740585374	19.2177646936471
"382"	"MEGAHIT-MetaBAT2-S988.19"	0	16.7772097291255	0	14.0308965481057	17.9379883043738	0	0	0	0	0	16.2444891785862	15.7736961576641	0	0	0	15.9751229141119	0	16.1377916151148	0	0	0	14.9410706441765	14.7349009321658	0	0	14.3666244643337	16.9251604124566	13.5803847372766	13.5772331012591	17.0671405552146	0	0	0	14.2010672786574	14.6022566058486	14.6804195547763	14.7719822616606	0	14.0879544010642	14.8713240374813	0	0	14.315339284825	0	0	0	0	0	0	15.7348258410577	14.6673451801175	0	15.4498117451234	15.1981470510812	15.516342427355	14.6054980146695	13.7845756587977	0	0	0
"383"	"MEGAHIT-MetaBAT2-S988.9"	17.4546135304366	19.6248838058585	17.2384867724998	17.8751554661306	17.5049335355714	16.6426762661836	16.7304409817084	18.4669353363662	17.1483658819332	17.1885269535332	19.0615925558845	18.2515436102313	16.7640001602025	17.8616115096752	18.519903891552	18.3279705643122	16.9785763854973	18.808284311134	17.9247865428634	17.553848409898	16.9614351231157	18.3157147666537	18.213018320776	17.2728991061143	17.7107978492472	18.2134837150299	17.0214407719237	17.7427613366853	17.5657010859216	19.4511413920714	17.7028272973591	17.6342592830788	17.5899363301014	17.3836353751603	18.15012303658	17.9367353027563	17.6038643176416	17.1712380556386	16.9888798968344	18.1540073099635	17.0253992999405	17.5712182410549	16.0664735851118	17.080606302132	16.4481065660442	17.9105810639755	19.0577993210193	19.3036048327262	18.5112036666118	17.7380485601835	18.8766213045272	17.3824120002823	17.0997708120081	17.4799457380243	21.3980799957489	18.0742998764639	17.5348300110662	16.691635126126	17.2544470252766	18.2783323644421
"384"	"MEGAHIT-MetaBAT2-S990.131"	21.6698254968848	22.3894531912203	22.2568492014511	20.5294630706979	20.6084161853322	18.8349644220565	22.6318160953221	21.7540592742106	22.137067319924	21.5330750895591	21.8116388368178	22.4143860964327	21.6205180394925	20.4431717335884	20.0117418772895	20.8103049772653	21.2794165971618	22.307520759497	21.4522465136029	19.9037205328564	22.8693513049446	23.3621869669826	22.1007716109827	20.2961424037961	19.9567589733492	19.8098561823927	20.4978941931995	21.7939050544193	22.545125130014	24.3663690277797	21.3159566848889	19.91778954155	18.5879420324413	19.3565362424248	23.0745508783163	23.5101224934487	21.4047665180961	21.5082892154174	19.707528968808	19.7739017113037	18.8753640165242	19.3182920489412	18.9285706668852	18.8064795722672	20.4498373228586	20.738664206668	21.0116015798495	20.0483394626794	20.8987401627476	19.1654557473395	21.965823680005	19.14081702691	20.033867576374	19.8626732958754	22.1669982335274	20.7199684266947	22.1222098472833	23.4640307741465	22.372012789776	20.7400789903682
"385"	"MEGAHIT-MetaBAT2-S990.160"	18.232106755518	18.0389451869214	17.4088963333547	18.4921587198405	18.6346896626452	18.7367026947358	19.5553952364615	18.6286874693956	19.6001056193792	19.1274455274027	17.9858620850656	18.2631512492574	19.2441173669154	18.410406438834	18.8418293297819	17.5942247074143	17.2338112343523	18.2416652016165	17.4312290493324	18.0921757057669	17.6369231706166	18.8401934880985	18.1356146754231	17.0582091514427	16.9753414167733	18.5931508881078	18.5825460410276	17.6536729323754	18.2046056282889	20.0454713321648	19.5043476254053	19.6504593180242	17.6929444034548	18.2902538622483	17.5347500072332	17.2809973199784	21.5951374531992	18.2589422243197	17.8126042107186	17.4927849901854	15.5535120545681	17.3971606898408	17.0584954823788	16.6422164822289	19.160300202998	18.0914681971723	18.3277156914558	18.412186795488	19.5909821340814	18.7298359826789	18.3580080869991	18.6011658642881	18.6373368411802	17.6655883619954	18.5819224782699	18.4070328449591	19.4343853637235	18.327850756304	18.296544643997	18.7101127696696
"386"	"MEGAHIT-MetaBAT2-S990.184"	17.3664004264065	17.3537503986397	17.4008835401447	15.9393215893484	17.7262986846277	17.854412453521	17.909908754105	16.7093238953808	18.4338342381964	18.420468037354	16.5550595761787	16.9826582886925	18.0793038698659	16.4466733194988	18.8237995348702	17.3782020224849	17.1984644545852	18.9358559935539	17.044608402499	16.7723666493602	17.2196995789974	15.8337830563289	17.9667663514519	17.0153381400261	16.7460555907803	15.8899044413289	15.9646302513641	16.5708843319716	17.6468563954187	17.172397033169	17.5503967748077	17.1381592478565	15.198703432869	16.1527468051566	15.6271962069166	13.43001849575	16.1197104883735	18.8089079993948	18.0740499141477	16.4553551057638	15.0021563510818	17.0775602795477	18.4377708425006	0	17.8586163393614	17.9567655238881	17.1246076329789	17.4358316263341	18.3479258396024	17.7010318415476	18.1666274524569	17.9788053891513	17.1549693309089	17.2389249582259	18.0259072736659	18.1167399606759	20.2402686505158	18.1451208726851	17.8725527871644	20.166252704346
"387"	"MEGAHIT-MetaBAT2-S992.120"	0	0	0	0	0	15.7343604565269	0	0	0	0	0	0	0	15.4662326983548	0	0	0	0	0	0	0	0	0	0	0	0	0	0	0	0	0	0	0	0	0	0	0	0	0	0	0	0	0	0	0	0	0	0	0	0	0	0	0	0	0	0	0	15.7329995882529	15.6980095816458	0
"388"	"MEGAHIT-MetaBAT2-S992.171"	19.0278520415488	20.0507912630557	19.5372601327546	22.1212128142141	18.6873483457934	19.3576662387735	20.5849324461345	20.5825965341351	21.2092885809163	20.9799211763554	21.3187834580466	22.1654730571938	22.0670145307745	20.4146863960536	22.2917018977265	19.3043796237462	18.9752642531368	20.8453050628358	18.9717127010439	20.8802309038705	20.4312399119488	22.6033721854944	21.5815630120589	19.7002098371074	17.1723356675181	20.6949628878527	20.7979900937429	18.2709076999713	19.9176432349345	22.7136150423436	21.8642803605098	21.2767660436866	19.9146292333847	21.2740606104734	21.1368216370763	20.4892609164621	21.7018995974881	22.9496991932656	20.7702443490353	22.5294397181079	20.0804676786365	18.2935467806663	18.9135881239709	19.4920553066146	21.6992255125659	20.0374895084665	21.169760860034	21.3038899973311	20.7649971980678	19.5513960803306	19.9190902553132	20.629130788715	21.0908002350854	19.1188546552387	23.2208598673269	20.6440382765427	21.2034060419958	20.3256774852855	22.6400050092993	21.9196696797787
"389"	"MEGAHIT-MetaBAT2-S993.109"	21.2741752946309	22.3142711313891	22.5204029052399	21.6182556220574	23.3475862813565	22.0897451762068	22.4999620936304	21.9219144980817	22.4922205695639	22.3361464505432	22.0163334740712	21.4725058816933	21.6039681890598	20.2010904477322	21.8557648068573	22.4723647392345	22.5748540979832	21.7321404916661	21.8118504489332	22.2890610644215	21.4770853255656	20.4841177691489	21.7521280231069	22.4905474365865	22.1811858966528	21.5187656133739	21.5144499628936	21.3492791030642	21.6610338817559	21.4344711920467	22.1437862212303	21.3441697546668	20.8178479883358	21.322307007501	21.2711131844392	20.3128016643681	21.3776865096645	20.8660474263103	22.212077247166	20.7102915548285	17.7508009793861	22.3425564356865	22.5791420135734	20.5312923688565	22.2718698340719	21.735973640163	22.1541698191046	22.3508526482939	22.4460920717966	22.7604065333475	23.5448960442697	22.22535417207	22.8354943946167	22.402157226517	20.8292765900938	21.693936961077	22.86399443142	23.0135044533643	21.70922833728	23.2607263622008
"390"	"MEGAHIT-MetaBAT2-S993.160"	17.4186020726611	17.7104359412555	18.9644286183265	22.9597186570637	18.6415569620832	19.1067125917403	20.9146053937634	20.4446365859064	21.6999712952026	22.3152587890709	22.2839910205854	20.6793612780863	22.5902558903001	21.4163247444249	23.3142172886695	19.7784041542164	20.6410481987433	21.6766109875095	18.6837329705143	20.7729224249658	19.0409336259413	21.1119067110232	20.3325351920548	19.8664947931645	15.4747102930795	19.789025022465	20.4196758571028	17.3963271323375	21.1389752964925	20.3720034276659	21.7103149917442	22.0255001604147	19.700853832302	20.7437466641316	19.738153589919	17.6805009238339	21.9292657011371	22.2574726829185	21.0513768645172	20.0016608514452	18.5638303628852	18.7411463329717	19.6881006489579	18.9356664611448	21.6103163819434	20.2501270770339	20.5702516861244	21.6803712975801	20.7177440341296	19.7687645821259	19.7531192909164	21.660447840946	20.2248833577448	20.5371238762553	21.0315947910357	20.0886589188863	20.6387136487058	19.694489760127	20.8271947495465	22.2175264838953
"391"	"MEGAHIT-MetaBAT2-S993.96"	20.374345382048	22.2220456221713	21.4179509667432	21.381373976763	21.1239598592356	21.6792332407787	22.1075735275387	22.7159921885337	21.5965323830589	21.841122974927	21.367721060718	21.7463430735295	21.0355988474723	20.6939076524772	20.9549066295423	23.0598419685595	23.4572420486451	22.1221630345739	21.6225896312099	21.6648657759573	21.8423613598781	20.1392086098656	22.7890699787317	22.601773236197	21.64785280885	21.77850971356	21.6010774264278	19.9531105318893	21.7816029106351	20.6239526872427	21.9244311070365	20.4278403160215	20.1416074335781	22.0688896745399	20.5221308904599	20.0539972921377	20.7722932426055	20.5470029253258	21.6490345385006	19.7997544514316	19.1208849296723	20.5704147397148	22.6948341516648	20.5411563581436	22.5460855705791	21.4485205186081	22.3891097005069	21.7397950912434	22.8127912408178	23.2026762208853	21.9054157143237	21.3887322836899	22.1087970277234	21.6361957704294	21.738486960926	20.7243547794987	22.2873021998099	21.584575554324	21.8232831715871	23.7313109207651
"392"	"group10_bins.111"	15.9260602828423	15.5184929170886	15.7716115984149	17.2132905907017	16.3309577478306	16.7680166986701	0	16.0828182068643	17.0525414459271	15.8067290481352	16.3643965831808	16.9287223411088	15.8042513281108	15.253253683156	16.9292379871563	14.8145871148107	18.0969149412959	15.7784934499965	15.7676001720474	18.5902005307701	14.7006319174642	0	15.1846653175916	16.4030800756058	15.9989853854528	14.945420214665	16.0398604799511	15.0062551185696	18.6639345344863	0	15.1646603803016	14.752918997999	0	16.0197964185781	0	14.4325689454	0	15.1021634978141	15.477940700346	0	16.3391573404158	14.5504169922185	15.5693853801513	0	16.3576482157814	16.01940907601	16.3290997270751	17.34794185829	16.1202307343795	16.7224688146707	15.756386370852	15.9908457356069	15.9300554581576	16.4491915623519	14.138086230327	14.4332612816501	17.0958712597359	14.8822346626681	16.0115799733669	16.587088513787
"393"	"group10_bins.149"	18.5173989113825	19.2227419115808	18.9431460643118	19.2806472104428	18.3333416064294	17.6048304035355	19.6536043141647	17.8869961600017	18.6866978368972	18.4204327477597	16.8590173222667	19.5890746082561	19.0450479637356	17.3632540737821	18.9818404880159	19.6599044980509	19.3599958457265	17.2453408956401	19.6562265642389	19.1074161807587	19.92601385929	18.4551556299839	18.715601363157	14.9762763332394	16.8643465762341	19.0723225393217	20.0272515949119	18.7411671544952	18.8498991125933	18.4047747360003	19.9260095363641	20.0291256195974	19.211202076587	17.7889772268033	17.195966974256	18.0558839392305	19.5931969721154	18.6732994038224	18.9765175523985	18.3181088433047	16.2465014054937	18.3942729535606	18.5099233148536	16.8805246906047	18.9449586375608	18.1038678218433	18.2632598148646	20.0160227137349	17.6553070601694	17.4702042553694	18.3390057735269	19.3010239400618	18.983779898092	18.2980838854176	19.2002495896869	18.6599881483027	17.9577319428089	18.399902449016	19.2532713298868	18.2039184865447
"394"	"group10_bins.221"	15.669900911391	16.5196557747742	16.3075261524468	17.4048705862206	16.0951862552304	14.9432239723777	19.0720812065184	16.3285177152499	18.5183815147564	17.4677456359927	16.826248292939	17.5012072506921	18.2296057519829	15.2554451706647	17.2277692456774	16.6522774615993	15.7860677462419	15.56072835844	15.5868699427998	16.6928308197249	16.870916054831	17.7357905534638	17.1167343707023	0	16.0112769144151	16.3252688659533	16.3680110754066	16.2214769195017	17.2016596480186	17.7980531312598	18.9290770150404	17.316069561215	0	16.2464581013249	17.8761409853154	15.3709399221276	19.2126600569234	17.7591592023384	16.2677939260654	17.0912798980425	15.9849217661069	15.6019971079028	0	0	16.7392773447193	16.4941345665226	14.1023201859023	16.319854201063	16.3269930238351	16.6675756297952	16.7465811422704	16.7902170995816	16.8428887486034	15.6204452801315	18.5138712361756	16.0941833278024	16.8751644567111	18.5566505450299	17.5497692809179	16.5827229556064
"395"	"group10_bins.232"	16.7234535029053	16.5378397342242	17.9138509043555	19.0531471091269	17.3315365063524	17.4615329567606	18.3057269489883	17.3309089431545	19.2710594092901	19.1355480247209	18.4834615017037	18.22401327213	19.2095835463527	18.3860973508726	18.397040070882	16.9476598247028	17.5678760986552	18.5024206959129	16.3443586175113	17.5467759159379	16.4265341461936	18.0658404925346	18.8140279817435	16.7668932631022	16.0474075720867	16.8836682038272	17.7835116316485	15.9372985795347	17.4970568901286	18.0428787248606	19.106402173633	17.0889292245029	15.6221584211948	16.1402539680784	16.7537296969617	0	17.6759083540167	17.7465818521453	15.7468187047309	16.989152554237	19.3378889874621	0	17.7757537663169	0	19.0489034971373	18.2119474242521	18.7977453277733	18.1650964283948	18.2581184578201	17.4659245232545	17.8971723823048	18.1887530239139	17.8871623718717	17.2922921394834	18.1323458236824	17.9200356886386	18.9739590456317	18.2957828536591	18.1431340790426	18.903435553274
"396"	"group10_bins.307"	16.9798914320682	18.051964926445	17.0323404542253	16.7795629272749	17.3960757863462	17.2109320687488	17.6746850857327	16.8752466049784	17.3734249107567	17.5266140444749	17.3580102970246	17.8417152785977	17.0068445839435	16.6580988198671	17.434920250316	18.2464411694954	17.2414739254135	17.9031538532434	17.2544549512899	17.7211222372565	17.5713918372267	18.1773234399344	17.7771277436689	17.4095530524206	17.7977437891041	17.6860176276883	17.3558855233052	17.5905367578461	17.3386611281643	18.1836174071196	17.3356087279178	18.194697420371	17.2956056181498	17.1199522362211	17.4888386882515	17.6103213129209	17.0587569661266	17.2280706654923	17.8707659901406	17.2472893833766	0	17.7853578839336	18.4371670256277	16.6231832375397	17.1083553130532	16.2627804178648	17.824342651995	17.0429509489782	16.5025631579827	17.8033915559979	17.2042893232722	16.9848193105159	18.2740826420606	17.987183197643	17.4985833643875	16.4215004301615	19.0227215796974	16.7755980338884	17.4713767627448	17.4816994592762
"397"	"group10_bins.334"	18.3406489789807	16.2009726044648	17.8128593126978	18.2520639725963	18.1134314542515	19.8262421580788	18.8347350647619	15.9746526462318	19.6244170092122	19.8439874234219	17.4084546316162	17.2043177657568	19.4729574886063	19.9326501527873	18.493800619644	16.9903304367369	16.7541356246043	18.0172181937662	16.2357324203231	16.4531864174261	17.5821631261119	17.1202652151992	18.6522275058283	17.56557606833	16.0836713625118	15.420343873935	17.1896227210199	14.1690846666018	17.53577459767	18.1414874408901	19.7091182844336	17.8636076671287	15.2672237022415	15.6533726162619	15.7500274439433	15.7022413013511	15.9355536821671	17.3966619975246	14.8777801976706	16.8404778394904	19.273194875941	16.0638667747678	16.0381915615115	16.4436235168263	19.1775841437443	18.7987020818974	18.4658239628743	18.6086588825684	18.7509156397333	18.5773554037631	18.7710258172017	18.7258890109692	18.7079632585308	17.3172329024892	18.5165370978701	19.2875583188241	19.5589950052488	19.8283125843778	18.9272767199934	19.1534368956769
"398"	"group10_bins.379"	0	12.9067258942408	0	0	0	15.5681373013053	14.9280517810188	15.5727206887293	0	11.9791057245286	15.5660937548586	15.0574868807605	14.1511413108569	15.6904369429849	14.0953077624994	16.2937188321035	16.3677628846283	14.7705718277861	13.6797221069865	16.829808177255	15.6182100632747	14.4996550616705	13.7535526128439	14.1573913495209	13.4460034978279	15.4699729265065	14.3136151262885	15.834429012788	14.1565893533261	16.4392702206867	14.4184629151501	15.8735285409331	15.8286083983063	16.1286995381831	14.7830025296509	16.606942366282	15.3274582637352	13.4741811195227	15.3617518008375	17.2975465845427	15.7774619419726	14.5749120584243	0	0	14.1312544873605	0	0	15.825071096266	15.3563261368228	16.9937997889975	18.0892938847001	0	14.8569211772487	15.2308426504953	15.6543597513519	12.9073504695908	14.5870625110169	15.6947133467035	0	13.7687372107256
"399"	"group10_bins.399"	17.9443876508652	18.4046051250914	18.0836728572366	18.4908395725679	17.5815357148522	18.0043546345007	19.1169907056648	17.851077766812	18.8352439695994	18.6917817608229	17.7343255855305	18.5700075300525	18.4789519284259	17.8088993611728	18.1984112336894	17.6234594448559	17.7608915547046	17.9386780626959	16.6223834173169	17.9217613041363	17.64519992688	17.4058321367983	18.6831385923081	17.2896200583356	17.2805234775624	16.853873294607	17.3371737728963	17.8363164052249	17.7937743256718	19.7917528242937	18.1019445647486	18.0460211909774	17.0894192958601	17.2249228270255	17.2717041957165	18.2077074863846	17.6217120074757	18.5104038280725	18.0088401056799	18.2904869150881	17.91688274402	16.7691703856459	18.0586065691234	0	17.890858659206	17.7345220897599	18.3703960249247	18.3919382847998	18.5306754597944	17.0875472530531	18.1903912748772	16.686446688321	17.403820233722	17.4103555636889	18.6152058402356	17.7955052812804	18.748667489236	18.5190402423124	18.0296935262787	18.6425828751771
"400"	"group10_bins.56"	18.7350954063138	19.0955401776432	19.437141599317	20.0715998071946	19.8271964499084	19.729824985824	19.5860372435042	19.7049893648668	20.9092119644545	20.3931459894117	20.2452211218561	18.9745981433018	20.851638120295	18.8702738270148	22.184894584261	20.3869663088857	20.1083984482353	19.857454362723	19.2418784036224	19.6931704400435	18.9039482617443	17.5428747000136	20.461223265696	20.6426084373965	19.44486058969	18.9891287062611	19.9232754844652	18.7057949290429	19.7616992774032	18.7204459472837	20.3120658456877	21.2997311204565	18.5496586410824	19.2531067045942	19.8079778435107	17.7471054668509	21.3762866658534	19.1646083554079	20.2772202198611	19.3341987301215	17.2384846278713	19.5630198720319	20.6466347850433	18.1205337828598	20.428104236078	19.4849149302191	19.4561593288945	20.601823331895	20.5293223588218	20.2813843500046	20.1012765683724	20.7183267412732	19.5809557640454	18.9392576287322	18.9265440667088	19.2769603558464	20.4890498192574	20.3319387242573	19.805780525667	21.2976545442613
"401"	"group10_bins.7"	20.7553875874508	21.3347842608565	21.3907186203133	22.4095677433162	21.2166184535666	21.2620424346074	20.959976394759	21.885570363869	22.5081572747747	22.0561589429357	21.3693902816468	21.9204089326051	22.20790372621	20.5644106329987	22.5449403116949	21.7458071609997	21.3946488674785	21.9409203503535	20.6165752903251	22.1815985299717	20.13239047911	20.9099412489145	22.4772026968067	20.8514475642306	21.6803998133818	21.4637952849594	21.5588374373914	21.2133020255632	21.8838753514674	21.0437426659212	22.864797321748	21.1600833446093	20.8345742031191	22.0187366987096	20.5761087933039	19.4254070154273	22.2551357263213	21.919059973499	21.308111882548	21.5042885881638	19.7823306613274	21.5804616710171	21.6196263863631	19.7194119573339	22.5496514287025	20.937269192774	21.7919875930373	22.0265670369149	22.202894226398	21.649385591653	21.26679941099	22.2831394823559	21.9061707866117	21.709821633607	21.7946558566974	20.8604377177963	22.1154817462378	20.9501947641115	21.479138383137	22.9031852096636
"402"	"group3_bins.116"	16.5597146206529	16.1201431644859	16.3941042766881	14.4961552282025	14.4735016828954	16.9180318988235	16.9283478257645	15.0248445307764	16.3075520015703	16.7025543988896	17.1212913504101	14.6371625602359	16.4136233523993	16.7862123347672	16.9170959518332	0	16.1743206558675	14.1652148665916	16.4942291922344	0	0	15.4584956263167	16.8662878632058	14.3342296987482	0	0	14.4071880614893	0	15.7438445741978	0	16.129809030622	15.9590904877494	0	14.6895277523666	15.1742200042963	0	14.6070276469418	15.643264132743	15.9581048616956	14.8717703421724	0	0	15.0001050601806	0	15.8751975718345	17.0864604067757	17.3126570096218	16.5641190850781	15.9800359590324	15.7299238855205	16.3011903577384	16.6166673418956	16.4361982921222	16.3066736821214	14.6253059946966	17.1442649071971	16.5925087500642	16.5981339099782	17.1680910254249	17.2385521434401
"403"	"group3_bins.117"	0	15.897944770098	0	14.2692114037895	15.4093482607762	0	0	0	0	0	14.3538477433892	16.5598403602822	15.5585387675468	0	0	15.5335253667376	15.5141922014909	15.294667852362	14.7901557875844	15.8804051702245	16.0224193325717	15.0618173890239	15.9380009746494	14.4402676109077	15.0682039596004	16.1299625216985	0	16.0561143652803	0	18.1211114974223	0	15.9938974227039	15.1557650012808	14.5676272395808	16.7876603655704	16.36286757231	15.3139296901481	16.2183766926364	16.0801790722057	16.2957217271604	0	14.7068687137668	15.2702229319905	0	13.5877617610249	18.6437890993462	13.8945773462531	14.2584945566286	0	0	0	0	14.4892690446785	0	16.7645264730931	13.9930179436327	0	16.249164029969	15.6102621486431	15.2124126875567
"404"	"group3_bins.134"	18.3249183877224	17.4975194324123	19.3625300099912	21.2994922721777	18.5066644547603	18.61474194872	20.7586656882519	21.3816822898633	21.2205846806144	20.442221352896	20.3883726278651	19.0916440876916	21.1833205635036	18.6887908991277	22.2996834094308	19.8918682459526	20.7705343277468	21.7242879223458	18.9838800067325	19.6920524319575	19.9357441590825	18.6026469962332	19.0766713307208	18.9988616593283	17.9386330702804	20.1386480475182	19.8121318859329	18.2781256038135	20.168728197469	20.1177866149115	21.4201748876309	18.425613770246	17.4364679327083	21.1645389855185	19.0250059263478	18.9361914165996	21.3805201487862	21.1284002724243	18.5408990589087	18.9924279569357	18.2472112612476	17.8884575407464	18.0564502222189	18.5312493888444	21.5692531094334	19.0039294678299	21.1720699745617	21.5771421002264	21.771390452169	20.9670700589291	20.78969178885	21.7323520766207	19.5668946236154	19.6816699103495	22.5418374896321	19.4804068206346	21.2405581119863	19.4245377105988	20.9714995088884	22.5603957198202
"405"	"group3_bins.177"	22.06376103387	19.394679182571	21.0418444835997	16.7483853910452	17.260636459586	14.6909019450727	20.3432680696149	21.9643171046989	17.5519328600257	19.3731138344335	17.0926959429737	20.6639353862361	19.7469571572527	17.1028130111593	20.1239991932171	17.4214699729226	18.909071030504	16.1832183172931	20.6338813376691	19.5865148295474	22.2562868191482	16.9430601225448	18.4209077734923	20.4256913391083	15.9402700589666	17.2010224005796	16.3284419877726	18.9210971381128	23.2287955320575	20.6703834765119	18.9062826243811	17.0146476112262	16.2863951715502	15.2961431498423	19.1401223642065	20.0024683961625	18.0252959815184	18.0784497752192	18.0604348496457	17.1141846287935	16.2715541103301	18.8918546982414	16.1820893163025	18.2439311114615	17.0975123160069	15.1585977156628	16.8428775281314	19.1929016808495	22.2090403852297	15.7801439413123	18.6686331367285	16.2007296303121	16.63611017904	17.9718784792566	16.117945929733	18.9631427495919	19.9788372605151	16.8187415558154	16.9008505028739	17.4401213567024
"406"	"group3_bins.182"	20.3227087613471	19.8572151048863	20.1868084446171	21.9847763443867	20.1151962514701	19.5874927931032	20.3897314479955	20.2574010520646	21.4929972298676	21.5756999947219	20.8773179214277	21.0819062262229	21.7310740275092	20.6301244877561	21.3048843106812	19.892340923725	19.8081027210108	20.7825145412041	20.0897737284224	19.8006998468736	19.9167417432025	21.0916255987608	21.0191147164982	19.2555224896874	18.9840006824158	19.6066821597626	20.3368468900833	19.4234237912834	20.3775810897872	21.0815787727299	21.2347093839296	20.6544254995764	19.6955623746612	20.2004740101927	19.9276384719266	19.9342227817054	21.408752217235	21.3775889585436	19.7177898116974	20.7988631764389	19.9590777876891	17.8504166458298	18.889336562726	17.9187016860174	21.2955775994339	20.4157186598607	21.1195641732332	21.3706646019003	21.5438173124717	20.2000215400014	20.4798877678054	21.0626417021511	20.4323005987878	20.1349583026978	21.6760787062129	20.7306577751499	20.8622130102653	20.0111075408632	21.2928463972745	21.2194989109454
"407"	"group3_bins.183"	18.1825441547629	19.8053764784506	21.7920902115121	19.055766988967	15.5839261607101	17.6805336226138	19.4673913431473	19.477437274738	19.4460329169267	18.6928720761353	17.1941447044839	17.204530227482	20.2381383603013	17.2919889349846	18.8680336167011	17.0451658996506	19.6687277822571	15.4725509553263	17.4021361115963	14.8705315605732	18.4345109175663	17.5296579792824	17.4467476480732	18.8765589782076	19.099369425375	18.3650191533004	18.3081094146245	21.5454054415644	18.9938006967432	20.9282160729251	18.4634270656172	17.6444555221576	16.8236666127351	17.4268969678098	17.8613421005892	20.9352527326215	22.3959584405433	18.0442287215814	0	18.7404151422145	16.8361787123615	17.9514090723131	0	15.6770113710355	18.2769458568415	16.3665007636982	18.2104877962592	18.9597433067817	17.9870775935126	0	18.8631290234545	19.0861233876549	17.5102673886595	17.9014553568019	17.7649037122033	17.6379152189748	19.2900959465395	15.4065714881763	18.6209911311368	16.762584266058
"408"	"group3_bins.185"	15.0218657889828	14.5816599820284	15.9317330597409	14.0640576601548	15.7895850235928	0	17.4590731502854	16.5776032003777	17.0585598229663	16.4229840388904	16.7005104513433	16.2535607971549	16.0326443556178	0	16.1717718230593	14.8718075342303	16.5325401043892	15.0088722569603	0	14.5747346822702	14.964420623471	16.7653925700263	16.3648448746879	16.2734680403657	0	14.8097740878462	16.3425628335125	16.1678405125968	18.3679383981019	18.452899325438	17.1189885923406	14.8248339909925	16.2456184601883	14.3373003815352	14.3846509218594	17.4563937972873	16.5818199977059	14.8205273464014	16.1134456715443	15.6667077964596	0	16.3813742653949	16.2350239493112	14.5488368197706	17.1135141972302	15.2369044060937	16.3932795664428	17.4316318472086	16.4169024524411	17.0099010866826	15.7489304268068	14.8229136476733	15.7888069280734	15.4848066322557	15.7162542972059	16.8631295341696	17.0661310127035	15.7610306709386	17.5494879379237	16.891839663499
"409"	"group3_bins.187"	18.8961279093319	18.7862800228277	19.2131303043841	19.9165351430712	18.9210814555809	16.5812416630718	20.08013579946	19.0921989541983	20.5919801394345	19.3903045963184	18.971988713265	19.7204147751179	19.5869977616818	17.5718865120472	19.4337084170215	20.5470335476443	18.9102420059149	19.7691281730815	19.9372313128928	19.7245564696665	20.1005449331197	19.7487267625199	19.879522315646	19.1281788129169	19.6319082165352	19.4511867413271	20.2375615079306	19.1886390236425	20.2117571408564	20.479469989837	20.8118276180151	18.4711405028993	17.4719057936034	18.7782207402215	19.7334306852717	19.1159042203082	19.1547830666813	20.0187848327432	19.8567724259797	19.8706919419938	16.8258008162429	18.5236939700311	19.5980465051265	17.6543393535198	20.1290386181694	18.6357233458038	20.3649304932468	20.1818755994493	19.4034023216819	19.9663225174005	20.3710139035313	19.9682785513142	20.0007424984814	19.6526880533929	19.8304041622191	19.4935662024476	20.6722132198744	20.126293748073	20.6382485070714	20.1852048652483
"410"	"group3_bins.202"	21.8147392767928	21.3430826377926	21.725749324938	20.2676531097398	21.2444027385601	20.7595748270337	20.676657793991	21.8543806422357	19.6893602213907	20.1399677314485	19.7553805547311	20.300799354345	20.4764549744865	19.7613382485898	20.7955240260336	20.4908533597432	21.6988676781028	22.0248365858164	21.2995160064134	21.1428990857159	20.9920830682389	21.3644251703311	20.8673281096837	19.4649930598681	20.4150709008644	19.6132678988059	19.5445300161612	21.7867941143764	21.6832445051337	22.3897903590083	22.2791112937556	20.5874438262452	20.1841808831444	21.0971125808912	21.2580527679091	20.4071205207666	20.1402226693106	21.8782769509519	19.8931337931321	20.6320497719346	19.6457964824649	19.5122059962416	19.4056688284288	18.0090198499	20.9447322648312	21.2633466054664	20.9726353557303	20.8898498607032	21.2736006595646	20.6369145475021	21.5442127656411	20.1068324647799	18.9725805307249	21.5704402408238	21.0949382149554	20.481736943791	20.1477204087563	20.2069357532397	21.3301952163386	21.3918812209386
"411"	"group3_bins.206"	16.3839299104581	16.3280712582397	15.2244334370017	0	16.3320868845291	0	17.5166502283205	16.9348248292414	18.6638476088238	14.4518561419812	16.2714588164933	16.4147133081618	19.8672225075399	17.8584182067813	18.1105137283011	15.5385721050007	0	15.6189215764098	14.077106981015	15.6624128046702	16.1819291315354	20.4572140524307	16.3024851962718	14.4007634539924	15.0397853004195	15.1257870789831	16.0326963100734	15.4690593266476	16.5466425772395	20.8726796212333	16.8484722670851	16.2820837786535	16.065294324742	14.8646828716397	15.3373523566096	15.2205406402657	16.5241022707055	15.2037911308266	15.1457078284193	18.5824218571187	0	15.8961751992757	15.614804408747	0	16.4576902646366	15.3862784597737	0	15.8008170135146	14.6401264638103	15.5369899925687	15.6148950060017	16.7601564494639	14.583187706008	14.4345124458203	18.0623513632648	17.0096854328327	16.5180584258261	17.550899268849	17.9540698422557	15.9601151755973
"412"	"group3_bins.223"	17.7795181297042	18.3538467117011	19.2283828795161	18.6299791078104	17.9056411924141	18.1015393655214	17.5478176295218	17.9034176382222	19.2879503384344	18.2675991260285	17.8402540132418	17.1287053028006	18.9032569538847	18.0112582445124	18.2352955562329	16.4783349697908	17.7388811802557	18.8682949197181	17.7969623778412	18.219803211278	19.1243330391991	16.8531286598391	17.5242605190774	17.5757344658482	17.3260681217366	16.7228884734516	15.0854191902155	17.9928799783348	18.7004257614594	18.6865502849089	18.1394945216924	17.2495892081886	15.7732541766728	16.2087446019719	16.2727611472171	17.1151215943842	17.3928740515984	17.0302565072116	16.2401362695946	16.608338869023	15.9960109207261	15.2879531989527	17.2003827256202	16.9584982063634	18.2824735629895	17.9539302283441	17.7725452335896	18.505933305771	18.4466835916811	17.8856125737192	17.5707480921343	17.2794165700914	17.7779125593271	16.8609053705017	16.0110367845338	16.9701362954913	18.4095463688218	17.7433987913358	18.0149829127495	18.215761098227
"413"	"group3_bins.240"	0	0	0	14.469498334348	0	0	0	0	0	0	0	0	0	0	0	0	0	0	0	0	0	0	14.3902048619143	0	0	0	0	0	0	0	0	0	0	0	0	0	0	0	0	0	0	0	0	0	0	0	0	0	0	13.0968510483218	0	0	0	0	0	0	0	0	0	0
"414"	"group3_bins.288"	16.4242927567775	16.5359769815435	16.2581306137425	0	16.9422856386284	0	15.2766429053885	15.2003490265457	17.6478411600245	16.3933448481641	16.7278453300002	16.3074738769911	15.3424953562208	0	14.3810538307224	15.2265944065969	16.5741527207791	0	16.8096632512942	16.4984875648683	17.5867908162061	16.4828685781148	15.2530639068266	13.4319371147342	17.0300849459588	16.7062627294967	16.7455643321018	16.7351059693191	16.2487479627362	14.8005180482627	15.2241730907146	15.1211542589435	17.2524010554779	0	15.4700797356766	15.5916792248224	15.1855579327908	17.3467090447451	16.2776041438753	0	0	16.5419043112183	17.3105748235936	17.5454596595639	0	15.0235304070067	0	15.1159187341234	16.4124120177978	16.8253975887426	16.4049482734883	15.8868474642353	16.4391956568825	16.4628603885764	0	15.1590255245473	0	15.0511994907809	0	16.550498095694
"415"	"group3_bins.292"	17.6974843400104	18.5410936736102	17.6336056792915	17.3895481557453	17.6129059457078	16.4803747274885	18.9857556613733	17.494774095805	18.8444071593721	19.0522941085136	18.7288801485257	18.5882005763498	18.2327850453399	16.9185622471531	18.4229853041805	18.2686987908014	18.321053783091	19.2519366667983	18.678666229362	18.9929446853403	19.0672509402059	19.6356538715794	19.5949036909912	18.5242548360571	15.1558474241478	18.601364604738	18.8867170675419	18.002976576193	19.0178818673886	18.9333158446082	19.0523565147485	18.5833654122391	18.824581028352	19.1616971699474	18.0325218897471	18.4893347874613	18.9443302217887	19.1398867693406	18.1908650885889	19.0908699090041	0	18.2297551436502	16.71656556349	18.8092805281204	18.7057454637813	17.7449142782452	16.8697409553042	17.453347895076	17.7580405879041	16.2130046176847	18.111844010959	16.9889498503704	18.1119033147678	16.440767275955	18.4960160760244	17.7586677431713	18.2605920028919	18.197732332634	18.2213151601367	19.3516318548801
"416"	"group3_bins.32"	17.2392980410358	17.6729498057789	16.4852394963973	18.0802943555099	16.2767572917457	15.987810401115	17.1574755632999	16.3412420473434	17.5438187635551	18.1532862754711	0	16.9987559810265	17.4930730029216	17.9606107464763	17.6651974998065	17.1469799305638	17.1029048276818	19.9085930602831	15.9301912572087	16.5193882984454	19.0295081461044	18.708222619785	16.8598562018226	16.3720167507829	15.3506185590796	16.4790254224352	16.6194315199944	17.5431745094731	15.5470566876046	17.9060526372544	18.8577084731523	16.7431451219337	15.9279244096919	15.7818010829741	16.5950574523041	18.8321455330182	16.3359797359649	18.5163313348453	16.1506526893677	17.0359967212242	16.2765799105571	16.318035618306	15.7888505186947	15.76403349412	18.2724993750966	16.6985590206088	17.76184607257	16.118949181012	0	16.6072246105035	18.3198408165736	0	0	15.9993401468821	18.2726721950706	15.9359694775356	18.1658328648224	16.9836567450376	17.1108458115627	17.4995316351989
"417"	"group3_bins.323"	18.1789080415928	16.8701449552976	16.7394349657019	16.5909711713662	17.5028105227395	0	17.3441207198106	17.5853946371065	17.4689181009091	16.8186090397561	16.4065057690739	16.8411681092811	17.8918459180418	15.4648479938512	16.92965541788	17.0651999119876	17.2383826447196	17.9468111646454	17.2378606132889	16.8107797037918	17.1181653139763	17.6766566039645	18.0167078502427	16.4999577940178	16.9629045170156	16.3795174001928	15.9551186378213	17.6194488407085	18.0424734645497	17.4299069154489	17.0692972729195	15.8818513153581	15.4010202670365	16.7171870514446	17.1049058732814	17.3378571371909	17.2702628482544	16.9829898473438	17.1303803147525	15.6466948174958	0	16.1852155900755	15.3815798163069	0	17.4990582928626	16.9858542949663	17.8289639909739	16.649889192528	17.0908225068231	15.0909760909262	17.3599926586881	15.7473194841177	16.89310776937	15.7105882078945	18.2707812501481	17.4746736505766	17.4355222945415	16.7914022732631	17.5102700357498	17.4151804038938
"418"	"group3_bins.358"	14.390928667019	15.6063731426339	14.2235414594238	14.2222701558171	15.4294522102727	15.204451624639	18.0840353434097	16.826655402302	16.0425436599321	0	0	16.2583160311563	16.1538300693023	17.1965599742238	0	17.3445473042455	0	15.7244681749301	14.5555532683979	15.8192365333607	17.1202650998902	15.554056391386	18.1393098196465	14.589302513398	15.0683498675237	18.7224495582879	17.4487140773367	17.6419819568935	17.2902262822004	0	18.3798908565773	17.9003183109975	18.9152917384418	16.7175409932495	15.1349907332016	16.6844490206182	16.1811244932772	17.2061004724347	18.8890562495856	16.5444864860307	0	17.1973820284071	19.1471245597918	0	15.1430862501099	15.0573037806618	16.5697778981677	15.5825889859056	17.2876772475155	15.250977320895	18.1931006841409	10.7883754765226	17.7653205023879	16.5037218537187	15.4827938427781	16.8881842806992	15.6336740199493	17.1637093391238	14.2837809057948	16.1179332469459
"419"	"group3_bins.371"	13.5393238754885	0	16.1118348708243	0	15.8133080218364	0	0	21.0523004228166	15.7636626937366	0	15.242454552746	15.9361924646989	14.8179115082407	15.2279237939362	0	18.7849075891262	11.2872185120332	19.7810739892808	18.2836358971072	16.3415283395945	18.7664198051447	13.6665643161445	20.6106157823097	18.1518686890569	0	20.0637754619327	16.0593415766521	15.3308226646784	17.0790278250095	18.8227685117861	16.6780949239878	18.5659957520484	15.6772440631274	14.2129036583591	18.0150932545988	17.2979499475826	17.3685186266652	14.5324238198308	17.8679314262531	17.880744854505	17.3113660720679	16.7070194244104	16.5497372912374	0	17.9525729618224	18.1259095571792	0	15.8848629007587	20.0642142931923	14.5200713999331	16.5020356878505	16.3001031782951	0	13.6193258448234	15.4041231994817	0	16.6613700852515	19.3929868251273	13.3164446848018	14.099731605277
"420"	"group3_bins.377"	18.4244648508287	17.8593867669068	18.6123733903816	18.1232170621935	18.1071537731562	17.8880157875208	18.2374049871817	17.0691135330216	17.4510350523271	17.4268459021597	16.3467218358216	18.7104334321291	17.5411440443175	17.3229969928364	18.351928138578	15.6293954860525	18.4813034724712	17.7321915206762	18.1019285781945	15.7542108257819	17.5285632060665	18.0997170746006	18.1431694163545	17.0050936108258	17.0941255822068	16.4133847544519	17.5339433286183	18.0196388098687	17.8474736579527	18.7077867990851	18.3253705379961	17.165144643698	16.0519786420827	0	16.6464235454755	17.9979114375306	16.5366301075122	19.2664447522838	16.8180078667624	16.404911792004	15.6252908033052	0	16.1053608523415	0	17.6409118688133	18.1732934753268	18.5022138298604	18.2860831416071	17.4440344020596	17.5992329244512	18.0744532008263	17.5931496803453	17.9269177335849	16.9042752244703	19.8216136274232	19.1184021838573	18.8958227973021	18.8796022143821	19.1469458195099	17.3130845951505
"421"	"group3_bins.39"	16.117671391777	15.4139486801332	14.8635528054689	18.5962141352486	15.7605431089219	0	17.3749655283599	14.7401430879765	18.048598082237	17.9921331711727	18.5358827058218	17.054748194827	16.8074548015283	17.64931952299	17.5690545329465	16.1199495349201	16.129362969003	17.5619746806624	13.5030558654485	16.5115337912004	16.2150961785838	17.530512358952	15.9070860151456	16.3623454032847	15.7181623199769	15.4185806206431	17.1561937758655	15.1229325075774	17.1967401757578	16.7562428370928	18.6614861654279	17.5738809755256	14.1726388180686	15.3430570568763	17.1559765796915	16.4424413907633	16.223375103177	18.3657755535531	15.0939093710284	14.9921888519174	16.1537902347869	16.0192038198792	16.9549215248391	16.0017290646056	15.2853096798868	17.5399007245947	17.9864407543543	18.0336335935697	17.0028524422026	16.0584263874704	18.5381844149792	18.018297912302	17.1136289543447	16.7755656162182	17.920282362143	17.5877769459964	17.2102193771421	18.2630744454797	17.0680006115777	17.2373080193959
"422"	"group4_bins.141"	22.6168221890008	22.477932849948	22.7601710083637	21.5878953131508	23.1507796416591	22.3496220515528	21.821516081619	22.2220760327844	22.6140397932763	22.8135134468956	22.3068172443814	22.0998650747548	20.8685570510091	21.0442403686696	21.9382234829778	22.6798034593683	23.2387909592479	22.5421170591982	23.3824435689852	23.1255877069053	22.2815064829052	20.8734461478852	22.5533911910784	22.5579658758437	22.9544925146437	21.6976129946515	21.8555630759433	21.9538645723618	21.7419223065106	21.1203532888071	21.9368409375343	21.1488846411769	21.7677581364946	21.5264596588708	21.6768638932118	21.2445590957199	21.3423375327167	21.2517418523372	22.2364893507648	20.0294208428473	19.2131924489021	22.2203395193052	22.4271843693151	18.8524419577526	22.613716000281	22.5924268811073	22.6673798316502	22.4487723374142	22.6493752065002	23.3837186875981	23.1522381479547	21.4500257086922	23.0629050178371	22.8034959650442	21.121592737948	21.960889837058	22.6910213973266	21.9801542735763	21.935799936755	23.0007255052367
"423"	"group4_bins.149"	18.3730258078649	15.2497490198891	16.1072841543981	18.4047960120937	16.0807832069677	18.2447427875679	16.3610773501088	17.5107382502621	18.7178216687676	18.9286116965163	18.729059995962	16.5735883301083	18.1681168096674	17.6015459578815	18.8613087137037	18.3565838278392	18.4049650612927	17.7124777858429	18.2557103456541	17.3923416908198	0	16.008835190568	18.2691183885161	17.5629839537371	0	16.107783438709	17.4288796594255	16.5325336059176	17.7232511766677	0	18.7577365814576	17.9545201742654	17.0960771146525	16.766440863517	18.198547047677	13.6201688259461	17.853927169887	15.9991130019952	16.8102558381628	16.1803015183513	15.9591309991465	17.5144715794166	18.1246430106655	15.4033392972774	18.1098146080474	16.551850743772	17.0431748622808	18.4981073379905	18.0901013504751	18.1527335905045	18.5734674481639	19.3648091310063	17.6265808949188	16.0644842662106	16.3761606621563	17.1475361826837	18.5971614910726	18.0140903829097	17.127194762035	19.6947419836566
"424"	"group4_bins.196"	19.8548699456861	19.473741191735	19.4349285099937	19.826719840269	19.3194341391982	19.5908288281905	19.6133516022653	19.4776518028676	19.363638135832	19.1813191890141	16.2644275955853	19.7077901039804	19.9755013630291	18.4237511522495	19.9918972326396	19.1252714957934	18.8369195113619	20.2665148428179	19.0404716638982	19.6643722783818	20.160671219482	22.5082165844483	19.7301489618772	17.9529871798707	17.8099488858567	17.9008046807353	18.9271314688466	18.2821943602341	19.8962559098804	20.8762956690098	21.7505048419665	19.6616409918829	18.4291617564987	18.053753001005	19.7184899970421	19.1714221516506	17.7378960870993	17.8157851199856	19.6415069548651	21.2369142203858	18.9032310908093	18.3886220915238	19.290699319855	14.4596940423706	19.1416392571002	19.3901328744951	18.6146301937636	18.2461886982496	20.524857941053	19.2652754495118	20.7170401691909	20.4836457188001	19.8992734312623	18.8706908040386	18.8513758178386	20.0179204855686	20.0230551264457	20.3500621541509	18.958437033897	19.4640016035114
"425"	"group4_bins.25"	23.6028418572552	23.4741448471322	23.7248982170229	21.5910253453719	23.835449696804	22.779411162193	23.3497412725206	23.0305118161501	22.2950557990836	22.4955007263294	22.2524878164505	22.9129592416541	21.1835845581023	20.6105997716311	21.5552666323917	22.9614402640308	23.8474682963518	22.7283588753957	24.3161114654417	23.3981369197394	23.6402397440662	23.1471409437006	23.4493129819751	22.8884344470206	23.3523959336363	22.5161395407715	22.7806207640059	23.3465238348381	23.136800818588	23.1075971254678	22.6885069159377	21.6775795354715	22.2888801341188	21.7991421201655	22.1761139817459	23.2467175329442	21.311881713998	21.903461172679	22.7813894979766	21.1120285986301	20.4366287826873	23.1959166597187	23.0057330315939	20.6541952468466	22.1214568397843	23.0843050280579	22.6824155156067	21.8920190016805	22.8102646504899	23.5242009228254	23.441852814584	22.3521223754688	23.3999953643263	23.4539009553912	22.2645900150719	23.4582202279248	22.9227103497537	23.2165780127106	22.7431650136331	22.4890793741066
"426"	"group4_bins.261"	17.5933436595883	18.4229627725785	17.6335966772512	18.1160252380471	18.8459359875928	16.3923971736399	18.8493345888535	17.5324540913348	18.5753043944626	18.3498658594405	17.9414096118858	18.738917950469	17.9832734982276	15.0520482359306	17.2862583967627	18.6435520046226	18.3046145470351	18.6079133093589	18.4574217358257	18.2844430560232	18.5936409916365	19.3512322093707	19.9538090039011	17.6289269236507	18.4524292840796	17.8007577128272	17.9593213180787	17.9495068877325	18.1181498106679	20.2211537237678	17.8387250010664	17.2108100727183	18.7089598968311	17.8564251590406	18.0235960534756	19.4885466878992	19.7169530274893	18.6067302406644	18.7435372016926	17.8135808505031	0	17.9247182058051	18.3725651882134	17.5495612968886	17.9423920045737	17.1294626877772	17.489518803654	17.7922388870253	17.7117332600543	18.2848181731077	18.6136715459452	16.6278159792825	18.4822254483378	17.7134829710792	18.0035395750713	17.5060554980882	18.9593314724338	15.4210702637332	19.3897492872414	18.1360156302202
"427"	"group4_bins.272"	18.0745993710436	18.5432662020128	18.2075618053842	20.059737233543	18.4447766108603	18.3593841279445	19.8689457046344	19.5345438784258	19.7908642842501	19.5199176705226	18.6964304536348	18.562014697343	19.4559036047712	18.2227361273038	19.3327921570634	18.8285666923999	18.6084847905956	19.9414723819756	18.8862642352884	19.2800404562184	19.0871402314148	19.8535037884911	20.0999474594976	19.1513978584161	17.779147730381	17.9739480823638	18.6991059171657	18.2481981437378	18.939993490008	17.0008552972068	20.1328774874019	19.8318735042259	18.4057898436646	18.7515683192097	18.7666947826466	17.5333494042003	20.2370475134475	19.2747524076366	19.7056357218738	19.5524380782556	16.9751577719837	17.9671313960459	18.7956368990292	17.3033973136849	19.9178905000666	18.4635446324905	19.5950840974171	18.459057778671	19.0587626081887	19.1301891567372	19.472874523401	20.4502319367136	18.9758249202146	19.0585206236879	20.3543441896413	19.2129527267872	20.12435414091	19.3702789746509	19.5527063156315	20.1822887843272
"428"	"group4_bins.297"	14.9885430670151	0	0	15.2919766504617	16.1012264772412	0	15.5211173729447	0	0	15.2137926179624	16.8325785562343	14.4066511675661	0	0	17.6893149924232	16.4395584739237	16.5715854991138	0	0	0	0	0	0	0	16.1561949550371	15.325327726854	0	15.5482798354949	14.688549319561	15.1361751637979	14.5958414972279	15.5697546996718	16.3339900634178	15.3791403745996	14.9989988317444	14.8840971269737	0	0	0	16.0188855032154	0	16.5925226653166	16.22640393326	14.9783848417853	15.9987715364668	14.5648941216565	0	16.3434447776328	16.0276251200944	14.7442828371267	0	15.1419495017533	14.7585559631126	0	0	0	14.5491190955919	15.7069142179936	15.5045683783697	16.3726782204009
"429"	"group4_bins.47"	20.5665744652573	20.3842854483823	20.85706833465	22.770444073725	20.7395541852999	20.2621320688151	21.027745709422	21.2150779201156	22.4880927707191	22.1079127693521	22.1233581790677	22.2562102089996	22.6534054536193	21.4851147575869	22.3251913690028	19.90398591909	20.2878318943629	21.5968102788928	21.375289462624	21.3176336624939	20.5969398537214	22.2128249405903	22.425737932946	19.7806275442655	19.6170949387808	20.9859644010937	21.6640114384118	20.666660539241	20.7794479065689	21.914779791946	22.8469299325961	22.9933731335367	21.0015596722125	21.2313959935185	21.3149373578987	20.8052930988173	23.2734688877801	22.3383217152385	19.9580975651786	22.2055667398066	20.9532993952798	19.9770816395306	20.7029834513877	20.6453990560184	22.3222379507923	21.2362565127081	21.4665717792418	22.5655052851572	21.5740121149102	20.5760442390265	21.0305751434928	22.1957336875899	21.1200294959763	20.7820726958168	22.6201674712869	21.5891058835525	21.5264284196808	20.9422422799837	21.5642401549683	21.8033875403613
"430"	"group6_bins.106"	15.9035732577242	13.8722494934062	21.3454368591616	21.1750818373977	14.3468881614344	16.7420181667209	23.20345851119	16.8013671631342	15.4610505468028	0	15.235773283244	16.1168179172763	0	16.6699795800883	15.3287723146844	16.0950884626107	12.5760743730842	19.2096643883577	13.7860985688099	15.6862704188038	15.134699861396	20.0813526318216	0	10.9674327017536	0	0	0	0	17.7032047918457	17.083413022251	19.3354123144557	17.9258852135989	0	18.6159173338287	14.5130641000398	16.3252357714834	13.5190399850437	20.2049828079708	17.7450635464331	17.5632046983117	0	0	0	0	18.2464228262787	0	17.2038917736794	18.8877049590562	21.6892205919932	0	17.9549873188134	21.0963326193105	20.463456407901	15.396864952075	16.3686510297469	19.7494917601058	18.5177724373278	18.4670394925486	18.0422027762029	18.5549259527851
"431"	"group6_bins.205"	19.8623524775391	19.3525576414543	19.8095001130133	21.6423299967801	20.197703789521	21.6846124145906	19.7581223134797	18.9149836493749	20.1485547468663	21.7892965337319	19.8722922839298	21.2084739337029	20.092439360779	19.6577394761709	19.4181019848367	18.5432160548946	18.9667051175206	19.8371816168588	19.2463546331036	20.7066191566353	18.8887840216876	19.7710192461235	21.8300207622773	20.4149648465253	17.6928664587949	19.5657253817317	18.8194687557405	18.0050966787978	18.8022009477754	18.798710527753	19.858346387423	20.3840408755691	19.1038309793351	17.8869345104688	18.4753419552279	18.3482408821523	18.9877469810472	18.8769215976404	20.5669036394994	17.7546812111037	19.9903139614242	18.1546580116793	18.7234003090761	21.7261909828692	19.524790483262	21.1145376176079	21.4795723543627	19.5064653813024	19.1327271374886	21.82363179714	21.5571898498784	19.9172322946781	19.3633098306022	21.035069183373	19.2588123113269	20.9431529325022	19.8364515414619	21.3949206951994	21.0325984997019	20.097221839377
"432"	"group6_bins.237"	18.2196549581441	17.7690120244446	17.7335267692563	18.8344544964653	17.7510072112351	18.8957089020792	20.8660832356447	18.1774395846638	19.7801586222171	19.1650332098198	18.026818223771	18.3381054371712	19.0730792879858	18.4076213902568	18.2524909448886	17.5891930784355	17.775270190746	17.2159326291721	18.0766866223422	17.6721477223939	17.5838337971226	17.7472058748718	18.3621552314665	17.8618803260457	17.0666721274749	17.6115788718443	17.2880783826392	17.1320918935364	18.0539479657386	18.8277188820745	18.7294372578001	16.5578213304439	16.3766264212129	16.375258908955	17.0775544987317	16.783409340099	17.2304286768419	16.6977579639129	17.2385883908655	17.1708280273236	17.5184784481752	16.9958693142618	17.553344794239	0	18.8047086814995	19.2668500316284	19.1306628413852	17.760484104613	18.801491201602	17.9687246755548	19.5829461270749	16.3941248888098	18.4518682602896	18.1941468445826	18.1656904498841	19.2299394384011	18.3219895985946	19.7752018918598	19.0861481068621	19.6260909772969
"433"	"group6_bins.257"	21.018761364084	21.3160204284512	20.3674468630574	16.006672837044	17.1902104271923	15.718175948263	22.2619319339655	21.50733204902	14.6000394022783	16.7031361858885	20.4847232514525	21.7372184787643	15.5668552925249	15.573212651729	16.5526635525098	21.1786657921103	20.1811290254026	18.579112647972	18.5059672111035	17.6503934645148	23.1788274440517	15.7959907032505	19.7431020379458	13.397378168998	15.4851498860523	22.8407962155622	17.3683931027761	20.6571594116794	22.5493063032221	18.7508419344072	17.1083101724957	15.5850246205159	17.5987348132755	14.2529635283588	17.2092464101707	22.3104061509638	16.2410127254829	22.0990047950392	19.8972688910184	15.763901505491	21.2630033010525	15.5031759415362	15.43394857764	0	15.591209072907	20.210269424536	16.3761215067612	16.5433615103089	15.7864434872735	15.2144010461688	19.3007274250399	15.7047312983268	18.5553670616732	0	15.0830722652847	19.3063864838462	17.0575349204029	18.9285556472999	14.8693890968972	16.9272396880066
"434"	"group6_bins.275"	17.4328277061462	16.9325631961325	18.2399071501623	17.6396915035452	18.8679168355518	18.2338705915853	19.0979706735151	18.5404560336466	19.286102605609	18.7136662294699	17.9198792114961	18.2576063719335	18.456156496119	17.2408685763369	19.0521609834157	19.2226330700097	18.5555676965152	18.1740858771555	18.5956345583701	18.2871893837125	18.7833819344652	17.052408022797	17.9067368265711	18.5706684535027	17.0423596882919	16.3424026308913	18.4964502118091	16.507866128507	17.7800183625057	18.3382995564008	18.8048834331262	18.0358660235074	18.1168150079583	16.2952101648591	16.2943428259872	15.2174355581079	17.8628900039021	19.0329156403822	18.3934101270211	15.3252342690475	16.2486166279406	18.3948137015001	18.5385131361404	0	19.0002682937591	17.6515426146748	18.0817703673196	18.8510927152389	18.5720675561104	18.4348176532399	18.8413440323732	18.7505790642877	19.2088808120671	18.3359215826483	18.0810135833146	18.3300970940065	19.2816032724215	18.7298581570753	18.8443613048596	19.1000839107893
"435"	"group6_bins.304"	19.2743470388284	21.1300579970435	19.8404815685384	20.110048234852	20.1398742370207	20.4288009534909	20.737110882265	19.7359029928224	20.515630444052	20.2055285580212	19.833910076488	19.7024722111928	19.3855927969316	20.3136665256775	20.0173001981061	19.8756359702075	20.3511123632084	19.8309381444291	19.9313422315652	20.2646334398561	19.277051856126	19.7068910486081	20.6354917532031	20.2605206004574	20.0260848966968	19.233784481205	19.009846458263	19.957148878682	19.9239400324066	19.5603950898518	19.9663445630556	19.2410926493523	18.8964712064866	19.0290560031265	18.9903510905148	17.8396236016859	19.5367584803606	19.550410138748	19.9113440036257	18.7770426439459	18.9155088991138	20.2145400828951	20.3907631294599	16.8210383089993	19.7149400129413	19.8144478994003	19.8120235235445	19.7903160383948	21.1268357989639	20.5900256315941	20.6020870091092	20.1547602365377	20.3437193563201	19.9495980220739	19.830746938611	19.7972232842925	20.5220647209545	20.4612628967514	19.8627264971742	20.7894200128241
"436"	"group6_bins.56"	18.3878238825281	18.4789130100123	17.8164448155695	18.2985452204864	18.4960231151306	15.756988066456	18.179451471361	18.4533202744403	18.2074588873134	18.0392610495966	19.3821926697152	18.4350954632428	18.7887253129624	16.3057237077535	18.9642777332389	18.6359642602445	17.367659465932	18.5133202227361	17.3535287658637	18.8460139415085	18.3991176430333	17.4938081102095	17.0328806033846	17.6699113325343	18.0040229590623	18.0534173335684	17.2534193320211	18.5968041557084	18.0942965839784	18.3772208041848	17.777080485469	18.4308098239184	18.1688473745453	18.6799488045106	17.9278669779865	18.1604034963063	18.456839580786	18.9504546469107	19.0290704031662	17.3874893424708	0	18.3554144158298	18.4642427739994	0	18.0417962941795	14.5903695354109	18.089921912702	18.7169062498681	17.8140931155538	18.9225378615734	17.676981108664	17.9526241239262	18.2554166290033	18.5631761701966	17.8777413219946	16.1784014962289	17.6063119474794	15.5221347625513	17.7010438941773	18.677534241923
"437"	"group6_bins.67"	15.2994399201066	16.1391795165035	15.9079353134195	19.5356554985219	15.4327928558235	15.7970078025398	15.033776377319	15.9379034982193	16.1734558618146	14.3381138264383	16.9348801551867	17.1197848601249	16.9794529987982	16.3164599520892	18.0048717350945	17.1059575125643	16.6900870980947	17.5875854426457	16.8117027958077	16.6175960191645	16.594240882451	16.2673384364727	17.6966830804329	15.4850396967851	15.0367507989289	15.7397695982102	17.3549878973261	16.2019059883299	17.0960699233171	17.0183525262247	17.5273166128754	18.2346408293133	17.4752184597513	18.4071732275252	16.2689891890342	18.2181090862869	16.3631583943711	17.6200599253598	16.9488822514589	15.5856721522059	0	16.7693929056138	16.9046878819105	0	17.6359536309379	16.2085690177749	15.0877994928987	18.1321843329161	17.4887182431735	15.2656873718971	16.5672035739298	16.9682934368616	15.9366895664471	15.3710553139969	17.0513141461341	14.9291150310381	16.2118086106691	16.7031208487713	15.9864258875748	17.2789153486874
"438"	"group6_bins.9"	16.870938536528	16.7286600144387	17.2482799718974	16.6692360634891	15.8182918374087	16.9544595590107	16.8390625988707	16.8713728121729	17.7340456274425	15.8178159621623	16.8421028866856	16.9468781956723	16.4698016564255	0	16.6466587054532	16.2159632435139	16.5938675824446	16.4818186562813	15.6497862562355	16.7278518082675	16.3807637487924	15.3400559160842	17.577544504835	15.7443900659676	0	16.9719697696184	15.3232697478416	16.6845344186191	17.5219808527133	17.075350717798	17.4863884148148	16.7769922933174	16.5124379941966	16.1108220830066	16.865101790317	18.4929984847731	17.1734551212134	16.4912628378581	16.7691150138016	17.0309181874276	0	16.9208766370969	16.6112547978511	14.5921518804975	16.7677207814096	14.9015011111292	16.3528596641234	16.2642643162386	17.0476685977715	15.362976930025	0	15.4231800367378	16.3208432011616	16.2421393553618	17.1868557409956	17.3980595980207	17.1077810526411	16.6437584251712	17.3806082079929	16.7874922525095
"439"	"group7_bins.133"	18.0156107921494	18.2018015475568	18.0964074378066	17.522061184318	19.072773078031	18.5252991881324	17.8349934320772	17.0805736696266	19.1587699410338	18.8931669621622	18.241583163397	14.7854283135788	17.5602567168725	18.0563669113838	18.7917871673793	18.6868017893707	18.509927875735	17.3307694873199	17.0356119001399	16.6243059342271	16.0826763317528	14.5873436496017	18.4351209660122	17.7603024292464	17.8915673512553	17.2661469658945	17.5066992435596	16.9375323066312	17.60572391316	16.7758336422203	19.0001573199151	18.9393905358824	18.3898483736891	18.3717215243345	18.1820380796722	17.9245455915202	18.4516121515475	16.7628839626453	19.8277505474281	17.075865821576	17.4568904959518	19.1796576925431	19.5118649731311	0	18.4045167560281	17.1208931749196	16.4128830790328	18.2335240577423	17.5333971188689	19.5875855546669	19.9319692420364	18.0399372468887	19.2337189244038	18.0343190876211	14.4980796597479	16.8590455512866	18.2162317307685	19.1769061289812	17.6902036800104	19.9101946470437
"440"	"group7_bins.169"	18.3691367608624	20.0812936280132	19.4126166766398	20.0192185648925	18.445925489031	17.7432186523557	19.4623126059997	18.8812142435122	19.0933634615447	17.7821804047239	18.0597573587739	19.6338764702189	20.8642381933789	18.9682375888284	19.2278704250081	18.9329909885462	19.1032046318957	19.5203336311468	18.8977790797295	18.4668339573469	19.8461776777645	21.2379431248513	20.1533679347567	16.9446803371472	16.3895431719724	18.7432978586092	18.0853336808294	18.7057832283377	20.7499250407391	22.2879703245363	19.4798325130813	18.5554897172922	17.1362439413807	18.270895439473	19.9681271017003	19.1951602913552	20.6906734919011	20.7418327822059	16.8062669603942	20.5465883968981	18.4008814281117	16.2252232181065	16.1904928474613	14.3029430830899	18.8290829082442	18.5829951430426	16.3175731971259	17.5330437490019	19.8678343088178	16.8742700931366	19.7001133336044	18.5462484898056	17.8261192516164	17.3012670898491	20.3371180591869	21.6458231656665	19.5998150293086	19.7038790493905	20.2059811086367	19.3245267470123
"441"	"group7_bins.175"	17.3182934157073	17.6060857945365	17.2432940926493	18.454674401211	17.884186401157	17.9097975805344	18.5170759949953	16.9801808283038	18.8274417951413	19.0320848610905	18.5023290220563	16.3916687309392	19.3176985332553	18.1318323934374	18.4623155309318	16.0269268620756	18.1209810543469	17.8666981752099	17.9298534944782	18.1324406859542	16.866634888566	16.5502272526208	18.527375488173	18.0922316964469	18.3735674485644	17.3030808381763	17.8685989217152	15.0990305940567	18.4832211409802	16.5084082083204	19.1815679007294	18.9213791012193	17.7895975980583	17.4829836304219	17.2443595535829	15.8331255826508	17.2411966585012	16.9680698525608	17.204671440798	15.1500040128735	16.1017737493542	16.8574463624267	16.519999407115	16.0024996217125	18.6569963023757	18.3401214709632	18.8318136532228	19.1724649395339	18.9342901449156	18.0763776881468	19.2557167244632	19.4683759031514	18.7844601903117	17.5864723974735	18.4023395708911	18.5048506349456	19.477566713168	18.8554351058817	19.1305002411386	19.5159818688258
"442"	"group7_bins.185"	15.7727761622751	15.219508941605	14.6664869062288	17.2627401134582	14.7413828193052	0	14.9689513886459	18.9014231440318	16.1145051172766	16.6015333877051	15.7505363852083	17.7347093733398	0	0	16.4005396221496	15.3830989839241	17.1660596962459	14.7253464207633	17.8981791164341	17.1592846320264	17.8141550323747	16.2597236303326	17.5779355417199	16.0079701947183	16.1066982384842	15.2840832854407	16.5727262060031	16.758763921191	18.2220238292615	17.0199622961172	17.5611493281387	14.7439433414418	16.4759112345373	13.7878427157327	16.3656453926785	16.325439392213	16.7769126386847	18.179625166294	17.5270854671	17.7060943983361	16.1769680200043	14.2042304485918	15.7390461407697	0	14.9818475260856	18.1335157617191	15.7770251669133	17.2745144236564	16.521413916894	16.4800559572639	17.0165946732491	0	16.118471096985	17.0364122864969	19.010730635115	16.585424943548	18.2730696407001	14.5899022539423	17.4260154133601	16.9386494310779
"443"	"group7_bins.209"	17.6978607645078	17.4636310286406	18.2156500880846	18.6911755203175	18.5123700024068	18.0604434337723	18.7005630225007	18.9069322693164	19.1662761270066	19.1623981581064	19.4518965817708	18.6444013603364	18.8707270866552	17.6923991605857	19.506035146799	18.3524506706131	18.9959220237687	18.8000797473248	18.3291522383695	18.7742647187376	18.029076004895	17.9423183940031	19.2888095775591	18.7141581778029	18.5667864132945	18.4581786606198	17.9352417332906	18.1966981708954	18.8084947570457	17.3435706950796	19.2413486138475	18.1623107497555	17.39589478658	18.6999622526105	18.1569168976822	18.0733670456795	19.1917809749562	18.5882091652218	19.0103449093846	18.0416501358628	16.7580315105156	16.6216430579692	18.4481572151069	17.3181393218581	19.3277143871276	18.0149610127309	18.820555503536	19.0257559002799	18.1029362389834	18.9659906870194	18.7752901427908	19.1864050222083	19.0023988260133	18.6259734296313	18.3348709007996	17.9870528591213	18.383672368678	18.7038098060547	18.8427218861235	19.2118777423429
"444"	"group7_bins.231"	21.4835902356693	20.394215233162	20.1481096202176	19.0208647999928	21.2123136580647	19.8574049764817	20.1780009939736	20.7285053127867	18.9259765813914	18.8192415489863	18.4554159044857	20.2043029830144	18.1611640943091	16.768754375955	18.6073743046724	20.2950794522693	20.1908801598767	20.534898741447	20.921291627519	20.7010984872432	21.4979707017025	19.35832993341	19.7682025318558	20.3690763768796	21.1444351363781	20.3067972922566	19.2797059827524	21.2087763079441	20.8551108526567	20.7041382651007	19.8006188853606	18.0007813997301	19.2159541588701	18.4501815004475	19.857803010791	21.0264384998028	18.2225744092123	18.7351108975844	20.1171812778877	17.8225541914045	17.1340409900152	19.9655082404598	19.5838154460093	17.461478905656	19.3722585316392	20.3636597183407	19.7003310618963	19.2980490061524	20.4162618932127	20.5955363269587	20.6444054525255	19.6070797370007	20.488421362493	20.8868763338085	19.5097470255111	20.8784545357351	20.6503571773189	20.0357084805111	20.6405017336373	20.2549409622916
"445"	"group7_bins.260"	20.1336790078991	20.5320474057978	20.2565790905157	19.0791214450081	20.1279982478811	19.5176427230606	19.4400157889587	20.4716422795627	19.3574814326061	18.9638188557339	18.9376946540924	19.8693057733091	18.0328522005199	17.5759509778351	19.4261167359036	19.4687354643292	20.356094348973	19.4831934195645	19.8925424346331	19.8423756219653	20.2731412084116	19.4565916577032	19.985915775188	19.3678241600364	20.0117224394407	19.2047208414477	19.3313350058153	20.278658785551	20.5050191249782	19.8174164536172	19.4829136786482	18.8725112650846	19.2340633171474	18.5586563415222	19.117600228876	19.4140614670985	18.903186226101	19.1639008318118	19.5264324669287	18.4052403697745	18.2341005435604	20.0835067257883	19.8272983593226	16.9137698590354	18.6706932968561	19.7864439437552	19.1354544961106	19.0498771587296	19.5786108275653	20.2607074598829	19.8049615024941	19.4981283718435	19.9575652434774	19.9472039771022	19.5380032499625	19.7902808764918	20.0983352885742	19.9222178196532	19.501896371614	19.3870021921102
"446"	"group7_bins.281"	15.8153936133463	15.9913525665787	16.3680156949068	0	16.125176586983	15.23744217007	0	16.1542312897277	15.5518792277692	14.7709132309777	15.5275758250164	0	15.0950443491548	16.2227781108595	15.8603180930787	16.1020729773146	16.6386212226627	16.1246717392268	16.4695879650574	16.3393385363504	16.2770525089296	15.5264511601771	16.7092926418841	16.1628886207186	16.8140840771438	0	14.8824482786418	14.8383623508582	0	16.1465623986589	14.5522088716235	14.4183227669631	0	14.7887110220162	13.399306319867	0	0	0	16.3834026955246	0	0	16.4686077510847	14.1741531709171	0	14.8081977191204	15.9548707383502	0	14.4622211672457	16.4830716421969	17.0251706481629	15.3924829203159	14.8020257545483	15.507498241029	16.0950084801794	0	14.907920083679	16.0379309416365	13.1795273461519	15.4778021417021	15.69037487319
"447"	"group7_bins.282"	21.4269345597215	20.744906999989	21.7440154620421	21.1553151435857	20.9126114107951	20.988261402124	21.1939127708827	21.2155174079648	21.6907291176383	20.9891911514383	21.7005933326913	21.5872848955891	21.2111901520755	21.1826436849912	21.1788007839937	20.5213554726691	21.4361816839806	21.3689200425753	20.1057179106017	21.2142379588284	21.389891225297	21.4287442848691	21.6112640413692	20.8942078349594	20.8302629143943	20.1358469234804	20.8176188626056	21.2642186899915	21.5290714080127	21.7753485505207	21.5801408960123	20.7598933637963	19.6909101913866	20.6309547522061	19.6390545375595	20.0792098229671	20.9531752122706	21.8653467178781	21.2184669268735	20.2394657702779	19.8677439991816	19.6806306787721	19.8360735013067	20.8920954628407	21.1677691572416	21.0175937312851	21.1979042128989	21.5567021493776	21.5226615439449	21.3890602604679	21.0501885339518	21.2423033964266	21.8708501823945	21.6716703591052	21.9428139486612	20.8046603047223	21.5837960359662	21.1008570346651	21.3850924703828	21.7375352322832
"448"	"group7_bins.351"	18.8987648331772	19.6762553155352	19.6891548269314	18.5621135142338	18.4446227975909	18.1930914381781	19.4686834211815	19.577507674441	19.4981120467101	19.1671643687571	19.4171405629847	20.0585443378751	20.1117519673706	18.3579496998136	19.6292346267981	19.2244941649893	18.9610622482201	18.5360232053759	18.262423501043	19.6891067044418	19.4516471231308	20.7184272337561	18.3850253988941	18.6559193288087	18.7834180384851	18.7683749100865	19.7622740799454	19.4449949974503	19.0283375040577	20.0967737396036	20.462945264	20.2808575981003	18.8311266866851	18.8117653621232	19.5294233296737	20.0762025745495	20.2365162681181	20.3246862099424	19.4600668707126	20.2553602930536	17.1835644967673	18.1396222242264	18.8299551775736	17.7679829948585	19.0369068451604	19.1151530847403	18.3288718646673	19.2563377296336	19.2527460887747	18.693306042651	19.1235850674967	19.4111992757824	18.6506812277495	19.0420243994719	19.6635325356196	19.56931666807	19.3281574140936	19.3629000622112	20.0116109208228	18.9643759392838
"449"	"group7_bins.365"	17.9781753117773	17.7571719266919	17.8521526990484	18.0636169186416	18.0218247869791	16.7164887039099	17.4380370941255	17.6172487445355	18.886079445585	18.9901069794108	18.6591124477072	18.5664772511026	19.369219151828	18.094579156282	19.2029583431668	17.6730387309797	17.6339135596686	17.8508916891245	17.5278273748844	17.4369849991288	17.6638921447114	18.3680266033272	18.1680721509472	17.0830309259566	17.1942041229793	17.6917269632821	17.6309726628741	17.7406214108247	17.6205204670527	18.4897345210964	18.4941036984397	18.8711827900908	17.2633194735684	18.1508298071121	17.8966276496197	18.1044684883898	19.3575587776846	18.6399103116711	16.9257523936677	19.2322989024735	16.6526381967207	16.9663479202171	17.5704822140291	16.3413888603784	18.6464041185642	18.1893014051711	18.1412888212551	19.0199003241495	17.9841069019091	17.9145938924735	17.7536041490597	18.8336090190967	17.957524194131	17.7312757235401	19.6446934129188	18.3220485048902	17.5808397283892	18.1505438301336	18.2863932261234	17.2741846751195
"450"	"group7_bins.369"	18.0373367378348	16.7204376782146	18.8075612001699	21.5144675085685	18.1182181227264	15.5574334819261	19.7669453158188	19.6860796455009	18.4881828270904	17.8447923378061	18.8947130638349	18.3071759236453	17.8361211610928	17.8551117368417	19.2793443450084	17.2946731138871	16.8635918667846	18.7494212634234	17.6070051908706	19.3454644973431	17.1240590724092	17.2913204616124	19.2772492803831	16.88569081342	17.3915284980831	18.4728756562716	17.5806873177296	17.0155312203711	19.0304822745649	18.0746309326489	18.2213143601735	17.5423535215862	18.5862452708959	19.1515895389271	16.3103698268828	15.8491499734231	18.9925528670658	16.3877567862503	20.3878227705718	19.1764072541028	14.4099764769686	16.5257170436775	17.7590235122434	0	17.3091418703695	17.0706901059018	18.8571973801058	18.0517116542764	16.9856082126502	17.7442245872372	19.8283428458801	19.0332131583406	17.1135787154694	19.7283960697076	20.133826165425	22.8224013170917	19.2858564508787	17.6758478490388	19.1775621604447	19.6239053269096
"451"	"group7_bins.370"	18.3903523283086	17.1958990558532	19.6879345135049	19.436992591613	19.2850848699384	17.3413869377204	20.0186622877029	19.3325699272327	20.1258707563179	18.7993806107518	18.82572448443	18.6952114803307	19.2490014448387	16.752499884937	19.9069430500727	18.4461576051829	19.657643192394	19.5705571435255	17.1272458765674	19.4175489956453	18.9997893128701	18.4411310555289	19.1909361797786	19.7637724869833	17.6692115758764	17.1161973088097	16.9455690988116	17.0879325305945	18.9329641322692	18.4787410223838	20.1873391185621	17.3525748441685	17.6600266289219	17.6197748468608	17.6967286186159	17.0533421830468	16.2822644935408	18.5599184790419	19.1294160915555	17.1246396057208	0	18.4903738831293	20.0923438405754	14.5379072161846	19.8903737539266	18.6189423778286	19.666230088237	19.0257121514082	19.6812806114274	20.4734919288144	21.1403659053551	19.9710691010936	21.9198632744877	19.6989316586398	19.0492589997426	18.6805161401227	20.4383093378409	19.2664894968512	19.6077403437846	21.6667480972834
"452"	"group7_bins.394"	17.1163404246809	17.0574781645659	17.3799868484989	17.8956337890438	17.4934146207474	16.6377971987195	16.9676676226035	17.3146765045965	18.2324229882347	18.1078535419856	17.7207124920135	18.3631251544597	17.740742334298	17.0332628812595	17.8546402920667	17.6472636419432	17.7572336143691	17.187645280063	17.1355925872676	17.9317888403246	18.5357048108459	18.2272915217055	18.1577673124519	16.8968285816885	17.8947336269383	18.0452363172364	18.2139814298854	18.0167025441485	17.3197871975692	16.4147591903657	17.6776433099997	18.2031758122043	17.6617668934711	17.4232737899859	16.1641387897426	16.6048696131359	17.7877466116734	17.908836753009	17.8175916702443	16.6462336761698	18.4706269879288	17.2001598923794	17.7814909180947	16.6024442363521	17.4215191209644	16.2297009935614	18.014706675473	17.723610304322	17.5837078528528	18.6313793454918	18.1683312802773	14.8960510408286	18.3764413515737	18.4181634540765	17.169405243533	14.6183959446836	17.7476706157056	16.6781368083702	18.1498168464463	16.1217205196716
"453"	"group7_bins.409"	18.7946415084206	17.59593889619	19.0491261963085	18.9979528454873	18.5105242172262	17.9356658561381	18.1363286135475	17.7894889083351	18.7828185838799	18.8267705122344	18.2560100760542	18.3828492305902	18.2486381974917	18.7091085171772	18.8691459937414	18.6050848662005	19.1125690811387	16.2564941174761	17.0810374009007	18.5519395574083	17.9929857412303	18.4635833259037	17.83542394082	17.727760139917	17.9197161774028	16.6085745365683	17.3267190293208	17.2581767712763	17.9620458667777	17.6904793326417	18.2627927762976	17.5121489280888	16.2207227599432	14.7645076302368	15.3938075431589	17.3566612314616	17.2380040390286	17.3594141862399	19.0626875018328	17.1451540596904	18.3105210305028	19.5983638531826	19.4967542924311	15.917129943905	17.7584212637479	18.0052401401568	18.4668689052571	18.2217584217985	17.7144445038643	19.7171061266414	19.0289052781175	18.0521165194269	20.0354076564683	18.9393364588315	17.6242603473329	17.6638362632751	18.4352300004666	18.788837139509	17.7980194635909	19.7500116951615
"454"	"group7_bins.41"	15.0854497069159	17.1888137906619	18.22958918083	16.8072886195805	16.4976028018004	14.965067194437	17.4089351191938	17.7024834929178	18.9415956717896	16.2719869667909	16.5694816549929	17.6516704772752	16.9902038700952	17.9358857819993	16.2630151805329	16.8022731282073	16.6947686499085	16.7158680036939	14.7849622609023	16.6848114201417	15.2710287664014	18.2993537730781	17.9280870991451	0	15.6533397227225	14.8144431149866	15.7720556587072	16.4232697320555	18.2149122112197	18.4424313057744	18.3171751675747	16.4852537681285	0	14.7289416403709	17.7522903872887	17.9531591925507	17.9100072899756	18.2761234460524	16.6163427553006	17.8868313174953	0	0	15.9418082019459	0	14.8767626609861	15.0510154370593	14.9254881039151	17.1490661488459	16.1936950219577	0	15.0948278712707	13.8973294697801	15.4586683212184	16.3278174697283	18.1834878950197	16.0565481119879	17.7768138580994	17.788528333561	17.8512069969829	18.1479854204656
"455"	"group7_bins.426"	19.175793003844	19.4053831520532	19.0857183043898	18.3876307790866	19.393698047181	18.3163995518997	18.8160422813515	18.8650442513002	18.9112284513825	18.5766769714495	17.4404781655607	19.5216938658678	18.6273959243161	18.7827786322046	19.1197468557238	19.5021187784734	18.2751221971521	18.7504679941796	19.2616850835109	19.669758385217	18.7837764611681	19.3405472809218	19.1802842508	19.2075126532037	19.1170930708071	18.8109567754249	18.9581554691512	19.254047084837	19.3267832283134	19.3580196612786	18.9376944333209	18.0015979817466	18.3277128934081	18.9415294386876	18.6452163671495	18.7318452076318	18.6904594266111	18.7116589624158	19.310957150978	19.3841977188228	17.2810121592499	18.1160073012489	18.5581349943446	17.6361930199753	18.357847873104	18.8280325236968	19.3154919791403	19.0098933210254	18.9479316511082	19.2845677748204	18.9647333983197	18.2583782958612	19.0759539500743	19.2146057799401	17.6896303590292	19.255859718174	19.6324524930613	19.4646668146598	18.7874788325019	19.4061805583499
"456"	"group7_bins.83"	19.01585410398	18.891349968498	18.7634980462294	19.2325526968343	19.3879327774789	18.9351631462257	19.3924602256119	19.0348728674987	20.1695594819323	20.1982454920852	19.9031415254479	18.7767742551154	19.6821937357232	18.2056900297346	20.1109193592336	19.2485347096802	19.3667334714773	19.6256694751636	19.2484005181425	19.6163518283088	19.5876018745033	17.094085608782	19.7408353770598	19.5556455043343	18.8376793625586	18.2263562048761	18.3516784769558	18.9989830081162	19.5465507669333	17.9823967776238	19.9233176570844	19.5118592212334	18.5199764930326	18.878697868314	18.1000679926005	18.472519544898	19.3075753159378	18.4510119273148	19.2855944023115	18.4231156155227	17.0178632825409	18.230028836435	19.1561155098761	16.8849320410369	19.2124644693489	18.5268101728832	19.2808696151309	19.445215721772	19.2360744919317	21.3335993672978	19.7330882808209	20.0603746925051	20.005536708279	19.4250019691089	18.8489691491555	18.9903014406701	19.8236725990745	19.8009593160869	19.5051264686716	20.2745849365351
"457"	"group8_bins.111"	17.9306609484049	16.9755382120776	18.7085867326032	18.6092037725035	19.0163693331266	19.382054230201	20.0841000870851	18.6074324141896	19.5160532637758	18.5522374944359	19.4332217101013	18.6183876413728	19.377863057668	16.8676196064733	19.4782158118404	18.9955903878715	20.0140222211305	18.4218554066327	18.8808918942299	19.6978181085972	18.2931728272698	18.4803426738025	17.7283138813736	19.0027403776912	18.6263609133178	18.3414041680406	18.0727779957125	17.3911497699582	18.7714819819152	17.5417717589526	18.7882571559152	19.4748834042395	17.1862140649474	17.8187460478006	17.6694066910328	17.2931734936621	18.7632721805721	17.9930724084512	18.8900916353604	17.4698228627681	16.5544316463103	18.3065810828068	19.2154841669109	14.9667913837238	18.7390571667321	18.8515488750717	19.2805030433689	20.1487470196608	18.3180471126932	19.4626395859419	18.9445308125651	20.1289435510246	20.1791898057477	19.2700486363094	18.1901789746985	17.981590153849	18.9421864900921	18.937038383585	18.4848042271007	20.1833229734228
"458"	"group8_bins.151"	0	0	15.1046885828738	15.0548395585657	15.2402420854515	0	0	17.3472064165426	16.3836399415189	0	16.861868809274	15.8030190089658	13.9313019167148	0	0	15.2246947369394	17.1593139874211	16.0732481907748	18.6023073963018	16.990926363018	16.1291400020665	15.7508024555166	15.2786703659429	18.6013867495199	17.259466469752	17.0099975782513	17.5382779077069	15.025319446342	15.6447289170921	17.0751072628386	17.6986718669959	15.6985468364352	14.9431066741604	18.0800037009922	17.1390725998295	0	0	17.3486497476993	0	17.6697252900903	16.5763144315237	0	0	0	16.359057041662	17.8060068292521	17.1358969565705	16.3210834712165	17.1753952180035	16.1505752360827	16.2499855843594	19.2811120811008	15.525438379519	18.1392059486065	18.7708669394833	18.0410818010026	17.8597811942863	14.9354985026319	16.6833147533202	17.7092856270359
"459"	"group8_bins.18"	22.8834916136003	22.1877351136873	23.0279117720349	23.2942722983387	22.8288261572195	23.2264505403624	22.5244624781777	22.7942895954702	23.6041662416753	23.2833445259585	23.4746652773927	22.76924814195	22.9290673300719	23.0354265989563	23.5549730556105	23.0849712188558	23.1353708333474	22.970629038346	22.1346395532126	22.9782519333026	22.3533830029459	21.7828586303068	22.8394745955456	23.1956242996647	22.8642895022052	22.6328288001297	22.9867382178794	22.5227668740344	22.8561738631185	21.7907393211574	23.494832835766	22.9768070889811	22.2206854740491	23.0118376345237	22.0175041679362	21.6052129188233	22.854260049714	22.6071258950795	23.0586122919085	22.0277065789304	22.081037849109	22.111289225108	22.5588107714789	21.0250108370146	23.2918922075107	22.5631678534805	23.016255321421	23.5441169450846	22.8786004318078	23.1937198067942	23.164175349869	22.9152837198143	23.0314128090678	23.1948318063782	22.458559232173	22.7978635802476	23.0948051265361	23.092338007493	22.8409591630888	23.4153992624394
"460"	"group8_bins.259"	19.6036690661801	16.2513991607433	18.1210777975862	18.7443453115529	16.9550240734933	16.3821179504588	17.0741302543899	18.2853606956498	16.2880215655712	17.0460725145531	14.7032019733105	17.9582790844551	17.7413015561929	18.183037114659	15.3135806539183	17.5666270425202	18.6526378198498	17.2843610054997	16.7457096506868	17.0859608129983	17.8040972451048	18.568786218919	16.6450871381431	18.0722329899903	16.9078756987891	16.7285162267606	16.1827362936227	20.2658610870214	18.4712485020563	16.5790812559846	17.8815591848911	15.8195373145195	14.659658861325	16.3923047964401	18.9042477054831	16.0466973094136	19.2413437343467	18.4470925675565	15.6795764988229	18.1146299993445	17.6948125225772	0	0	0	16.8294568114984	18.0102398966011	19.0363926795463	0	18.3202259594574	17.3414690324041	18.0265131189117	17.2922028453839	18.2048214795217	0	19.168540324501	17.3407388638626	19.5947927147301	17.775654405449	17.8034762239699	18.2651731606936
"461"	"group8_bins.266"	0	0	0	12.6908662895763	0	0	0	0	0	0	14.6764476527324	15.2404499810815	0	0	0	15.040649303707	14.5712987346854	14.8420224280996	16.2836750631162	0	15.2026606717374	0	0	16.0624963469076	0	14.7553584086204	16.1341290337665	15.3114130054666	0	0	0	0	14.9246546193553	15.9480343654544	14.9429703030626	15.6779793319964	0	0	0	0	0	0	0	16.1570784587797	15.5152231049888	17.4016921013848	15.8530631620588	0	14.6305128508025	0	13.8953574006343	17.4825502942316	0	14.6415044692534	0	14.5920450732988	15.7479486228569	0	14.3092189039294	0
"462"	"group8_bins.276"	17.7562410999071	18.3945671412755	18.1255828242426	17.7014444777127	18.4135523227124	16.8006568980052	18.0318853765714	18.4446079962738	18.8537193286575	18.6060480485135	18.7968669352534	18.3466435220781	18.2052535624069	13.9895134057321	19.1053179844594	18.984082592905	18.4796087513477	18.6250674140349	18.3105326739506	17.784192835722	17.9985464261022	16.91989399146	18.4917029178261	18.6563029647303	18.4205798784384	17.9127143254653	17.960691880348	17.9773618789488	18.6710587232387	18.3275876884411	18.8046933974642	17.6509166683465	18.1953651162256	18.0022700550413	18.2669151597505	16.3489770170763	17.0421780802801	17.8642424930064	18.4998024855666	17.8697204020063	16.7202034109046	18.6562132436572	19.0018949093334	0	18.7775427106753	17.8182532328059	18.4409113714687	18.8473914167244	18.637774803364	19.0536350969957	18.8888863810281	18.696165589289	19.0341054550925	18.368609341191	18.1727555097831	17.5226653197975	19.1016223452426	18.6564820643286	18.9396271222138	19.3211111376207
"463"	"group8_bins.283"	0	16.0971122556877	0	15.9673256301149	17.5111847859489	0	0	0	16.3436887121417	0	15.4975058568007	15.3767915299197	14.591165821193	0	12.377205261273	15.4487159978262	15.302110142037	0	0	12.5683842526743	0	13.2851291239239	12.8657395257294	0	0	0	12.6070513708762	13.5470365472022	12.7018404735883	13.4647873020835	12.4434467512219	0	12.6668078025885	0	12.5104144091592	12.989607821848	0	0	0	0	14.5998534432754	0	15.3525296766994	15.7935634940521	0	14.4882705910994	0	0	15.0017891976596	15.6459441222689	16.5471321277585	0	16.3712744575203	15.7101108746027	0	14.5528678331524	14.9177740809329	16.3048963168374	14.844279698406	15.4950951600146
"464"	"group8_bins.297"	14.875720329618	12.8066836916211	13.0665181677065	13.002369282895	14.3226354900151	14.7683384025091	0	17.3174212681302	14.5656656123538	9.81054742059356	12.5172882717838	13.0697698184639	12.9100089678103	0	14.6741457848222	13.8653606106681	16.3594300446633	13.0916045322527	13.0176004760656	12.5060101436298	13.1113013875324	0	15.7127274582298	12.4933017671415	14.1808447424355	12.7364384605261	12.8853940450161	13.0165391645977	14.9439087656013	0	11.8290928232979	0	11.9044825186889	15.8199638826082	15.02822893954	13.9731465589258	16.9970128849061	17.4591408729627	14.6875670171243	0	0	0	13.8910268966231	0	14.7536866780259	0	13.8296908428899	14.8554745020887	14.8510095497944	14.462325113141	0	17.3157184429065	11.8706827336763	10.4007343705323	0	16.3471920747357	15.722201332982	14.1399867978899	14.8483746369021	0
"465"	"group8_bins.322"	18.040962205795	17.3765335395796	18.2756424827272	18.247687262209	18.6670753868375	18.4492766911152	18.2881961099274	18.8486749393625	19.6479285799106	19.0720271535608	18.2612848223357	18.062206650559	18.9627251791883	19.9715062739591	18.764887719421	17.0935829321866	17.3487136568252	18.4764703660679	18.2449229348168	18.0484256795406	17.4863149619755	18.4472539102135	19.2328916185309	17.4423422731787	17.2056961135417	16.9436181706199	18.2333398598065	18.0217115879345	18.6721310978111	18.2669221595467	19.142721463022	18.2039740994207	17.5817329662574	18.2113595719392	17.4721134460142	17.0999023384011	17.7007989299162	18.3200119435187	16.8478363279703	18.0612470697119	18.6775998323205	17.4785047113162	17.7306051581371	0	19.0753507507731	17.8805496914776	17.884632080887	18.5291438201525	18.8312383939365	18.3715763402156	18.4876643842828	18.0893622056595	17.4887440044092	17.6044594415755	18.7380199919548	18.0056985348464	18.1228028040935	18.2935710586589	19.0178597363301	19.0493599782554
"466"	"group8_bins.65"	19.5849686872121	19.8104465462131	18.652935739854	18.9494450629668	20.1195283309099	18.7739927567959	18.5646189151619	18.7337289606293	19.066420865546	18.3253192506863	19.134081139106	19.6776815098975	19.1321238989436	16.7529580090094	18.5802172796441	18.8318219420021	19.1001755263608	17.9424451716195	17.4594603328677	19.6746104194536	18.9928170968126	17.126184896991	18.8840525618304	18.5326072337263	19.0951239594664	18.6370429199189	18.7766756850155	18.4845084083782	19.6846386006464	18.0485498066985	18.2458241073194	18.78976238842	18.0550637289271	17.5602631094808	17.2411831566408	18.2149428300034	19.0216508471159	17.6438569921448	18.9112296045762	15.7725210728866	0	17.48462120364	18.7905147162929	17.5773370124533	17.8715098648537	18.1001338742172	18.1319437507738	18.7801782273159	17.900768183447	19.2875668832839	18.6075699000762	17.9885395789432	18.8297247167528	18.7190804501645	17.9993373778853	17.9147498269828	18.7891388878744	18.481334993556	17.8981059271426	19.0783274480961
"467"	"group9_bins.155"	18.2306736802497	18.2147992481503	18.98343743515	18.7663598815708	18.5897530909834	18.1566000317275	18.6050541520524	18.0800377186699	18.2326501982274	18.224084197906	18.7804093287473	19.4174183235215	18.6706867575413	18.9768353678461	18.8114782597895	18.1908166310103	18.983536428057	19.3463220768362	18.32451221853	17.9346344141136	19.1509397385039	18.2609744327013	19.0093870327308	17.8926057812646	17.2432253950315	17.843337950055	18.4459024015726	19.0861900532135	19.2829766042271	19.1953548286	18.0355780864246	17.6608621128425	17.8270557400378	18.2956899885814	18.561613814901	18.7787421862946	18.0142410105892	19.3200851020356	17.2271505376561	18.6191741971433	18.2954852075463	17.787477578566	17.2843358525651	15.6516546129218	18.4992462883869	18.700232080586	19.2696742767971	18.5962344782874	19.0154143968386	18.6624451176818	18.5953565198323	18.4415726042531	18.9733675088076	18.353320339827	19.3895058397453	18.5428651564692	19.241588954898	18.616187650809	19.1511812593695	17.9619431372771
"468"	"group9_bins.202"	18.726884331623	19.165713248803	19.4719406153469	20.7248426400549	19.5926757620995	19.2376418482683	19.4325977591402	19.5966039638564	21.1540640891701	20.3759388596404	20.3085540755417	20.3838992754218	20.780475794969	19.9647740293997	20.8061719013528	19.5501770058295	19.3197248585613	20.5069377205342	19.5523258808035	20.1487991056099	19.5574185168375	19.8670751721986	19.7355345669159	19.6282466067923	20.5607400911248	19.5796848672998	19.4847950323695	19.5818164493594	20.682650777458	20.2262908226558	21.351509545222	20.4649926852733	19.0902556580389	19.4115967712122	19.6815935649294	18.7888273522626	20.6608467057899	20.0775364512785	20.0057584036466	19.3762397016296	17.2681953917964	19.9826182223233	19.8894859945488	17.6735762157153	19.9255802148899	19.1431505404376	20.4285456812702	20.6497736264667	20.2023417333448	19.7579886520536	19.6076310108584	21.6380678938414	19.9896091640473	19.3821354242613	19.7717202831323	18.1010898572282	20.3956368045057	19.2887085820169	19.7548854221038	20.9979341286098
"469"	"group9_bins.244"	16.1136277516707	17.3224564330423	16.8907262302096	18.755860399036	16.1800693270663	0	15.8718931140635	0	18.6983261643968	18.3928545483569	0	15.5671637471966	18.4608622831552	17.8612416626695	18.6323947855405	18.6700721388822	14.8835831135194	20.0263824551804	17.7404621540784	15.0642940088733	17.6569762552819	17.6639859012048	17.2086840374511	0	0	16.6677385956385	16.252167135408	16.1304880388296	16.2295258478122	20.8801869170057	23.210706671936	21.5933254328072	18.2659211950327	15.4670780101149	21.5399365899993	17.7909132648751	19.3490703831613	22.0189898503165	16.7804538990323	18.1588431008724	18.3332650739894	15.9449300589205	17.9987232200987	18.403320928033	18.9381092849402	17.2919803798958	20.566320387289	19.0648119525526	18.3119541622242	0	19.8006729788839	19.2994609201771	13.8298720285657	13.5045959168779	17.6451545720483	17.3316043437714	14.9674892826759	18.0632237745138	18.1964814244176	16.9505252099219
"470"	"group9_bins.264"	22.7148314530125	22.2400275680269	23.1637440575668	22.7008886238477	22.6514316742811	22.4857446238941	22.5783181454609	22.6590734908423	23.1043202508855	22.8062645495364	22.8339297190255	22.5020621773061	22.0980781278316	21.6849217095487	22.9613260015603	22.6272189885435	23.1066901208768	22.7351144161458	22.1525060117399	22.8891105891733	22.4531429643673	21.6107279855792	22.9457579313557	22.9409516589727	22.2721329749944	22.1900374170978	22.7359686843206	22.3548245256695	22.6512558276317	22.095777841042	23.0005910509831	22.1439426256131	21.6403643569205	22.3456772173855	21.5493071949637	21.4379118656569	22.2610529765853	22.0057461708883	22.525920987345	21.0658396803319	21.9163680281835	21.7818765944698	22.2516578393573	21.0235783169551	22.7437342142305	22.5029862485819	22.6367042222201	23.0250134537691	22.915838052159	23.2535335600736	23.1613140082452	22.4154648484471	22.9664373382355	22.9271239108772	22.1735714743777	22.7628885872108	22.7405031127553	22.631099220641	22.4793255760609	22.7078156360815
"471"	"group9_bins.268"	18.0525153690689	17.3947585036121	18.9822071173976	18.5760524920309	19.0406684881316	20.1566528429547	19.0090845588782	19.1113645645088	19.8328977800752	20.8895435663011	19.7657333342372	18.2469761064764	18.9979562871455	17.5617224646187	19.4305030952	19.8562391167991	20.3001661601665	19.0426698654497	18.9245183663332	19.6726682191445	18.286990912227	17.1696746320883	20.2511252729479	19.8115114929809	16.8289769204437	18.335693445955	19.0104247213887	17.7733880985466	19.1114054162596	17.4436955317901	19.7192732348244	18.8623074874069	18.8514035967144	18.9159925417652	19.1099069233633	17.2904600495202	18.8769144636194	17.1285448940303	19.1763485084784	17.1000192699956	16.1409959164266	18.7965025094926	20.3334475646083	17.4600686751824	20.1559754273127	19.375193468043	20.027911221118	19.836075578231	19.9269738774387	19.4340129757903	19.3140220271717	19.3891243911876	19.0731337713611	17.4601597523086	18.4098911991887	18.6432102050483	20.0686330932292	20.0990838939238	19.5544099232173	19.9173475814157
"472"	"group9_bins.282"	17.2587177841591	15.1760643605721	16.1989947619695	15.2006074654215	15.5187455939011	0	16.2245318223748	14.8122220846495	15.1547503196151	15.6789896061584	15.201732479972	15.7380671943417	17.3329436373356	0	17.3285264503321	15.4740803114159	0	16.1164139326528	15.9064113794586	0	15.0522508369046	15.3210916088721	15.6808917872836	14.4656466138043	15.5897795440798	15.7002233643745	14.5595747462115	15.8738338402623	15.4060150738324	16.9278665987919	15.0547670814471	14.8372971330232	17.1676543000789	15.7500957956673	15.947714538137	16.7285628777937	16.4627976748262	16.9279534026091	16.9312637153855	17.2816292645711	0	17.1667235202704	16.0743750795668	0	14.5657924458076	0	0	0	14.7570043910082	14.3935835728438	16.2226076353648	0	14.4415407088753	15.8447630026561	17.4189815010641	16.0818703797481	15.3547955527582	15.7677414011079	12.7060808276583	16.3910672585479
"473"	"group9_bins.348"	20.2061031816532	19.8898342108133	20.0629440034741	19.6435530977262	19.9162653556249	18.9386805641086	19.7438614920746	20.1068214647558	19.9468512457712	20.168746065584	20.4250126741373	20.0407000746202	18.8902800684116	17.917640812233	19.5944908232634	20.1337383341268	20.5263936263114	19.9742202961699	20.3583879125154	20.5518345134052	20.3536273527128	18.7177467707794	20.633727219885	20.1338395431419	20.4127759168601	19.5085008119153	20.055091425324	19.6360506828665	19.4977092848037	19.1400522625937	19.477536839702	19.7164984236533	19.578527024033	19.6291919854119	19.007330665334	19.2302967275807	19.5689046949706	20.3530118820807	19.9660682508167	18.8287038675818	17.0917832221191	19.922822247873	19.9586186879629	15.6804693281808	19.8497693071055	19.9370826511784	20.0452591023475	20.1459386978604	19.8247281498601	20.943688939941	20.1119753543426	19.539963149469	20.755341125262	20.5082906696154	19.3077936965471	19.6623061692251	19.8937582629222	19.1479719866507	19.7294533986494	20.0404173126785
"474"	"group9_bins.360"	16.6332930437734	16.0428051075606	15.9546073114315	17.4570059730492	15.3803992294383	0	17.1438037909733	17.2132889165504	16.6748207918073	17.0403008422562	17.0396154002463	17.4013269794392	17.6146230179209	17.0477939051903	17.2860723656576	16.3224545415865	16.7019939199438	18.3834228157581	16.8226175800344	16.6965576043602	17.411196331735	17.2654198475784	18.1993234624454	16.9672406120202	0	16.4996307243523	16.8940110498069	18.0247637271378	17.6597802698807	17.8738694803632	18.1339408465432	17.453500689197	13.5530807579133	16.6907260423192	18.047629968255	17.7480830048875	17.687782234428	17.2835102666046	16.9613909317906	17.9937968147848	0	15.2525737516777	11.5679772890724	15.5678531122093	16.7837351290052	16.8536923275	16.8942068768876	16.649081268633	17.4435083547388	17.2962755296023	16.8096726750979	16.9084518104548	16.8024224387133	16.5374995300573	17.3841094054049	16.5214058001413	17.0416903835483	17.0202580388678	17.4479426469658	17.3261547283942
"475"	"group9_bins.392"	16.5993253894327	14.3907408019243	14.8183845143269	17.8485271413028	15.7365321224145	16.5638061677532	16.0459376810618	15.5877148810813	17.3070993971386	18.1901302042107	18.4185070012075	16.7182827864047	18.4398374168651	17.2628817267764	17.1704550618654	18.7169138229013	15.1702646872473	15.7142402350668	14.8797113240586	15.2426481436384	16.4704976951074	16.1942360399792	18.621584653782	14.68621958151	0	16.8445149699724	16.7123548487055	16.4272983028125	16.8547296911277	16.4403470655777	18.7174833624048	15.8970689595476	16.067467145832	15.1173816293471	16.4094172703296	17.6411084559345	17.3151397574855	18.0211135748387	14.7701159877751	17.3216854444343	17.2693408089218	16.6673842824074	16.819076472426	15.3878739196724	15.57134067196	15.9333478686964	16.583116490091	17.4856150319518	17.1254213271186	14.4052350264449	17.8819832993918	15.8946842130422	15.9140313791818	15.452830038691	17.3009986676682	17.3407519099112	16.3105790984128	16.725365130731	16.1268550303107	17.3644970562786
"476"	"group9_bins.40"	16.4644621231022	17.8231563125329	16.2872678404779	18.5285474614034	18.160052088038	16.1376504732736	17.6045736531004	17.7916977936754	19.4197635354923	19.6710480152571	19.1867631160684	18.3996421770289	18.7623624942855	15.9911859677784	19.7625225947733	17.829598499971	18.2186858002922	18.613492288452	17.5224375310127	18.4298576708033	17.437520131102	16.9783736140616	18.8309160049899	17.5476646684731	16.8025109064893	17.6536629050038	18.094513040793	17.5687940677709	16.8938639886751	13.5229792785051	18.5588760300014	18.2093176858932	17.7276162310243	17.8905812352703	17.3703400800234	14.8957916499231	17.2126744703831	18.338253824755	18.2477642341973	17.3706264434586	0	17.6812504674057	18.1507457207793	15.4626860620162	18.5273111353142	17.2753616405315	18.5050203051839	19.0314307440368	17.4341796022384	18.3319126638168	17.4930441699222	18.9532189733	18.2017310931067	17.4322720677601	18.1996689175732	14.3981514609111	18.8787221373394	17.2652448530513	18.2750132960945	19.2930391440547
"477"	"group9_bins.52"	18.578764354125	19.1422533228188	19.2112870586537	18.2537798757061	18.2806533861883	15.7981859032599	19.4123628927318	19.2554640516831	18.4398633035545	19.9444470451769	19.9895809051417	19.8938390219057	20.1496908156645	20.6041462941102	18.7032652279431	18.9218261669493	18.8323361446057	17.9677088873803	0	18.9099020206462	19.6384015427311	20.6857524404749	18.8850569567386	18.7345758271991	18.8115098224557	20.0903386160341	20.2480946171603	19.0598800539572	19.4123304909218	19.496572834041	20.4547184318732	20.1008600674422	19.1772052349348	19.8933036807562	18.2436146745865	19.2878362924243	19.4497524103102	21.2555630744339	19.1263537758878	19.8023141223642	17.7947038960262	18.6934271915913	16.8348819508998	19.4773306251904	19.5563075076426	17.7479775833354	20.1371720883437	19.6844327158291	19.589764044812	18.89905331902	19.4857883746369	19.5892699847031	19.9484622381725	19.3300873214566	21.418370215237	17.8814978167573	19.5046926144341	18.9698789750161	20.5294277389451	20.6029606353522
"478"	"group9_bins.67"	0	16.4839802407875	15.2509471097317	0	15.2875666370536	0	0	14.2767803344925	15.8871502981509	0	0	15.8938032030558	15.648314910419	0	16.0965749693708	15.8800712965733	0	15.6667853778988	13.5681081407333	0	16.8091294257966	16.8794670011432	15.1959422147595	12.9712728410959	14.1105237250725	15.0861980736482	0	17.5130898790855	15.6366799694778	16.4245257104491	13.7123705942788	0	16.0335967255164	14.8346545918498	17.0745567104232	15.663107206675	15.8585072411903	0	16.302946265081	16.0166214169276	0	15.8022732454772	11.9593028492445	0	0	14.2647722750255	0	15.4254090962151	14.0934672762949	16.4913624211111	0	0	15.0860980073669	13.8348890355654	16.7303019308028	14.9807517881726	0	0	0	0
"479"	"group9_bins.7"	17.7719666512088	18.6106369810589	17.9215832644849	17.9477243154707	17.4338578660625	15.2691147904877	18.314815849829	19.0074016072329	18.3540836597951	18.2197270581212	18.2978540266203	18.6904175818865	18.135468202082	17.2762389472659	18.3497700094635	17.7517670332017	18.1751960970429	17.8201547021265	17.6087254881246	17.844243724046	18.0804820947929	18.8674687080657	18.2556134885237	17.6902038311209	18.0966613246645	17.4637822908736	17.5723838184981	17.7247449874918	17.9636573009577	18.4912954021894	18.6824241022273	18.7479705294981	16.1518943562671	17.7164926757079	17.9214123457768	18.3005265920792	18.5925924449808	18.8926373635652	17.749384167713	18.1085877023083	14.9419489503082	17.1841173436643	16.700653269731	0	18.5813274487812	17.505750745518	18.5552347284667	18.0759501217344	18.2278576233841	17.8537830222386	17.3653987882029	17.1434959877705	18.0773102213172	18.2477575233142	18.7489581293463	18.3296823009761	18.2089107000035	17.9102481218985	18.361428514782	18.2936315321088
"480"	"group9_bins.80"	18.2847304493445	16.6853766231971	17.0615921053892	17.8371009989763	17.414754802079	0	17.4915591601406	18.0326057656392	18.6589581171626	18.5724830432557	17.6030283162082	18.3915646206181	18.5824215802736	18.1165059250665	18.5013201515247	17.1399950660403	17.2646457283217	18.3209124922958	16.4040785659914	18.1946249046579	17.167142521056	17.7683726170817	19.213097557288	16.5700998417485	14.5764874638761	16.8104721075104	17.5059665126582	17.2753199577937	18.9761327162361	16.9650562262412	17.9552779806395	18.3281752238051	16.4243100563737	18.1620087534087	17.7093310007439	15.6481211101018	18.0569901037866	18.4149134454467	17.9636365236009	17.2519539825115	16.2565835211388	15.9222076958065	17.1701339384157	0	18.8231222174923	16.947737450864	17.9223038441016	18.7500492767777	17.9160103233474	18.3303053692055	18.4141795489326	17.1931553838604	18.8018896543598	17.8302286886188	18.0940838120003	16.8667599555724	18.9423017734563	17.8589194371849	19.2936954691594	18.2689699472816
"481"	"group9_bins.96"	18.1963751237858	16.0962263542241	17.1912478286364	11.9198612941027	18.209237382429	17.0491888585304	16.7792637533199	17.5954406861216	18.3420139637731	17.8701516639405	18.6315679469292	16.8449769088157	15.9663885022538	0	18.6272538552778	18.0955390246944	18.4742074988115	17.7389166999709	18.3378463207328	17.8596849164965	17.2358537133293	16.2317933609993	17.7565578144227	17.6782863551195	17.8704018311194	14.0653955871384	16.8036078178405	16.7639772442893	18.4637813591589	15.2089356826946	17.9831778491832	18.5644767071803	18.0336402524316	16.5642288387659	16.4927013258772	16.1477110204645	16.1428389024735	17.5417162779358	18.566540380848	15.2220340551495	12.7969728325271	17.5746859974192	17.6848678488501	16.3295598916366	16.9832990633265	17.2557589760492	17.1100861735477	17.341501048827	16.3166603775109	19.0035234040144	18.0099978286095	17.7173921975535	18.7122977169281	16.8716653852784	17.0476135331693	15.68733002811	17.2865764407093	16.6488394585105	17.6516214217822	17.7022227702224
