Bin	X932	X933	X934	X935	X937	X938	X939	X940	X941	X942	X943	X944	X945	X946	X947	X948	X949	X950	X951	X952	X953	X954	X955	X956	X957	X958	X959	X960	X961	X962	X963	X964	X965	X966	X967	X968	X969	X970	X971	X972	X973	X974	X975	X976	X978	X979	X980	X981	X982	X983	X984	X985	X986	X987	X988	X989	X990	X991	X992	X993
932_SemiBin_102	270413.2711797257	151275.6951893472	210747.89063928355	101903.17767817956	178326.2454451772	184927.98212287365	237117.7999609818	260996.78347329088	227530.04592036543	243533.82613914734	338827.0027047214	215369.897029807	167893.89216429286	389728.2849658034	174455.560494386	147526.94084681862	261101.8284200477	222413.85413072334	198003.981002475	286724.7350888619	179707.7698268909	221288.90982957068	380123.732551057	68843.18115245814	406398.7429125187	218959.66734857648	191643.05289959573	250556.78727182065	411620.8761474274	319686.0803557406	460694.41293848085	184212.93202834457	101760.44824188246	111439.97907856965	93428.34297111933	114616.95155841333	246395.0786112256	197260.0259276086	174182.75918793722	265955.52731207607	116309.24132524108	121332.15046063036	97958.39588399537	0	275683.1806153176	196366.55749057003	260946.54101901158	207826.0804800407	203314.80587858794	182908.39156362932	183989.13702031996	165007.67491158395	210919.37121654852	218678.01825507378	193539.90369545878	357075.8475344586	223980.15511545548	287947.24968671397	353307.9182111158	214565.91865281053
932_SemiBin_106	1090196.2954845706	769065.4530807998	715859.1311631327	1485422.3039428627	1453711.3369471764	540926.7689550833	1104189.6791108516	1490830.8236711875	2291266.187907546	2094065.4707494034	1640741.3375356249	1196608.897472641	1726678.8536094658	885616.85988681	2521361.7103137053	1119020.5642124913	1974229.7459765016	1782848.560695274	1057711.9607506837	1460380.3331495193	948910.5100374307	455512.0857560501	1154582.8433532808	1358227.7772369646	980665.1592741013	702547.2481558573	639184.365734238	929375.0303719281	1304096.7997900222	651282.2971184038	1398246.7587979743	1418167.9299708747	959724.2789237965	1197891.2330918675	502238.4079045276	470998.47549349506	1130795.1005087013	1045286.8604958216	1212399.6422965408	551855.6214923767	143535.21945872332	711929.8101438904	891393.4530425223	213921.96543203585	1318787.1035381448	694550.158768096	1090888.8318977207	1853589.2402125678	1639976.4612168248	1962841.4970089083	1365419.261049293	2175116.0981611824	1651898.2088048884	1139971.3974289005	844042.1690474036	884488.3453906506	1605109.692988323	785109.447762246	1029898.4694199788	2431400.501154809
932_SemiBin_124	2641240.6919734073	1351750.4198471315	1881634.7164000175	1490585.9629953965	1998178.995803514	999525.5132830917	1453482.3443037458	1796714.4359088803	1303773.774040129	1173104.9577854672	1254306.874983817	1667261.010192628	1206054.607428513	728788.0387568459	1310655.5321052007	696617.3635109279	1335227.3439929856	1712616.6886738818	1484608.2033699166	2344752.0015253765	1463461.6852404827	2612025.161203503	2647292.50223704	725751.8634372366	838227.0453701515	721667.3209162639	1239063.987321362	2077462.526324081	1564253.6503853751	1871521.3230792321	1392874.0379071648	669439.1748185985	395690.25714387663	873943.3525573495	1019315.554470473	1597398.590091256	1100998.9275609043	1989628.5542986542	1177367.3463354737	605752.2343720756	596549.1087935742	508897.1434383994	854303.3854063682	311158.0559162968	1256624.2367885066	1071123.5671834406	1179964.1163168566	1468837.9676207844	1468992.7471488875	2127135.3468295443	1459860.2452052054	1107287.0032637552	1431641.0530360262	683229.8151304389	1768504.5100006217	1186441.3170380467	1447739.4435269355	969433.9719673187	1383265.0946672163	1560982.493574091
932_SemiBin_153	1120428.6715896179	3243726.2755291695	1597423.078892409	303016.28271966305	3274313.0219052588	410304.828298417	865976.7395586715	1606856.4420638634	400373.1210488495	531228.6933939379	323358.338572588	821310.3584966995	375618.60946564376	158475.2364012601	359555.7467992074	280885.8948633084	1468686.4414813593	1105668.5283306476	775291.268313337	906594.5019512782	892598.109327539	213694.69533611907	787268.199199842	792313.2594696988	719370.0924534939	616656.0045497612	367737.9175810476	3204467.3041303842	1245242.4919627197	196053.15768286504	326543.0454101754	435478.46481421747	372841.8853082864	402583.54595418955	374828.4567916591	1652240.6446500625	412975.44043782604	251978.2054760957	605261.3299048751	137867.5283551955	0	313589.44646219886	196139.16031488572	454509.6273779057	335922.3369154161	602425.3976212799	517186.8581306155	475847.25267374946	1256812.3483865822	1052751.645814032	891553.3962876059	485922.76416854654	846642.3925870305	843609.1504663697	289944.36026873684	1551764.7220427275	768024.2434130178	610988.5201112619	339533.8757615641	427225.92006979126
932_SemiBin_172	6853599.325202481	2177226.2585163303	640402.7151911218	1499829.7122610975	993286.7928455826	1659576.58806977	1362775.0502784338	881981.8983882585	3097986.8152769944	1573474.908503982	1758875.3042648232	859799.2673021574	1432091.65375919	662010.2331752065	2507049.364596976	886812.8039881155	1240639.6840333396	479939.421704372	399228.64623047377	829667.9030906506	499978.31705885014	321354.4607225888	1471525.3557967213	1463920.0258009904	589065.4283065266	489451.86118290003	491744.15839801973	207103.34330773464	1141772.5919159285	435588.71306516294	1038705.9961044311	782825.2537964177	662190.6277674028	968651.5984844655	391453.55357187724	175152.55355829833	643309.7829040311	420131.5299667035	1266072.2203615857	1515589.2321455178	185756.9278194063	998984.4089391037	1076931.319915493	41029.58836843629	1403223.3953882328	412930.299554325	757177.386385953	1485491.876782634	1125694.4562169039	1337043.7204174818	1187780.7998123677	1696181.303915408	1234869.8511636914	617392.6824191792	413412.9343153832	540612.161776521	2149946.2648177994	1349532.9033618388	1019698.6470623256	2642311.1017516893
932_SemiBin_176	627592.041458611	237277.10441274344	183136.40849334234	26412.380177286883	444218.11647593393	218290.91040253692	85405.42089801941	95625.72412745844	428723.0993492805	192008.3944526566	708392.9301867133	1105629.3898490327	289982.2703949539	125453.47455345614	205328.71409771073	190878.8405781613	123605.3958542558	176238.31645303644	122526.03269730062	171206.23090951095	89467.79591922759	150169.30241658574	411912.22640023543	19590.95679429833	0	95559.7398049229	0	53527.76700668421	153296.34762813273	37157.33188700474	227098.8495801993	107293.04448147435	154235.7288632434	159739.55203613226	31550.274833545016	242779.10071790215	181908.39983335938	650875.3350228171	190693.7124655717	260607.3571767456	0	67273.46765821717	187542.88440513582	0	262938.881509378	800861.3353634386	169243.26832737788	513353.14680003806	236993.56691931654	22146.93176858721	375108.80228659575	150146.15414879005	91176.64398991909	25052.03850204242	274245.7098799602	35510.22225723925	193094.3746075684	245636.61073960614	274121.6147430813	216028.45167706808
932_SemiBin_178	0	0	0	0	0	0	49546.07768688876	0	0	0	0	0	0	0	0	0	0	0	0	0	0	0	42511.69625742311	0	0	0	0	0	0	0	0	0	0	0	0	0	0	0	0	0	0	0	0	0	26258.453102751926	0	0	0	0	0	0	0	0	0	0	0	0	0	0	0
932_SemiBin_216	174732.99859598983	573912.8862165834	105608.55893948	177063.76061321623	92395.86588532099	0	551988.8281006395	190004.16145376436	253963.98355401814	62460.54522351998	54327.888460018105	96092.71686600582	530546.92314636	0	161649.02526330284	33705.27106648553	27592.18714234821	640853.3674813792	8888.31884215823	0	38347.572892337055	224273.93240490582	196621.3364276612	19901.270170531883	0	108852.76836046616	220010.06377685012	199546.0009921963	98851.34654907478	613753.9208757587	192595.4801027865	185064.82731343815	0	140820.00631368833	161343.97942992195	122941.92224837403	497106.48383437487	197981.85347451555	15505.353752904535	66846.47912703396	64519.323676050844	11496.37655469145	36782.668060203956	0	263665.5361390022	149404.3763190077	157514.45917798206	222663.52377857012	257193.3396698717	0	26831.82425464078	0	38515.166405950375	53742.69861162157	175018.8129390546	166070.42264208943	83419.65814527114	69032.96607532342	118418.36239456767	31984.557213416207
932_SemiBin_237	19622813.25198237	16115947.643779643	29199546.991131045	37911218.25636854	21454688.361821134	17510464.029089056	24813057.751281653	23897086.808336154	43468955.027566426	32168374.97993482	35761731.987609155	43034027.20680784	29623623.9665151	17196399.11904528	35223774.20526118	21537843.429743268	25716757.698320247	46655888.810744636	14723201.615209408	32739971.476370122	18291750.918559715	33124217.302715752	39011790.39565564	13642940.542919818	13579733.534051761	30791752.69179968	31977367.23755661	18321583.16465148	21819409.611170582	37620923.66796541	50187108.0063399	29096556.2865304	13103184.388739144	29174350.394123584	19997733.873973384	11662988.732655937	26803707.62242179	28090403.201564066	17322953.181056924	31528693.884477668	17858303.94727229	14849904.036242673	22497084.040608384	10707736.23233416	37572355.09424029	22362590.781459678	33305618.262053017	42030281.65865406	34546922.88436163	23072756.48565641	23608339.753109463	25859707.62218254	31701856.734741595	28406137.63102784	30788079.685079154	19339937.439817086	37784149.66458795	20377565.05686689	26241450.828357033	46867557.79574554
933_SemiBin_193	1580630.7338027554	2057692.7939656992	1556346.653227246	1552595.8268452086	1872340.7648882098	1031781.5831374865	2189884.4366645603	1851660.08093517	1908011.5558602677	2497624.964447328	2028914.3631452252	1763722.9625879203	1337894.581254285	627488.7159462853	2447496.182226066	2175087.855096245	2186643.0593238347	2099444.162590041	1529343.8659199409	2053136.9664281288	2536732.4612345253	1300735.1684835728	2549077.8170499327	1316242.7879235642	1235687.1926203512	1064035.1255389932	2141401.818534722	1141762.128218235	2194369.2151432573	1518521.1135196185	1634452.327337456	1698856.0984806372	1631180.9146318978	899338.5117147473	445967.1224875544	763314.5961491022	1479988.761930425	2326098.779048821	2246669.67958119	475372.97458515735	118495.50015267842	1124634.296831093	1226841.9498941677	0	1808578.9852351418	1359029.0055373188	1657695.2793688916	2033277.1506406642	1223455.9639173746	3368783.9094920214	1438996.249829782	1247724.3285829579	2969601.6731597525	1072703.07343241	1010713.6322141016	1355842.0486424982	1436830.3743766963	2004744.4758786405	1726024.1351665691	1913615.7353613733
933_SemiBin_252	646838.2984740089	754023.7273027346	696761.4384857443	295870.3922680114	799773.870313613	537310.4672361974	641181.8815494067	495725.734488768	792671.9763154581	688413.3029323725	540464.626578069	830521.7646162313	358657.06908936845	164435.1341986706	634200.2383269223	478079.3075422613	755002.1133353303	494016.64927282545	510606.8392392519	682333.4518390516	572696.305487389	327766.9699181898	619419.4645573252	594212.7093690855	523234.2107736258	377981.445050397	465048.7719352077	645408.0953842697	582624.8207489919	296448.03929716436	933054.4260995446	339335.15762031835	465777.19943723036	318864.2741799142	474248.11321254936	356852.2246592372	261276.43377778822	328688.09601352597	539104.5511912921	376209.5488825066	74270.21920030846	645209.5767405087	618299.8045262285	0	593332.9722984559	539139.3868563563	827024.8659173266	410905.4137507499	843495.6727480049	1077823.5492494034	711954.4934591565	661702.1122314852	996949.05568242	656369.7544606619	415672.76844931685	618462.5483471858	767979.8467477665	471156.1602989107	681063.9896579165	759897.9442042435
934_SemiBin_124	135255.1349523213	188150.05157421913	252435.94711186213	230586.6527723504	217253.43560031944	158987.78885485415	304381.61336298427	174821.3273207439	312015.44191121863	361500.5299211824	137462.31707151607	196312.91186491336	180414.97509371856	34376.696572342684	203032.57447414828	163810.279003293	266038.8941204849	290851.1395749977	298729.8193403638	248283.86980881973	260392.99788134743	148267.8930092142	386202.5218360961	212164.1368324723	91739.13636209788	28797.079239149414	194764.64698542358	179142.84917797055	266306.6202651926	93461.64880399304	300924.5058595218	103065.2705776454	80702.46429944833	71641.45195636843	75713.52554778251	116550.91393658344	187505.90972043975	47082.671805752805	140804.6491131362	102145.94961524036	32005.389815466522	83246.42467440967	134774.0900560928	0	398650.8941085899	203391.012310308	205464.1538770765	239360.1148473663	121100.83975566106	235120.9788848573	308284.87488764676	230114.3040019989	237341.61178039422	21550.267652334536	83380.89936953697	270917.6874174769	209596.5342839916	329944.82569130376	225678.23117174878	191883.70207773708
935_SemiBin_113	350162.68318271526	816093.4400725319	876692.0293621534	4378039.677393355	1159243.9555461498	698410.4680474885	1652699.6581486098	1040328.6345096487	1181065.9274902735	2775369.24347529	3635351.438685287	1960966.9070738524	1432434.517136862	784310.4136796874	2225542.882235467	1241275.155011256	1247279.520186055	1366781.3382252427	508085.8619120772	1675279.3733846957	1403364.2217445483	1880270.7056251653	3533169.4266393757	644898.5848307421	464142.92341691826	1159461.6522033077	2026001.446921601	969271.0365244213	1936689.0908976793	883474.9280734225	1857316.0401309147	1573927.4411750624	1034842.61960798	1498928.3018045414	788958.394592504	947026.681638579	1455995.8864579587	2328577.8017311892	1346391.9551408908	1575462.0459580107	669373.5808358189	776415.3754759725	1636570.5094792668	80414.92753887108	940292.8980147161	659007.6407066892	755543.309645105	4891793.247119896	880805.1798220092	971249.941122773	786440.681241375	2512715.5573965367	1515290.7521152883	1289301.8818025338	1522044.7824847563	1909962.3256302532	1397105.8383378335	907045.4518871366	1798180.5938231423	2438526.0764446887
935_SemiBin_192	456183.71584618825	1094515.440872157	1296664.395029987	14785798.893813608	684556.4146306474	343450.37302774	1648352.868378375	936238.383455355	1922872.74798408	4717267.6686449405	846118.3907526212	948403.1859555912	2165511.5883971625	1419353.6791511169	6210436.038506934	1557211.5235857964	713935.8770862494	1126911.6027782145	4382029.24577158	804866.5612260601	2369025.435307955	2890148.0213235896	979725.8608900234	470172.90821749956	434962.148130299	723563.9220780592	850946.4081830153	500143.08920522546	947818.9081127067	1856823.3607477446	4848409.405169931	5822030.92358953	608182.0922711242	620602.074136469	770300.9253070002	1055851.4943428729	2225956.287082464	1895612.4402645314	456579.46167196304	2742864.045961175	506310.2690280244	355083.8606703344	690513.7712874475	836024.0561445729	2699560.04229493	1164585.694001686	4872099.980464256	11499611.873858431	1035635.6681944072	472625.15151231765	1141628.6293083115	9813599.747210257	721478.2323582261	686400.3512500653	1876159.2406931496	976024.1132715559	913955.9001522961	1291480.5867525714	1701648.3069853946	1152388.3505776746
935_SemiBin_210	14672.906354795346	15517.904348969985	60932.069391602934	910739.9221760508	0	0	22413.35798045512	53720.44320201243	37593.32186686579	53450.14873755135	59706.623642659484	66755.44870742054	29428.898166880586	0	139489.06380202388	37673.77455597506	0	7043.081222273883	65170.95483962736	22875.790918133484	0	50766.08276228338	182668.27906683087	12059.49863447021	50949.41993005286	17106.26039574688	37573.57085870689	46798.754264931515	511844.4164617985	0	87949.89212368065	79767.70836776738	105451.38986182024	0	92578.64190434586	17218.64366351465	135590.318625662	0	90586.94261499008	34193.89050384779	0	70555.87580770435	33930.405738677335	60675.73639043237	357936.3469851549	134860.54952223378	99480.08427931175	55110.60341748728	117247.21078634217	63107.53831634823	234693.43786811663	140932.23469979956	63202.45030515711	55247.581032829476	310134.21358613606	197694.125772657	299637.24468159856	94201.9184654394	443845.79552703036	173313.4956057798
935_SemiBin_236	163487.91359503288	880005.3556854904	427454.4159682775	5266659.828108919	263499.74388615193	114250.64861099588	83624.55701144831	92910.1567418348	976081.6284798044	406346.17673577485	225197.69184036867	739546.1920118162	1622400.3600441488	407231.45314004854	600193.7697233472	800171.737672758	520056.498347181	720118.769539132	2891103.1647585407	274150.9092323023	2615073.741865535	4245915.064290133	678159.5899344225	76350.64432156297	132173.13285373177	584102.7551142356	67183.39184832668	363672.12665310036	236337.43930164224	2615949.4870916377	1071890.3189372858	2473618.9819355523	160159.81659699246	126972.41195319485	680289.3901942082	1849548.593289532	1205472.6002535261	1954599.8426016704	87568.6267032398	3436506.7824910185	392871.78489431704	140972.3950702881	94877.38050477895	549955.8760073406	310860.1848456992	1377889.2198860017	434644.1396007396	310864.86416417145	291128.4038896124	109068.89930679268	189788.18235352528	399115.94321803533	115914.97313393603	140918.29300338938	1995445.1124767808	493667.2306561021	765150.5239223078	858017.8655902444	949772.8937804736	516936.51915385324
935_SemiBin_68	7302044.316029533	5878658.629389153	8202106.337693683	15317537.867128663	9048258.720402572	6274984.594594669	6095640.411889423	7822516.744138728	12431710.820142522	13616671.940529905	16260864.064799048	9744348.3027386	5244326.472964877	4645925.071126323	9054358.075936954	8395880.908526562	10479875.692703214	9135169.21251896	8768306.964764059	11804672.969296668	7857696.13414023	4032535.924254045	12019625.29244639	8073302.445038156	10611060.88064681	6199553.417892037	10070130.004379675	6310726.000204569	6196635.559206232	2936020.918348079	7415818.860103104	10699562.207740469	6744585.341261359	7931318.966463879	4865757.251975668	5138439.551884056	7001038.735064555	8679735.638474884	8626916.931238435	3052392.845645457	1732718.7346819723	6966883.037803711	10466444.91789532	2165696.5574257984	12736665.364238864	7450813.331436605	17951953.34967068	12819253.112314187	4944131.130456853	13324953.63345352	8942001.0611264	9172903.476153772	14639577.497157196	10001384.688100327	5594609.89007542	5434492.896294	6657748.154277692	5318737.575918216	7702268.526512208	11719975.34800082
935_SemiBin_76	265173.39029239054	275496.4465189217	372637.6020872928	1070273.478808944	530453.4347948853	197018.41852326473	231321.15646246163	194682.87329615912	449114.57840785605	322219.8972966623	634970.3752498417	307408.9317850692	288618.8474475004	99744.63491690045	544260.3482427206	293672.66504098295	228680.2088748112	261195.0078579119	120201.5383120476	504376.4416550789	211960.65387199627	206879.0231695316	341493.7769541226	516192.1368367124	124722.40878446819	543116.4042925397	383829.6727836117	291484.88130687573	264449.9377619326	379115.9800719372	366703.24724041636	489238.90569644026	305926.2513194362	273451.68003814283	179851.2003785272	195104.16640826827	386015.7950074336	365230.26850465644	532146.8832288429	224499.63398635027	0	181409.89884811014	309589.67862064793	75705.51647983135	429049.96886380896	380127.0615218654	434374.43455784593	1298007.1103218165	338743.1982403699	537018.8242769616	227621.0791349025	236985.40562249397	538667.487005641	412149.461481414	700665.3543827527	260703.09122380108	474020.5774114611	254374.4043775975	370024.02215708385	450829.5583235731
937_SemiBin_148	3123535.7758171023	5587532.114626044	5865019.003753848	3750719.443010951	8906581.167471968	4280349.831974541	6982361.165944566	3823489.965299816	5942188.772756613	4504973.510406247	5001545.721119629	5482311.107506729	6211511.337576916	2523957.5571621917	6292218.063579644	3857806.708113197	5610640.127396641	4926796.262723982	3324423.425090892	4468322.123712199	3703987.735322225	3773831.2916297363	7380685.640857451	5312161.439993472	2835812.5173346	1964621.3829729802	4156591.12306787	2293146.225020515	5363978.0291294595	4745207.9464510465	5389168.234000601	3118244.4754147646	2910450.4879433815	2673801.1800323743	1746342.5422502754	1243718.4214203006	2341647.118155053	1730112.2105109778	3975255.2656818237	2527061.5809693597	1994041.1938319965	4854572.016379403	4813009.787113924	1404923.0812859363	4431992.103960773	3151363.261029555	4990326.186745764	5421395.067019873	5351098.973109397	5528486.569721454	6801183.963742111	3649720.888856687	7026742.823366835	4109507.370416295	5311027.7369083995	3504064.8193772873	5899542.982016731	5616645.942524076	5449375.067509958	9307362.595678957
937_SemiBin_159	70618.44717518607	197547.82728886846	213855.45852504415	358247.82179599063	353518.91095527343	51533.12809712633	350134.11264302256	132263.66376709702	688135.6185135853	516167.9201577708	438750.7036154766	363490.2826082357	590574.670170404	91073.82133706422	458022.01099244936	165085.50664372952	257635.3053295939	314562.3220966039	240545.63064725092	247022.8519123492	266476.56379688135	377418.47742485	257344.30314117778	222552.32300165252	113864.55207920268	91746.8403675423	286129.1265661982	99591.83310492143	258471.5968308751	141437.55940082003	329531.0642264557	136367.25237770512	99043.60354577033	386047.2818665807	145203.12349738702	64330.10932832046	118924.96025906727	168630.36916052416	118820.21143364717	91064.34904720866	241277.34731713025	110238.29549043473	301122.9964921859	335394.00130636594	346254.11070060596	271567.7231044742	326906.72701917693	340337.25815659383	308843.31733865733	291211.611279047	385130.91840697586	485549.31458571367	247411.59371839408	193763.49735687868	298253.3116077017	327929.41433391353	441079.7448964158	326743.0722328681	374665.1581545821	504688.91845154663
938_SemiBin_99	621400.3763145206	396893.18764349836	588926.5309685719	592762.9545661956	671938.3303039217	605606.6133691726	786857.5072035214	565007.467099405	959763.3113679446	848251.9394639498	575580.0164933457	429173.84200661	772938.0360213784	563896.1706372986	840542.7150296116	452178.94637270283	408251.218998903	428611.359153203	367660.42160130106	713087.0244836353	469233.2659400509	350390.3303406816	879999.5847253347	466695.69443497283	264635.49954860384	420546.5347329858	443219.6282416051	384181.0128254963	860352.7593952081	395327.7461510036	819330.7310277615	474800.9138799237	204254.75499694917	439342.91506427166	442533.71264863387	346395.2340576458	318847.29726160516	400662.5008553553	430523.44996002695	259045.61104081766	123504.95223757222	279260.73219339614	376073.23887780303	87242.7929959467	566797.3417201623	542116.6244116251	680442.7712689877	627335.2719058101	654495.4975587502	576946.0426481628	759687.8675232809	731108.6145226001	719689.3332393374	483905.89509796334	515309.6929041363	722473.0111813081	779227.9303543416	578758.211200345	603041.1300719293	783733.1642524113
939_SemiBin_272	219692.33897747245	399916.13685307116	218270.70121957053	89808.61462201305	174341.1469539008	167141.48412960646	1003621.1681268825	204423.7924724839	402215.4650249485	201552.8455754288	200836.5608250723	248049.2099333968	343127.50420389895	268497.53211363533	134042.56690811744	210653.18374271702	200969.21421413764	239010.59518388702	247074.23016699273	156528.56483977113	197552.4414144739	294557.23104108137	354235.2214542759	244445.4257889645	181929.32642109247	325296.56691291893	192328.5671262676	267092.3199334087	529039.0091577072	665430.4668359398	330633.89621436864	421833.7032267254	132568.14167858261	243633.60626880103	283205.9956306211	256735.2875919627	324591.1556856131	300941.3819924463	153742.4349520616	547246.9003921512	146442.91456603896	116205.9539197607	140794.58072302327	104427.54596404781	254529.5628736228	324495.5174633424	193567.08910995006	111173.58245932081	228242.42503384274	241707.39219966502	168372.54907277308	167857.76372263668	148490.83211136571	155176.08620089613	546665.6065841027	217113.85883045514	267661.3361216757	333072.2566576929	228468.42831181432	170971.53028325882
939_SemiBin_87	879519.6234152126	901902.2866600079	277558.25647114194	487684.53382452513	48937.90511447733	172440.20223910658	1461252.2369937606	1003050.096959483	352096.5209143483	622811.8579499851	479320.94673997967	479258.6136461742	1143673.7700318606	662152.8635853358	80608.58498989919	214977.2138053035	62492.83773384366	761794.3588604061	0	125034.47175170963	1400748.9493335767	2636759.948426478	2988218.6592968996	0	83402.42839362235	107369.57441973955	86947.49572526827	313065.29610616335	1288781.1908609099	1147311.529827437	1167922.5750787484	1180846.7709546245	233515.47271765367	80276.23792654589	425182.9207470534	428501.2783778109	1148851.3387874234	1887243.5272704284	477736.969723511	435589.9586400507	132174.55655578978	135005.57317106178	228100.93198882166	61335.762568318176	875181.9937365087	257344.75581661245	75483.83013260091	231700.56242791426	439720.6221892109	0	293198.89402039465	89236.04307126373	88346.01166722737	134916.11742193508	287404.5334063513	311180.60985746636	252771.4975129163	539035.5285230154	1239517.2915268845	128475.79637516738
940_SemiBin_253	1870633.1450832707	2412608.544758006	1183038.0773246717	668002.5877864072	1917796.0804290844	1362703.2971840873	904967.2821265542	4746228.15006291	1403448.0950194844	754046.0368691352	1048238.1840332381	1870454.5840114572	769431.0922946163	201601.2499879109	673314.3433833772	1375897.8823809365	1408751.8323625373	1505958.469994076	1287069.5700866338	1922152.6919127633	1303630.8230936967	874130.0946718311	1452140.8764640696	942220.0150076092	2725231.5484532514	1212644.6205765808	1013807.829812241	1524268.446862022	1476499.218697628	1251857.0249233546	1223167.2313136726	1022760.0426392569	1633763.6422079836	614441.0885457265	1433203.0900425096	866695.2456561119	1172271.0822952266	904197.5213707119	1567931.4897695035	720221.5147037335	324609.0334804816	1786795.5031854045	1704978.902319334	299471.8655659323	737463.9326399703	1342530.0692392276	635138.1511537076	1133994.7991414128	1338593.2012322936	2164304.0538188857	1327388.2238391102	773651.1473942949	1246511.3862604327	1444804.3116311594	1989831.3907254476	873768.8347406356	955697.4866611027	1258782.7471823376	1360888.9767353737	1469507.7406234818
941_SemiBin_237	650347.030260607	2627781.074698068	1305341.0051495105	934287.5194334787	697814.3242535199	1571042.3775148499	984406.3853478906	558484.477379892	5883437.506315679	1125414.5696798286	546219.0207178887	4237569.680653986	1282304.6012161216	538756.2303363705	625532.3068790504	924627.3348712866	770655.1516512679	813636.5747575901	1023185.9598436566	694960.3362919153	859790.0828802183	1405225.1883318848	712316.7350740578	1428004.032559063	696623.9918428984	2287186.3603584496	1590581.7025953108	419236.2326691229	561063.0521214609	1066902.2377149223	775902.634384168	1124600.5551356352	1290414.5466950997	474606.331523563	498656.536160043	1566993.9149159794	2548439.0175078316	1023162.6160964019	1243868.3260288835	4084876.4423858374	561830.2933119998	343404.1828261391	888408.1429478624	409386.2979972145	695277.2278307079	695085.4993118448	318913.1335859491	3505225.671577286	492673.5824672957	546241.1749249394	640084.6087217331	481762.96369094495	1150807.2956144393	422429.9848523233	1889099.6941988717	693736.8992857449	569433.4212739911	1277478.0483136855	757394.4118654537	1543920.1375937734
941_SemiBin_67	213876.62623726102	147417.0918451821	116460.0271208045	1642732.1157711444	280571.37206972577	151505.66019446164	413662.1168596244	272730.65205767937	3126220.99626378	1287421.4521916313	1425066.678398347	262306.31346797466	584225.052115224	409274.58085283515	1511555.4450785234	431444.29355934914	161928.24149312286	678897.0832246548	264456.93385021086	400018.01642849663	122347.93771634182	424936.13655670156	311326.0034179544	158858.64607548423	127700.78909168232	637730.8961119797	857854.9852483168	293062.80209149024	597847.9937466698	369625.3759282952	674680.2591475492	1331686.8320559682	671157.2718845767	725473.9163497001	415461.7345875185	58228.86414236836	737372.6659872781	2030173.9882217357	394406.6799031496	41954.672424304285	70875.57282808392	319230.98669187014	793206.6489795297	254525.1754217844	360248.6513461481	711543.9383606304	1014108.2761271882	556202.7269365157	464940.85321062856	110836.85617090535	497483.03817677737	634350.2210700812	514276.98317021347	254951.36984123915	628384.4726649802	832749.7158098704	987206.6017755602	385032.1439145042	1106435.3988989696	1227077.9523826928
944_SemiBin_44	5065530.593027178	3938024.560228706	5484765.918440229	7638969.995079181	3567752.5495965783	3482415.218905226	5569710.968846269	7908218.342289586	7302206.697167707	6569741.907481049	12243634.529013984	10560340.207300227	8757847.980060218	3599037.6162911346	8609715.812520685	3451621.075993551	3836281.156321375	9033660.674135977	1908385.8262549748	5058916.764386126	4587856.069047186	8254166.5273619555	9157374.78920044	1434481.7355028654	733991.0280255612	6092862.292693318	7342243.396581349	3252384.747809052	7142765.694850537	6492057.551398042	11121707.525591295	6664327.98930837	2950186.13477863	7179496.579062713	4820428.917564055	5237558.058301911	7817552.308549105	10423965.990724746	3970750.3941201493	4544831.096754805	2305922.8819979867	1785633.5429201953	2850771.5771038285	1437916.654997772	7879637.618758942	4983402.11260803	8812597.278862579	8781872.738522377	8238712.716930024	2877697.826703001	4786119.06513074	4258172.139293737	5206308.843274659	2720356.3623926127	18148897.25159272	5456587.33684824	7269691.823653611	3737011.3854429126	9524561.300436521	6881179.073647124
945_SemiBin_110	1064173.9890415051	272288.67137772555	323419.79258257186	740181.1208587198	595957.1958032405	2271816.9658434135	449694.23888510955	304085.888108496	1510129.2161414633	921247.4497425392	385518.0614185955	474127.6881602696	2970577.484753797	1455021.582210075	592412.3685600009	244463.06725438265	278481.06879816117	430966.5368141227	299810.1560503648	344569.20390532067	233400.47941293905	254010.45819873878	610347.5611915564	271107.9866704402	303495.53733383067	318845.40457063785	249669.25078349627	233974.8603789931	372723.041285891	201333.69230013885	818608.132732384	563194.7454661247	274303.3967061666	255532.02219712004	219574.82762067116	134429.19025314954	470884.821416404	538490.1430734934	294688.8162172532	828266.0331711109	712613.8071463463	392866.2622854553	310270.5016250603	28588.95376946405	713449.1140094968	740942.0122458444	779996.9954867921	787671.6640048401	705874.7244727635	575036.5308487046	629572.750735174	595090.5224987987	646288.7229939671	237772.9251678541	590390.30368734675	741895.1692044758	1117185.199444517	1544994.9758936255	675569.7918323177	940190.5683271609
945_SemiBin_185	41402.60190948239	0	0	117114.23329899096	30971.271613975503	107045.36873364617	182996.0448531231	90670.0218848226	131359.02517322145	518771.98659287434	158243.5585059773	219384.93206629192	1494609.7463586598	345999.39410202863	1312721.8384774835	33373.00301316058	69355.11327378303	124856.10545294797	0	44632.51419686659	0	78129.82787694217	22324.003171141805	0	0	140759.5077610167	325324.17209468124	0	47848.16431840593	144558.70556998986	165144.0580306746	49054.11563773525	31386.585946759897	23089.057844172152	26887.45129308591	0	160833.66427079646	80991.10127352137	44062.68947132525	0	0	0	38409.170050926754	0	238847.63765968024	84220.64848614248	818373.4654665117	100799.50471384302	28866.10996644426	41167.875170088955	34012.61863413289	131939.2277648559	21012.929905943816	36303.87009940754	0	0	169448.76899269194	46746.241447906155	50840.22462397549	423354.2644921754
945_SemiBin_201	231968.16418750782	3177904.143205407	327163.03875079023	4332154.715517729	285440.7822710594	49805.230084903	4147807.063651851	562600.4519954439	2029004.905903621	4086160.6824822174	3122812.671631642	3451250.039311772	11714346.639563741	1987079.2997429385	586622.3534359143	851669.6389358588	167640.19876348105	5051202.4739216035	2415939.3454599995	87894.12282915463	825129.1141935901	3536440.1157715293	8942264.561863473	905908.652721573	34624.66748859196	1107606.090900174	769853.3090344353	1430132.1235356436	7021874.2107790485	2043068.660256633	5838612.554128737	1682701.9659706275	0	101160.8315049998	2191013.3242711327	2153825.6473996327	8298311.20978615	2725525.304768783	227871.38667665137	4340874.851085628	784679.2500208663	0	61090.02522583661	1741075.4595877947	6719071.069889988	3871426.58720755	1929855.7469163977	161983.4259159828	123895.9786484069	98502.289973205	1659641.6941735304	226218.0582924992	142935.45412908262	112943.22966394722	7814536.121064691	2807150.190621908	2169982.9912758833	15140993.132952454	2045257.6287794209	1058277.0797920532
945_SemiBin_23	69635.39349657256	167776.91590861455	0	137225.95166985926	28289.707043223378	188161.7603326557	590593.5675671446	75051.949423833	386447.5799813456	185873.48212719016	99777.66839582882	90539.16453282481	976338.8743651743	410862.93558721675	144384.48228197213	24540.527405918838	84598.72646211078	142528.52000178862	120423.17401294748	69301.20742004637	109688.13878662605	777821.3081850257	592001.787452245	43379.7019844158	26344.04474748448	125145.97687844379	55066.74719007648	0	111962.17380964287	340089.0217167839	321795.7141813405	276011.9445308196	114413.62570947826	120647.64041320415	425871.67370299186	95644.82403562858	347397.08413140627	556199.447373556	78292.88317837557	304324.8563126513	0	33811.019018938096	78845.93215744938	82587.70371880435	299473.2304422203	513311.0995851754	146821.3829396703	169171.51474389882	105509.02209969136	153070.36907408357	55569.102368359374	222081.2088382815	233109.20323457464	147505.64218843146	439233.721525885	398157.04982933647	165671.40412714222	204409.30441361445	358597.1688440194	174950.71494136236
945_SemiBin_50	1624217.8654445845	1129740.6643736816	1503154.111404917	4256959.045316358	1772822.9511303615	1784376.94222241	1354555.1951517586	1516546.9224288429	3336371.925740139	3849447.2829710273	1926009.0180473702	2371336.82001572	15462956.506044945	8515704.35638962	3882293.4575787666	844687.6626894464	1086328.6461183792	2241198.022500663	1041513.9233842258	1524326.8229139128	1161546.2731618998	1841516.5407404944	2404659.4681678587	938409.3898419949	1026426.7504317871	1254162.3714561898	1524639.353471741	643664.2570494944	1777916.26723319	1382119.2645771108	3388537.3437651997	5487029.75498419	1118368.7508045973	1980020.3931427775	1305698.5883673313	804085.3430753833	3845529.2800798677	2809040.943636772	1285808.5818156076	2953553.8537769774	381717.8912868081	650472.1649713347	1138967.570104229	815889.1615452943	4215731.980746418	1196355.114383079	2703272.041828656	3182771.818829081	2198003.1399786016	1804109.9094349043	1505620.6634952428	5120194.235502512	1551422.7528342498	1156350.4163794608	2204580.3155868254	1907344.1505741377	2808802.755120363	1874446.7411272116	1591061.990472292	3232793.2781774676
946_SemiBin_182	206050.77030884873	316620.35271959944	189282.24378958144	448948.41363130877	703273.5866079057	305692.9465364418	356386.2958559019	753821.4850384635	740592.922395166	759291.2817696106	716595.770471882	335993.9164933964	512529.58028361405	833961.8346195469	1117237.1282835512	669775.3023763988	826067.3174585074	892925.0342076841	286834.0483626012	332824.611090607	421276.76175933937	58403.17769266139	469152.77790295356	324389.6464811328	566526.5903311219	760098.9680230633	703875.7682772616	582144.2915931283	559132.3649960331	160988.23757142533	889532.1804783954	838418.9356335562	364997.49358409893	690560.6662200699	370402.9535697308	134512.03130398772	461957.3898968113	588022.3632786828	329087.29647400655	260167.26933524615	0	464404.14443434944	537751.2980886305	126693.9643250345	804636.6911959352	242635.13509808513	475319.0396657966	691959.0412656643	485170.9959347848	483068.94212732953	554361.0500191129	667502.7336652358	656570.761955607	346188.2164127539	267052.64717714046	166365.02227291375	773867.568552387	286659.57955898886	218312.1125055961	1166340.6909505026
946_SemiBin_296	8198579.902485504	8466665.180911724	7971465.629338241	6219470.078281835	5427464.928356576	3460674.8872456867	7405015.929981896	9363398.606780387	5232640.824023241	3593386.8532745773	3983376.117846025	17893024.529023286	3320184.6908954936	3390159.4760181243	4664600.494231829	4387641.686253283	3829166.222745793	8040517.684066842	5004097.240110043	5838107.590447388	10969203.895912165	9030625.160526989	10435103.424680438	3741007.227924557	2179535.1455858713	3430301.0316930595	6107434.621062901	8225821.407518413	11307411.483298004	15125933.07688256	9410330.207199685	4201447.603146287	4664852.841731016	2289254.630296495	4607372.716702697	12992155.349313457	7355982.869118838	13999965.169986898	6951486.992998107	5792198.251972909	2390583.9238022114	4054135.947526703	3311418.0755830836	1454115.7698199968	7099276.850853605	4883760.61073989	6213702.159933329	5506408.253920795	7946533.094765	4419139.755571157	5233310.908936443	3591818.5909716943	7598155.63624809	4529890.950112169	27693475.55176409	8521509.53288617	6714006.091143721	5937151.749075151	9468054.448795632	3459038.5238520913
946_SemiBin_333	662917.6584334588	593656.4979058243	761644.6852564784	1177307.8597615233	430273.42713462794	295491.40415416704	1360170.9669622567	895244.3933195081	969003.1093441318	1936802.2218061334	945980.8719181209	597910.9336359432	1167412.8667307363	1395562.1604451546	862990.6550843084	991825.002011858	500400.1307026526	932882.550439022	385349.55447242165	313211.95920445747	533614.8434868073	8304232.626304341	1510832.0192312167	521468.0317955595	235250.63417783682	1055089.5552962108	557600.7536594773	342937.5485848477	2158202.1165077137	1282368.1697473412	926894.9598256625	629564.8321826098	494734.2353131857	467847.2102574033	1320678.2533067272	968703.2752018926	607173.8824746866	678403.9063064061	293188.5340451342	4935285.341583102	770220.0977949495	94412.13338957253	191680.52280293408	182285.00705618836	2448781.525061021	1749831.9121881614	759770.5768989132	658476.6964877588	831847.9084624717	363671.06358752627	1249861.3739366583	593470.6234457081	466959.90767517796	751029.0389761908	1296457.4940808644	958717.153434934	873985.5470616391	1523657.6996054698	1412723.9841265844	913769.8419916022
946_SemiBin_374	492751.4553194965	432301.20175141934	1157470.6344076053	2851888.0376190497	786680.3765235713	493155.40671943757	1134418.9277983697	377286.0717329671	2420343.461490306	1951333.3908973676	2300126.3882677383	1026493.4726673546	2702827.4076725896	13765766.410386436	3146256.121014966	517933.3340627479	417912.95467896224	994192.8130678053	2653653.653000607	629860.1551294039	493530.5155088273	1673491.8743302869	2262441.22929734	661061.5261575719	515965.7982792197	283354.6250183407	836959.992626738	129104.9659641071	901983.809198295	2079978.1914094037	2254127.4126930498	985596.4723190782	162013.22743802296	288135.78382419073	347050.2902999892	1049872.417436201	1009036.6125395742	673517.8465624326	629425.8730277807	984419.7758556468	298241.00055683515	136450.28073112856	649696.1222822188	522379.6248113031	1574366.2131808596	1108688.3006152872	1854494.1711301054	1995451.426424224	1358832.9744493507	647463.1110423764	2126521.2652919884	3950001.5505930944	870505.0578277133	802013.582004315	982849.6815606912	1413293.75661954	1431075.323679703	1268348.9049821964	1521051.330218296	1679354.70282638
947_SemiBin_204	1944886.9727270517	2023403.1943720304	2089959.3918454174	3376969.325307749	2199467.3555026576	1640148.325642527	1677406.540903364	1908664.8779439335	2463312.7139127045	3851951.8149713366	2522238.1779277055	2083575.4697400108	6807708.867050332	2133774.94148756	10454552.85627282	1560950.9203837535	1825287.8677064518	1948192.2313823963	1673782.8335548646	2217796.7152548158	1831486.451727532	4697950.300716608	1730611.0068660271	1586497.7246945163	1958858.3515135532	1414007.1831253	1635456.796958891	1799867.271097408	1798733.2756357999	1942530.3158334245	2982882.056688466	1473228.197826205	1093343.926751527	1325986.9963815857	1028888.7564537025	1429641.9166456698	2993458.1376301604	2411400.288330284	1735730.7089428313	1756643.137558674	765175.7225364482	1316598.5432356482	1548435.4056829761	451994.16987011867	3790887.1094021	1746687.2004818185	2089856.652927032	2163934.0315019772	1846714.263969246	2292789.8893261924	1622359.8352805271	2655694.081970883	2133586.312945184	1975929.8240724988	1751868.7264234328	1995057.6315819481	2249464.73037091	1998099.570601518	2198443.3264265307	2442578.889733044
947_SemiBin_8	554650.4097529366	471710.42906418117	492498.8265585509	475576.6305681433	445539.73491395894	1161113.8155805669	805343.3145163069	713228.1540600114	2988852.9131643428	558350.401683231	254155.5480954253	707703.8827476338	880925.9880200939	241059.5529430033	3820765.0722526847	967974.8975516339	834432.8864990151	1713801.9687842592	1676622.822085236	806039.1088560025	1467819.4878882472	595436.2148434867	1979753.0846138487	698765.0066188101	1010869.7918074966	449336.81597129325	782303.2773894132	291368.48745766224	1237132.876793936	3811366.1855751807	2400067.2908936674	2144500.4329253705	1034891.7329755239	372615.4856901266	938052.238966739	336673.73101661284	1314111.1505340824	2022810.891620429	519770.6988375726	1173725.9262993468	174267.1032662085	1186573.8010520798	1280508.043369979	36327.852208113036	2189634.030179591	1132297.593034999	1620193.2558723756	2145424.081053424	1176469.3601784406	1255180.642329042	1073754.2759349057	1343281.6794659735	455134.309171205	457664.59483480494	676092.068745458	544410.5280437162	835560.3795030506	459123.18250387604	3731276.8141062832	2025260.4479254235
947_SemiBin_9	8597380.535250735	2984469.1911741584	5860069.567208695	20293030.06617678	11669175.328656886	4963095.847776934	44726855.50147537	70919499.92494984	40077996.9459842	35550601.79976133	27335336.99098542	18472389.737452168	15348371.615447354	3624631.07783392	24767122.327260252	44920992.982059546	22590328.48771786	37306586.9217727	223408606.54393637	96041180.12583959	23708741.176074743	6252132.868200382	19248088.83721566	176192695.22648814	98561051.85983282	67647932.87535192	98684899.05243112	19436435.845288254	17806650.94871894	43220571.09924186	91439226.45171426	8875194.750878794	28879497.237193555	128134270.78559376	77611178.52802368	10495697.136856075	18603916.547340415	14804727.10382275	10075269.187692089	122882892.93419772	26463359.719314862	2168120.8765908633	4380429.106315979	35011949.01266209	59538499.29602935	127389908.59807098	125198627.55001484	43627553.12029684	106093088.78651455	7480056.84341299	77834269.68194942	266619105.3238275	32186895.35117457	126710580.11564958	250853863.3363654	106825322.20583692	38600766.72293508	10648701.165170366	111365314.14367805	80891873.55946667
948_SemiBin_209	1369977.2075706276	2357830.670839843	2049434.5244898594	3445683.0615090276	4615810.490502886	1130983.6651210045	7660462.193055604	4437257.90743772	2994464.885574715	2899239.1673652893	2811325.388264255	2575052.9707268984	2490548.9402334783	1385141.3011063575	2930032.721258646	6911508.675620536	3129347.73911734	3122212.2011499535	1400529.8789213125	1949933.774752066	1719949.798075329	2252368.5679704114	2417463.2926392267	5400803.2552675055	2028832.9847150217	1466231.7274159058	2473393.5985832666	936601.0456839721	3746793.7578365477	3604451.6437721946	3099332.2289035195	1550332.4633716173	1738254.3028555568	2305394.0257072756	2549089.9472009093	1400239.9744955413	2377248.297196355	1726863.0445287623	2229517.459407447	1308752.2721802534	709246.1503968418	1694553.2898685744	2146359.362974777	838620.3963358803	3197517.0900332117	2550415.337117656	5198981.067398319	2679197.0979754096	9440983.910927596	3570109.180662757	7713974.511795351	2423888.8457592423	2620851.3577752933	2322078.740997243	3300999.7795312107	1924021.326975652	9323884.0364989	2636150.322154642	4200309.568903821	6434155.755097119
949_SemiBin_129	122518.29708822549	0	60717.348183936076	191178.02005409347	175044.6560361875	179337.99852067576	322614.40283309564	181437.5751942845	488138.7440366306	317166.655606506	170500.7871546099	45660.98131520999	530824.0071368238	81527.79346164332	161438.41028586793	160468.1173138846	277753.9131065711	150670.70754065114	61945.96487103988	40325.02970689289	28311.969433182956	75864.57504808897	859695.5172898603	127878.19642631036	28848.86539189102	86772.99961349869	200677.45483707607	18541.49121189982	353910.3619390354	262847.376402941	309811.8865055207	271446.53204090596	76591.5555737254	197983.10103005945	49515.202388286656	0	112880.71944444542	91702.55971460624	104665.64065409507	48953.64119993623	0	38683.87593711752	124635.72935753493	0	331637.75095610454	71586.72777097423	177119.52316286374	647817.7370076387	18384.697316892907	357550.32655667653	136853.3795675172	142485.51559376222	158038.79866986856	110353.0669116977	59064.14264824316	397304.7777637192	191898.44243912256	213728.6160248502	213615.63767015943	247755.29083084158
950_SemiBin_52	303165.60108912515	69310.47337642494	129259.51987597873	345216.37727107323	139860.0066144512	101351.52979149492	333540.30758769426	123103.82491917389	510042.9137809616	1104618.310922691	414602.2903113929	1582999.4657716271	357742.3475214436	1737265.6811343573	426677.453361448	423399.78866855125	53029.99960127898	4502159.859791417	169993.42053951902	119565.92986601213	1929464.3828280035	8519571.169633249	420287.6903394857	86545.25537358937	39382.039489199575	182296.88200140698	163612.6465496691	95468.31691396015	200764.50206321545	1818961.4634462101	220265.6500727391	393848.1282711863	160781.82514071016	161231.62421526617	1897079.9859387765	500432.069784836	266006.14464273845	309231.3701651314	203482.27122080387	337028.5286207283	180272.60232278996	115257.22796569044	252694.23339103395	216622.31355171086	718609.0364069985	214615.66087254707	285277.90296858194	412193.6987194823	206019.58644037184	95570.61095299416	523215.1522928277	348392.35468931997	289114.7054794983	122000.57320021305	177382.59423305775	153304.3046864267	275184.5701639812	712159.3738309001	140031.94694733404	254570.93820961873
951_SemiBin_21	0	0	0	190192.36913746243	0	82225.22303992805	53032.02668341414	14448.722309888155	61655.31784089054	24348.634233189376	1387.8719151268074	0	0	67788.62773573295	236197.50021071258	5043.43158486102	0	1570.6204108974805	48886.783172106785	9439.591949619527	1677.564452704481	5016.097986844844	16553.48955219078	5988.109721376553	17853.195377216554	30214.66180137674	10658.275100358085	4869.166999282344	0	43887.6736321263	8376.728790093639	14936.6356727821	26948.364956615667	26525.479392405832	29891.211841838616	6313.693591101094	4076.7509707282106	0	4806.833779539858	29772.076372992247	82303.78691323398	0	0	0	29411.029164545944	17266.89179632289	5094.7595896736875	0	12716.931293621281	0	7635.763528126996	55724.44345212837	5612.922553654066	18168.02095975547	35221.74598371648	13395.441733770418	2468.235302632735	57408.13590692489	7803.573650348812	13015.631489223466
951_SemiBin_94	1363866.4468247846	489836.88248313725	699628.1725153419	660834.1550218996	1398087.105275484	408011.33268279774	707261.6713462474	716445.4084497371	832688.5368333223	1008599.2715953541	645664.465431156	755434.3898368329	748504.17448173	284367.5356055205	927710.406199759	598577.1021646679	1945332.0899454777	1046955.7193801823	1173063.0569632193	1527139.1452018723	1215422.8285950786	329899.63796293584	750785.175960396	1049201.9004796378	490031.6635052804	303792.993321494	663601.6486576695	571700.8394770871	1394066.5956933694	648030.7214237375	1010272.1665571007	548118.7365137228	273137.11467051716	435354.04252188	266104.4769217972	271603.87999684183	546822.5492034107	241545.16230230464	853465.4644883223	319156.2750492609	326885.20643894153	599804.303096485	553094.6171662326	136246.4025642559	1355238.445277131	991710.087739151	1208629.501093523	1225492.2589021972	958142.9985121231	1629627.4598547483	1006442.208147363	852303.0822107133	2038778.935675452	1224567.1746935742	889101.7644031422	904778.22200582	1289557.6176009781	659258.9418106634	1123476.9397492828	1695386.7505591528
953_SemiBin_322	35614089.41095684	14005465.499262197	10782057.906139374	5581869.507385816	15945435.715879438	10547575.444787625	10952638.33150306	15881604.32845586	8292119.678045739	7747950.924145029	7122603.089859572	20989721.23585293	4318455.918429383	2955550.290032795	5363989.981440458	29005129.98633872	11149664.607448354	10709047.34875841	8469472.004869541	12844108.738693343	36324933.52348054	6494352.938161891	9259658.988690697	39132076.35738998	42380264.218406886	8124648.052111174	8734028.057812376	31007358.0528928	22036566.693363804	14186772.851007132	9007122.21168862	4607755.894990016	7902167.769429863	9383141.524894087	6146254.406861992	24775588.014473956	4563117.751274467	6286554.221582489	24825110.751472097	3365506.6571235955	3181593.7739077453	17925753.234819382	11326898.611981507	3017158.915811861	5945381.783733539	9914682.96165599	8531340.645267747	7912289.112075575	9686094.820846064	14872959.229109382	45591082.03103653	7986408.741368741	13637209.542494524	12526604.964553803	6420821.118970844	9118352.496354857	12301966.554806797	9633988.32469641	9821621.338193614	11062567.435916461
954_SemiBin_108	38531.69890314484	19857.15622504349	23212.649125001368	200986.19729303746	64325.40014286603	0	451117.30492870964	20871.49070086891	0	88669.17188771052	176445.32698674896	102345.48183423447	128838.27335263684	0	79763.5247607203	17939.472368873467	20769.918124853633	21153.831314905616	17750.264500332578	323036.462877248	314920.29919784324	1270731.7576404023	95146.65331312278	255545.5558778366	132177.99151095375	136218.84580798648	1005298.0186175824	18148.083748967027	558609.6789467437	0	564160.7641021686	0	0	11681.926134133693	0	0	0	337585.0566941909	0	228647.3897074355	0	21366.278965877267	0	0	1069270.0755008198	441396.3203186936	759309.4550453541	664931.6404734764	803494.0656227	246501.43286781653	540851.1312994611	722435.632336285	416475.6073642709	428329.8554465604	660592.6461977254	213228.9106007965	506799.31040907133	306536.6729640978	611682.8339036256	749257.3697200363
954_SemiBin_2	232579.1444385549	82767.81822910228	89332.766995013415	151364.32023937404	211526.79659964787	0	58779.38570204236	412260.1605867132	29419.853642006976	56584.226988810064	122919.3928624807	72470.55290916628	28370.06894985669	130429.7890496075	261201.6781243578	133686.04040213412	75801.92664878829	52793.031683654495	22381.37814593874	283648.0683492388	64811.18254219681	2744806.8152335077	142730.92316312177	49627.718628297815	80408.98161721052	97765.52110182427	23509.465721513658	233913.59023634554	186656.54049323677	2207454.8839894924	119268.42746525278	306884.5243628248	161453.46779823673	111620.59531729514	162694.5470486855	206716.77546065324	429249.34035425185	1811808.5888754944	109395.56660045781	275441.4375794983	25641.677751784082	163456.28139866158	149328.69936789206	64731.04189968976	48205.99052797881	23389.735903219476	70188.8581497279	70850.39181730019	0	217086.07448418887	0	37113.56300013694	57852.56347799294	89352.62695910077	89782.56590276839	135415.9044706926	178314.7539463891	0	105511.82202635279	136967.8437975877
954_SemiBin_221	272886.90873052075	241402.25945237544	274973.9454378019	499061.5494956637	177268.54758800633	137097.8784969018	99059.39261918812	768099.4530270372	602118.5025233399	186952.7228503112	192307.08889753354	475511.57560958544	401206.08448861976	350191.1171279039	345564.8460098981	102509.76557326433	131736.39346461467	284499.653998506	255403.7199771921	677076.8605858776	165226.1738778132	1405422.5605191926	156542.9404315471	167800.57292748755	235114.52725525707	215859.57860601664	130851.87608464174	786999.566490208	579278.6502068354	208982.00442377184	331019.03607691644	320558.6876206682	274646.01774571475	119538.37175270397	200840.06848002903	74446.37724532824	299431.17404248955	159915.2963808746	221597.3788842989	438776.66091719584	96211.44750497714	253279.49103367317	342570.3309680293	45912.88175627073	380318.703368012	370101.1764775421	181435.15240985755	259472.65342651968	558424.5048906688	424887.93355273636	296091.5379553319	222511.52394915448	438700.4169436151	450193.1506312296	442755.9694195659	275186.32076848275	1224317.870371013	256361.7481803653	188116.50942680438	229652.6915130694
954_SemiBin_346	354041.65382590843	255688.63659349937	109257.54027294873	250453.74008085448	296231.8863666405	27423.570069109424	64407.180781223185	166412.05451933274	408925.14141845953	391599.4148583306	192245.04774746663	234103.90076129592	431228.07634595525	284567.668538584	438978.4700315207	190579.45098960656	105841.73750457453	221199.73431718335	317250.83521307836	197266.01656706503	106079.02155492388	2687389.6455743103	97841.14115950324	55787.3743588994	191710.94810137386	111674.32422802497	221636.87425959797	155936.288509977	268139.86484587943	49807.37013128303	424776.4761979434	399360.6142131793	127111.58657672378	186413.0960963202	143201.17121249426	148645.63438648797	246429.27564063788	209320.90115289774	252166.21037815153	118382.03847114084	66077.49331283012	220603.25070718525	119156.97679028401	35729.505798643324	289563.70822719834	109546.73651069071	87409.74396670712	242736.0001656619	150167.1485939317	199592.72628674214	89546.01579956671	250542.50105078693	244904.5699383348	167966.04419858495	191230.81325079894	137781.04183537874	115512.5552347359	103105.12593780224	154620.48688148914	103155.06857526446
954_SemiBin_8	429622.9803889625	715552.3293636221	408173.46629064245	522116.0125425632	263900.4589677559	38700.88469636729	628867.7367538506	924105.042711522	153453.0286475822	432326.8988211485	173482.9900547369	852396.5760359057	624504.9830491064	442420.14942734834	92900.03751104065	273730.47340895585	516690.45004801115	730692.898922578	150738.63039913247	457404.1418404634	1020622.3967527436	2357101.1392919724	1057190.2727028816	85773.46991757315	131789.7863297133	254100.378537204	247633.37385507234	430408.79577802686	1257225.5171953412	381398.03229460394	691194.6071269651	615349.693201847	278738.3730564781	75236.5602288434	246434.94364606505	301969.8027735783	422726.32394978823	1587275.0686553665	445162.0557116091	339143.1088427893	0	221295.11653797296	204167.63605171407	133529.43237691556	638218.7137203056	141676.0984073105	117406.54496171152	199536.9165019341	412135.03018802404	66864.64708923092	297477.4738190798	236930.8310495271	9992.666975475673	169549.46436284442	135707.0890041907	224911.96705533293	283372.9851188933	309138.19571293815	782650.8092666024	432820.9334813248
955_SemiBin_146	273970.34738954273	475041.0509669381	464120.93138413306	1058301.8930369571	239864.28828887726	55095.87456835321	304878.7360532981	130887.04256716315	293839.61257198424	846840.1045653077	441386.84437733144	399526.3703747044	1528386.596595163	540522.4019856807	1191505.9274373602	222364.51276067115	176491.23389453822	365542.6462945001	337104.6969083228	370568.11484420457	380619.49933346367	455335.5295249574	3313636.5163785038	488259.87611475226	145797.8194509135	312142.10935776186	298007.70093534485	136489.9106593195	338200.8957811844	1409501.3557565552	256968.93596021918	281551.41647817584	100565.97685271846	228388.04548415673	179611.69276582368	289897.6791757852	281044.50244486984	186269.54789579558	103026.3559218053	224652.67732960082	47087.64004978598	92496.9385727233	118150.89258256457	70644.131044751	375744.7804616496	477916.79121183185	570428.2618652433	562827.6353801601	300181.23193956097	119154.61029179886	439279.9135498183	393195.2418094257	207524.754039764	237593.37016388716	96658.17234465598	513974.5183806833	233128.69733894727	187647.39303045883	227747.36374677785	297431.14320445433
955_SemiBin_256	137949.38142358992	139012.5108802069	124608.54690514953	1102816.8296452234	265970.8607344926	537070.3229448684	347917.03767537064	387034.91975785117	1708068.5928489107	1758622.695728878	1821062.3630956914	156805.90516357	1303670.8727786704	1552268.898676564	2092866.6757933316	326126.6861730766	509984.8983062654	398819.58965970925	1645298.0144040452	365554.189956832	160484.76237631316	1564875.8465914188	9146380.734751593	415198.77512713737	104436.18894638457	974409.2830833471	1219398.81199073	133360.44532300974	739709.6049549165	113875.7118526141	536989.6436554429	1287578.1100517404	312779.1288387878	382480.97783366457	228753.13289979546	299121.9806377681	1017969.392979562	932733.5378588641	511869.13067837496	218184.84025661874	277509.50985003205	356395.0203241861	539321.1524934409	1142730.3603784263	916349.9290328985	669324.8609287237	472789.3051563188	723716.860058107	427449.7819685732	336134.8457417045	628973.8925194993	925588.4292050559	600234.24805571	296077.01315788616	869881.5469677164	374721.9290783583	717479.2968001596	547141.3193374593	471780.8387633451	1008143.6073570515
956_SemiBin_125	433397.0119754341	477093.5980986582	888362.3278097683	420389.17898915714	816612.73484098	556962.9844103778	834322.4254722906	1328330.68306896	1597468.5008617586	2677468.4297577464	1168363.1997951225	360418.8632332947	686638.9759264488	107286.77764119959	872597.0756678119	1189661.0358719053	2303765.369349177	1256444.4975340995	2116364.7043849775	1404456.7056422287	577893.347048206	329545.71181045135	743055.671233304	3406541.534835553	706099.1613835933	307428.99356238334	465939.3653001748	254528.07660757823	886623.7062698005	429415.11119208805	902044.7800157799	806706.6586323641	697254.344432714	443086.73348218173	674227.5072850649	227811.49939508134	556714.8549988661	442342.8256011085	1175308.6074834391	367329.4500090903	199616.70410162106	778211.8568534912	2138601.0127549795	58620.91702887073	1331380.485310545	949918.9500303499	806383.4386851767	1087366.3927170176	1054155.890010828	2026274.8710836312	1630090.6475253648	1216900.5787292388	970354.7358823816	654208.6673323277	857616.2241132881	789621.9586519409	1070118.8132602759	1593807.8133855273	1151693.1737445367	2426512.2169373594
956_SemiBin_137	1467044.4655012246	999061.6211292879	1120156.165323223	1545378.5342424714	1561432.9959810362	1258825.2170506818	1447332.3216974293	1095618.5861326256	1785693.6255803083	1626870.5485316655	1216048.3682291133	1443011.3983571273	1134408.2205859416	792143.6507598032	1315648.206523876	1067023.8130185243	1470417.660389152	1313734.2209516596	1088650.258126914	1632114.78786277	1447451.8430837444	877945.582539419	1474865.8958465192	1157584.2020311304	806570.3836855658	733333.8281875553	1071876.3023936916	843102.3399644322	1429812.3980611006	873647.3883459172	1769880.9030131	913492.9949868392	755414.4121918182	951669.918232379	791091.4923902622	985666.5794199046	1037235.5570433374	1172539.939998866	1372569.7447816564	554395.23326443	891854.5629275477	991448.5204438958	917962.591037099	72782.74958640724	1323046.7050771774	975223.2023968298	1503647.1396555444	1377030.2886723182	1516634.3409434427	1848817.3785593396	1868709.7582790083	1635206.6834684508	2388329.4668742935	1160707.6009809696	1246930.1473900378	1100385.7889035007	1685316.6701280158	1414994.720663745	1425606.9973786813	2114179.2125878735
956_SemiBin_187	1285200.804873897	2584937.1681808475	2126196.499905182	2625150.658067474	3518577.2258839044	4749239.378174711	4177574.458753018	3217985.0590823125	4333969.856837598	3083661.684333868	2695015.4346105703	1550760.286114176	3356836.3872992382	1739901.869082578	5109974.850882968	4259262.042187211	3235198.597058701	3348894.0893937885	1993302.7814732185	2325927.3098864206	1889064.8244585574	1646279.2245167731	4606591.2887092335	10407932.912873803	1780347.8065404028	1574377.9155406302	2126558.402034968	1467640.5094646246	2743575.1403563065	3326505.246905089	3162288.237248551	2187299.475185272	2077937.432742666	2294816.4048126824	1742526.7788141211	1119996.6428598124	2064649.1401026885	2232048.2043249314	4119693.917902822	2581927.155724093	972192.655937147	2949697.141877551	4607200.761247782	191407.02638391452	2997929.124501209	1731157.6752642817	2391991.6199644282	2899015.6864563334	2756249.3588635647	3030725.8675160618	4313039.360203306	2741152.947653301	3566891.718255693	2637140.7829472297	2036712.4515340545	2472702.122438805	4624659.619857855	2962403.365933205	2329982.1656489563	6780001.134058375
956_SemiBin_215	1696639.960212531	801714.6769098246	2132582.287797489	2100553.1829080847	2002550.8857937518	822841.3298792979	2771502.6150268796	2764432.1919598086	2149350.6375310463	2056997.708543173	2328738.694497844	1346452.4705613838	1311100.46387795	583901.5640868016	2708289.204084153	1170802.2849742	2041588.6919353984	1439069.8795940778	2003634.4192775534	1923231.1003997948	1667843.9757653682	869192.5744156453	2070247.0193181424	1022111.9011302236	1090854.7669795973	404386.68395048834	1735470.1983657104	1275973.3387505447	2582437.86253217	1489329.5587546804	2110834.9639326925	714700.0061421656	597353.6120561631	1293694.6946145345	1400022.8990221773	2671760.770548297	1276014.9680953783	2466737.0066097993	1678813.0368554199	583863.8485312513	223173.27391026344	992648.7687640477	422505.9139205404	100767.5953369688	3414222.04599525	1589215.9905366583	3334649.097167174	2768466.905945269	3291443.4633798925	1898301.2975218254	5417269.672975277	3676714.95231572	3559990.741697775	3210277.3482559025	1064294.9204529151	2121310.246785637	1552757.3911233605	1365972.395551028	2904093.635277075	2709933.8119404726
957_SemiBin_343	42600.57621099552	38011.42947471023	23652.093288939755	94054.1367122604	64201.795684968354	0	23176.72618234413	107702.48361022802	172130.46534658305	91244.61314142423	96628.14654920883	61660.20880594747	127578.9363205495	134897.49769164037	79485.19317044225	162657.20033614186	51071.146315880396	123492.55167306172	19237.060706728113	27291.338070002486	79434.32882720264	56098.47243624669	340914.2996806982	403512.97511629184	968728.2123764936	131786.53824367624	314110.15490405436	73436.92107309075	191931.34150311048	37963.843717984004	130129.84951246611	95471.70899125238	141059.6017757845	78424.03010739056	39991.05595512886	513416.26492694585	0	32947.47330701379	37148.04847529673	0	0	76258.17020600896	136635.71318518932	0	164357.314967803	98756.44133033464	119062.73852488394	188450.17688741564	145498.6845762345	59755.45377070004	175065.58874419006	0	77269.4763363952	31456.126116032483	50623.23131551408	162447.08912613933	302899.598962578	119942.27086347007	53366.49570515329	224229.17516664875
957_SemiBin_50	2132890.49291972	2071304.0640852405	1504777.2935519975	1966364.816663346	4035529.093208172	991666.8119839537	2125258.697468835	1325889.791851608	1903636.8794563515	2442320.868787465	1641425.9218858632	1467647.1145317622	1450286.9738083824	865726.3836845275	1436868.4231740579	3391321.373239636	1551832.1671211533	1121720.9823105375	1381727.8383290041	1324079.9814755132	1163917.2923740046	1084877.499641026	1596397.1830937578	2065298.5333942566	6150188.818669804	851189.6712950199	1291491.9028048138	2336820.060783637	2098726.363982688	1512932.9175201326	1483874.4961480354	840716.7019484031	3580641.7880562823	1079677.5831189398	899069.6535575507	2865283.1946384814	990776.7104130386	1698249.530633551	1308440.0550391974	623751.7284485104	1061375.3899764707	1141465.639334313	1098139.9181256418	88396.55465060535	2245531.638555795	2698400.5980318957	2342876.9420292685	2082864.1313557671	1413677.1524795631	1583899.5477931777	2089803.0265631431	935460.1912375507	1371463.5565550146	1764947.9902222524	1515794.4773463309	1626148.8265654913	1721757.6020508825	1677312.0171322383	1730362.8473136302	1673565.3658136525
958_SemiBin_114	321796.97414965683	695073.6284209179	898664.6821510759	12329379.378904717	421624.81105059985	1627172.8619388277	1503436.929707165	1225429.5720748163	1895166.3025643963	1228610.5107424788	1384669.5261881023	800729.6041900434	2295789.3568053087	1845569.1866308672	5266314.613570972	1443849.157578635	604942.3914911955	1907703.7550454035	1244836.1808476793	995770.3192018472	409472.6982508087	1825548.9781633827	1638011.190846206	184293.17691407705	425169.67474293464	4340162.716940605	2266462.152711619	207443.84825023232	740256.0528519435	1391397.311888472	8488394.414864358	3264424.8930931133	474618.8757695935	941162.3586826625	1052136.668601668	321920.73199164495	1502074.8637325116	1904894.8551736213	783179.7480607651	1187984.4673170801	553255.5333734499	563953.859313514	1883342.9763429263	782737.815372659	4367887.095747625	929633.8081627372	1309491.274760503	10242728.953143915	3304263.034098605	176292.58929710556	662354.4795277148	5476285.3372178245	760925.7515234054	725518.3715825555	4037952.828212154	794272.7511444348	1420621.5202816923	978284.6975452434	2058108.388220351	2258514.3721588342
959_SemiBin_129	103750.19736205853	42656.52850666101	36342.40763287038	121275.8174492706	0	0	190275.65886036135	141275.45719667658	32243.949274018603	108769.54753694261	0	206671.0390819445	175050.0222813291	104426.24821392936	348871.6070807742	35481.173879073685	77450.16680722762	139580.89682168217	0	38362.681414957966	40436.73963780078	133644.02531578252	0	0	53166.477388475156	119919.72939272181	1827953.2532009971	70957.45274093913	66891.26357666063	163531.07705113105	109979.84079096939	134604.5268745908	157805.45801288792	73560.0300915985	92484.80961746647	45627.19320428245	167991.94592315986	147796.0727146229	42885.07128732103	111884.78167291588	0	58956.847378202576	34780.63441362469	84137.2163082131	78154.32505434698	0	223761.5440167007	0	0	39933.626336051486	0	0	42977.762291334904	32183.132680888586	51515.178817490276	0	280577.3009419805	0	109150.95104928137	181301.5479124475
960_SemiBin_14	1191486.4556259583	2540281.2692903006	387061.3774452091	325850.10226788337	2311770.972372587	395537.3558745462	416499.25071866746	344240.4732211161	489877.1523959242	584253.628470125	934376.4797322064	706430.5261649603	266653.0260042117	250571.8342687525	431774.68041331257	590749.6299404941	619932.8855880933	196410.27993499968	291879.7509309242	362497.5673219163	286934.20903853915	128517.85791362336	340748.9394483475	392593.9169706839	616432.5492720325	207395.67919709656	381078.2407387978	764532.2332774822	225078.76099361843	64440.47007046529	364659.11840563134	92813.4393913175	784358.2247712273	406890.8596601859	119138.76375238558	592235.3754132473	182239.87576435844	993874.9240958794	447346.94905311073	81332.36352469471	92486.494108232	359034.58867304266	201264.4873055157	0	448930.0757191536	548696.2736449474	719284.3587022583	1577784.6509006354	447885.52851089026	1090073.9976815276	609919.3824850029	240304.82998217718	453358.88907909644	929915.6053604267	74246.68551087732	183839.81869807295	415356.27159419603	307177.6891910194	320151.9492152261	282679.4108116016
960_SemiBin_192	592528.8138598712	487399.0550309729	402717.9156023204	692910.6220886201	503529.9959298796	573658.7989561125	679721.6669039665	440701.01072258217	653840.4928297669	584178.8733171928	520019.77129204926	666976.4996378146	1180037.8331359995	513463.13050732255	535796.4647494121	490351.6715325894	518967.87414154777	538451.5859011001	237813.2402095728	607528.3827505334	685296.0066320017	502608.7516835039	1502164.000608276	524759.0421716762	308108.3801387277	275491.6092061486	677867.5734308015	829165.3107233179	993084.5631302587	259979.17568940233	518032.23289009806	289428.99269195256	557526.9022418937	513612.9578328383	312000.07289276517	232846.83185199733	190650.70299184695	228707.26556796845	638260.1877687621	297806.76676179963	132067.2193152694	803341.3262753243	499231.2891564921	54958.30467845123	528437.4613179141	448157.6273328718	539259.210314392	705402.584456589	695783.6713138714	840460.1812121464	706299.0820129642	350188.6284557548	961099.8226629125	223135.61621038706	368267.23061519704	343124.64440675103	1015127.565231733	616864.6264510456	629536.2530828948	704775.8627972119
960_SemiBin_248	124374.99222980507	203788.8148274794	28297.019896865015	13803.245287565962	172661.17015728945	53026.992193984144	26195.374096682448	28764.869444733948	77613.67231938765	51994.448805189604	134903.78080016136	149968.187877142	4255.8682375124245	139208.27553419783	27134.52322413025	52615.01156188616	130952.33564986639	155573.54253284913	25822.81201777907	234279.16920523383	272612.923501776	139449.51681056013	371889.51712250104	117637.05272496062	33226.46706397942	105631.50813896245	251247.33870917337	457620.9941412071	210030.32205541417	50595.34623069306	80580.70368836205	170940.7661628172	161329.353567464	106847.03377971635	73248.39514396356	247046.688984941	116994.30345263137	118621.59691285616	131001.65895731405	67614.93645068549	0	105146.60713942029	127216.39660776261	0	30806.50527366343	85108.3247301444	86593.96268629415	108099.92245707591	82564.7015606481	135528.29628523788	37607.610543474635	55123.22837481114	236459.59696638546	293964.13829375897	184042.9281636559	169024.15023077928	197018.8953319335	126901.6540880745	271592.4310718693	206051.702103921
960_SemiBin_428	524833.6857081222	160792.10881145817	226806.25342900516	112291.7926078511	629141.7155765329	453958.5593486653	188893.50905326128	175847.4129764576	356641.07610980025	311752.7286155892	653219.1675470326	561667.423596638	185654.75137015016	31937.337576804817	193454.33986824632	154390.52617123697	426164.305326047	82560.86442874878	83265.16326842146	196350.32855043016	145302.43427167996	73539.34524190452	251887.52341551633	163585.23771171618	129567.25317816286	355449.2702742683	620139.6035945741	474291.7430643001	629299.1139769967	154699.4378583734	214834.91047686522	244494.61784749263	151339.56413303604	188039.08841025134	151095.943750495	93010.07397326204	210075.9412356803	71927.44615352312	430757.22742127604	38770.019674017734	95072.04859938099	579655.2209566146	419519.6242121266	78645.1981019358	180833.95106628837	94247.2982976421	519359.26707455044	123185.41868134239	533813.5702044112	668599.0582648343	712282.9253536916	201140.47903133545	405796.3202293594	329846.8940703238	65611.68335340352	129787.3008550303	1065816.8004326476	393369.2294863439	100384.09943654797	1009795.7655639021
960_SemiBin_641	527347.8300604853	466926.1007988048	1866332.4696406943	669027.9496711277	512296.29532667063	558455.2515075685	670932.4881824536	671785.0076444228	692555.4964513932	826010.759870361	588917.1131385543	859782.0818665723	977495.5218807083	880804.9132279678	649638.9637230459	543126.1280177638	849545.3765535807	759946.4401901019	453510.38245347555	647859.4971432689	1021694.4689189295	2339519.092938328	1272999.695772765	348922.35248134565	245616.24926859705	630651.4174156851	645597.0733584305	1544239.9828082079	816249.4882217614	1477323.9614437863	818821.0221596813	692093.3605822196	339524.6284859374	318606.37084326305	461334.88402870606	441096.8489251492	878840.4264468309	793039.3993174884	660670.3874308772	1970088.4279802907	588219.1930635221	393312.49268627615	257206.38593654791	342921.87884322135	847015.9691763163	749039.6375900995	754648.2910138825	828206.5533174343	637816.6011262842	651301.3885230653	600014.0507140514	549769.0591321418	610367.3219764042	532158.4502630105	770918.2984207007	664765.4048195294	926401.4246509826	721847.7489495231	836977.8701122123	893033.1420285502
960_SemiBin_66	1266242.8989751919	1855008.3109479614	526837.0912233714	178851.23580495102	913984.2532620939	442146.31492283894	200069.8008874264	317338.66016004997	375646.29232697707	334821.1934214474	92438.93097401559	296702.25189153716	214368.21840103052	238962.21673183635	106569.58206409721	165824.2003418532	929470.2740709697	375670.0613680007	342572.716114687	358120.4529718802	424254.8030425413	10869.465038370137	608866.3270004027	695836.8205190233	483194.10875216307	403998.06112979224	186810.25305233488	1262033.513320695	345310.50524455635	107234.1665607019	232696.37446242815	515896.3931021256	213100.32884163703	55317.70569026211	369418.27358743455	481897.4135641866	92935.26791341353	83917.20018501455	98735.54594894162	0	230643.06031232583	801968.2373911173	339530.31315460114	0	373397.89744183485	383975.48165818484	261265.59684557322	197181.29073841134	567127.2511897259	1454557.4146694413	392849.5684874337	270140.6781507239	766499.4648749403	211877.77203526045	119337.66984629803	369319.38487794675	488494.818833682	984370.9727754395	356151.83624140435	589038.841457657
961_SemiBin_68	978389.7343558759	1205897.637153443	7517806.073975565	2010353.7102644893	3046688.103278739	35031518.83929508	6917862.0249267835	5980243.43941781	3034977.363126514	1331343.6490301387	1219973.644984082	1393536.592791587	2462313.8177879667	1077272.1184642685	1186290.163044314	588467.4332164617	4713596.330672871	987696.1018294402	507572.0416843084	926129.8540635759	798286.509799107	953752.1645659088	28779883.986080904	31949711.978355955	765640.6579299405	924511.2279465912	2766319.2041504085	1598736.5062066775	72735222.48031628	1430791.0391172944	2902437.289306275	22997787.37805222	394033.60716054117	570269.0196824088	646112.923148879	457123.61120130203	1218377.9843301352	820268.1055595265	961006.9817278832	17657242.833731562	3819528.103383948	7233466.71586339	54446425.79973966	1286788.2751204977	12743321.222312808	15379744.259901727	1465920.4366751548	2684835.009870183	2181818.662722477	3108057.3636637004	5437986.255631902	1712603.0839475177	2099522.636570948	846419.2025087242	900951.4341732902	1210446.639670163	1063173.434651004	15764990.006441856	1650475.7163010724	23530306.148151517
962_SemiBin_32	38346.98986628082	0	27635.740801793963	64631.74257366629	28397.34586674031	0	39144.78960960739	19343.523464076752	71661.4938485792	77723.61661611224	36216.02319240637	0	0	0	78501.70157044266	0	35627.242551236486	0	0	0	0	0	0	24670.93330292301	0	0	18875.92694386498	0	33755.19386199319	25697.82698384137	44242.039232522395	0	0	20939.39851110392	0	0	0	0	0	0	0	0	0	0	46102.383220697666	36264.15084199003	38598.45941560247	60035.8649600401	26144.59050700797	0	46793.57479524178	49458.83835225883	0	0	0	31431.453731195666	39348.65334569885	47976.59354911827	29182.177387451615	53897.49770995108
962_SemiBin_52	221824.16643593516	333597.08433690574	561866.087506342	247847.83777755938	487470.13464972563	182813.53757921857	265335.19848417945	338151.85269910516	558750.3463228333	1434499.6804036223	1039821.9528467992	456991.1140944824	1139563.670856174	195968.53263549623	825151.3800876223	382067.91371988127	262142.7809162565	253958.77109484517	307884.07689242414	527679.379053127	350734.6956863165	2294930.930465216	907145.9641557975	151773.41609012682	191736.93976113186	616412.0718323983	869590.303856498	591652.6704691922	289615.7073643393	2545206.748944703	533222.0356554105	608694.7782522686	221658.32947459642	228119.67587105537	918020.3010018491	633581.0064793507	554648.0157295808	1401491.3982971758	476022.0079997867	318920.82233098074	206938.43331580164	126967.76172711779	261036.07117504315	181030.9768757367	711581.5173653782	427004.3155332582	225566.38727356883	312098.73608341144	338781.6603402224	101213.62558675632	286645.2618148086	485901.96637456183	406753.298136377	151755.45342774296	620175.3033122927	173732.8134030237	471786.00227114157	1546333.5321987865	566449.3541504369	407718.2054657315
962_SemiBin_76	0	50187.809608250944	0	68467.32850620504	0	0	0	94354.19541629897	41621.05794494027	0	61510.358516975415	108360.94786878151	22546.54842748864	0	101130.38801781418	48660.53224818235	38036.26300840616	115370.44589106212	0	33796.20851337708	102505.28487540866	147813.2038647937	33035.449007745505	34542.09401976252	28457.253105785952	71201.5453042357	25506.78903279478	22776.11451903052	24600.50024141198	805035.3443011206	53138.42468591915	74119.2969140055	31389.698253667724	7324.605324653638	20889.061445314714	80005.10860390398	51410.03847925683	0	47704.46679886103	0	0	0	0	0	0	0	40061.93955080238	68339.2246860101	44751.726997072255	34222.925609419275	12028.257941335256	0	74136.50582018096	0	30839.806728100404	80100.84271638106	0	27368.244956556016	19315.004419260193	122966.16828661303
963_SemiBin_255	1953001.888594015	1295293.143494577	1453616.6082763798	2448048.4869479886	3228232.7076707226	2772739.2432261654	1958652.7800668897	1769266.9903352563	6920661.686025977	6114699.24155287	13972674.373698846	1476278.6311075748	2582474.811992862	1605282.7936617606	3316100.341994987	1796628.8364234152	2461761.7089463817	3883059.849246918	1304427.9874832337	1593140.624601828	932876.6956329109	1160702.969032217	2514145.621771058	2392215.084538191	1288141.7490467413	1222599.3729670183	9545426.419902924	707864.9008609405	1840675.6505181266	1008385.1136771195	7948320.25994422	3768464.292738374	1779197.3767883542	8376452.09114107	5949916.110991558	416528.78931059985	4367295.776528148	6848312.500832284	1832909.6733971692	2488760.1511625685	1011175.7668893859	1285115.1487595637	1804054.0027440346	478055.29168991424	10679726.199747626	2392458.457164038	7410413.958474881	8499988.601562371	2533304.604492383	2861947.6648197873	3787358.2892127424	2813239.3725972762	2518894.6980993906	1883487.8076280118	4899350.274668853	1777685.9595435534	3562643.030223084	3740612.5644341363	9379179.774070349	10603132.795160292
964_SemiBin_111	718507.9604049425	1015110.6641191773	882676.3283009324	604447.1094893842	830858.1147465523	1318575.561630333	551877.779867185	795652.8592881196	1590014.569139573	1638771.025672943	338522.83569590235	771772.7589710895	3222446.2991583985	4664875.115453317	1173227.025366356	489822.36161350715	635408.8549403192	754733.3269763698	353600.9601868401	1240527.311705713	561346.7098793588	1541073.6247248247	1139587.725504227	307363.5010769119	436858.6929412193	675478.6840910731	1199588.4119810227	618890.9851697136	588623.1851851405	1806407.3137310173	3318206.1542038904	5331839.988058946	817893.9054281996	1018471.2728210838	565262.7082688997	386483.9872871665	7370501.181071088	6473044.944453364	487447.40213758306	1245621.5978145783	362575.54072964133	444490.4554662544	703338.6313837017	75553.30635474576	2277173.8549795016	944191.2403403108	2072598.3068620844	4405906.126168854	1785149.6764093952	642678.9353464349	464459.278823837	4022326.6495015686	658067.7252075444	458871.84609200817	1072216.212210295	722035.2597974973	894528.4519965212	1014704.0327634708	664543.1819945377	1922829.0730841896
964_SemiBin_528	1316117.7342727005	188135.71832677847	1057516.9678839976	591153.2927161757	717531.2846760899	264331.6821926881	419055.4999095926	260094.5746645895	226115.09123244957	319445.767673633	412774.92062904866	235397.40940767748	409247.7232132576	756810.6614530332	441164.48860868317	216885.56020602185	257069.2543803733	231355.69268377725	138771.06790665534	491713.4915385473	530176.4287667071	269784.6283993326	1757346.646550394	153894.39350868232	305814.720994153	146319.93264822394	700474.7066543613	333053.67100182624	388589.04743771255	917576.5403483957	856001.7399790694	14454576.79877518	343014.99461465346	477798.5734276344	75256.48802751498	482354.990306659	231304.11228523657	500067.61119558744	157067.94341845106	304064.28301298025	214039.19288630708	140575.86158089826	226788.73381664683	35467.807414037554	711604.9528634725	291007.4652735705	649144.551113821	1685188.5033800486	872121.9953973857	3655049.7049095635	821987.2683573816	417391.8125743127	920129.5822398979	475401.43067699723	248987.37820425915	375187.9679641371	967277.9557839407	450950.01914898277	592613.5596848627	457917.154310217
965_SemiBin_146	19902396.70129247	19414012.999235123	25062608.65560962	18785534.232631687	24749270.633598417	25906678.82375551	23960852.375893023	28857767.31488724	16031999.02628698	15674267.849216396	15647020.747631542	27187238.291212507	14317085.434589123	11904074.177190006	13646995.41806693	14481936.26029407	20456992.228110507	24597435.698166486	20559219.834626317	24629390.07842917	22025426.343950003	20416616.422833305	31245686.24756301	17787782.811589528	15020219.107719924	10562954.68168839	23456290.354980495	16987482.830654923	23405547.85440636	18427479.75792614	19611155.3896446	18968290.097181812	18048945.382641435	10294386.192353893	17650790.222744886	11701523.207500968	19847877.475230496	18550257.65967075	29699230.948940936	7771657.1542014815	4546123.796266237	15875865.667834101	13485201.792309824	5337080.26480191	21364118.89876937	19174712.049704064	17153721.80561001	22260946.863349386	19321310.13533339	34662465.60773392	21709718.193953197	23297307.681194868	18753662.058684923	17579762.30541937	22767092.694713823	21676377.007255085	22498289.86754206	20980420.55403063	22635294.210556094	17286935.37437466
966_SemiBin_49	243699.2784686398	98055.34508838438	98972.83011223483	554978.0880235845	376177.9900135583	128191.13632584756	516076.5659663582	579951.1602237666	487655.3396173997	377885.37331899535	233167.20715741013	457308.67626246717	918621.8828463729	465437.9515090724	2084558.003922017	188692.76236471007	235220.47030888245	1373999.2667644473	73067.59744738285	137357.48378345894	106149.42206806615	489939.31394189945	408997.8978704837	286081.79494281573	85760.24763018839	145571.63469722585	201830.14249467637	49309.260601039496	174190.33841978127	147288.59136905958	567022.3753832174	275612.880776556	58977.23888717963	1421424.6553718848	83114.50150338902	73055.83343156113	761191.26180205506	484189.3629132955	141581.95629812847	300006.8060190219	0	104414.79669985143	164440.21538096384	167391.97609546524	546053.5862934825	235485.2601276126	866282.9526579583	489028.51751301816	1429877.074401879	319739.8070505912	315462.82654773333	499475.3189613424	144703.1416914411	96018.05658592383	1265795.1519027806	154551.1530923829	425841.9429001015	300100.0122000433	268676.01467438764	554691.136865294
966_SemiBin_69	965371.397579856	804937.4800354623	1089895.7190577367	3737806.7343079564	1969612.8419424945	1114796.4663273639	2695071.4306365564	2551675.73780564	4363755.063137531	1964330.2505075808	3875193.392207495	3281125.822575079	5585089.990386661	1129716.9801916827	3054809.698956233	1406651.7298049014	2244515.393711094	4224652.608994387	1150666.6774076081	1879109.8471919086	840005.6785305248	568162.3354397375	2206205.9617593894	938358.131994686	949561.1456519379	1320905.926324277	4744386.126493975	881975.3857771595	2994427.8537999727	610853.8424826204	4611183.157617801	1790572.4854628695	861768.7312016918	3670697.2460272447	1643956.096654901	173101.2405434599	1214855.4786937372	3488748.0332026994	1327940.1080211916	1257221.6912630922	638193.5506930065	817626.7512467804	752935.6969940305	372468.74266524403	3952641.78013095	1900569.768626061	3230173.113187674	3605486.637694449	2972071.7299624514	1503307.9737696052	711807.4420330212	3130154.42403235	1349831.2340232036	1372617.4852671244	5210583.399656828	1987880.8894604864	3988621.5688799317	910895.6437946246	4687850.394965473	3739156.033808875
966_SemiBin_91	586011.6873701925	2316983.980612847	227287.19384377712	1599234.65124059	360301.3511484538	188795.74885329133	2538952.7437681654	612898.0362114565	1185441.4839011787	1211244.1383040247	352557.7714487497	997525.698450276	4109570.9510630243	792376.112194937	1118721.0944993263	198202.3288715986	171307.93074257052	1332580.059861194	130211.79739286413	372592.7997229684	1540344.9006924545	3015006.955949902	1887446.6560857717	72869.5521041487	66040.14666381996	227636.73267820675	326197.45196658943	423867.92657735397	794770.6641497123	2712780.6341496166	1402806.895809728	1434487.2868332036	422962.54342326184	1754457.5709653175	1336222.6851187446	778386.627748474	2347194.3207300864	2292166.5414569676	320709.5134636071	1955485.4543856345	722267.2762924641	181945.9852002657	169694.87063112736	33336.49035228089	1385279.9539036872	2704269.7362021008	1554059.3812336496	479768.9191844937	2057286.0885029184	297838.8653903736	820604.8692923517	361199.62436619826	208666.46683199305	136515.27718780955	1443434.1193123346	1558582.8050705506	886375.3778816547	966793.4970080057	798362.9421048947	849131.848716165
966_SemiBin_95	887583.7793810802	1005806.9926623187	737588.7624786461	2641610.6155122253	799229.1127551477	879292.5345047284	5462240.0502872905	981892.7635394499	2437982.0816769106	1639269.3385694504	1607383.79938592	1055277.1220719558	2721272.0529798535	1698868.3332426187	1095383.2449460363	930176.3897664343	831761.8806904573	1247792.6480639903	652112.5460633974	1310652.5114205845	402885.1793732408	628665.5836858724	965229.9469876214	694451.4912276983	858589.7668235482	1121033.5338340283	721058.9308705127	918224.6732696354	841561.2990312554	2862583.2849542503	4850494.605458198	3299792.02443087	984693.6525774307	6712779.862487312	1389499.733836427	320972.8082098643	9139870.493994212	2503522.545882402	770066.9290950552	1253663.3587328086	928945.6302127341	1000218.9800368992	1062983.8717128204	479409.69249592203	7459474.131038934	1467918.6201908588	746389.395782264	1037264.0536701779	4403984.059073448	969363.9880555832	801077.6313460622	5772459.654830053	1435755.2526737025	753221.966373716	4073993.0984049686	5973992.173046725	966807.5920273424	1050724.6888152761	2894269.147872441	3004874.003382938
967_SemiBin_89	7308332.418500771	5711304.878897753	8040431.016529711	6113549.427996333	8252279.561140131	5362564.772084453	8247720.44412088	10039424.054469706	6882598.010179114	9712962.891144192	16359461.222992748	17612873.702436525	3274367.992916611	3189792.6531595713	5616920.491639206	8877851.08092623	10346090.63780379	8562192.051168608	8793546.257362898	10212639.050748983	20819064.59037382	5523452.194255756	26056335.592890695	7731788.033427954	9168070.7703743	6687092.210317806	8001141.561202255	5797501.3539408585	9977046.277715417	4073962.9087096504	6630038.906080895	6023284.482164214	5630353.672062525	4956312.45991827	5082448.885295528	9215007.284657208	4224991.628205291	13819031.469170697	5801793.5885534845	2546994.825262539	1641700.4719817205	5017024.53304234	6795405.58220608	1280093.0280616018	10768021.266423859	7415652.2442065645	11003927.453839015	10520857.6661088	6238556.716433905	11569042.655320864	9896000.365228659	6235476.371769642	26512981.209912125	16329042.484531382	5206467.593530075	6356716.684228004	6844970.462076654	5777798.1713181995	8459957.516458303	9143637.625606682
968_SemiBin_116	69427.86359145844	115408.25365921142	98331.77719223707	1182639.7663500747	184485.65858494313	75977.99617024964	85869.52228190415	162886.71329564688	469316.38182390673	425122.4729687437	444773.6030922128	130703.99823441241	556130.7506458128	1637432.1204167847	1303903.5609818958	159790.21843617127	71346.49401893851	44071.515852363504	389013.1131100588	151020.49224740543	117473.14381615464	253062.40718537744	268320.2077891276	241147.9154349452	178224.80473334898	116810.97069005255	72252.11721134317	46318.590217367106	155075.78900027138	285658.11103291926	645392.3533535517	577381.5521335884	93813.27047425619	413929.7499539815	103634.413669452	1806991.4928228473	274132.8648429471	42428.51296462882	124071.08825448499	221130.51837527077	95054.47952862395	62405.62964684717	213964.53663354562	20518.591624350476	306135.3861058462	148680.73940031102	277591.90659133706	608895.3926979137	86850.57599633615	73508.09628093152	987467.4757354415	1296019.8320012388	247141.67421153878	134471.78909102915	88258.18259710204	190064.80479187425	202547.4426818315	222509.74180650013	286790.6127469111	379409.92425786954
968_SemiBin_131	773243.453926373	1189712.9458650737	4446696.149356478	5102466.8286589775	2049825.9298866398	2377381.3314730045	4847803.296870686	2549153.173046267	3127502.7972515277	8327399.351066668	8362537.64408538	4355170.298492375	2979875.092012825	2713580.148088659	4252084.4174377	2199911.379547382	2589298.5831374726	3583834.76797013	1532449.06990468	4289063.92228591	3894111.2773224316	3195734.4281493756	9042078.42309447	1356747.2599435009	423610.84097247454	1849471.261755576	4384680.088171994	1979856.9921659748	4811869.129702851	2187258.637609172	5577213.227728361	3371272.892414581	1827257.2913802464	2726691.8215428866	1564374.9565410786	2227104.2951175524	3251795.3904656963	3892930.653634377	2113192.611043723	2526323.013987729	2019966.9319350992	1006695.9134867124	2520597.735297658	771667.973763108	3384248.8096686867	2260345.2406358523	2887553.120973418	7042875.723214714	2168904.609062522	1968486.2619116032	1648807.9951786117	4203950.407732436	4309855.7713459805	2929047.860787079	4046576.134644591	4569913.633094189	2920042.467896441	2850836.098610794	4052613.756533362	4587552.634873197
968_SemiBin_24	386955.7718210954	76859.08483971594	27521.781656441002	130724.29149712183	665872.8958221792	190567.14831328284	238314.98505198138	195894.6962284282	58378.5157116133	124871.37045028231	272384.27899154526	238612.27800693634	158941.65014010476	0	248534.18743249774	161289.60773601255	249923.30911365154	213108.07105113665	40918.83600416909	137666.32497529988	882541.482611616	106475.50513858382	113272.13852141322	84476.75721249584	38195.22373526253	281181.0940545927	81500.09970490777	303811.37753463525	285884.80684827856	317263.7835845098	70667.40330802044	223331.56259071227	164002.67623983204	69578.74320244371	89521.66535248407	591204.9288212007	106902.31725787338	86284.21431803625	155975.61599689574	44559.02197519875	0	65084.32677948823	73450.81051783444	189898.40209180367	118302.34930666818	112447.45402616354	210256.5292931007	119568.17781540842	298380.9197714387	103469.91284679019	274801.4721605195	64284.215142643785	383159.7328851367	201174.78526951512	76938.12995135093	36278.96852321476	367988.22645496024	50494.23178747552	166326.8563737526	215871.5585196666
968_SemiBin_313	153921.81565962895	212579.26177262896	461267.02001202205	991909.6773504373	490824.8020409907	296402.4058470505	853204.7402264852	504748.3096232123	1161726.6704054913	1495285.8642207885	1063012.4169717447	709038.8769083994	1246545.5348705407	1030625.5339557703	1800755.3992887842	697722.9076853096	577121.6079081085	1117984.5303303956	483003.7686926169	431641.67041667295	390557.8553162357	1099794.9886320808	1248543.260069512	522266.20293887245	219586.70363154932	515632.81126247294	1075266.878109646	259422.34232125885	590592.6059218901	993020.1540556368	2040250.027293073	1439372.1033755327	442591.34018536867	805232.71644818	929792.1303736583	1234189.8591616156	1408756.779381969	1043233.9208279633	769083.8303453325	1359149.2327102323	380036.2944226033	488460.80504269304	857464.9469447255	151746.84658330947	1360658.5906466357	536045.9428075805	657168.1057037408	879546.5391694362	831904.4122471795	627133.3147206274	900777.4148188643	1972409.6723550449	710639.077258053	578969.1786237723	1182153.5320627452	712900.4008900352	831363.6476467613	1009989.5702775536	1049198.4985275222	1498933.7691686293
968_SemiBin_85	635635.5794895926	420655.02854889596	440155.40154622064	588945.1360352999	329658.37527793477	190182.36175627532	634078.4524213269	704855.4344750437	799699.4075379063	745118.0369922885	811683.3751305314	570439.0991290576	765054.4782048507	316621.7866309443	732162.7767452963	489272.47627140733	547314.9634185808	928794.501716237	251389.77109186526	402711.8572460347	865560.4524754729	482730.0825536955	695095.5382223884	390253.1484926101	189589.34623815815	388818.657194354	521965.7312659674	508049.665026643	873217.0904716331	719171.9089285412	523475.72402151406	384725.5705908556	186423.03792457827	469868.47656654683	790163.3403035579	1720490.0189334066	504044.1607624531	603777.9031820169	499514.3606046874	451548.0086259558	90186.36201626102	228188.50824000605	280475.78402231715	195562.5565573466	870039.5977965385	351610.1142697433	435420.4314646763	528417.211371351	384498.2759664256	281917.76895190217	354056.8851581119	405542.5893851487	369421.33353840397	477229.7424375623	1150545.9308675714	623214.2979890385	616507.3917498578	668358.6295302714	362544.59829393605	556524.0228418141
968_SemiBin_97	245280.14271352818	369534.64883862453	218497.45050958777	1126413.5422257981	648371.6730050574	329538.75819215894	445418.91118833236	301386.19286270626	971627.3363452927	732061.8049654958	700231.7936499767	353645.8718429225	867359.7659192971	651819.8477548317	1072731.4410877598	511679.45275038696	595985.9507390764	677174.3565926452	368713.98812848626	545781.4924162542	364521.89398790454	406349.51194843755	888926.6980579441	643926.3644468491	400544.61894953257	387035.43335830455	398428.448490145	247858.10995820427	542172.5889357852	486883.638321332	1001076.2148933262	606852.2497814859	267898.42653742194	471573.8660889699	425927.56716988294	2927074.3699797485	647489.6569763828	481472.070368623	545185.8792169912	397006.41018563515	186422.9563776537	274015.62904264714	477967.2939449539	152464.63018370705	710126.277585203	264719.2308719685	1208330.3331218213	533110.1076431196	1398447.6295651675	702291.4511067953	768772.6028696159	972000.4656583903	840277.817979762	671026.3519242773	509818.4315140644	387455.3198184951	871023.1181664298	626791.4938933545	997553.6906358665	1641581.3449114426
969_SemiBin_208	736586.713484665	420070.7106292664	699292.6757623184	17829641.776640665	866733.5307024128	827265.7206146838	1515037.543548968	1110531.3327704354	7457070.748180647	12413637.52302299	3421103.8378005316	2904055.8116510776	30884310.718576357	14174422.424388997	18557610.67664692	689273.2868974066	1306573.8318614154	2150377.4248583606	1682654.900865464	1120987.5917079824	550756.7176495048	1652723.3823782462	9038295.591921004	851255.4599815935	371357.3068744703	450452.8041518848	628429.7405053157	330557.7850190415	785517.1607321042	381209.2513612057	5655057.432227961	8732686.116637168	499941.59643708874	557192.5411910195	408359.4103129908	393582.59982473205	6596233.799765989	813892.6992618683	677849.8954496328	10771067.970064849	2063920.7853757024	558131.5943987328	808389.0093250609	430497.96346644266	2104160.4589184537	782713.4372199171	3851114.2980937455	1900280.0492672806	10447627.761565523	1187561.4213223464	1375931.0966014056	16739470.778856417	1196964.0789029365	725903.3162892835	1532193.7237946084	1413953.767751042	2062590.049596465	1017104.1573695034	1544465.8630014895	3798324.9059305564
969_SemiBin_225	893310.3964126811	174609.00288776265	249913.28256241226	133766.65066578254	294764.33048975014	197004.60476027362	998080.2825320624	314334.26050843205	499199.7604392781	1084476.7957175157	769782.1672291985	816526.0137572632	1072467.7059328374	263431.57868424844	862855.9951202308	261903.4167689948	392452.7789069617	434690.67165022326	356011.5515321469	419184.4505116933	413769.6715463844	849896.8610822675	691359.2851669345	254277.98797488317	50046.41406987505	111782.38409369995	568011.9225681202	181162.98822854963	1248836.558186279	185769.95539286768	1024299.9371553845	612270.4679082348	184630.42278415535	424568.0800007355	290634.8624512329	181182.39653176995	466502.98602886224	540872.229706263	134761.24772913998	591573.3023023821	130544.49929490365	41891.50236210896	48160.80533076015	270280.0016860575	443163.7970971359	822614.6570810381	751028.0315258524	705058.0655144939	1038016.1501352936	200549.88163789167	498961.71833001357	341407.6544487997	369391.5793915832	317671.105437392	1208332.4049081944	796515.9214345781	891801.0503859567	372115.10660155053	483678.3065341138	1068493.9452159072
969_SemiBin_466	105912.9371060692	31604.588552071455	65173.96280019442	215651.89421661926	170031.26515202684	0	16162.544333245143	151889.945644824	85539.7810622764	182067.19440806692	99299.47313257027	96216.2584458259	266111.9142490714	33963.43765137853	137146.92104891752	91698.6846155005	123933.48596497659	109622.0434658395	21733.541908422318	94402.4615141659	68706.42332605063	118488.37783093927	40935.01441441673	70831.18589019522	34470.789912393855	184699.45628400348	85477.89536124554	119916.5047368911	73599.07144521426	150441.16208816075	151324.12481651487	313953.8538619999	286107.7115994763	216442.2099979435	279519.26743357145	170012.35652397704	552413.0829856222	321610.7966967339	220336.02436555218	258251.83853485592	0	220255.06605373215	109180.00220988439	0	170868.97114817097	21679.260702101314	162013.52967715848	178527.8197557122	141272.5516022122	73357.72831252082	0	105269.1883432999	56639.082687746515	64120.10844001785	178740.45738439672	69861.6988598801	172768.59443053463	83255.04786709504	77443.44261003404	290333.53525686625
970_SemiBin_111	372688.6612539462	397072.5026174347	575422.9039310175	1467912.763392889	128646.240805887	108536.29367865445	478765.9901968865	251457.18435774732	1462876.4871734993	2527515.484649583	1021901.1837724159	1448023.8061767232	11792174.266694319	2251716.845047216	6107295.755737232	502118.924851749	356751.59342679224	464890.1866768892	742453.517436965	346033.7367165179	364085.5504866617	4095256.6569961873	475357.60019069473	353778.6083532367	276103.65515511314	401212.0909168227	901646.0846472176	468098.6233509716	390946.444661306	1497113.4592305736	4846056.861598935	5005787.836571275	150602.89729890722	396603.7738208967	1744917.9858321082	268249.71286249335	3881665.942453832	9618892.57153551	451065.51050389634	18593825.457352478	3458863.7951074736	474174.941862006	276436.09782725334	366495.8875209668	2507666.964916212	756356.4696086124	2068336.9490187662	3295743.6611817577	773334.5697332877	691922.9453716218	1178443.2907314203	13546265.491510294	1030982.3259564134	766938.1129448937	4697055.331460179	2051926.9491623791	1040249.8998070688	1096597.5634565626	986309.2164483595	1432217.920496046
970_SemiBin_149	117509.25450712025	69340.71903808399	96328.52846527626	266130.4451066632	248573.8315363478	0	341589.82758702425	177524.8131208913	265108.04349007626	374085.61853850423	210942.24422125114	241821.41095695103	427698.2190420843	67831.57004744175	160180.94165878784	236033.65340242448	416900.281070633	79656.14027085433	424053.5036033776	213189.7861786355	326951.78345919383	92031.46372967627	151434.45542024486	606800.4042729529	488971.67088839813	160671.3225560587	196242.6843747233	223912.25998012023	280878.1375283163	92065.11987052331	295300.81288462225	61189.265355867254	67134.22533905356	412254.1286704506	81250.26206612772	139190.63293023722	107062.19193919649	417284.24598547816	43924.23355906248	105800.38262392895	223111.37696868216	28349.480906732508	38459.67829194042	158645.15744336296	470508.7089345516	683214.8628356471	513292.25555031304	280562.3201323213	656762.9207234607	218625.14175564516	377110.57154590345	1507535.0864184054	531197.9275647136	350747.7654704949	695866.3319147099	596839.1882138388	703368.8755181824	238163.2390175691	491163.34611864475	482093.6117810787
970_SemiBin_53	79436.55358608837	77594.68348478267	28277.2006699734	596797.6501133201	315960.18976290536	0	260635.3816024535	178808.8101894509	167005.28475240135	597296.3593694071	1077820.8725653484	263307.0757539721	77688.65210803402	276803.42041941267	355610.1046935598	101423.43462519182	191468.37204303074	135195.476392603	20559.186717862358	373332.7101153115	82778.26627685568	104458.87618150572	909667.4862408745	23805.718270008136	30536.795829395774	227968.8762234157	506761.8082040941	120155.34879110008	523246.9335918345	120053.16425698946	402546.3182363849	274815.69253608974	327055.45619047753	384330.59231200657	176196.1081742758	179857.11102492118	343667.45912201976	955204.2067552437	317208.04256138817	258400.46418506742	190557.06687502618	223325.44972657628	338572.4058324523	0	48921.87641313758	12284.315723893313	0	713634.553187207	143590.7236338473	81014.53749349917	29954.42440819607	214448.70088919165	98941.32612594154	99129.209932653	214844.2477514797	327953.22093826433	200334.42548641286	54718.66131424743	59498.97080203604	497788.3175092528
970_SemiBin_87	75250.38758599706	171949.26581770324	102302.82115486333	149699.53184750644	128937.69080107035	39928.426349188754	130824.32216566108	179235.52515722526	152167.51660168084	201943.12325622627	297011.3019286616	353177.37944254314	298976.1697948697	92575.26795819114	350790.64972945966	149654.9705602508	164822.03194747755	154985.34018952298	181849.31703219595	267472.90949593193	163894.8199622354	260412.10324739286	251395.83839013422	276369.3587760763	78317.8126160193	150798.395938778	226993.13936253253	124088.61136406194	206331.6860890641	210593.45945587108	232119.67859284638	194527.04153257544	246447.30444745667	261756.27023618328	152346.05411688972	186132.78814045366	341594.61498605297	1124456.3132752012	318829.80530430796	132114.80746069088	0	149189.71537852325	210538.90548549383	53083.303495934175	178778.62332861667	93949.01167972818	162159.73041530018	200799.12650492456	150407.36344863946	127087.40722623459	159339.30589186627	181610.56858633694	164474.31137060723	215759.40729873063	541526.8623458925	123427.02395470766	179427.742590214	96781.70307708775	169403.23840412407	326977.98563012586
972_SemiBin_102	467026.54818975134	301609.51661262504	644265.1129347946	366384.249695453	398294.13708077965	246371.73745793206	642698.8943520787	726073.0511085652	524516.5824172173	388072.28311832144	229789.92309314615	619627.6704623523	233999.4164522477	145652.58266692513	241407.39590170674	391224.7272061299	536956.3976148756	215968.41701625782	262140.1527548621	475714.6473251542	133346.2983773867	232046.4433383379	540378.7044449146	235169.5363285969	350355.272529706	168653.1078487569	91335.71313901033	138297.52962389635	258896.01891471038	95938.76572935143	906301.5058990153	34447.806044147765	43284.780632905604	505029.25500732264	265218.27884920524	106962.20856189691	209922.0927283939	140251.71251952896	316213.7179202763	883448.7721394526	401066.94554268743	151282.6878128333	220609.04092602566	0	458457.193517548	279432.72710531723	428540.2791330309	291637.9719937017	269110.2083279176	409556.12666937243	638729.9447178936	688047.5164637598	608842.8927166683	351763.16855251585	241128.22760562168	296011.39977122075	418404.7869303669	316751.41787791235	360711.76379055745	258938.8053583304
972_SemiBin_103	273662.83565112157	142196.8837327931	202851.09595217594	485249.9476171685	286303.6006168615	685417.077369794	418951.36793600366	295026.0938377831	794007.2832859793	658756.045318311	570721.1551736527	323854.24729025736	557893.238577036	603607.3655668864	628804.1956791566	360258.5094824532	387896.6194157865	611500.6611750295	323283.4702859335	391673.6455663555	199189.1398804533	610387.6362399936	220040.926747941	69141.3505465751	229506.24953513476	100132.55170831684	326190.9380731633	119621.5049677051	364763.86184933624	275185.0037713143	624615.7602777284	230523.10797244956	101178.08336270068	447898.912224774	192664.08719719862	355338.73403829115	327141.4303559922	705075.0511370054	374415.6894000039	209429.73127822744	421133.4656647858	226883.1643081645	238015.29151237896	36738.15050539221	773872.8812576998	440384.1840349183	618732.6669521941	704230.7572250704	542191.5580536355	383932.82776052976	757714.2678513849	777020.6596874485	508302.9013434901	499734.8441613234	234950.5517505635	310742.70518325723	549958.2104829155	568536.8446291608	421979.69471330603	805686.7790369374
973_SemiBin_207	0	34298.68195919192	18668.584575890265	0	0	217659.33061555776	454961.72059986717	104639.06955406372	237855.90713956312	355392.2219996017	830410.3896107489	353601.902163393	15552.912973437415	183027.81979399011	296962.2861410527	214137.47857150206	601191.0429046581	277451.6060133258	125812.08337181469	185718.7478371964	0	35178.596776138496	721054.9926693251	290184.42339118745	165750.70393040372	40165.221445935545	245190.39173562464	280537.7789875477	324443.34190605493	67351.0131851949	535503.0193043093	527578.6451568883	81828.71548720557	195928.18418005938	95183.091111625	170104.28176034015	124642.22148742045	383717.48887915787	286572.3792151296	389823.51951323403	108137.64998961108	76855.53606845386	27220.83150312889	0	344850.80095464346	199934.0766781472	317068.72639155743	328130.405680504	223803.64959916504	198141.03975298922	348396.0745630476	512201.261787918	23218.0816824989	547495.1531797455	684877.9589996174	280163.7693528557	125772.11536899472	311644.19816261705	544359.69923538	441126.34239371744
973_SemiBin_307	1393667.5658754345	1470641.7029335308	1018260.920468804	2089350.8927753083	1322298.3991779364	1642352.05838313	14882910.910332857	1365093.46178558	3906558.2653513737	3743215.1674003624	2562091.1017622435	2355371.5017962437	14439171.412654303	26767904.02408892	1490262.8193629326	1588715.4407068074	886845.5006531597	2579443.7726906533	743876.8844285302	1509947.5367257255	1463129.1037650243	32516261.246849973	1680247.9878676748	664674.8234650231	1168675.536384501	1071072.2550181116	1285289.0867809143	1198467.3219643708	2883280.5779526113	36257057.4507041	39806679.69077411	10823516.917419683	1685597.0099292626	1141127.4989396678	12732564.973978177	1408493.8852505398	20841597.977554508	2373811.618305133	1423636.6400781344	47689342.28235103	10202465.008259142	1850328.3944439588	1971972.5785740695	788100.9396850487	12043357.381663753	1756514.8173473605	2101881.285891797	2113492.861024241	3030348.918758721	1500138.773253489	4312426.610100474	1346909.7435322062	1369119.0906426802	1010225.7719111788	1869610.2774023714	6944153.394563532	2767736.235879282	24337392.92254448	2607783.2053337013	2774207.551709296
973_SemiBin_32	40602.64571122875	165209.4196152227	48095.42360520584	38827.059163422724	36715.03820677643	0	62113.14092704559	36486.256989218266	102509.30017883713	0	0	31551.526211666045	79147.99377674676	76672.99382584351	30442.773456280454	47916.9153578143	0	33205.2127971167	0	0	35357.831212711215	289763.30009262974	510253.4156727273	0	47496.07097335978	0	0	33423.49417015808	82708.10213245923	0	143585.57936231286	28477.55772551918	0	27204.57482958076	15831.9884847529	0	82317.55071674	223831.80089919362	45643.80028017725	48002.88601132702	0	63451.039438924985	40784.515963053724	0	63814.44588602152	123171.68512047073	95223.6057439034	0	49332.22243578724	13904.605053389194	0	0	35571.28247342803	0	44430.28312938288	203090.96183481012	26544.073069084858	35145.40524362673	66608.31579270054	59051.95795860747
973_SemiBin_47	2245754.016147266	7507285.46197986	5331826.770970196	1114172.4744066945	1071307.5369307913	600845.4739068389	13176719.724421887	2362352.931232738	2587291.0549129723	617565.7551872719	4378869.660010305	4019047.943862133	5041665.7448554225	4820894.516951611	596499.528703099	4399065.124707191	393872.5946026763	8835832.468465704	573517.0058605954	295046.26240863604	3193221.5070457277	4845900.00419401	4036026.1647374923	337715.39125414187	254242.43964506697	6090468.170356567	2126975.0809736177	4940668.211780152	7009874.4549990045	25204905.94666194	9002561.54076462	6107684.329019833	101527.03702988083	518204.49138966535	9450662.133767312	9775559.411264796	9791908.220329193	11624614.874792952	370704.5024429708	11157194.509488836	4087187.8060133336	304194.8558535137	394608.1379247765	787539.9275119199	3452587.7606880204	1330369.9644218117	2737241.1911093653	446351.4824711902	1284063.8127139923	179903.7622430221	2622500.688713225	269320.31187024305	437358.29829530406	321577.8777879527	15601008.284905592	4081618.386815394	1423397.227965465	3388357.0451689633	3842262.773588547	1068306.3480459696
974_SemiBin_118	174126.74374729188	107249.39152749167	123614.27470670824	205148.83411667898	192976.5545134196	172784.34410779443	161196.38235138997	180121.45222539883	349326.4864985011	228188.20622699556	115910.7902284649	125409.28181297351	346194.71926403523	124682.07912829524	226491.46124250608	207912.83149648766	223952.67945976582	85472.10514437278	72427.43023785314	270784.35236196395	172761.68238386107	0	226776.16200208326	158210.56070937897	217092.10986046112	46423.19252771395	34822.273525663906	745637.1113509104	121933.8463393611	35470.26927918678	173549.58805192696	41073.576794748056	150539.5499156706	95735.71515549827	21305.51978597038	101899.63243040242	101928.15239998575	85421.73247320733	176525.28589201628	22121.663029037954	67794.1844987384	433844.73942246736	328795.96301808127	0	272131.73506557674	82366.0112930701	147740.42310866548	178693.83786934358	260347.5893167861	254272.7695268698	329751.30764039815	159219.9062153623	190665.3167495415	92077.7248001458	111521.10938358787	74188.56947219025	322168.1637265198	239035.1325537656	152764.21160478416	381497.09351749095
974_SemiBin_337	559652.5964635005	341631.750635638	316086.26106769126	282497.53049398906	696298.6383510801	343642.2457270661	403416.208640437	436210.4807502262	946834.2847984186	779932.2947196772	488168.63607481087	277536.7465039812	379277.57354076696	69534.42020132499	550724.2582504882	532556.1175264238	764672.7663123785	338691.0116406068	525955.3958963322	541487.0513997697	417673.68297623325	39424.747648548844	327318.1936686725	954684.7331868975	419760.4463851605	211626.47115252388	213842.78519969955	333399.18354312575	281946.2575640336	212680.44583663353	374518.53801710694	297241.7339910837	291888.6959196014	257190.2391774378	286846.91799341165	223458.1411502669	183453.64394045883	220280.21665549016	692791.6149366354	169526.237853253	78359.78677505313	1562498.4766785118	577619.849790987	0	234891.67997589512	564426.7612965291	302535.0179743041	441622.41705022624	439389.0876282031	1387243.9335386367	2641693.3176139286	446004.02832344396	785973.5818284635	687150.1325071917	112730.86832787875	324719.03143792774	1175343.1142578926	1162223.9801444376	261061.32352737268	1273023.9206707955
975_SemiBin_73	267081.7541062034	534332.4262411314	454224.6784643809	523312.4614822218	599412.8879397613	388141.9576077176	672765.9689118606	469711.87082339753	1054733.2660716232	1452221.9354578024	1441135.1502940315	599650.7377600297	1010883.5140006228	516744.23745524755	1022006.1040184869	341409.6344134993	1390032.4513172759	553252.4236534934	278145.55345222773	1067877.9546990227	737416.7696130815	624443.9780886759	635579.9938640787	699401.8065668975	342104.24507151946	309269.9575993919	540475.6029050336	348088.0103071885	503703.81503510574	1137570.7371105137	1068634.6220710117	977623.4185407296	339067.09148493473	548735.0771093223	344169.68466913974	246631.85066725098	990299.990218887	1404474.6644652276	785985.8761163255	1111380.975650446	336438.31456350023	478587.172405327	2695565.8989359704	236915.04785533148	767071.7842783913	710831.8814347305	1647784.4726803093	1685030.5257070612	984266.9510348474	333455.98406943335	1084675.3424565995	1556195.0510941665	1089578.774894628	966659.334594709	1120316.3139513917	734599.7849083883	865849.2212645198	942309.361985425	612381.616922798	1145294.9685568362
976_SemiBin_228	372816.82941248984	443937.4182894598	242555.4397058301	651092.0794692383	222778.6322156553	234320.52090495336	748647.0361847839	459986.1708357912	853596.0578123542	517390.1956508609	585213.483330438	708415.1626802565	570747.0158221188	330464.09649117163	899929.8000142525	179080.50250403327	494578.94578914053	587474.7493079137	462222.56628997164	339860.18754495366	572468.184715086	509276.3358897303	2068796.1363401152	501587.1637510986	169052.38777102297	200329.87345716445	350150.0027436158	273293.3928581794	817944.2028078118	568598.7572794515	1051521.8632969123	233362.66272212844	161418.96426923035	268473.6611550647	314404.22057162476	737027.9585779969	244509.0297578103	627166.5622814728	176537.59121355973	561463.639339899	178226.91194115384	172446.71936433204	175204.40042832	253944.9115241713	1005205.853402844	540377.2303301187	536396.9261755644	875850.9238731256	708587.4010281237	574712.5532181538	917741.0114906903	569381.8192067535	460484.40715436626	451511.62659146765	1443596.3084117067	500041.85164039495	712002.324839842	645098.258310933	792842.2833753766	926998.4669875455
976_SemiBin_24	28585941.400414985	35101775.870909154	41447171.682723746	73195527.78574827	51458207.50442421	23658575.233972955	73878509.21122853	56523692.89368798	46693143.37307754	54686764.37823011	61307578.177923664	75544179.77620888	74750101.88295405	41112815.38088279	68395309.60503669	30821235.88374557	59985617.07499805	56941538.53081258	13921641.719278071	69170263.8441221	105431345.63402803	102456275.41081288	113548089.81893559	18462903.853199657	17162647.071418844	50812181.88370472	86655693.19032164	33447014.208548732	61027361.71624263	14083367.808365116	49180941.631511904	37758854.02066601	37615350.95262202	10773010.57441278	5596432.17635635	14314209.210399773	12242342.642299673	71917155.95548436	18211958.555357218	6722679.894321945	8077884.085168408	11531878.788949352	17425441.497760657	6789958.7332539745	27763631.160270773	25423928.97463753	60305746.01973394	100424563.92311557	26118843.829596672	37606672.27180658	25448604.49806226	26421577.216044568	89906064.79917012	55666136.08849908	22669651.62580207	12538638.590187188	33792690.69967516	35624520.27561049	74651831.65505883	62755093.92823422
976_SemiBin_36	304032.4586812879	240432.88876070312	190518.33723545235	140892.79593712126	303249.5867257854	191855.76208314922	2563035.9251196417	154056.83768378833	1167339.6856541645	388640.79627935874	447591.6256446587	591160.6686713392	3097650.2265109704	467069.8963524144	397254.17145700136	302011.80262558284	80664.79464913254	870795.6232180626	128924.09489492995	115783.00627855721	261870.2498355686	7720492.920257555	460040.37265779707	124231.95229100269	40886.79894289503	60269.17267211445	128941.96805078309	183418.9779187482	317456.5614387655	1278403.8438218115	732507.1013821389	229848.73398528522	138609.87675032235	213693.61370954406	96863.02392118453	103507.91344258803	355980.20252850134	773288.6312785977	45751.61207974947	1720016.1734998198	208289.10784580233	53738.32217318351	100314.56357032846	187428.35785471884	216421.79884647543	264098.32347247313	215539.10947551616	179764.58490217943	255441.31028397608	249123.57297444806	357916.2884629105	176691.63011446066	162474.77874690332	117468.12796410227	1064605.7413305913	1498708.0748079058	449167.0479537868	3064495.230433404	734075.8270361595	319246.95780334086
978_SemiBin_64	216645.00170127428	181232.21362524357	469591.4913329028	656911.5551451828	59097.16634406855	0	597500.9597566652	476706.421108607	256726.40425958397	204675.15325176044	166227.12850851435	184724.11248256132	358370.66855303705	469789.78322691086	303334.41048888257	144290.88690418593	89117.40657519121	768304.2380688532	112394.26389219148	69056.10843120031	221814.20613034867	793336.8386179089	972099.2882537474	145224.59999586278	0	234091.70300826358	298728.7147997757	135699.07509349717	536600.3036659523	876228.3469381977	593424.8677560788	371450.67852847057	0	155214.94392317947	266210.1016592634	303812.683231921	348398.6791639187	173121.892933715	94233.5049388224	399779.30574850534	0	0	0	634613.7144102168	583603.791288408	389085.593328164	83694.56746212994	225498.95542000156	529025.0232584357	130140.96005802913	220592.49961584233	269056.161994703	117600.63926325455	142230.40001216327	636548.0422754661	473986.20501131343	442807.9712984198	247340.86642688728	367306.3695536964	209068.70370961292
981_SemiBin_196	96271.06054724172	919392.3251307475	149110.01283388166	4475848.382004489	122019.86636917185	363291.1631976417	309628.42044207384	90364.13649445999	822826.1765494564	5996762.850627931	144558.8273604096	173718.81478503867	1211547.9032515953	919394.066030365	3636632.9468979663	124644.77789454226	29225.048433467677	233704.9458876449	7638062.4835968055	127413.60610537275	121613.28073470636	7846930.305255826	576706.5131343325	0	0	69024.2892501551	96259.3776598741	205228.80710927816	285806.6623732527	442976.66928872775	12861987.104447547	4006703.5379142086	328152.6370453387	18598.7811156185	321656.02045262745	44148.4938251607	1262033.0893711196	983483.9311003635	32054.320397620635	3417569.792860984	1508740.4775878321	133180.5989816592	134940.4737231466	3729629.3863059967	716152.860962773	680600.4140709862	6922801.245737316	17863510.079239447	220117.1410443287	77254.08867078394	25305.34197064165	3338613.482679755	75113.10046544859	147581.95407724413	340795.62616557395	2850991.2161235353	205408.71965634834	337772.86660135677	103601.19916059496	120442.46948960281
981_SemiBin_432	1458204.1963963287	916307.7119291256	505945.4196272312	474596.73885754886	1218623.1692388745	292570.55356321915	622836.6889126268	360543.58984747477	509499.5935111816	567010.2757749081	5083789.26626811	1784349.3541744323	391015.6227656331	145741.8843192341	601921.6680156909	684625.4894973837	683688.7251220292	478425.4715017412	264918.92740226036	497354.256418679	294176.7878144508	364629.3451741085	284592.4161232217	556843.3324042483	491872.5190542277	164419.86461993118	398100.47920121474	298470.9314934997	340695.38205950597	143249.90224676434	618481.6633686464	94542.23929300567	293857.9251164943	228476.23874196247	68785.56567387891	850979.3055729275	255101.4049940613	3768144.544512303	397557.54476745066	23862.326542802806	134373.08440617583	192186.11299641425	193936.65069728135	213646.8442927471	687757.4353251398	685679.2871195455	1055737.4347243048	9681894.84126853	688957.5230232653	950847.8589916246	807435.4380331738	420095.17276624433	336951.5852979464	1219231.6433876762	222123.71539212394	398497.097109242	598172.035232909	503588.8713330462	537701.9204386973	559887.1413488977
983_SemiBin_12	1026238.0583680897	1191477.349461324	2509750.5617516055	1714660.1040804784	2214679.3012215965	1728465.3683732874	6212040.229323768	1428582.778862688	2377862.9980623033	4986137.606960413	1332646.6181580636	1011855.9514348304	1739039.235265249	1088335.907402626	3172961.763556351	3719743.033279461	1913651.2611835392	2456129.0599098764	1033124.0705753451	1430608.027568126	1536357.4831805404	269073.2325963625	1725271.186192464	2398420.243290885	665625.4042863913	901826.7210096593	2205058.378651948	675052.240711911	1384493.495790256	614573.4235120012	2068414.6750477452	1596781.8565908007	801975.9439571555	1617114.9355255438	698497.6229864423	107347.23643859044	1470899.4873450387	2119009.300845233	2758577.131386473	515580.1246321388	596396.0254232112	1956863.8997867	2301454.9670041027	663735.2014527897	2261561.108274677	1291744.9800437847	2613333.6935944203	2427263.254331843	2237452.567027872	8000625.519041629	3346189.907797183	2957310.672959417	2942784.122228274	1801545.0140171219	757426.2686700989	2640739.7502425453	2931414.4273871942	3248265.383965235	1857860.5101889293	3945021.6255841968
983_SemiBin_128	43051.05841189441	43459.15413948374	38454.187260360835	0	0	0	0	11495.312670224694	81044.75495271065	21506.45031194439	0	40489.80708131645	23543.679955356296	0	50620.21966202716	0	37008.41476855149	0	0	29547.218622697073	25742.93358170129	0	0	0	43668.42343706049	30579.801954302624	5313.364902695958	27222.096127140907	0	0	0	0	45504.19981436014	0	0	0	0	0	45379.925396984756	0	0	3008.8400967869657	50386.69454381373	0	22716.736515103832	0	0	37281.20940067325	0	0	0	0	27564.094464850306	0	0	16197.7116423185	86434.9187212408	0	42387.695646612025	0
983_SemiBin_133	1638763.580613875	2444995.424528333	610145.8951498419	800743.2152594787	1149540.4608896133	1621144.5750346184	741244.9807267715	3729903.027384776	1807096.9289317396	945347.0361113261	3327536.1257477794	2447503.616570741	1075590.1459172533	1696734.782163664	372255.4915984409	891788.3775896215	1291222.958088913	859733.8833555183	126042.37886016298	1207551.088047375	1026263.6422027978	1662157.8291386678	1051592.4285387746	197702.30956748128	522675.0969025934	572668.824166858	949820.3920917459	327082.10215974116	887568.1655847976	1723062.9832620933	931623.6108283863	810861.3275715495	1434747.3076912232	460190.03476648574	1524589.3186508317	582517.5023623887	1025219.9178351208	873164.1283922485	660429.2012413196	449040.99210560357	270702.92615700315	828713.1737928978	843529.709055688	304846.78830072854	856146.3914075469	1788837.2180755239	250633.8598936212	520628.34186136	685723.013818563	5725100.576796005	902281.9456401725	79741.277232695	479279.44778016227	684264.7596695633	974433.6289833303	1744537.0109855428	534173.7420531849	964518.1674509827	1165273.130284843	1637709.1654960308
983_SemiBin_140	753998.81643367	754427.2385634403	1275674.6562580217	933478.1684296189	1552150.5528111686	856313.3656282488	990263.1743710247	655209.5812548697	1548104.7664450826	1224233.5866185892	1094292.3263636173	495421.6026874403	902708.7973532348	423567.9846003841	1285280.1870734326	887985.1148209232	1946455.173709788	722867.924847363	1104252.1181437043	955537.6536629543	580650.6290651616	428951.5178134398	1140172.552507592	1446922.7641382637	917530.4004168432	581171.3276258843	665971.6363421993	1621848.7100721695	1216540.6949430883	543093.0147202166	1082817.6387124117	642589.5401435292	479881.3258645327	376979.45393534575	481819.63249790395	220969.36189068912	705188.4762521067	399740.73119810474	4216086.34025269	343431.7487671741	158256.8040686407	832284.3389328821	845564.5560579945	598505.8926117725	1151283.3472870523	900029.1277395387	1212303.458510175	1015885.1309537604	1092074.7296446152	10707828.231926871	2096867.3804692272	1381072.9426622053	1962697.7565381615	1126538.3205557698	512498.26958167716	772856.7033409595	2291573.203229789	1138963.3194781297	786193.4967492629	4643778.054633218
983_SemiBin_151	4279890.268221252	20748165.767626833	2046502.9126927226	2064895.6731005742	42078363.1794032	2707449.852153747	2985870.0234457473	1840157.6012322612	2933390.08978347	3024091.3633334655	5593841.510002654	5599986.072730186	2251397.2908936962	1508768.6159107476	2671474.0877450225	8384429.515100893	2527823.1393400896	2163794.9938800205	2150697.8269322873	1767805.1426101343	1740339.2370405674	1213131.4853722425	2369826.8815505398	1840737.7819071924	1199686.6311717674	1338839.0969416976	1638256.2890406232	2034048.9878130394	2642897.7868004222	1519792.3328404683	2567070.403659117	1472097.2491893535	1475237.500107226	1417711.968219944	970930.1225166647	584544.0225825037	1385397.5422058343	1132934.23939362	2221947.6556181246	792612.6958778095	720322.1741948829	1706712.7158166384	2184227.604526009	558380.049329242	3085319.053858938	2004340.919379074	2050185.8791546088	2659386.2963296636	2581655.5801283335	5751443.53576921	4492088.546157286	2638671.9354320816	4133217.937922777	2985992.6630866216	1950258.789086702	2054837.515584971	3507166.097012792	3740296.1375354743	2057791.5160546612	3704325.8796878597
983_SemiBin_265	1965770.3408509442	1281000.7263996508	1987035.7111018677	2412521.4664531867	1870082.6034391397	1411065.2202546147	3052671.799378969	1009164.9647051363	2877838.289985969	2920162.6455134456	3171448.1236123913	1427202.0867890702	2702444.734523216	2027575.5284754059	2069307.9849611456	773697.4879672455	1652437.9821897228	1867398.3923884477	2057980.0258791107	1796203.5536329364	2728793.257969167	848876.9839095491	3979168.706695408	611130.9552310614	943216.6225026627	744388.0820381681	1473659.162510901	643914.1136926255	2485109.6630485957	924145.9585199574	2202010.764528682	2085116.9891869274	2003524.310247915	791160.4490085687	694449.4355195763	353824.1937703824	2333705.809779303	3403895.800276253	1493309.841317863	581330.8376903329	210369.5281957662	1024972.3687098623	1201372.2196153395	391838.2449968017	3454196.6521747396	1986650.6192803006	1912187.8103412793	3011081.522077069	1385024.84527722	3124323.989045073	1060167.409405914	1351908.8234033766	2640363.648427657	708071.8977467081	1650022.340849875	2736371.356272919	1269450.3763569673	2686181.203235523	1527105.7607039465	1854849.4366697804
983_SemiBin_276	8912317.425941037	10553465.184996367	16519770.920490675	18020693.757856905	10358888.958884634	11840772.487192228	24143901.541884992	19858297.860383295	20501049.00895806	26793107.649965968	27342820.47388303	19918804.650939908	22672383.872590583	8891567.203150054	24361462.83963266	12626601.226153912	28255995.68218209	31914161.388701614	21062107.212053902	30623165.86910886	14249939.194337405	13881141.45777319	22254412.345830206	20611362.683249045	10192656.908685545	15657710.91855656	17836140.855048236	10394572.072266186	27095249.071281597	18058607.50182183	36111066.847371235	16657065.03837443	11470767.553400962	17484239.6290405	14972459.23618979	13761500.36783903	12849112.68619383	21152176.510192305	15964153.706401823	16318066.421485843	8401609.204023326	8557025.001111953	9570346.056157134	8575542.755193952	19915501.12635708	17703592.08951389	19409413.111226056	23223963.367902644	28380558.724071484	18774679.457521554	16585537.60062262	34965844.59999584	28266324.49406767	11333182.047000598	22772208.251703035	17565410.770858936	21089512.573047265	17510758.563405667	22995180.154399455	25284319.452348623
983_SemiBin_309	386654.01147914596	500906.18486145395	557974.5167331822	1076954.1102688545	723060.9513967353	326733.27737823874	713201.6628094356	594268.4512078529	1326688.494612356	674331.5438851657	864507.2551537703	676998.8403512249	991524.0477476111	629160.0446626829	1119312.8679760655	399496.76172169764	1141389.4870326573	842677.1447089614	518044.5380444852	781164.0173214807	955987.379874368	568081.9890499935	1039460.6320199551	1042025.6878477318	372137.52799171355	275306.1734075485	302285.51118461357	428693.015209871	847568.3437536518	422411.6466539723	996426.5857812557	823993.0630661045	439826.1676449687	354353.5766015839	238841.46375223724	269326.5844287445	475072.21744874254	447545.69907204434	824049.0809026972	325526.8252150269	53521.658343412426	1290386.0056099114	885459.9987058048	230391.93423155125	773162.9559466874	566379.5852691876	1037250.0093914955	1121184.9643993853	622854.5007013191	4923877.075534844	873679.0381294849	889827.4455329491	7342632.763886963	995784.884266399	691208.2672547112	386142.25255472853	1033373.7213314736	760939.0499450457	504887.131933129	1472118.5456307177
983_SemiBin_321	149332.2300549929	357909.1885089218	122535.19307377367	18412.68745248	1132285.7590904	0	0	6403.350913228143	98138.30646722495	66225.38312620787	171645.03495699278	38180.25434256161	51753.18549826236	242729.2616207354	211846.98731122856	41568.321362679715	48977.98463925421	67398.15590665725	257968.6196832285	58595.13884200766	36346.95994099893	0	89249.81468232126	60380.57725262066	110439.83233736714	27402.495324267704	63010.927672560836	66102.18962141783	59118.50173911774	11624.959951337205	139121.67259915062	89889.8860475351	16739.774903573245	0	34064.280146507605	40910.69511000232	10316.680284687898	14969.006949327328	11790.850240048705	25336.206765442123	0	90971.68527604468	60694.819424092995	0	30034.36842046122	45033.43055930473	214758.3122902453	98923.03901704375	0	677786.3958840534	263698.8161439196	126406.52340750267	129887.2062641741	0	51100.51652411753	54648.274977396475	16646.014024194774	0	22647.839946176355	103902.84489225023
983_SemiBin_75	419110.05505400046	1090692.327641474	871722.4822238847	959787.9244758758	1274033.7536787058	833674.175586048	1191675.489893015	400021.67173546855	2353552.2953387466	1674351.340984277	853023.897725848	412015.61504420586	1186671.312367452	308654.2077109095	2127927.0575093497	1582710.0155726809	1169979.033521905	1114041.4636288546	660182.6806257047	959646.3312753265	443490.52845575963	135728.4660216771	1072296.8875272637	3450008.0207089055	1272136.1500967336	482457.6479978268	823257.1417939913	289420.94230806193	560267.221050196	249133.69391039148	1086859.2457046355	561575.3976253651	503707.6792679439	745454.2141730788	526766.1657342693	255130.73825624498	651937.1002113663	697606.7043544588	822992.9160649708	416230.18832568807	58709.00919078887	920907.2175896129	836168.1614205102	161735.45227906317	1907500.1020741647	467466.93641330715	1224000.7118038982	1470133.6274457658	816797.7157608448	2614474.8973865267	1373340.1202849091	1678730.6503566361	1082483.8703957319	1408909.7028297994	301024.6881548256	673041.150944583	1842774.7193215252	716425.2679814268	906105.9558269542	2075623.9656311343
984_SemiBin_54	49023.68332571676	183615.8403283486	118554.9817140093	66253.46215483815	230865.98333049106	351812.2176737652	99529.31135135418	114607.23522025124	216613.80604567155	265276.94903360656	444121.11106199195	136110.92618676706	187601.57243585854	104235.279077746	140599.61669748684	293610.7425985604	694628.2636638541	105233.85941820005	37151.53303694177	311258.91131929174	146805.8143435616	105175.98230726375	92324.22749828463	212254.8288685636	263079.30377725355	192588.31820549245	82731.25165294576	93659.13776887275	103832.80092595544	159773.86627079017	314351.6246263937	232163.59724465385	123970.63399793908	150307.21862522187	104260.92014255965	56079.48907760361	172071.56276494375	66453.88247185631	201750.23867635228	126955.1430681135	62109.25479290073	120069.96124632074	255658.757389606	0	85700.54841141461	135559.89070424656	102120.58739176072	147887.50322148876	68375.91943937517	261895.15269006818	882686.8631348513	100267.27339301836	197811.0287655609	34954.05166317788	67357.16578331543	113682.18455931311	320124.3950823124	171964.81617065292	229808.8256306128	308468.5627462549
985_SemiBin_129	200782.19697091074	263672.96428101225	200106.61159928126	8165240.615240877	355108.8335281254	230195.04693634054	299684.622325603	618092.9539499878	2847884.8688110667	3800949.330336589	1008684.2484592055	1451288.2655851536	15630340.007385565	3704924.0899718623	2134198.585813678	573859.644035557	258706.34381906322	465876.38140329166	1174923.9130955325	255203.68291043118	1097508.8263660173	2057919.5466865601	1358225.6224360366	40859.416234981596	106572.9913775303	354758.6731846038	210036.22012345036	447388.86307261325	367381.20593882643	2913357.3733841977	2560493.613436114	16334077.682618028	376868.3050765019	208143.56631393058	615475.8937391683	672538.2492063781	5938341.406198655	688673.9506819065	295096.81748747715	7366598.1477149315	2971627.6320243455	210878.5707441115	372201.92661292024	0	2758286.551577635	509231.63956638123	678655.0198523233	783284.5370136139	437864.4655906686	222118.5358396192	493189.4737461523	17857185.260013316	423801.1741560496	145646.7884716319	693434.184034013	234853.4218716053	500160.94071286055	382047.82915118337	2999800.8339591874	590690.8877839303
986_SemiBin_101	778148.8967694353	1172670.4980393157	1104273.2387163022	921940.2897505318	2248734.4514753376	1377627.6219435167	1057733.1301699777	977229.2709180047	2518170.8103933427	1496127.8885611123	1162165.549279381	1005833.6124368346	1065833.6534860842	613606.194572815	1704304.6222579605	2492010.089703558	2468783.3693516953	1092942.0297974495	1203418.9257459957	1537655.486000754	973231.8436564896	618167.676375247	1439076.3844432235	2055158.1713507324	1071814.3125291944	653084.7550776816	1049821.9330665676	603820.8693485532	1325242.3937536266	846516.4765359305	1132067.2690093718	780795.7577662617	561945.5398169479	613968.4474045626	774989.0194810176	309998.8801420906	840292.1805343106	928981.3136118788	1288905.1361144024	357478.9186089286	361142.7255101812	1312718.2058572941	2851972.7544979295	206131.1170352845	1236829.8817601693	756047.2197907249	1109155.0495771368	2271877.125426282	1290082.888222884	2410353.080728348	2818633.240313984	1904292.0871065853	3273560.677934312	1943449.5459831415	906063.5886098841	532032.3952395425	2929842.6602360294	1831104.0018634098	970584.20314078	4660369.79489532
986_SemiBin_166	105398.94460699352	0	301224.37999368727	98103.09303195112	35181.643226874134	51835.72931530475	201494.94818309025	836274.1525977495	623576.3233012395	449359.76101627894	201712.19958005854	295602.8415247474	190997.77327310806	8362.74765077078	110749.82321082831	112271.52115481348	98157.10522325312	82358.46118072441	1296233.356611604	709414.1261466705	126287.1472185067	0	278294.10780430626	1860127.1706444926	2258695.033690761	198518.41310801037	1145801.6027384507	75888.64136495309	454016.0321846501	19332.811111254792	406953.1472375742	9506.470054067117	107605.01320125756	634929.9787665835	224327.93958013895	38941.05537927348	33355.733893104545	0	27963.86019772669	556001.8601051662	270214.4055819643	68352.90116625384	69479.87983207499	208922.18089485136	672728.1216185904	1998801.8987178525	1253710.322283026	220008.18594098956	1421459.2683239698	79300.7310420961	434764.78278224694	5186967.412757857	11617099.19999971	453339.28630319674	1126197.5664869999	1238762.767656008	879743.7275683038	355424.029897348	2837659.5206801007	1892287.4481889652
987_SemiBin_26	610505.8916607959	314435.7530775823	1442171.4510649317	608802.5148613625	441360.7693533989	123248.7081448907	449200.528240741	1125223.0206130717	865218.9410831349	895208.7119676565	2408075.707002594	1014420.4440651593	1109695.480842367	264555.6681494916	1059013.295622117	428763.6221399921	1364681.001815483	960487.8701877936	314064.4821744111	958799.947980654	371411.4772641858	290475.02214250737	1841716.2319453696	615005.8288005979	546991.9501138455	440012.5383540956	776957.1817621003	971724.7566246958	744792.8048821357	439647.3469911211	1070918.1143865408	962171.5335256757	481573.0604264623	931234.5182004757	313844.3206780692	325916.43368890794	1099143.2219796325	862251.001214881	1613377.2787518722	324102.5748668027	22208.754498007962	289350.0935775432	249227.95950809625	68112.93477493353	1186653.4360032002	612644.3051842767	407716.91402044066	1359581.2815925542	611648.7679153205	788651.379618446	761918.6934919248	672129.6549309739	1040477.3206953832	1620385.0689367994	1034527.9627912571	1057390.9498965906	847618.8801010986	758783.8665382366	1462299.0304020678	1309672.1085678574
988_SemiBin_105	1800530.6246652524	1828990.739923629	2796236.9198598326	2805248.4592210236	1689574.3367122523	1291769.4711988936	2671618.2122874884	2520752.282340769	3332496.6548883608	3039861.3116386337	3484855.6387055106	3827654.66045379	4630487.801091807	3320106.2181218336	2240993.7711676625	2268022.5157109946	4487667.114651169	4872146.941607496	1902200.382855269	1948093.1549656615	3830577.507265526	2793830.445855179	2862978.401740501	3322590.3865663926	1241710.8101784028	2409944.218339322	3835336.562024502	2194027.300441098	5839886.970469175	6586752.055342634	4363834.545336004	2333521.5705839917	1142490.350256489	2108162.3026855127	3914874.9296154934	2668802.8457862926	2557882.4445860977	2710792.816449359	1446924.5049275393	3974299.1487620627	1589624.4501687859	1037884.6185644164	1156103.4102907737	284709.75307026255	3853547.708550491	2995551.880490316	3540918.541257324	1557912.0671182293	2547174.576616805	1528532.6752550793	2673004.8296841853	2442630.5127017866	1687350.6379935613	1672821.5219744174	7154258.498491762	4321200.02168758	3020434.1168197347	3495114.1737556388	2593512.1486820686	3624847.9815464816
988_SemiBin_31	82220.49527715899	97186.5017887267	256433.2784583168	464157.71888689854	49300.86764387628	171968.66967754584	165122.15565965016	194098.54008350288	259172.9327455246	135770.22756064765	314632.8147171206	366352.0275320644	298375.17757161066	112745.25675560346	470020.9753710458	133136.16149842995	16237.784948955203	323004.740229144	141511.7833921086	185818.96597857564	326553.28219100856	281263.488830109	502575.61849035544	41112.88329029879	103591.58269694273	152864.58887606123	290022.2565852063	185260.816340275	255275.49876701005	905772.2642757439	661532.753656998	201697.32336566952	166334.73288433126	152372.1025754512	388542.2067852011	400612.24667628336	189129.07152049744	435450.5795386358	67246.89089332357	455019.3524768076	0	29793.657659947075	130360.2558490327	0	407277.7285753476	280322.00839546864	179924.9108003674	468229.7624128994	150452.93397542965	0	93209.47994889547	193211.42045224563	218808.2768056886	132823.81470272414	1124556.6316831298	399351.8285890617	165109.21012348283	269724.82971464604	598078.1751293272	193955.8194404841
990_SemiBin_269	187000.56427290756	394308.0469704041	374368.6942237054	832166.0378264703	399992.6255198979	343871.61328378087	2247548.639937185	768094.6831719936	1448861.405734919	1307113.0640637502	1835776.0786521663	1565437.210016279	365095.4741655648	549870.5775964017	1624707.9675971074	648128.0136601804	598080.0375422323	684659.3344278104	1111266.551330303	1918892.7400086478	572994.629348667	680999.422239916	1911982.8752827093	636842.759660333	257881.69820343537	425295.2688856379	499537.2300846366	488943.015164515	1327937.9184597176	289068.44938984554	1523152.9702693622	911094.4571366502	440028.1053824996	329635.4663149993	312991.27743815817	167182.90489196466	752450.1033930179	621277.2742582192	911790.578349731	320393.9904803845	86503.26213338788	418475.1524870795	1036063.6680614053	370726.12971043336	938331.0854670294	476847.97229356307	1433802.9525769386	1300803.0528424613	1071319.966502044	1206996.2448218744	871138.9797062445	1557044.3460430459	1766111.4767156586	761517.0048763376	382896.18833943974	309449.8019000827	2265475.139360443	685168.4979508367	1006299.0073857524	1823813.7379736973
991_SemiBin_110	24971.1727918736	72652.60380438427	33751.42310451868	150962.88394134946	37928.625991625006	0	80457.21878353506	279233.20020184433	266165.87646780256	132765.97435165773	234602.36717592442	217400.53097306896	84805.7341737684	38855.7387947978	118340.39320154197	157604.46451705508	181396.01292199505	237174.41902379942	65267.30161876405	261104.34103178332	185272.9987220318	186003.09125646128	105738.81684225285	176422.62632466128	133151.250092815	163223.4719602764	335586.63038734335	148969.71730785826	187932.7432159458	397811.92203802976	176270.25470642827	120243.45037425184	252406.60201248812	247083.35583030194	228055.32041753535	78800.19534786134	609171.6719494562	417916.67534694384	170911.29449419078	58389.36060414185	0	80221.35976126297	107359.54004411129	32739.42014955136	284940.14260169864	53921.418660858835	205650.33312601902	594080.9469721792	114836.79720816494	105294.59201659293	105102.09937199003	272153.8194294936	187196.55558391128	166724.72863326757	187272.2977412025	189690.96789496214	213875.67068403887	439706.72555605613	94841.06769237202	133076.1182718463
991_SemiBin_113	237136.8375322184	607209.9112482879	1760959.6589257391	774418.0921579539	198005.07819646812	101672.88393270329	2968688.696561972	380501.105086434	1149298.1856980184	1113131.4361312	593882.1943357711	678088.5747768944	1867441.5963098323	2862611.7080751588	443363.6352662678	512243.180968098	134313.3725504669	5971338.257888383	284278.7803473434	103740.01108600061	2469012.129477864	6098405.604104247	205825.28678040844	119276.07162042652	242357.07764529664	667036.9532307514	0	191441.1196350043	421452.93619390676	48967375.725623384	5756685.461368623	1066717.443198387	171455.2649028621	97445.22192709408	15627516.85954834	214305.15802569964	2767494.7569697904	2178841.8471326474	49615.24513663821	11452595.214391593	3493864.870421994	122280.15673342925	116098.18815404335	270362.3677359069	1713318.743532138	2791002.1828797166	1941575.838084434	444766.39452020905	8332439.836282556	161973.87406470225	506188.22197762417	2620773.3067840026	399835.24397200614	276260.2036917873	556203.0063409351	871375.1407442328	2333039.7545462307	13247473.780928403	1405634.8065973243	509734.17032486765
991_SemiBin_141	17888405.423741497	13409717.900724836	11123975.224744052	3734631.285693693	12220644.554683024	4786069.666303933	9151621.94701401	11825137.7754722	3892147.8141062395	3980252.3709818423	3875571.4840549254	16321096.718359495	2445457.8241534736	902877.426529444	3080266.10605317	8290939.093027512	7512798.940125621	7877328.131737667	10013855.246326588	10109950.72056314	12473482.026035529	5602789.933448977	10394007.052951753	7209674.384065265	11633846.79219265	5430255.128129492	9322970.388755098	14881566.304725792	10796911.529426906	18259069.766309913	9265946.896874199	5330185.8256522855	5756176.079663094	4089650.7702061967	5157791.81257866	16119437.618771987	3367605.066020063	8768949.025982905	9822552.374489382	2251016.028168826	1317364.7166140699	6663824.397475668	7460112.178457998	2697391.0086716614	4177710.709405279	8453157.121990254	8334072.747283055	5475243.4880012935	6956075.225382559	9817549.944302252	8081079.513429387	5112038.780813494	11353480.698782764	10600303.559080746	9618731.364416705	10921242.77384332	10391087.126094107	7627986.489489294	6880329.223847495	7237415.4059212925
991_SemiBin_49	2096665.3767148873	1097714.4542527196	2325759.280110265	2170667.4000214306	462150.82846900524	323180.3271763	5635131.93919811	1539977.828221898	1497255.0335434899	10421384.846162371	1775934.732084407	2208070.3269727845	3837858.0552754616	5726681.420009432	1136836.879619137	5067671.5413941415	1406168.7379341335	11186522.073099807	4646873.38706889	1809942.6986686196	4501940.659318187	2933742.011996894	1963780.28720774	351991.5736063852	191138.0674548234	250096.43702533096	3019573.549096468	109617.40977713214	540089.6206827315	360452.72675547656	2469872.177882572	1300241.3246981336	1563188.9731797471	1932328.7551075928	2847301.9244782254	1966436.8502180423	1465798.1055659428	1474695.3660331795	961024.2054241276	3036109.495385507	1773786.1717801234	153027.54402219265	833590.2861426384	1453884.1759687369	2099903.6036605476	7662215.884841688	2055712.1873157192	1169618.017906138	1970514.063992536	391874.8449190931	6568179.867706744	1137542.1440629296	679907.7676924283	917530.8374824636	17517600.87834377	1014108.936380693	865875.767370338	14263965.878934491	1886630.8715994316	711633.2430003391
991_SemiBin_80	134425.85132343875	0	0	68391.53870438188	0	259089.47766904318	92373.34602510912	170289.39184106045	109980.06049505003	49724.57566331003	31880.428835202103	0	48728.92218786143	95424.89133928773	33531.354746272875	30371.176842675843	70756.50783423417	0	0	96627.12921284193	0	0	42386.657594730365	86661.45467421756	71442.98583431296	31345.180157401508	48434.34737122447	0	91759.44437609626	70022.07933059726	30651.48514021913	51245.78163070724	94137.19027541933	87035.59606391021	31926.023682691328	0	20337.3201143687	65554.77617482455	53076.96431552471	0	0	57965.43060266669	89839.53662789392	0	107018.33645092792	215411.78218038942	34308.115093642344	96291.02974736442	28039.410905401433	52615.22505962053	12883.47790117143	60567.796582780036	67841.50542370818	24742.23858704067	36660.087306651905	0	229396.86380711457	564995.2538821729	82837.98231017774	93228.63609907585
992_SemiBin_141	143312.83143769143	104212.45240181664	129879.18557693408	197419.44766420848	251900.8166043304	84868.87002998166	31016.737300978944	152843.74713795184	227195.40946504343	297295.2191408982	170055.27174448213	200508.36544453874	267596.8016808248	0	363713.28065849666	179943.8505165634	89796.52281075572	110132.95829495572	174855.64826008008	73311.70343966957	158665.88745264488	150473.8785744305	211349.93147610084	0	112367.92158929812	21213.1804582323	210462.90511475725	128886.6886428269	94950.11474655729	159564.6623800947	533302.0889593997	164451.06879930192	150000.99310999864	245656.06186269195	176364.13548137693	101080.12603458826	259997.98686212048	277679.72107715707	429857.9506978297	145342.18690293084	47969.521784283694	157999.353529031	220060.09524365337	0	397011.7009128252	81326.83571831683	775098.845766285	490006.06435913005	563499.3750247066	206110.21612866342	148892.92075107776	253931.16307126646	645400.544479107	157276.98404879458	380099.5552972419	90676.84945778406	204999.8629474649	93157.13302552592	551477.8565930487	215104.51263162686
992_SemiBin_233	1923994.3518025721	3881633.3224027012	16197955.60834037	24861790.224213656	752149.3941664114	500015.99176120665	26226138.600756142	2514758.920387074	5460236.568108224	28521181.78848924	2612062.965000395	3125911.331444379	3756018.5537948157	2362976.4156203032	18515520.53214651	39854383.00745893	1575251.5751257688	3967538.6309911306	7636551.610092229	7677860.1989597855	14610672.439611325	9886310.968068324	2445192.8076091893	1345698.9958373848	366443.7659791708	1993996.75189461	2679826.569273238	761435.4332825929	2495525.8168120743	3989214.860291854	30502251.588371884	9456967.771374477	4587527.115227612	2388570.5219440716	3539891.8330335603	4037569.1040549767	8964297.452230508	5295714.7348246565	1918401.1879676704	8365568.284809421	1913699.4847236557	683352.9067310339	7921438.015045018	2078146.7994561275	32072810.688410573	24360059.291090798	21984961.301829923	6443676.346138029	3227707.1076691374	316605.4593514644	6007317.035816472	4332133.486549797	1184797.931105001	1948684.4660071188	9256913.406300988	2564351.237642736	2847639.4288628222	5120082.7412575	50689285.15863708	7234309.959712148
992_SemiBin_359	186335.16654697998	149644.9056240668	122039.03354098403	266757.2304999615	173492.48939205526	94454.33155880895	312749.0817723906	162623.31479185788	364032.27127679467	489743.81702076236	216021.72683487702	474014.05056275026	386906.97457793896	54599.384269227536	210064.38810324902	220916.30462408403	147862.85403722827	483464.3246446395	211380.79424187995	259179.10749805073	179295.2545991727	175934.16218283807	603149.4758395125	221590.49363083046	44224.319942167305	141807.31097671684	120202.49995742351	170260.2669708617	398887.6429793998	114763.22706313239	271281.8191841023	285366.8880861768	147077.79413023056	182199.76074941835	85553.37632604236	80454.28809525327	229639.3228003521	312517.00275272643	220531.19640593312	131666.06734228568	0	77475.82081905552	168355.69388702407	0	483941.4278766282	220439.4607158451	261137.31748030157	473476.290099623	199233.7392132015	237255.9183614231	140281.55870532923	358899.215043243	355181.75320872	528168.8580841222	987452.0336523799	184081.3301949713	180165.9809892733	117707.86860792473	765377.9418880895	333886.98430584656
993_SemiBin_0	1655477.8442414347	2512940.0191630363	4370108.302005917	4420127.083984595	5107774.556120144	4397316.500551534	3679109.548129393	4651502.81182196	14196047.35203723	12936067.398973668	11042632.602733739	2525493.5484900544	3662620.4188985224	2680873.261458014	6442355.067914385	3673308.234304726	5505513.025991101	3122672.7425735295	3160105.1036267974	4559170.77139908	2750148.673682176	1903422.1180705405	5202918.1202949155	6991722.804819198	3285688.6618956043	1946917.832550906	3171410.9450455625	1593941.4720444405	3175481.204011002	3040107.6241272083	5464020.167264507	1664922.8124770336	1744148.235924393	2819784.1862709685	2176842.937526747	1003839.6675339914	3078452.9159812424	2583154.666004649	3584271.0805472033	1405616.9071513042	1032300.7413102082	2523275.8404912325	3739453.3454661677	970195.5946834831	11863403.615997888	3479108.04724144	5143232.947303391	13258841.769428251	5691697.823999953	4945905.000652557	7240229.032086034	5342644.102833464	5030347.542884042	4309313.497035643	3100621.679348343	2616881.512698067	9513222.662836637	6606667.182095406	5052384.703697693	22423121.72515026
993_SemiBin_156	1452716.286713331	2522697.6564579643	2034271.1888234625	1972360.8877917803	3299611.0258741626	1758178.7932722918	3702413.935425876	1827559.5437176232	5982278.4838962965	4219306.5242645545	2509031.882620036	1374356.025880738	2457248.8240395254	1009451.0588423009	5273201.860462815	3305647.133167203	2603158.1533654127	3083799.6089395094	1794429.938922467	2681390.631056552	1566092.955392179	1423026.3383106138	3704594.129716337	4596380.21377061	1890861.1149686945	1840242.654972714	2930430.1415058705	1416173.0021896018	2509478.4329113998	2735566.3335878686	2801647.256083919	1624149.5180973061	1424991.709765971	1885378.4553644205	1708731.782838988	1171541.9465229402	1745429.8892724768	2583917.540310106	2351679.9504281734	1541491.5829123615	832808.6046396478	1843039.549497002	2531797.973389171	564790.654200024	4415201.70806367	1562978.6483874535	4259362.63550026	3360428.508082314	2109056.2068535415	4032238.6590089644	3422038.6789161083	3515490.294730569	3096553.1352035706	3401375.2228114186	1733669.5194553412	1816266.1520263376	5117958.318805948	2565405.931033692	3354526.9922361574	7336902.332880615
993_SemiBin_2	139879.80005552134	208525.66931427692	223776.09789654645	343365.89772248245	237362.7727353503	159680.2863765773	335226.9324855666	627724.6203885031	561181.1324366303	303683.54021864576	441564.5485049111	194942.94078401328	305286.32978829934	194265.33808309154	243351.2310246362	421221.5405691089	404778.6221046997	292739.9223033125	231658.37126611255	562155.8675631561	233694.89677896912	162406.40000640342	390243.32273838564	328564.42992453946	229542.13815463692	229073.09817901038	226324.30045632104	188217.0119575261	320539.24535518873	367386.7067622653	420478.301849198	306245.2011085406	126880.72575602212	200900.30240117203	323807.7480072881	159362.41658803137	290541.03855960985	220957.13689304612	836611.2669155892	218136.51823321992	180551.40301241667	550625.8396045901	529077.0080830554	0	163059.0552046431	137271.1329313923	108827.2235545985	441256.48217912624	265845.68848034705	395525.6878356692	371871.0737471392	388990.9735036261	422539.96649785346	465725.17704673856	248905.63972476037	319047.2667871677	688222.6540814604	533999.019426704	266535.7050733729	1512216.7106266988
IsollateEukC-trimmed-reads.medaka	387506.07711018197	265225.9305368041	275490.69154269755	387995.4696080747	345439.28521125973	130655.48098361274	300509.42494132626	244821.63963928612	432017.7428559594	367147.2347259816	289314.3755365441	257984.43515958215	379906.84521489165	42488.57477436765	558138.988780946	282369.4532155054	265629.06476898585	334202.521308891	120155.3103156978	222704.20914628607	236441.72036421954	179307.66434543804	230725.8764979782	198023.4854996547	288735.56157977076	168682.20842629255	141380.93306159065	275314.8252480627	261982.78907783134	88399.04710546554	324378.8460329977	222965.44352358097	127026.43429897453	149517.59868559858	135017.67297760304	160250.76595892533	323570.10298568476	86745.34590892238	211532.22076128138	142617.10400109342	0	292960.9238693235	199752.10230851037	0	248720.9616373971	173787.85346673155	194751.70014530767	425650.9062747288	365542.4948600869	250861.66607784235	342882.98958020797	295631.938112335	377782.51371499297	213428.01314549622	247047.22876323242	260284.6483196132	312436.2483742934	215808.0501154658	261698.44538596945	445666.9610759566
MEGAHIT-MetaBAT2-S932.114	1186256.810322464	610726.3782442319	153169.45271317122	352632.4206266741	223262.59764366312	78717.80595197325	926768.0730161398	729517.4689303124	163104.23084453426	124353.46451557532	194514.56345131644	1061580.4317676276	201233.87077978833	27819.81906748152	17687.63317976895	408153.0392475287	200961.2556666547	560017.5804425798	81951.34491235306	591229.0747843329	861293.4652815664	175090.0226672881	181159.87330249327	417985.8305016722	402698.16989095224	750524.9580860324	296839.49241340277	973840.7760291118	1640827.172868291	1055275.531532202	541227.9482701179	53645.39043649574	243793.45979677237	860289.5228978109	398026.88210408686	1324338.5229812874	311949.64719850826	300727.39456290595	915078.5702689656	226291.68664468918	59545.77398979128	242492.81789092554	363317.62729997886	0	259154.81611118835	274576.95121442014	155110.78760822638	220213.61017355666	202427.85343501315	317101.8635826701	899138.536127359	255364.32775157114	576662.8745473969	1314875.0187463728	829174.3767707763	340200.0209260215	2041772.9646323146	332311.7215701322	2380957.393326106	439801.37275236525
MEGAHIT-MetaBAT2-S932.132	2745659.924539603	1489919.4113623523	2339819.3130073156	1753281.5990991038	2615781.729953676	1656230.7001159766	1367369.25603308	1980536.7868810834	2570510.304959679	2879266.7514407192	4247073.87566964	3558124.778539747	682555.3305838289	898891.9560756763	1477410.5935507035	2872885.753825206	2936478.65697575	2163542.8925815327	2640643.3516902034	3004297.627462447	3334237.89609658	909224.9241433602	3868832.066530936	1578257.743099684	3207107.252906469	1680844.4946937044	1690485.6287902049	1599329.9395327773	1436522.721492414	480891.3881468527	1095256.2576572069	1628929.0646636712	1797157.4221427855	1413711.3969809734	1155139.3559349307	1854289.5022412664	885622.8746791539	2417141.032779199	1734869.874761862	488620.0795323396	257800.88408496117	2121138.7303618337	2718553.411529676	440029.9498801435	2698484.427867961	2119866.0862828563	2680120.1503449865	2565672.8753937767	1144533.7827799702	3442984.468239859	2851057.0950669707	1445832.7592802597	4071651.9330252754	2915384.2758008987	702388.3862188174	1304428.572664845	1705403.0029968654	1234746.947157917	1761518.0759553157	2644540.5489089396
MEGAHIT-MetaBAT2-S932.178	1830688.3827990147	431153.02912713296	754784.3518681545	405164.6435434938	742443.2386631723	462335.414089331	742417.8253746547	436653.7466389497	779289.9977012868	759910.7949627145	349667.47365546913	1016627.76439924	511904.72666352737	462125.1215005772	295133.6786011666	431668.5133157309	378897.76268081187	653121.1787676931	1163367.2698324118	880214.1909377859	581602.1497005986	425206.69412721525	421804.9251222778	296028.5044329195	222055.8040126523	310304.6572875402	554989.8704127988	1142127.7737883807	988534.7771159915	893658.2163934106	757021.9034621341	220168.8573145189	299943.6115233328	343783.8157554204	469583.12739900127	4417342.170005189	231879.49157263327	512319.0325757122	476268.65135209216	543904.2484469956	457903.7078590189	242948.00096909722	337580.2020988367	404338.12149528763	511702.96518433304	885174.3707078224	735872.5905743473	407571.9915061106	686638.6076491707	740458.1878053604	717857.434697628	563726.7486809042	741461.2993532955	726223.7496342041	1054254.7314863561	738679.5652406805	991404.7373841077	616792.3729557273	555120.4962661156	389621.8480737718
MEGAHIT-MetaBAT2-S932.184	1255817.8760060363	1188778.1340099867	164744.6547636181	47504.23087014059	468018.7451982833	70877.35320182687	106212.3742267306	128789.67218351524	158187.6922725885	59061.36134045861	95782.0716011412	251386.12208703413	200896.78664648114	93493.16271983382	48626.821881475356	74192.78577677769	286465.1768627179	167693.59388030873	108411.05992042781	137836.48346160163	182547.2482620221	31461.283364612784	164161.3204437734	173553.5774283202	345164.90813926316	178393.70721021437	90866.46553061884	785633.9249655114	217559.65071374466	169849.96168250075	172281.13392768474	218854.07487512974	184392.8342956232	112117.76711759754	149072.80223250604	623301.3412350311	110742.84886324573	41282.42337143859	109506.71872939506	33280.07343845782	0	844008.3297185085	164782.80638023248	51162.81276078341	79097.23278217255	86429.18621965402	93813.59986483245	43217.16698302624	291211.75055562804	891860.7622817883	201422.58882278024	107261.64063009838	449523.68552453397	107843.68348775114	63210.84846957864	92823.15047174913	178897.81547036223	249729.3919562986	65905.8808239948	204065.63534243236
MEGAHIT-MetaBAT2-S932.23	376485.44705585093	333234.113342328	135662.90653138317	111968.86484776807	196085.69535753186	56682.81019454271	255358.40295193245	318782.0353539565	251675.47453120226	512420.2882847338	345132.1997017778	249491.48372899613	53493.07840351795	108845.06164210422	329589.6232858996	260760.36111780434	250210.19830075162	160281.68835945803	642950.988939148	197334.31170786885	389152.8294382886	142235.05495356506	269198.195554636	211234.13458572965	261560.52149493352	154764.3508618289	168680.40572583565	313294.3308386475	307115.76361696207	212828.02806732987	223435.77599428914	201157.9473744688	147881.74063165518	158118.04506918433	159393.37496200096	107390.26893689267	176337.74362444578	277656.0729557833	223814.983450452	133611.7087851029	0	152672.90206189294	247866.98763120352	90726.83704597424	151524.3815369115	151556.23313945593	120442.8606461837	107549.48290970063	42721.48297629968	384574.8842729125	235495.89781887725	202270.332140475	240900.9963633979	273136.5533679809	64927.11484302771	173671.9136434669	211473.3667666607	247400.25821144792	110111.88344130637	394315.99821511755
MEGAHIT-MetaBAT2-S932.36	2273592.753628702	1591926.5838148047	1663215.8603431047	1746270.4289996186	2958355.3452687254	1518723.1590468555	1735625.1416666042	1811089.1422004579	2277915.5120315133	2877020.4214766496	4245659.0373004135	2827407.8890034184	1889172.1786278766	2204297.431415788	3070546.7099698833	1291550.3706464514	836988.240535754	1737652.6398650962	949615.2438268821	1780526.3842897664	1685351.1989208797	1984969.8852551961	3422963.060065874	893358.0291398977	857807.839190948	1053307.8622747536	1901453.1950772929	1401015.7562263955	2171121.91286598	1418573.1510225385	3582234.345517146	2017427.7370885948	1231249.019485474	866382.6829153412	1125888.0094243982	789324.6214895323	1974421.0759656907	2665071.4754174887	2219255.202661428	1286613.981406049	499307.52683660894	1181395.7293935062	1272982.8268785358	326444.34152838076	2658208.835782947	1651874.0784651814	2540390.1660356293	3362600.2146106693	1246513.654997321	2217546.3309409795	2091508.552104512	1567327.078715856	2100207.4984515985	2054920.9518160436	2474054.4239279293	1163672.2266079632	2836297.858245316	2134758.415590197	3282018.5831522183	2742745.1028062603
MEGAHIT-MetaBAT2-S932.53	2793131.197445755	2171654.7166847135	1936832.1936866173	1255905.867769753	2535507.461604085	739462.8716832375	2193667.5722926036	2954154.5612412184	1254328.9535728819	2020247.8278915207	2555068.7844037376	2091563.1530801994	1293352.51756701	479261.8714118804	1697509.3960931303	1855605.3991096634	3652034.60024058	1803979.1424167345	2484011.990613622	3910067.3449896006	3614812.5344365616	754238.7809533415	1584633.084047066	2106421.013295159	2228563.249860539	1039411.5371314653	1318015.2275783864	3159742.299656114	2973714.395397335	745619.1610071561	1620633.5033642557	1513771.5959886278	1734926.2607828816	1291501.1397830124	503211.8573881122	910935.9420220624	1094162.0043254357	1748010.4897164353	2394462.0229241108	428601.61990758224	235493.65492218133	1671360.6984348635	1416045.7166005818	63476.906740930106	1561940.7023941628	1048765.4523324315	1898989.4538481708	2166509.1660249243	1640230.8999051359	4935756.775706144	2416750.4437604924	2532595.8744352395	4527062.301205898	2230527.5874669454	1609429.2330310491	1165154.7408523688	1451355.012167802	1295264.0372582392	1754239.3891770975	1889560.8341482815
MEGAHIT-MetaBAT2-S932.72	2903322.7602143926	1931384.2596979744	1917845.9048002863	2819154.225077691	2621107.329054386	2011664.1275877862	2464068.8869825015	2601998.995372758	3811358.9890494416	3048725.606968454	3565812.4170868527	2278864.921358653	3345025.47832917	2382010.6001754226	3035816.2206125907	1749737.764288865	3190918.521650499	2919518.388726416	2346247.226072434	2726036.119196563	2952623.656608145	1417298.7420758114	2915997.268730025	1947234.251454592	2054857.4473413287	1200753.719619874	2021553.1685636644	1604078.9741205927	2442936.076729809	943728.94725856	3182559.1285083047	2202170.580224139	1234049.908881604	1900798.3368475547	842523.1598983216	943449.3125840366	4210489.855168793	2739019.118797696	2178232.157234834	674766.7185243572	714302.4144173095	1260392.326296843	1495268.6643128707	343641.37992262875	2519903.973491526	2029816.3942889085	3713362.5395424	3439079.3476500767	2883203.5691061425	4010282.385091606	3097598.409322378	4049656.9035773478	4280393.21828645	2596793.612231044	2303974.6829398354	1848248.281803469	2343655.2596360184	1762477.030515812	2538126.550804194	3641769.3596069636
MEGAHIT-MetaBAT2-S932.87	652227.1520297662	436708.20739715226	363475.65320556925	183093.2744538211	245406.8591114572	45489.68009961936	169149.80018992547	396077.3180002354	201230.1982057293	255140.66200663947	443816.92408267764	335349.25240380707	150219.09871538632	11221.282307300295	204400.17072160973	347554.67498735705	268855.95881296945	477671.86484789185	620899.2055945154	351367.7569888109	661825.1222018736	166728.81409550877	312356.51227247063	362444.61351053766	459570.10429380095	295402.84355932695	216686.5660183635	525653.9679729628	263869.5259392247	599155.7082507076	191768.40429608437	313353.3801047304	309902.92547897046	320950.2522304567	406356.3853602794	648530.5027461747	351179.95700762636	497344.7775601015	210789.00022281765	348316.0170144459	112775.66858583137	352492.0142554019	306144.30246440426	29951.078230710216	228663.8293923894	237693.09697026023	344268.37856478296	231903.3940174807	289056.06275805924	148618.42608493217	401520.3826253596	63777.42409017901	249565.7709226313	378571.5580595886	634379.0498191706	302760.99305837514	151607.41916697565	90358.96918535125	199790.56950995562	214102.52454656505
MEGAHIT-MetaBAT2-S933.133	6598298.097904441	7678649.703737697	4214518.138485767	6034807.818060107	3521759.6451262245	3673601.879291005	5252910.951569449	5403244.893587153	6801756.06189597	3896147.7719779434	3068043.683869789	5331245.810901466	7252750.156004925	3017113.917215798	3702817.7906638063	3055711.0844957293	2655225.556222017	2476167.651984078	931266.2651286187	5022149.321638225	6264548.170169691	5865921.905887281	11502344.416804282	1549450.5195938891	1308266.4230982221	1888721.6116039646	3916632.0444427277	2581918.873585723	7073322.818268992	4237373.582873163	4035280.9977551023	5118302.410495937	4532267.602358678	1567911.7995096962	1172073.1888864213	1810439.2479450332	5821356.619781624	7846386.481136859	7433864.476629962	1787030.21051804	1215984.381953168	3163939.253988111	4112397.936364294	390946.8568975363	5710745.000770351	1614093.0530339915	3676760.5574913467	4900934.785835229	1911801.831252709	4723067.9985140655	2192441.402862875	865221.9588570632	5680443.302933501	3094086.720190832	1731314.189688526	2412144.472429614	4706403.725311259	3940488.691341496	5619553.920325821	5725181.414944974
MEGAHIT-MetaBAT2-S933.139	48770.512761266116	50603.64956321656	43299.5759925087	0	27959.287246714008	37525.54100506786	72282.72885928079	61396.14234426011	73709.56086198146	39789.67637138146	58487.01667851381	30910.23995942459	0	38439.98031353862	0	0	35020.335969363055	0	22944.31921533659	38590.68689826496	22966.914050309828	0	28415.710512072645	22900.498046785462	0	26769.463230188445	0	27779.92318469051	0	0	36361.367247516115	57476.10788270327	0	0	0	0	28556.01404386291	27763.84137355589	42728.67582457432	0	0	0	41896.13042939996	0	36242.8460539193	39268.15402475356	29637.59344638372	0	0	0	0	40024.960699859635	29500.67199376532	34080.279399092586	37631.23808515395	84153.62075631908	0	46568.40552963672	45307.86796860872	138192.3991045162
MEGAHIT-MetaBAT2-S933.151	435064.62418946275	516680.0334491987	486930.33374367957	66839.16746696467	289524.3744390333	0	328141.9319263654	553775.1347346283	158500.27912749292	210294.52706292245	301909.08855604724	322582.0248750298	236932.16516998757	98996.18753109718	215615.09265789157	320025.9323656393	404249.14474087564	947509.1141132151	416829.827533563	386930.69677288807	640561.1600935933	605289.0426738951	261013.5621431446	167007.0430289298	374611.3073940906	112090.13805912918	110469.93203865577	539041.5199179022	408037.3683935771	685822.4436776474	228217.3701747015	25417.229662324877	48601.035488621266	151222.567566009	384505.7164476141	545568.108215998	67102.75225393528	134228.36231151005	293737.2395032174	253642.43390220386	155516.4769523603	71255.70580256708	51831.58476959719	0	330011.440093156	402155.93044311204	416803.6767058529	138356.31796347693	323205.5837726491	149098.50623201765	290742.88589751517	160488.53158978885	220870.1945805426	272752.7999180483	516175.45659962966	330508.3562154719	264816.7475179202	382676.78740780574	129861.76900283483	298576.8681914335
MEGAHIT-MetaBAT2-S933.161	4098447.934881969	3541298.594327985	3026047.8792087347	2251254.4401645777	2525946.4314499227	967539.5917211502	4998670.288962753	4505385.180314248	2304099.732013561	2558672.9530597324	3683725.295368085	7538863.414075945	1387088.8557555869	1449603.67386133	1936040.032769259	2226877.147051364	2395696.747677609	3873321.530150213	2400704.3080601036	3163360.5941082886	6693586.952890651	4453713.867251661	3150574.74840858	2020484.3151934438	1222390.038144144	2309939.2068002103	2940323.9984608297	3785230.5520963925	5263580.284566959	5904187.277232369	3589266.009121343	1171879.8878059995	1646361.1088247385	2380016.8346084566	4841980.862002641	7646702.474327308	2925747.7606277373	6990581.499265586	2373932.9377987306	2277366.247093389	1709010.8095855163	1217612.9602965233	1512656.4020260724	621742.8331529544	3176895.971269649	2634023.106501615	3572229.568131384	2895300.821280161	3258304.145893487	1799101.010259511	3252827.333711145	844439.2377289118	2534650.2574895862	3254158.186581735	8603949.714349188	2694606.3654509396	4385917.432230629	2272931.369624062	3249110.9755141693	2333059.531430034
MEGAHIT-MetaBAT2-S933.63	45242.89280160273	50812.794371736236	48747.96755174459	103488.64680543446	42864.65059092003	103822.47297092705	75285.11639645272	118255.20896408166	247464.0871989976	143109.7645678307	159557.6861597011	37432.634610797424	218186.9489340954	103443.77612219074	225647.16480180074	101854.34489755752	40623.465612146494	128593.59556597752	35318.37654452975	63233.74824845778	48579.74535156618	77039.69064784938	111753.41393939417	123465.08362104117	62254.05391711913	107816.87739958255	40564.39013643678	64131.709118365034	51779.10091630964	50874.59767173206	120049.00012872573	95619.24017428138	89771.0299003341	155692.51813375056	58818.51321591979	55429.33104423178	73036.6242380072	106986.55929276459	171958.5706079093	99900.0247811687	45961.19416331373	114425.05237044966	149138.00855793728	0	94869.73120202377	80591.38793772254	95239.11448401825	160069.83781649417	77080.90281375476	40457.13989978721	106154.88320774688	115003.2658315008	75766.87877067711	71769.75500865534	49726.27733076122	59623.87989717392	135544.49746677763	87961.42033051723	55568.294243525466	165028.9382183301
MEGAHIT-MetaBAT2-S933.74	0	359640.9079550167	176231.658245205	273766.7372274379	119703.72163625527	182254.81215247334	198979.28472832273	217085.26756142953	388978.30275085685	155423.77710354564	348789.15650174324	122159.07391277529	122036.1323033752	20626.951043425197	309853.8234813836	67706.51437831088	144089.73730251822	437846.20499072905	163805.5168056676	131015.86531320699	219033.28025629558	196459.03779905086	224246.68283539775	128274.85970891628	29124.209246984487	122638.3665887642	189655.7342622429	66141.76899433679	405167.4365145305	112031.50099661975	142077.41858297348	165196.1640923969	228836.4572146369	147771.2302797541	107291.19092849443	77306.90753325989	152746.71736806913	252684.04126893132	458435.22751827294	55452.99993677335	113021.7988954501	0	0	0	112184.85641782345	99650.89792169658	202639.0937169388	457363.113117765	453942.9943999729	178317.13530720043	353864.8386642528	671327.566885195	212893.42682664565	186684.6711839077	198466.70102761654	147119.22253847314	359244.58832880703	91057.43575001623	328125.49912197416	549677.6384888988
MEGAHIT-MetaBAT2-S934.132	930332.404658255	978900.5432366405	823523.3243273707	873758.254349717	1037896.3500345508	397393.29141149606	944600.0424201913	1051673.0142594741	897841.4512255448	701920.5733845547	732932.9345652863	635841.593110884	636238.3914637801	172576.0834732177	1023335.8506474512	646732.2575691461	1337077.1092958797	847255.2388787733	822885.2706983204	1229580.500852693	936611.7385089784	226106.79415033036	1113838.5607416758	744975.8669225196	671229.9795577734	531013.9903963075	259818.9196213747	774208.6562695662	1284670.0205547193	520426.1380382883	1214961.1484547227	723527.6157886434	347578.68548973236	538633.0011589433	182475.97021157708	383645.78802555014	648632.38111879	627796.975266913	637209.1000146953	233563.8817318865	41080.908256831885	362908.10481537995	884132.2050360345	319117.75132356596	1047656.5613721907	749645.5180037154	1022525.2359720243	1236922.978880345	1284189.6357472222	1505970.5348200684	1053948.5070450543	1190227.402180104	1410075.0879896905	796473.0455767966	870892.5223070879	605257.6049279651	956745.1340831781	672917.6935543729	1059065.1310929875	1405259.6531885464
MEGAHIT-MetaBAT2-S934.40	272809.3763309775	235740.953505983	452590.9770693961	352529.76603701565	305854.761029917	256906.6160689465	420889.6958054097	337494.845296826	526271.1993102726	426396.46904568165	308538.8827455607	269697.68246030464	499573.0342848636	250482.4994017161	517654.1191356866	157248.7677141904	232718.31859038482	193211.73504251265	233788.63060859725	382242.19332848926	475665.795581196	600765.7665598034	832164.1490369616	357749.194157592	122684.18651607614	155341.79501729214	138437.31915435503	248551.97165512742	527423.3862033997	419845.9507382545	190376.64294753576	274615.15840065974	337409.2310655332	160767.85272414258	322333.74399061216	632211.6301555581	131512.71521611174	373079.31546626077	479683.01285421674	189712.8715525454	0	326600.82289822976	291685.11801931495	0	340979.7412193436	248916.87756840696	325891.87314476	510789.5994431159	381374.5390363531	656941.5363887778	340442.1662717774	198474.61268230673	496865.0742245728	205503.19170451193	374534.2137492536	185050.69968699967	295866.1160961856	457355.7847336522	269061.9048496779	332919.7673750316
MEGAHIT-MetaBAT2-S935.158	79187.10124507397	0	73778.93409355037	454987.06038113986	43923.39153679728	0	0	0	0	0	13370.564944610009	0	66532.18321508387	0	86963.65303563571	0	0	0	4115.198458752372	0	0	0	69333.84386530877	0	52109.40677044185	60149.22515270773	74198.96696998736	0	0	0	0	439514.19853793463	49130.16656937319	15255.897843486811	0	0	0	76247.62446556827	45482.9045012538	0	0	0	22862.532998590556	124358.75556942305	0	0	0	72139.20997045674	0	177014.25401415786	0	0	37728.42807623367	0	0	0	0	0	0	0
MEGAHIT-MetaBAT2-S935.32	59287.420542856664	34690.785809321394	59734.59674067468	136677.4505693509	0	0	57794.38292546168	143961.36410794032	173335.85141294048	134990.02796920785	50315.011857947015	90760.78738754964	170469.75851446472	288371.99384516565	172103.44759839668	78312.04293185836	126045.9757996153	253412.29975770132	118023.56970655223	0	38963.972023941635	228667.4148447133	455322.1515657787	35963.240013715214	0	50365.282402787205	81286.0841041985	67252.67829261445	228998.72320801893	245483.51382779167	258422.0121095399	303722.2859047724	0	105843.7007563701	120576.10073569887	196301.98594608984	143067.18065825728	109548.28260400536	0	202922.88723076435	42686.93388006531	0	35584.26452669126	63322.51209991812	195342.596816516	228384.33767119682	39079.89434745749	0	236022.69834452547	0	30455.655406242917	271359.87605228147	38219.34361109688	0	266790.9375774278	197691.32351280816	140063.64237031687	96754.06783371617	184582.2047447424	106172.77824989118
MEGAHIT-MetaBAT2-S935.50	100104.22969138001	107845.15566198593	72208.2336977062	26399541.35885076	117412.95937054418	68866.07066345788	180360.7503283356	94651.41731804151	924934.6606267582	1106251.7563192581	302221.76836403745	154654.4371146809	393694.91156373924	410434.3072774687	4088778.539991494	120624.66683271123	235720.59891588043	106138.1681950157	95409.7683887074	81282.65874950326	133136.59795980595	4516117.594628661	328350.3378723046	61418.03294948975	63463.76607117761	111103.52299946191	411167.41938024986	163187.62489674843	91099.17756796718	104173.13490703798	750640.7185608813	123207.63892333324	229644.13986351693	52580.834657150066	77359.3034548139	125961.25410251274	123660.10880579754	89264.8931568678	89244.32998369866	93211.43760350803	0	96599.43276495337	111795.87431457316	27855.573639344206	308574.49419507815	156274.70303393377	121451.65483050067	208813.72999823643	110408.2023513296	85557.6780536565	94685.82518644068	139898.20535718792	95674.06800753486	113710.39253617843	74773.54140166575	182449.20773214364	101106.71620111362	204628.32143659928	136265.9202399268	103263.22988506829
MEGAHIT-MetaBAT2-S935.60	4508115.130678027	10245423.60424825	7604661.342495681	8384170.261792248	15451053.650282688	6754469.406913845	8229756.895518977	7744392.001083481	9258035.064042369	10330290.866335018	8333981.597396932	5556142.660979909	6795498.282888869	2728050.168021691	8647119.787010677	11779702.721512197	20115733.964144155	6557943.316429144	9797354.135784097	15731488.399190264	6235258.442446992	3924859.731622828	8055427.974501094	15148355.928412555	10531382.572111448	5760708.366045432	7240735.1106664315	5869994.501215015	9589346.057934359	4876003.546141974	7969171.467779651	5805445.118031745	6800655.284926864	5050602.681958996	5004271.858550027	3577988.656604883	5162123.393116162	3573762.655570886	9316637.358918067	2650379.5706661493	2112882.0305052656	11481164.84119221	10133218.016813565	2071106.2218095493	9335138.387419606	7435899.373445781	9195401.519281387	8520956.451313026	9175971.791525533	18849044.753799986	15478119.49300923	8566075.994098432	15902467.328641316	10967751.056947565	4340682.074429791	4809548.423695371	17057921.23091566	10027335.241873441	7534424.3117307015	19177396.526526134
MEGAHIT-MetaBAT2-S935.62	213294.2720106041	161098.2975676134	180649.9901278788	585635.3209226159	259741.9923239377	275409.4905320841	225063.96093923593	436896.3091773111	814943.5922746187	515320.09250952007	335032.428571512	410850.9435378538	880422.0118270316	547343.3172891897	559737.6102016976	264270.1500077831	226746.86685258403	286125.61935556564	147921.57753407647	275740.6016768182	105844.84880231306	313609.8802215555	364124.87050875707	210087.9636591744	46342.3897883566	204244.94559943635	198888.637659697	101674.57363367877	261992.25959909183	575297.5838069082	362299.04743724567	412892.2020783185	160181.35891518084	294105.7754485681	126952.65572992312	121466.75206688192	533529.617133989	611578.1146014497	297872.24148969294	344823.291555317	693964.4681013871	154640.3473841569	195310.42664649256	0	484686.1206665968	400897.20965293003	447740.0481774719	470993.9739733699	319819.5590336827	304125.23651978927	290278.1158724964	404933.3815731814	248056.53985545656	79184.2987318575	271861.51234540396	312710.0658115278	606635.4119948944	371418.9345956866	314551.74456259026	406739.5362710469
MEGAHIT-MetaBAT2-S935.70	81608.67284406349	426957.369117972	219526.52162453491	2634728.109725378	444801.5023387737	316550.00174181134	372194.7158230293	179456.6585997915	683453.3664283033	823505.3583745073	422568.5971033349	434540.12039903784	1218245.2148408482	185281.1664650321	905548.1589400537	324004.97348082194	399775.0071640193	397222.45721164	536236.4142949448	737417.1697249888	266696.34842328867	975157.6045194865	394548.56629640656	280052.59520202363	285798.2592657975	383352.0405203084	470638.18954374676	268831.5237092014	154781.96383536063	313947.25275657116	736166.4336803154	2367711.5608435026	796710.9262427866	389248.30696367985	759731.3635355356	175914.4485726306	1139633.7160923854	1078257.4380802733	264808.59684359847	711268.9823144013	111051.50713948856	278108.1434415536	315309.87490696966	335688.3706759499	405492.8107893922	216166.3873938324	604221.9068312219	698522.6874696586	1029718.8412253195	137319.70787127526	462780.78452564054	306291.6157730738	430610.58800252364	409932.04694718507	310587.09460778645	135080.58866002376	394338.7425599578	238588.4232529853	422647.7985119051	717036.8372139838
MEGAHIT-MetaBAT2-S937.157	421932.95862083876	2094555.0613725584	520215.61473634036	675860.5989700935	2765370.603215677	809871.1694779769	465631.94194267853	668571.1792515661	1175760.0980830216	852113.3468434165	1071696.4257976776	616294.5810029709	980930.1015118333	507239.0606483019	1084285.293726159	539342.0395090762	686805.7694128127	663744.1211183302	447410.1715548829	847276.6923518223	407315.058185121	551670.6940328293	878606.9379920504	670461.0989017824	430746.2976680167	450642.9104225427	775633.5612222147	372862.9196413973	656865.7220056189	259331.6313952871	817663.871025182	934863.7935474032	294848.8265487138	641498.5463594751	321246.3549043148	110685.18155281189	669244.8194565752	625030.1632624983	940137.060027139	308378.15723219165	51231.98857589517	717118.1054644902	619625.2622713124	0	714747.1969435582	413918.9296718985	686297.016432669	827699.8659712147	599092.9998651608	1357514.338156345	862757.084323467	807281.9648696543	1101696.1987237013	725200.3798458662	363552.6725618957	317368.87536565907	771124.6515127551	705464.2274139376	455069.2087577632	1474095.1977878567
MEGAHIT-MetaBAT2-S937.160	77236.2265728752	415860.1894012924	0	142080.6106493275	498771.9169699407	0	212292.7034856911	35032.37589608477	95030.22188099536	188883.52565896366	70100.01516181858	105888.65021677014	129970.56654656044	224907.9881223762	124056.29583933474	59009.207181399506	6285.148403769862	160233.95489118318	58267.36112319585	102447.22538267088	316378.9629012047	56495.66034605026	522021.7627401399	21639.214525688894	63281.02081236747	189107.61297242122	52645.75394669154	549362.3676750488	253266.9980456182	0	206686.6233503716	155166.3265755918	78784.11772232146	74913.03695772061	55313.01701450763	73458.46863990842	38169.47900339844	126023.08092340556	143352.73215310587	0	111334.9748836002	112784.21630671457	49411.76564714075	0	162714.46962122893	13831.399248677539	157930.11630275781	121317.9562651235	43398.40798639487	423438.19971904234	83155.7697416586	116375.8354777454	255284.56811369787	19333.63532720604	70914.1888582986	0	79058.7568834825	0	149321.02457985736	122296.40288114871
MEGAHIT-MetaBAT2-S937.179	1879019.5113709718	1088397.3141752996	924668.8332808292	331673.7664862681	1361131.286261181	253327.38560113497	445125.09413185157	727298.3641967893	554324.0675532959	461278.05308973085	588656.5102814399	796443.0258121864	545618.742271588	203268.9997705311	526559.8827705516	732232.3047557051	946158.9852888907	415150.5026249853	846625.4495622166	1270924.7633181622	916122.2689263279	213759.17389649834	473624.6856617253	565066.429003471	890438.4649774116	396504.01227675687	278444.32499683095	1569153.9139991854	568505.9700591391	354257.1972659603	434858.86042141484	412840.54623761604	500168.6931490607	259491.02960053287	273401.90980670654	277237.8884898979	381409.397258023	243356.3716151556	639285.5749958692	177240.8903078946	139812.29778521808	1149998.1321383854	638962.8907746389	105853.87235230653	431724.7286989932	565846.5756528503	455664.38002362265	505303.6651236568	441442.85316163744	1620862.3090151143	1193394.2657304467	600210.844645725	1458367.8846172222	529679.8672013261	463496.09095716255	618274.9726460935	605224.1587274406	428949.7127904723	528270.8509842971	617583.9010833561
MEGAHIT-MetaBAT2-S937.180	2221240.0382403126	3213602.779550926	3846258.434461592	2299105.266652676	7945458.783515826	3795330.6813816107	2772137.8856545626	2696801.6736806175	3837961.0619149385	4024425.8718341845	2846880.815678525	2263223.379466666	2092622.8461347416	1446211.1942280119	3018123.799941824	5077557.042319181	8559066.327041617	1829798.2854324083	3174755.9330137274	7217898.559675605	2988643.39601853	807467.8319708623	2927296.2955629434	5613426.9311399395	7172617.44787892	1518446.721634189	2304135.2514009154	2398477.045807116	5483961.928873351	2627550.7587224166	3325944.761130076	1597705.9731350942	1631014.516285802	1209487.5173500688	1423352.8461644026	1320521.4856864295	1665366.8427513149	1084274.378049894	3929673.702339977	652511.3575461677	423310.012753407	4833397.282773958	4056862.728970039	947197.3995040487	3477590.9141819244	2345615.7556634466	3084974.4833568283	3112206.8435473763	3442191.167275573	7081711.971936749	6450758.604615568	2777779.4131861916	4310064.764534839	3554070.550476331	1445022.6268254889	2060329.2697557316	5744847.992423451	3972279.1342066554	3161771.781825367	7487388.464035573
MEGAHIT-MetaBAT2-S938.116	9231357.9099264	6282761.459220871	7165890.883833234	4652476.451811766	7446197.921055527	6969183.388225458	6652358.252174496	8024973.2484053485	5984730.75298567	5207301.482700478	5524182.7585013835	8453669.373833846	3639045.787358805	2241680.017470791	4406625.955001098	4250463.177124103	5860034.33035979	6153749.623468315	5549692.008519531	6524599.725549979	6543831.946770068	5911625.665983571	7486608.3947242005	4667046.302564375	5614889.223858361	5418198.999127363	5826582.141339771	5442884.419970568	7327133.379080422	8855194.672269009	6428953.131024871	3183639.3822874487	3616209.4601890882	3891055.9409907158	3681100.982370169	3373622.6622306504	3718289.129280584	8593531.990969649	6046887.027493318	3745583.865625038	2120278.6404856346	4578869.798525593	3916119.0212494913	996016.7068547301	4926891.793746278	6096503.160042664	4655957.570254459	6005318.227409181	7124803.887510953	7510831.687287833	7196571.523575254	4880676.571211398	8645126.11904213	7189190.553062676	5858453.52114465	6882103.197901658	9090602.284350634	6782066.712419743	10127265.78002924	6120823.321235782
MEGAHIT-MetaBAT2-S938.148	0	0	0	0	0	0	0	0	0	0	21649.058132073013	31818.194523573646	0	0	0	57570.29237435439	0	0	0	21182.572845559316	29632.774320395558	0	0	22536.44571507905	0	0	0	74879.06573168642	16161.775101076424	54743.54601907628	0	53219.627482762364	33380.65898135143	0	25692.799262817538	89493.26548570761	0	31500.0938033332	0	40389.241318467975	0	74413.36465861849	0	0	0	0	0	0	0	34277.9653829033	0	0	0	22939.95152467386	20661.654443336585	0	0	0	0	0
MEGAHIT-MetaBAT2-S938.161	3756387.2076058583	2892910.3026960786	1692675.8195798928	2206038.6321306336	2338644.5365756294	1862099.2779234434	2424010.057799029	2139893.339499161	2856064.0471487497	1719876.5171924015	1071238.567536162	2240553.1761001665	2286829.4749448374	501157.84373539675	1560517.393615624	1569016.6824764905	1665876.6449523072	1056551.9094327986	904717.5245970277	2482152.3987707878	2958548.2865452324	1686335.338301145	5993272.22143184	1201683.6633818138	817055.9548375234	1031739.9103446963	1749208.3959654723	2283488.9058269667	3279395.710635641	1441278.6340420146	2534331.5537149603	2434612.8657280863	2648084.8335699458	740054.9469244084	927504.8149910937	1035657.417158213	1972954.3286404633	2876968.783691716	2950374.5865078005	711331.9866856325	453076.24896251503	1862632.3762899651	2268328.7012708867	167557.5950011632	2310902.4165994735	1194062.3953393288	1819237.6918806268	1898706.1258629863	1036125.9659231675	2298232.2172798873	1778403.188571649	393988.652669886	2535820.9160383665	1784500.421198856	959676.4700312294	1596448.712469636	2597612.410105176	2185059.890708187	2427613.581903963	2547722.520280381
MEGAHIT-MetaBAT2-S938.190	5650798.236929604	4858882.7605812475	4174982.2177891918	4560755.44113752	6442735.164764232	2954125.4535021684	4828551.788881846	6291020.823210394	5093919.0280092945	4762849.620146665	6207307.049633825	3996600.334450353	3447407.427463996	1917869.3191541594	5144847.48882671	4500448.740410892	10367156.05716728	4809976.678129291	5837458.036375652	8892772.834840385	5117637.252337116	1432811.7016732083	4822078.49133929	4843864.764314207	6922247.172834314	2651404.7896761536	3276717.464666074	4928067.060007202	6308471.638926702	2096897.39268571	4256953.722144073	4366945.842272057	4334192.849156189	4215414.148098242	1955726.7364554293	1739147.0575517039	4031056.4323966866	3965884.7294727555	5846441.364445005	1525745.1981763514	1428882.8073775775	4481555.661214132	3644575.7834586264	1111679.7759800637	4769496.153402762	3128614.8879786357	4713190.98803442	6897306.7832494425	5304002.232926566	9937142.08761106	6962757.924089534	6466813.030844781	10245979.335043704	6389219.358225724	3111668.801456853	2779747.837417482	4837562.95044781	3444288.4808484716	4060103.179814824	6251358.653503378
MEGAHIT-MetaBAT2-S938.43	602841.8116048296	595959.2674748802	479900.6102217014	909799.3596671239	511008.0992531285	103279.18805223356	140863.4603553591	169031.0328766556	36361.174958450254	665707.2173123744	460010.5807898094	373053.0772453379	346646.42360453424	56328.23691294607	751197.8387186606	365907.476401485	977818.9304184954	228770.207340832	660050.4337433224	426343.0630054097	165855.5969706002	49721.57701530089	248321.97722432786	561632.2036143458	218874.25503546192	72743.06645413945	314660.21753706073	156888.20538143956	81820.29327654504	32271.13304192231	247131.23469622672	260475.60378145293	183868.04654432574	388128.11366605613	108056.82321313172	238841.21836923028	232591.08569769343	225189.43977696993	289869.2079034644	52182.70746915215	0	1029365.0085060733	331922.4566885872	0	168252.07951700623	195682.13990097347	458676.93736439425	241531.117283233	193180.46576541357	263279.3444847018	195024.56797940272	457323.40054128616	634378.7827817429	170081.3031076137	264630.2008210859	61341.24211438885	209313.03662481572	29776.54788034658	143485.40640301144	465923.1910263924
MEGAHIT-MetaBAT2-S938.66	214474.77224199564	201812.2915512066	354781.0404123471	1483442.4877313946	358586.5213870092	1162956.6626108915	168952.85462734953	464490.37798722275	1934800.6568668063	1399780.321839269	1025783.8221666072	399527.176393842	710548.3394171986	208141.7696420206	2095326.7194833288	501282.729485739	818876.9783163965	558781.0237930245	390719.7804705135	995736.380696429	246100.14195859275	201528.3373069849	553145.9515954516	203687.07667044905	351856.31174594344	141356.41581231134	337897.01130234054	52380.99461524312	257216.0087971813	187583.5514398689	782529.7576417489	1270998.2305343717	560185.3046615188	488548.9429986207	252327.10465026513	32157.464925636323	967160.0155530405	454875.5442186054	1195928.9158228461	233097.27489932987	113121.18365033856	371997.46727385855	1249114.6890492109	81130.17464140855	1093750.7613111672	499424.5954490864	583426.9563139371	1628894.0008874573	349178.3429857606	1542792.972548108	456832.58436576085	798382.6754875705	1133174.0636620668	932544.4790707493	239767.05397966542	197331.12984803304	295309.11548652605	204007.3830315352	651750.0573563159	1788845.1774353152
MEGAHIT-MetaBAT2-S939.26	31520.6525308956	48246.82320656586	20559.75752158639	52713.13059695784	269542.3064267094	0	3326137.6508337804	0	873063.1987231625	669637.2609732001	379304.65294977743	539276.0038093679	452584.29371568817	2074145.3740808284	129610.22047551065	413306.71695727267	0	103288.92464493657	1696308.5625189478	0	23143.686569918955	170355.46584702193	3429003.8290918884	0	0	619174.189845138	0	76249.78424098749	142248.34329467532	1975649.8625720136	307625.06375302403	66021.48511464162	0	0	45726.61742655396	291866.7123430882	626008.2207803823	11644.056293910087	0	8595.827491783917	0	0	0	0	342690.4699165771	479242.27950262435	46254.828685783395	0	0	0	743577.1318863645	0	0	0	292686.66554062447	3192618.6237834496	51091.56450497909	480097.18313155253	1639707.466842265	100770.25823573118
MEGAHIT-MetaBAT2-S941.34	86445.07061445787	0	0	107158.05235643838	27774.76350699994	135919.6829630127	60276.24166513978	147206.0213203175	333768.5227245227	160552.05056704112	0	100750.44774940335	205481.65206248936	0	88419.47674178786	0	0	78665.19194077986	0	60141.9371375179	27627.1925887863	54118.56425164254	0	0	0	67759.8740206536	0	78542.84697155538	13843.103580672108	51706.89594370124	104806.14409479886	369971.59620830795	76258.29334528922	71495.3748316029	69012.12394484688	41067.848303685416	485727.82680882764	282704.330385043	0	383855.2866821504	17040.867932230776	83016.43996121488	47255.27464287426	41696.6498159391	29041.42727467204	22306.773665387635	32898.636366814484	87415.53952462086	135816.89670132363	0	22034.010022239992	17553.325873685633	0	0	456641.8691731233	64009.115129585494	80355.06026977133	157390.41180941617	53691.20614009099	110069.91974113487
MEGAHIT-MetaBAT2-S941.86	418757.22151097987	352151.641035795	298146.58294830873	90256.89260087135	1102649.962544839	129625.46892232244	2709237.686611084	75001.09025837776	1220599.4012004298	130362.59430764687	672307.9355919189	289444.65813765145	240862.59190340654	164820.95443501233	343217.07420230313	100065.9230171355	697156.9211662381	183103.00445888858	258350.33939602243	48933.410565916776	127588.56712234819	391856.024148387	101731.6420111687	163241.0803195092	99893.29691984897	0	140218.82073700379	107354.31059942913	761853.3881805324	1549159.2822847387	674753.6264979579	24727.55568233163	47186.25904595178	0	137991.97511771598	1964102.4154872585	11242.271691737813	479690.0000840691	0	16253.356378616221	78748.096355392	58933.51943129734	0	0	104253.81678576773	196016.59017497292	333896.4106762151	375230.1677663985	182383.1521269007	124670.30513449569	338557.1051061376	122749.04277990558	116222.70110076119	94696.97069249947	326454.3236530176	651560.3829882813	269957.82167408813	1232635.1452149907	1350678.8616199663	191369.308055473
MEGAHIT-MetaBAT2-S942.110	19176.993382011988	207753.92018246982	69489.72951045136	491142.24248646165	98487.04017519315	141429.92248843523	116404.62743383285	55331.94433766669	194351.56239232802	670792.5721782508	92281.37831456207	108268.79045229896	1589947.4047033247	437929.3846297363	231509.29796027625	78610.25123209135	22649.636543738026	166693.59821316204	97932.81774130117	124255.42508137591	68746.1799584615	304234.34136103216	152245.03181856548	54318.300032345665	64781.858613766264	149481.0628170534	214379.60713707842	227012.81480883894	82443.69318650804	301340.33010659594	336249.38137758547	429768.60424672015	91147.4424897368	247244.38732924243	180138.09932493843	85426.56237828042	393638.6670383534	326537.337996025	155577.97983978287	343310.9756270901	75727.2387445912	121525.48479355575	129750.39329139466	0	236227.16508972776	48250.68726650914	158827.45529644276	184414.69746626588	183905.83420452193	37833.47114621261	28954.63119195133	88248.20019081622	29657.89722913104	18197.26413751029	314184.4413862288	134577.54811434634	27637.662082151466	79708.15859149364	97028.61567422032	182032.94048643915
MEGAHIT-MetaBAT2-S942.153	112437.21973261463	96061.09027998573	52030.248756171684	489555.3768823248	172066.7627001993	182634.45661020387	558808.465348921	91318.99791109152	392410.8689853359	8490196.800200911	926516.6257963505	674558.5335831137	865953.8852585048	875154.2915647228	579689.2364643387	113228.16183491488	251048.91100798227	214200.9518215001	125946.45596655496	786743.5582008057	635898.6572463608	742512.2335069648	757499.4096514484	177127.81144043137	125635.37945329386	75186.22143815379	929267.5480818312	152516.053676561	318380.6709633273	439057.2449699597	1034993.0069996124	357014.8082044718	212708.34748908953	1722143.1974930011	101537.02257834192	43992.956289582835	4850864.027907289	1774841.9392065073	155414.36091235388	604774.4023946554	551737.8120167104	146673.02519083174	141893.8193887879	0	1088392.2258689653	386247.9278198706	2373233.722873979	1260870.6004589032	719993.7749410763	377004.6879730695	834181.0756940902	1656642.8206886193	636564.9846966759	219386.57281293432	774813.9963954543	515123.08536366164	1020450.2242028174	808290.8822108617	928384.8928761702	777839.1410535763
MEGAHIT-MetaBAT2-S942.30	169976.1990199353	216413.84252883223	741090.6866650679	670741.5146448712	800529.9530709082	1409979.6066867977	581212.8870399275	645138.1442116477	2571756.593092299	3234813.948079573	1045828.2387476304	269030.935250399	1652004.4447024905	586361.8518833652	4279482.877834959	821479.2538530702	1353709.5933682392	1062059.101763266	815036.2581002603	891163.0258621286	350292.4327428363	179339.20798954248	1854996.0040674687	1564842.5415966236	390832.676457606	372988.6695024765	612305.5637863977	122630.15926016959	931178.6586253999	395939.9639078547	1615767.1991868806	587823.5209082925	510156.2599262692	604189.3999179634	421535.8168699187	120909.61142985644	2035174.4513709769	479539.3228201775	1189751.798739712	530122.4250318502	715511.6174028185	813223.1930794278	1626217.2908658485	220492.8152865978	1276297.231661255	491045.0485440259	787521.0686495	2101454.2673670487	1120916.5820867068	1356757.699409068	1272716.9943907065	3865580.7690680875	874361.1550928684	929106.5268721179	599405.2805360656	330955.4823514841	1734365.165557783	1548051.6973949992	473048.6046590289	2872009.1394131207
MEGAHIT-MetaBAT2-S942.31	558135.5111718769	555830.7390980502	561326.4599250132	1433767.8368517465	898572.1487301317	1474165.474513984	4371707.699529483	957126.9905324702	3326616.7556883707	5305829.644081137	5925715.87363693	381970.616540667	1786120.0649190622	697821.9459138457	1848606.3856087693	840614.9740891445	1083760.203468341	550092.040562123	984933.822066894	687840.3263447571	313585.9380571889	577111.7453351761	1448172.8939648115	924186.0192511334	637136.571891962	462735.90001854027	1064461.6135967234	147030.13372620655	1223346.7927778063	534365.0169235985	1312073.007861643	1390353.2008976487	647169.215869298	574326.9378258338	658815.552984571	59557.22558290628	1329653.4040765495	1417607.0023074734	846732.4625340916	721945.2879014056	134195.7462391742	965876.1670899994	1166126.729979938	103334.8863132873	1706564.043362892	613441.6835219023	1279089.1895717282	8458664.994134756	1040360.3148469641	1252508.489018667	1165229.3050966354	3777019.0790944193	989371.6548347941	559496.3613089096	613677.0975643016	1638474.1510883821	2577256.3079160424	1644892.3031384903	1192618.3499992485	2625638.7573258886
MEGAHIT-MetaBAT2-S942.43	852152.8650099826	981623.9196271539	1260223.4771675689	1225948.6088522743	1789062.1282403788	1116899.4730142532	1657038.0197399387	796835.7508463443	1708642.483015433	1776464.5873800062	997306.7512023853	1219869.3949412191	935621.8761159573	582165.5562240597	1611608.5425666699	1668045.149359005	2152233.3602133887	685764.1903026256	907740.6499212399	1715576.2850461847	941659.8409706124	1200523.5081788825	676315.5831895415	1033362.315449379	1052578.641469809	689039.9200398072	480222.862641875	510374.62583731796	1305111.2971821239	617998.4350676709	1237874.9064720175	1436151.738476781	796410.0999901673	497834.12641590217	512905.2008497649	533464.5176317162	898964.6456174203	741408.6898422824	801003.3020367397	462712.14744781185	184955.57778717836	1255964.1185520403	2030881.8925461587	0	600595.8291191068	1000370.2481574678	1525283.7803898223	1698822.2787414603	1444748.5028140063	1496792.7348531918	1334901.8714412055	1028620.9577342079	2201357.2508344287	1578915.5193911968	588414.0995408187	538560.4323656762	1102091.2947368438	834038.7666523953	934504.4041681353	1620406.0866265702
MEGAHIT-MetaBAT2-S943.132	70823.41015292509	270011.75224485656	237970.37987824093	656162.3205994116	445098.45808336284	707111.3789960737	477078.49108766986	197043.3995026133	1884797.4532683233	1961697.1197969646	2676600.0816282397	233496.97698747728	1632061.506275612	502606.34858665935	1266948.7001828342	428946.84743219725	486080.91034343204	318702.57138302276	230577.40986984092	206336.56903726858	194459.8071411802	107993.09290638691	517509.63214813155	450765.79604100727	129143.45077780115	500530.0713222661	866877.7301459365	91086.40228604562	266656.16978813696	167419.3566815779	781603.6046651576	477176.04130609124	356896.2286789914	431235.1437315493	234889.09350830648	177966.13242664194	575371.1133461563	250062.87490754927	534912.2043387068	300270.8642026963	167263.84671672853	350097.95208558644	819783.0032497668	50712.15574687708	1182541.3961351365	524232.46895330766	1525220.8127999387	1889232.228232515	709206.5989243815	742384.8319783778	1320084.6342885054	882679.7658178844	706210.1020566555	240626.8350462419	367105.0141243081	595646.3074879505	1014301.899750625	859658.8830537422	632990.6902541216	1596354.3529718015
MEGAHIT-MetaBAT2-S944.121	516768.55237664795	255583.56915173528	216857.30269780022	254389.00273996638	547456.6513056498	107474.84799522042	226259.73147846843	245488.90107200306	297442.8869644256	484640.44170868036	454169.48074150446	2122795.2681492963	307192.70215326484	55190.209950761084	221371.83395712834	207264.5390051405	131373.56232608476	231568.09127010428	543548.4268107491	527529.6987305057	1266487.5029118604	140026.28859239482	677733.3958656855	263070.5641959682	214121.31301546344	26531.074218270365	82717.7275071423	321478.08890164876	779159.3632774121	153900.86015843062	243000.5584348511	50813.22622936369	53958.42374030491	119505.28645822249	34054.15916910089	500265.4635830492	37381.05348079868	820542.7576134086	239946.69708925925	0	0	143185.59213871005	128789.16865127979	169878.88665800256	474957.24498020904	385575.64303545305	247804.49554188838	227337.60452355258	233014.67676686437	376908.7657591636	388450.3048083314	174249.5573457797	1117416.7263396182	322133.1201536569	611371.2719702768	167497.61622954323	506910.1685433849	399721.6392979947	313930.5124557898	313519.12944789784
MEGAHIT-MetaBAT2-S944.127	29851.379584524904	38532.66135494692	75286.53650836207	291572.85719887784	126189.73642769491	78041.45877236134	120924.50903259586	81690.68883542459	384759.33060505934	350650.4443615396	347642.0889954743	118322.04948276999	348412.20069992356	349672.1577011253	328196.4822333935	221486.17271672358	96919.88230263391	182430.63246979855	51211.145133425984	121415.56822574663	45563.37224768577	249039.321200958	311951.53235237586	187048.89224981365	45022.09009418971	91576.73492556842	110347.63466901593	27069.85551300071	231224.47443088505	124418.57479733812	260879.08181884087	266670.53816235473	107605.54819531435	139471.05692489576	165668.1277393789	69910.46076328974	426061.4828479992	256518.51639793837	188543.76952270695	174129.38842492522	0	140899.50781881943	234556.662007404	0	190059.17817954085	69843.83331835803	208312.422889298	361540.5719093135	128807.77588505934	245844.7000382686	180256.78836691714	316193.0110803951	171149.71632068278	160125.57776261345	123493.35971683986	73308.09814500884	216870.88071155144	258464.54831716654	136311.14714958842	315853.2258853525
MEGAHIT-MetaBAT2-S944.143	0	0	0	0	0	0	0	0	0	0	0	0	0	0	0	0	0	0	0	0	0	0	0	0	0	0	0	0	0	0	0	0	0	0	0	0	59209.08275495225	0	0	48893.80180146225	0	0	0	0	65545.53146678681	0	75298.75357629824	0	0	0	39935.36861506914	0	0	0	0	0	0	0	67197.0334998426	0
MEGAHIT-MetaBAT2-S944.7	48233.41754858209	80442.02094388378	49200.63480502648	0	17860.750009840605	0	51799.23314364231	76621.66810573848	79672.93928744554	69930.09074595546	73569.41497903626	10828.25051910498	51055.514377622916	0	133542.3821353239	52664.55051367771	88069.53487795335	92714.22989489623	0	141415.01477727274	34159.866698932914	32919.01980974449	90596.43478979633	82242.41492834517	33573.53995543024	69977.66601621475	87956.19686017741	39570.211376711486	25583.063638328218	0	0	87632.99569215212	79688.16107295218	120365.51047593103	55345.64177481474	99318.02567404651	31953.703375657544	7334.823871063275	180253.99345671784	0	0	67172.18257962614	79739.5415026508	0	0	65842.94069527223	38036.489299357585	42720.32839006221	7103.941715902237	0	66970.70367586656	171950.19302248798	95931.75063487224	32164.310492953668	13565.166839472064	6014.645815642038	84270.41742901833	50023.65866168956	32903.49313094896	0
MEGAHIT-MetaBAT2-S944.84	1713330.6613416877	1468876.4436596711	1673289.4920096009	1441922.420772945	1684814.7828444997	347851.3083004596	1296746.9586846055	3078207.2169281514	1269169.8386919552	1154949.9138042284	1083704.3570042632	2865862.5100440723	986209.0699545072	505488.84918690135	712867.3230751175	1308758.3195715453	1677127.5754663604	2448369.511354979	1711346.9586042217	1404547.7630665991	2703105.3679079693	1003823.8210666627	1372425.5364295077	988702.9824547468	1705222.4121136249	852191.018965262	1697502.9545239375	2578652.9539347	1785656.3301514771	3254997.561551092	1260289.9295771224	965646.6401900781	631395.0762845258	938930.4067312942	1336446.9024475557	2122711.3503199746	912446.0620694342	919669.571062629	550205.6922674647	956020.3112040312	354975.37939043215	541785.2387658934	404929.6107200463	169387.27524369836	1048988.3151074455	1783515.3445949669	1116572.6819443235	648765.2130121711	672620.7469996824	1178560.605787798	2009463.3761142553	914344.0460898896	1356443.337439427	1243992.091424216	2800181.0792586976	1460358.8852424775	1331058.4695935505	1109275.6180506935	1002919.1977100049	1476499.698774249
MEGAHIT-MetaBAT2-S944.97	28526.864627444415	57247.039846825704	81164.6984719914	38995.6139870066	84904.54887602928	0	72532.95533510378	131359.07444323789	0	38319.612135363546	107358.58932920685	156056.63904183378	92999.43370622887	0	186984.83870840623	129431.15553381765	169359.34724445766	163334.7751139457	123999.25706231789	195463.95218034022	49377.986598599695	137060.61721958936	220885.5051342193	140762.1131066026	105971.62541324359	118997.4314288243	126749.7974876841	202438.1959307886	50232.15229812126	98419.38504093043	48419.80925583163	178244.80683761928	128985.60210777418	167608.11941514016	99024.57876513316	115939.70650093925	309219.70024446846	153301.55846200523	142324.93651304915	111975.95517497882	0	103414.65028852408	119430.85801402683	0	8132.89600805681	0	25375.964566281302	47958.99534802071	49426.15505039017	117787.56484054583	28798.59967136864	84330.87750009933	135662.9607383767	134058.31877778727	107113.85059405041	0	0	21238.446197171495	105711.12360209473	79942.1513381585
MEGAHIT-MetaBAT2-S945.103	919656.749888259	461708.2754697878	648201.9007820014	728411.9196708037	648796.6420311676	417500.626666407	1048582.3220131474	669971.687275144	1120703.3440309297	1334818.0446332118	640639.7763719845	682588.4989826346	2439181.938715156	1170092.9889324666	671950.074253787	780074.3548551103	281498.1512671068	1420229.7567502973	712498.079712288	315810.7876475555	954689.9532121142	4719937.414764574	760877.7685500977	324116.1535837425	123924.3762874061	294828.15267019975	442904.6480695514	405649.4857808247	1028244.5657749533	1275729.6121829688	1546164.1361059377	487403.38258677174	124526.08187041053	354349.40202287177	1467229.1219596004	619761.4389120254	575640.4050743263	800557.9478170332	185055.36452173995	1355501.2765772687	591752.058596327	122891.02081900775	210366.78289167257	239546.81077746447	1661481.5985465024	761882.7627878925	823571.3265098153	688675.1133327156	715684.5694546676	271150.3911830663	668764.8479301498	432170.4694663895	367014.184877442	246961.97576252633	1337458.8355676113	832827.4098948975	691171.9127698102	1815361.7384020435	816454.2150926063	952959.3553927069
MEGAHIT-MetaBAT2-S945.11	90259.85118369377	207517.05900822044	164565.26056213817	733608.1372457688	213790.301709031	260799.20969977198	421774.1873650737	553904.555652257	594146.2912938421	502033.1369495282	1007842.8888260246	390152.00327247096	1255636.6657171515	346899.0920177577	999356.2521818604	523297.3602045774	264697.23919335287	532557.9307126129	55318.22158314942	427030.8932650576	298424.7410221459	583985.5983949173	289366.48221118405	405518.66751521453	38695.25587520082	485502.27641360136	560060.5737045114	148000.52390159183	543878.0946037526	410604.0785826236	591589.9765371304	680975.2667174869	465833.3078617208	595843.5983753362	431837.09394155856	145020.64543274953	751732.6838292023	606571.76670953	867375.9453841074	737328.4896312776	122320.1903819374	291428.3847569653	499582.0314698353	96731.87012469127	399591.06068149954	142230.04378658452	285519.33587701956	926248.6141158413	297833.3899018072	358418.75677966623	142004.84932847202	515707.4715111796	542452.6424883239	582381.3695247605	630351.6655372467	227657.78169082303	548406.274572338	263535.651807716	540797.1351179943	597156.1812903925
MEGAHIT-MetaBAT2-S945.128	360582.4333981729	479723.57123853965	221236.79008116014	660975.1183405822	46141.58707356604	111806.67680315117	829032.6012508721	475758.8449126305	942013.6287376853	816940.1691216703	913219.8695844805	1017606.7334387188	2122455.1603731145	652631.2472220435	1506967.2586620187	319662.23252264014	292303.50208760647	1239007.2520197686	510048.7500049637	409083.2688775793	267563.6248902643	2504511.4509959747	1933356.4806042789	267721.8643488379	112996.6447131497	856510.0008887851	425136.4098689226	125901.72880551912	847166.6098772861	2265295.1342221056	1265831.609047424	1441061.1205133374	217132.0262540245	750317.4170605037	361047.96353944606	555758.051898304	933156.0591839233	1171253.4635033316	232562.83946456944	3336063.768696558	218176.6017356985	145914.58854256925	130869.28813980671	75894.11185938066	1107986.6453341302	349086.1434013017	582830.3262735159	800475.0260405126	841005.2135707987	229028.51241368096	317340.7942291303	633032.0556105438	297241.7175474778	118251.88685087173	1226518.7989858056	188105.48495933498	551448.3147346317	514253.7441319365	577941.2194154732	423488.14355670084
MEGAHIT-MetaBAT2-S945.135	163535.36694716976	139524.54186767535	159293.16669948582	1204453.839146919	217269.0003665522	404355.4266540337	336732.4836090237	152207.06420086484	3417201.9554864955	648729.0576192548	336440.0286283307	576151.1951162856	6678178.0673834225	396998.03066267323	3426086.4550795723	165294.64471101412	102918.7514923401	2463889.3391602375	898882.9165390645	2210159.3521817424	165635.52287906397	3419315.507687255	1958933.6979050194	59062.1175701545	584351.1203886886	1371075.8082352336	5242629.42572866	126817.95525460216	251063.76942559355	4752458.257192739	8574118.5659745	7271894.217015431	882910.5956988486	4987526.63022435	721205.5514373105	208627.3684724494	947305.2793388945	3803047.213062643	144491.812889567	2103900.438485666	756467.1683158536	213546.50548030058	210371.45538677994	1083936.1837747137	1486304.4371861657	318603.9739436262	1172105.8723433178	1585563.945351158	3873655.892757772	244571.31493864593	141971.77516815555	4759461.629975896	209833.90737807262	112477.35423669219	5083370.634752438	2928699.54475463	1300143.2954078168	205949.72750535578	1197725.022207947	2455944.607225563
MEGAHIT-MetaBAT2-S945.140	172188.7583426569	395285.32226237777	421192.77631445334	209259.32792365568	736659.8994570504	466745.7843986677	564357.4075679851	288963.78141247714	534756.2804598848	382325.0997523632	405337.27965177165	296562.943754914	679755.9984519203	155519.46595137083	503320.2993727101	476317.0293671277	478575.11963103735	383119.05638225906	204855.50063288992	385514.8093640021	220963.0952966876	212986.29522163072	438593.8186460636	436325.1946468473	393628.7575714299	213733.98814093604	375317.3534730736	161264.76081827446	319612.2177109598	273371.25555478944	381794.80616754346	250508.8815449614	165020.19542588113	216666.91724413563	265674.1071167751	127515.04991769049	283390.3205451669	268330.97992349777	376842.0029919802	120743.33685591766	0	275277.6488211106	284859.2084125393	98270.41539985275	366726.2938102307	256354.91292030696	311456.8574450013	358038.1775984658	510408.61085930554	521076.18123718264	609813.9821609303	349789.2072748259	522626.6024685322	315820.8229267293	337963.3132137809	187794.2717119374	565211.8728477897	545196.1909669059	333137.70908198843	606777.1018324338
MEGAHIT-MetaBAT2-S945.141	13661117.450354297	15928869.17758639	15747263.093269166	7591924.640272389	13283097.662715988	9887963.610658856	10241689.74474929	11189277.516654916	8812640.620547572	6165212.208319028	6702142.534039923	12047757.62686028	5996317.400853901	3463017.3088110597	6950151.017180791	7585672.454938898	11550038.02317948	9238544.758612711	10563026.846167749	12990060.10491092	9956738.929533146	8664069.41880428	12463768.179899303	7995557.31427739	10443340.529740684	7372691.279390508	8560075.941427853	14150939.325771613	13919201.975082308	12001059.397450984	11979592.489778766	7293043.746333443	6991269.453782556	6651077.483525071	7576311.250535944	10717892.136445468	6871079.791286358	8459291.476482486	9900819.642866932	5102971.602442776	3266225.937856927	8083020.493894098	5676296.177970529	1651665.9716996416	7560207.526900929	9915713.664443564	7806093.367775263	7643675.060547856	12287116.689395085	11936767.760402903	10525866.107398227	8046408.458471706	12126834.332863959	9109740.847871965	12997339.85606898	13685446.24858524	11888191.828110507	11564895.984140938	10828091.702483859	9616966.297752557
MEGAHIT-MetaBAT2-S945.152	601896.4910402078	206445.1913423297	403631.15032418864	1421572.4497737202	589110.3179898269	605922.8875544828	925124.4270315139	798245.4350404082	1022567.417023566	1181698.667855349	1000084.1539250754	1329476.1582892993	1452587.2173838236	420969.2831941547	927351.7111067293	386905.1652483565	806862.483012585	600689.4147228791	367775.24101030064	892670.5217761684	719728.8136794005	631011.0471295947	627745.6009962731	438124.941840674	256215.7932186773	383025.09997827647	433512.36814863986	226085.9782552886	1130698.1850870533	627061.4079068601	1479836.4911021388	868465.6446750838	348371.9328885973	591633.7583554104	200328.17142431825	126123.74993076827	630780.7915026097	972461.9549169395	962078.7139427245	338508.62021582504	318290.5874767576	216666.52463675925	128104.45675941031	149303.56611870404	1076771.5180204646	676909.0555603076	848223.5075680829	947688.968059022	1005532.4054126246	842138.6600349374	531812.6352088356	780681.9135311954	1551688.0595463328	431462.1799317014	1437484.486385573	475689.92211317655	1334988.0883101742	747101.5311163114	914618.1695745856	1230506.4060276318
MEGAHIT-MetaBAT2-S945.168	155577.75336304595	174868.91005707107	106376.43734346787	728653.3480529927	156680.05256595055	195207.39633359027	276687.0273605301	94391.38758079516	826747.9097168122	1362176.2470571513	630109.2579413255	207325.78741381582	2294800.2439999147	1559351.7348829827	1706281.8848773583	212794.40131753555	132983.2300618354	38731.16087137941	322568.60621692776	92892.00141269523	129179.89449848096	616076.2267124926	1813228.575468747	385244.8769583433	93447.56620900953	1073298.284171977	945471.7179084116	27249.57005215412	1768159.555955446	1563516.3301707713	2252332.05823861	1690610.2566496825	172209.44542239094	309482.89142959286	130374.6853268437	125048.75604817047	2748999.7425779053	1062027.1554455513	181732.07108265324	787023.3882015339	790489.1415990901	98052.15969195928	257963.85775491357	140953.55174303375	567553.7324182907	407600.43798736	2424199.7129638824	2064163.0497428933	449577.2111353093	165140.2319844001	226240.2790301732	1682472.0843463962	227463.2355413799	107954.55231954942	667399.6001119665	970675.7941967179	69155.01433959694	985836.1263359656	546025.4981394521	351904.855370181
MEGAHIT-MetaBAT2-S945.32	142799.7851441373	84025.69979092524	105993.4600702818	178814.1890686247	142217.043257349	105052.83828302969	146479.35391572234	123332.66597906241	379786.5491330294	208182.34350239494	120646.59824268546	147679.62245787669	358868.558877558	154008.5058072386	228309.025300721	170159.40002496494	113335.26970528511	143459.48315324073	50749.782049284404	221528.04463804953	125438.59623871003	98502.49077274025	271352.81866224756	161692.19879494802	163696.19852579874	171652.20735950716	200854.85584657677	101863.92155004255	221718.3987803412	87724.24157177226	204991.53675251268	481501.36539899814	275288.3705437245	137496.48411885774	174345.06624893966	109906.02715891704	251005.04654934205	151264.58796399267	435349.12388798234	76497.46840380263	78625.34143782657	243458.23064180763	277664.41423957003	42306.82363064572	398195.12819977186	115597.81800601719	174795.34137867668	232634.84979879158	213672.86284723785	148994.6202776186	185170.28932471474	100620.4269274971	164934.10831588632	134224.8610280206	87412.44955675525	146826.65343365862	198364.10103961025	157849.2311631996	158924.2128585321	172595.9161582913
MEGAHIT-MetaBAT2-S945.70	117897.35763877968	122611.8500558275	122880.36012794083	263244.2594414313	113617.91912749903	68723.94881458	106852.93071017702	89286.65723745512	389410.0944824827	315478.95009762276	168293.5836481528	189558.3734921411	468752.73985421634	227184.62324706832	219252.80201711186	151416.2388969542	131140.61953059863	109251.70866736954	108949.75746159408	85862.10253809748	41642.771399584104	177730.11347131542	394588.7566230097	209011.11293965526	29379.430426511255	68796.02594998734	51777.84424622805	78093.4881282259	182034.74813378428	43639.508852241815	380377.22145187703	129915.05391190192	158968.99080527062	101361.8172573048	136739.48034388095	77693.60495626924	144015.23134306027	145628.79955679658	92903.58195150399	70087.1120945713	0	57285.28898663695	49845.01066884045	0	231943.6321141227	145744.77482631238	306908.3049693608	69553.43077052862	160530.04605588902	23556.678844260783	152114.95256539568	132342.30061351063	21715.892443720408	118215.86349145405	444466.6413325736	323630.0256379374	122531.12255877047	249517.7868299938	192088.04096453555	208977.48964302248
MEGAHIT-MetaBAT2-S945.92	5124411.506851466	5597236.089687423	4139360.362050841	3471729.931645078	9774788.806558842	3352656.8158080946	2909500.3807343384	4170292.15642982	7471038.618566805	10265616.281144122	15983838.147925084	10120557.08955699	11307284.890451407	2809261.7446850846	3624148.94412927	4742272.550448174	8809065.110960016	5350982.9405197	3271075.6675514234	11059866.963761443	3785050.2534891563	6084240.522777719	5123572.765978982	2947596.1211486044	4143656.1219831235	10498677.87009944	6059646.148947338	4323819.566440491	8742399.110154647	6592592.767397881	12205935.000854358	2667657.8123907647	2581800.4524328713	2790724.19045454	6760644.239898048	2323862.4736177605	6081718.978592063	8668585.380996048	11469220.416464994	8609712.530626994	4141378.3462892	7032541.337963266	5621284.2710117465	2183359.9269496743	5286337.782600368	3911838.9470635056	6559595.639380952	9889815.036442058	10402712.047386268	5538842.606156369	5914243.622574283	3349479.661090865	11704766.316126034	13556635.305307863	9879504.07543317	3879298.25757219	18343410.041012827	7513574.769112312	19080260.800817695	20049514.992782123
MEGAHIT-MetaBAT2-S945.93	389139.5101730968	263841.3028159224	196625.37929138896	5102437.917625391	471111.10359826114	200105.49678709882	587495.0384584201	606637.6822369362	1210004.0401236527	1238416.6201576318	852690.5491835234	705648.9574904292	3134640.178760005	429850.2540003749	4315551.5648777755	317058.584167515	339807.24846525217	550406.1924802365	249511.51932660458	346051.75061007217	213100.59716857513	1518792.5995721251	682528.5992708436	300358.7292513185	108077.67253445213	211539.61089514935	661937.0585412967	143243.46366264933	400821.7482640391	496269.6621262934	1178221.261115439	1259551.8444739375	265004.43811202026	500620.8084256158	582880.706438788	267333.8569301478	1948343.6148652462	2571198.3869687184	706869.0700501328	747380.3697717928	284872.0932718849	191174.09121243178	377312.7403523102	83571.75470357017	612154.5391543921	319299.8143653913	2093625.039709806	1409048.989391366	541679.6805246245	210878.88913068434	456097.05723447644	298478.322497363	289304.23706070764	137768.1137749703	838089.8828273856	651870.8937155816	810923.3958622817	305108.54016793624	1406988.3591787256	1217840.547920879
MEGAHIT-MetaBAT2-S946.102	250894.3822153241	302994.63043436967	229264.6568911521	25755.324955730903	176964.51346772068	38564.131503852695	202604.74442307022	424857.96026406385	106551.33341775797	153877.56256660848	427955.28253596585	675515.5730793487	195441.78079938202	101898.80378123504	354268.1515434499	170525.60632450465	192695.04146037556	239277.37097597303	172518.3468705863	316026.2758925838	246206.05140660566	157789.46795631445	417321.31799698586	304428.7067810026	325690.77018656745	254606.27248814015	175181.57369421894	163472.22641047646	389979.39365848777	325732.7689145604	470365.9212988371	321225.4825811028	182451.76490717748	218455.19931802424	257227.45247761658	200382.02296293166	203609.63148130404	333432.37438319175	228054.7856678736	337927.95570065913	272375.7263193035	167508.40556865343	199579.05378189145	184304.3540430735	77435.90424414088	175734.33774911263	286810.5301505639	328499.92054730706	348140.2176631508	331300.16523616103	136280.9116351871	225358.09045468332	341607.3175389979	278967.03047077113	256074.58531029802	134297.95691751168	284260.3225005823	229867.85387388512	166893.46163542086	429861.4774432026
MEGAHIT-MetaBAT2-S946.13	1334567.9771687163	1602143.029573864	792602.030520682	1241578.5253020243	1117134.8831649313	569288.1326036392	624887.2901159137	642039.416256681	1448861.3997167074	829359.7761647269	715486.2271472164	622822.163223125	965952.2000305346	221782.34298914432	1094802.5555288414	587058.1698175826	823854.1258123673	416153.36932541797	266642.7566210832	928890.249821351	825470.2262521089	203081.32266281688	2619217.0228994787	365763.40398776735	396721.9326177109	395705.08321854577	889161.5275860626	788954.2776458182	1044680.1368923998	61071.039110181926	683436.8009045223	1103908.8840080125	1403875.7180391753	306769.15229487984	154051.400326553	246182.8349224292	886269.9376822364	780880.4638561904	1158943.4872714563	81411.71341013793	210507.08939006366	1026728.9029923066	878877.3130635346	136963.01838243054	1074966.780825777	403649.6293367934	783104.2690290645	1107808.1011404737	472109.6259831711	1231905.6888353429	782515.5196490958	470656.117784353	1013641.1387057776	820503.9489174656	339580.61743282614	574925.21891791	923362.6920762437	753495.593179653	872850.9046204205	1235040.1293592071
MEGAHIT-MetaBAT2-S946.155	0	0	0	66338.85270249347	2989.2789540534905	7433.648198717522	173359.64474505486	0	210012.96094045328	540542.5427111153	86700.99381320391	0	116073.3596408554	727204.2633106282	315780.6536314677	0	0	0	0	0	0	56924.9286191067	0	0	0	0	0	0	2231.7718672843157	81729.27796394493	0	0	0	0	0	0	111972.37188764283	0	0	0	0	0	45976.14455528456	0	109538.18260677626	0	321826.83270273695	202613.96709541153	22729.399033081045	0	0	74485.43415509578	0	0	48829.81660543961	0	79192.23127780385	0	0	983546.0363594698
MEGAHIT-MetaBAT2-S946.20	277662.08325603016	698362.8048800782	405112.1357734015	3114605.890877785	559117.6480673957	477450.74642477906	408859.45560561685	470705.48334155395	2311049.0953604006	1587554.0288591806	1882004.1476632205	363147.1273000331	778438.5874310465	6854139.733990441	2586925.6508278414	628467.3601149964	551020.4172019343	357340.8850641529	568271.0148803262	276903.1112302074	300445.09638710594	1110591.2920601573	2034289.4728610704	493922.8228352315	808685.704225559	372429.05020416394	645572.9132115471	467635.08130622876	857854.588820041	585898.3675898706	688699.9180950279	1170380.4955871266	1356881.8528532856	408286.3694969615	311296.55482399056	299060.50080605916	5574547.621706134	4065911.5687119216	791860.7653812774	1487051.1296678307	144608.82898178653	393482.6241662957	547298.7339012338	131877.94441110126	806536.6019360601	1727166.2510326833	1091958.9911155244	663531.1109422267	346976.3476728347	521428.0749560008	369150.62713338644	1364425.9683550543	389537.31682311633	260582.7992767017	1502529.5645645368	359352.02980346326	710511.3450626263	255179.23968722645	683457.0650008095	768427.3920629348
MEGAHIT-MetaBAT2-S946.206	0	0	0	0	25214.356375710893	0	0	0	0	0	49082.52953811913	30069.510368763193	0	11774.641693447835	0	26199.953146354284	0	61116.68365340174	31770.821458159233	7228.224414547288	0	30211.40846955439	41010.68864536914	0	0	0	33984.14385416512	0	0	30803.68309226897	0	0	0	0	0	27146.281819674008	0	0	21415.897233548407	0	0	0	40861.99179130628	0	76137.6248820751	0	0	32065.277024642448	53123.39141652782	78383.61779642783	80272.15874426643	88101.09032801342	0	0	0	0	59843.422552349395	0	0	0
MEGAHIT-MetaBAT2-S946.235	201621.61754055662	287396.14047900913	187935.53806479895	313686.23087327165	204783.40612493485	119710.02874586104	690127.0057499051	254067.62446845404	536566.2774980486	389875.23423401726	328450.71277833363	390270.88620682864	727812.1547318778	160833.25505603192	478589.2892415634	462506.43260588264	317840.5805133935	466971.42974940006	139961.71293581038	401809.85835253895	314768.7170624243	506880.44169177185	402338.3435530354	602462.7913451628	190454.31963202858	234447.8509137175	479034.46128122916	235232.32275938013	742251.2324592283	456766.4351420428	567660.8099567989	447145.5520306367	203483.01542208623	436011.2955944377	208024.3641598588	164393.00728629823	658251.061488293	317801.3251881468	520906.9233797942	614729.628418859	113886.74917796551	158996.19922445755	286445.8178523956	258751.986140382	678663.019072972	210411.19168078282	373787.2892035152	523900.4241115878	239473.93482010555	192287.70466843928	290100.11767219263	310705.6510874887	313483.8840794045	359835.80177822616	801630.4192391018	347274.04106785427	375875.1052114526	328410.33828454476	229500.5005841383	351813.0295525256
MEGAHIT-MetaBAT2-S946.39	0	0	0	0	0	0	232205.14146228408	0	16331.567348479819	559370.3461738611	34323.857876264956	129263.3462600807	0	169030.56493738067	0	42203.61402237506	0	26876.611588124775	56749.46998143787	0	0	157329.70254513144	94250.55539540321	0	0	0	0	0	9699.055188207036	29605.461167064124	0	0	0	0	0	0	0	0	0	35834.312848892136	0	0	0	0	0	0	51458.06767936895	0	0	21411.5940311885	52939.38427546945	0	0	0	15282.564921221801	258111.24815668393	26591.069339800306	22133.686590701032	57636.243241394484	0
MEGAHIT-MetaBAT2-S946.44	0	0	0	96359.7001061661	0	0	0	4531.5897540469805	94085.33466511307	24901.512143590367	6817.149595923398	40453.9842718352	157970.67536120786	138044.31076937309	11432.732551633357	5512.119525415915	0	0	7451.6401204021395	0	0	172405.95810414132	69714.86429859945	0	0	47551.73842390207	30923.381043631765	0	6166.143462511112	20336.47317800657	136263.44665842463	70844.47608487701	41125.95756498485	24977.71036436451	26974.593932426855	22471.809307633903	131389.88694182853	45482.18362981126	0	137949.77996749943	0	0	27472.214289465093	0	17317.083692038148	13246.285584948237	15779.45517646565	14998.612529165486	23060.700751563032	0	0	58329.00208829682	0	0	56352.472498594565	12598.888776285563	81314.35291017033	0	107819.31567227599	0
MEGAHIT-MetaBAT2-S946.49	87662.71198491333	126394.77594684347	26032.391787799876	686969.1222980843	48620.42268018768	25687.432916510625	18595.21605923946	94299.03617013842	678069.0338164336	505233.10554589186	140715.7415108554	293103.958993698	2443339.656096549	2240710.133938627	1201556.3966398381	105029.56611636636	25757.72740249009	71782.1800989248	33918.587586677306	35435.02229206638	125497.3923120902	1969216.9609079605	147513.0875652681	33071.36960754329	40429.56898748482	157196.5006761204	109150.56001075469	145765.4175833064	31697.89894914665	316496.6522731128	169769.8093556685	781237.0012140762	222507.3569260542	31082.127460945616	160162.58647682285	163087.40680191055	766315.7148188896	241037.4661798179	87550.35115904537	2038193.3594863734	356635.0668631751	80987.28352417704	99195.75326893525	165525.63232540851	125809.87594117621	97345.13787714578	81922.44196274552	246971.87519984916	131176.1539127039	0	99632.2023526974	1199226.06157328	75636.32631816568	8541.609594989412	342502.6107074756	84917.4783796115	48991.788408148735	118413.95150909336	107453.05344817064	42919.78215179189
MEGAHIT-MetaBAT2-S946.6	157252.6736744881	59621.79101452516	657524.118705682	1361151.7329193535	513744.6884241887	685615.4668218627	900908.4472042794	619030.1394373262	1243542.1155964734	2148514.1975828097	695720.1875717741	23960.02430424917	1121816.5871943526	421628.7215267137	1278659.510417279	188258.5323901795	1008623.8575084468	549112.5597988685	280102.6388007269	701998.1537865604	219819.2228622362	51575.2840904003	1365400.0085227243	604669.1865872728	138191.13961189325	65408.93724574322	185559.79197674335	24298.13121870561	775953.0320182866	0	1265644.8140451382	982271.2044254352	232030.81437554228	439137.52757837065	197485.99205423106	0	1290621.7967865267	368334.5589316364	464567.64882081747	221541.18636536007	54207.106584222885	235827.31876649763	484745.243171034	36099.76545379429	1897157.080867334	653045.4431263107	1293299.3617776106	1453973.1158722197	713296.7989027887	776554.4166912695	792170.3455485591	1286099.21848105	744601.117046074	72099.33660387121	210856.97734728034	488474.27744905656	649559.0370482663	1133450.8904340342	836983.8688661957	1165334.5188238209
MEGAHIT-MetaBAT2-S947.111	9706867.585109407	10936717.154828146	11206904.120303275	14035045.629480526	15798059.232410518	5973749.190185435	20312011.270361315	13323959.719773056	8362469.387330446	11552907.243222099	12615236.8408784	12940512.266350834	5176733.082574609	7895715.220521466	9064729.110522758	10015326.022563748	10577926.328795955	13927091.535112448	10120763.145646062	10816461.797084605	10727577.227685565	15670030.075016094	11082475.222436314	8695743.367521154	9751203.61740035	11714563.880463362	13566104.080513468	9161212.433479935	12319607.928043878	17150293.91497453	9188669.31550669	4567513.0605961755	9141415.741788615	7490002.920851813	11952565.357316427	7731610.788851103	8592571.601082454	20933077.866679665	14168258.633537496	6195485.593459201	3148945.674805583	8575737.904342119	10750892.088590559	4862652.151053812	12777733.653174598	10666310.154611953	17544551.90927908	19170721.28266443	12192061.57539255	10484809.60174186	14439773.540246535	8547228.12409743	11877494.329369744	14837273.530069841	14817564.70764847	9634136.540785838	17078831.237978935	14416377.501876991	13986157.905933237	14086351.701847674
MEGAHIT-MetaBAT2-S947.28	51369.43241317796	17685.309229241288	62753.174312071074	1770228.0550149458	0	167736.04751724057	30196.47396728546	137280.56386741117	87188.86068098263	269958.32398099115	61803.921466981104	90976.2567747841	3578039.5950571434	148565.3388265962	1008299.5620224498	24157.867023291914	39755.34021495756	0	12298.843552614004	4924.196723069214	38795.45138872681	286621.8796997429	88400.94302972569	0	34717.1674991336	47840.60549109832	7526.034057941055	70540.71485066458	45884.945707244	52885.42066145661	77855.12158149693	28330.99530834108	32821.302416322476	864331.3502741792	151144.6349397879	73334.5868646971	681303.4174060202	157005.50476988198	0	37252.83106819018	0	31269.06341358756	22458.29560481792	0	156681.7583190984	99516.22266012726	0	84357.36312041026	37572.4531874751	13661.644287911482	45651.01201172697	84608.5859842291	21053.946320520838	0	43369.29949478614	107967.98981087832	0	73777.76360890435	42425.81973744787	5930.619170900259
MEGAHIT-MetaBAT2-S947.47	28446.38225841961	0	0	0	0	0	0	0	0	0	0	21723.50192720833	0	0	8215.943084190865	0	0	0	0	0	0	0	18454.5634137736	0	0	27578.438025776246	0	0	30503.910464538327	0	0	0	32783.794564568954	0	0	0	0	0	0	0	0	72146.76632187334	0	0	30058.103107040915	0	0	0	0	14792.332625251167	0	0	0	0	0	0	0	0	0	18891.99255069977
MEGAHIT-MetaBAT2-S947.49	93537.95638475382	171196.96865759708	396870.96660578187	1387622.3965785871	0	0	457178.5005662749	0	1819432.9572705734	1574173.3559513635	109188.01473323362	31264.909020119525	868718.6476200443	2455952.3393492163	2228952.6254713875	542702.7886939319	103978.16008375454	85464.42908590246	912519.2550624057	66926.76095344755	557886.2384794767	1908036.2693298624	294657.53470048297	0	19621.232159525865	66114.52824293557	202477.94874158665	0	236447.9992359373	558746.3181676756	483919.3405729041	1365193.3798437717	347367.9228656242	34816.58160322425	168248.51750740473	377299.2704875757	649654.3500094182	525090.6498163281	41109.42006179299	222466.89738198282	56099.10285328959	0	0	22526.809147237116	1693879.7118866723	388623.52280541667	309622.9906453009	360620.11127849104	25130.873464960387	32572.57604232434	294021.67399644887	150291.80768367564	45892.5213562162	165606.524110449	63851.40121220815	1321699.2996399922	45624.567720998166	604601.6723215437	85482.48510042977	19107.372884589033
MEGAHIT-MetaBAT2-S947.59	38199.86973136466	15264.240176920932	104996.19164543017	0	0	0	86203.96566017301	77214.20834067254	67599.61106116901	38049.76312083012	208213.38214653023	107582.10048954668	266582.67432448594	0	370985.90217167995	65564.4058056248	47562.37323160402	280558.1671220531	47338.251651621395	28122.719854892115	168603.97018480639	85485.8035436286	80644.35446106848	12576.779831855145	24498.911505927972	20171.87277998896	111983.4265494058	111772.74565546664	108749.25100845084	274782.8578845102	156127.3204970919	70547.76400037206	37371.615358183066	21444.073415423725	156529.60704308894	111932.02001103072	0	183609.2954392652	21955.294490116772	170935.7973193743	0	0	33138.57412052234	0	294549.62134220946	0	49094.63314636464	61926.254821022354	112497.59005960719	0	50271.088901689305	16632.397108288686	86518.53342590637	18355.116531971962	433293.39736461616	152488.3930845758	79859.31282471318	52513.90147382792	255933.10794507936	0
MEGAHIT-MetaBAT2-S947.6	380920.51790782175	207953.8873159674	191037.1424071836	1059443.8658132867	177658.25895165573	77427.15096329316	92535.4159893101	232878.258046587	1202267.7701608622	880068.6476725835	355508.5556688478	489510.6636759677	4214655.67462234	659060.7632714626	4880457.879542131	131271.9096222065	86645.76438291467	274146.32929291204	186538.10041548288	240875.18435585595	177698.68063574587	608629.048989683	380234.621703204	220366.12197183276	255691.74049659306	125937.76406504575	207542.91865484614	107325.19594480083	178520.96949291375	436157.11790248763	830319.1481731891	664884.5797705961	183361.04434223185	305585.0875115955	210856.54271475825	73249.57224133905	475395.86171617324	531475.940249118	121737.32481516212	2322491.993158025	0	179874.32039378147	43688.43245501172	135043.2520366527	521443.1475028785	338816.2729402991	482723.46368548996	1249577.258810095	594282.552246914	311736.3518807676	271541.7787665672	3366180.7026604167	277147.7545122967	180343.57874611777	1181114.8897791882	408279.2372649463	159913.82929747878	259993.1078353358	599912.3232477522	470107.57762066857
MEGAHIT-MetaBAT2-S947.8	125985.56323191928	273806.24296067405	165784.17683488477	2863634.2038448933	81635.6456462551	1360684.1492672067	1234138.713438397	481977.8036197068	927839.3908802882	361165.1011152878	346018.4545857086	1127014.0847693423	2375498.1168092256	780719.0318191366	1051313.1572030033	508369.95248665585	282136.09736055514	2403748.928028504	228101.14288165	1551426.8605336216	600569.1712569483	4518500.73057564	503715.83575869247	321115.23223616334	146300.1427584222	236434.10636601	1018227.8491241505	250314.13222335183	934943.8872547568	2847701.8813918876	1058300.1372412296	1540490.566042667	1021822.7427847075	2232626.632318091	644736.0668283479	171016.76081308207	2400558.315955795	4725205.878727115	1593851.294508624	1601089.500600904	617508.5623283475	228020.63703245143	206692.9772292069	0	2644834.9492141795	802564.1008389886	1515367.456356727	967711.2347483216	1747007.672860591	2142420.227117051	380567.91099684447	594527.6341224101	1775941.4607603755	291303.999413404	910719.5525119229	291401.1744176058	1527857.1948346435	506978.82224915875	2926220.50565903	1282874.541552854
MEGAHIT-MetaBAT2-S947.97	0	0	38770.378473342236	90127.05473736432	86130.32792485201	85069.04207195209	182447.4554636363	66223.36939613681	68000.46486607057	203531.67772421936	27416.029864033557	57680.319534721406	332065.75418707955	207257.32633128387	2683285.733294288	51863.0459686043	123791.68402750968	34031.037678143	29695.20930933916	0	0	0	0	22851.306817093733	0	0	214817.197763237	0	30734.142783186096	0	69596.99027216311	0	27060.999349355505	0	0	0	15241.322323174058	0	0	0	0	55852.93813537544	0	0	144622.11555512407	42369.54269086773	724599.1249739802	37665.557216023604	79098.4514121036	34101.58993814904	64080.126635327055	119830.90593118727	38129.07965530687	51599.90522236489	0	0	155434.85614666238	0	101016.167870579	425256.47503601026
MEGAHIT-MetaBAT2-S948.11	1428433.2838483145	1451847.8964849752	858191.7453765692	1223435.9777231077	2401898.4215495675	1350973.0518050944	1481138.109357094	1800432.472640895	1536863.7237173726	1447270.9434995593	1404026.8586552392	1242964.6736587095	867492.3128140083	904164.6829402545	1278063.6519503482	1636444.7393004936	1852031.2942043103	1766803.1045622434	1264240.8037782775	990768.0199118777	1646018.6653681898	1751444.5390766407	2234996.7837611767	795095.1015386747	800179.6529765303	653557.2175786009	1107355.2626787594	953175.0736093123	1528428.7058016434	752971.6928861735	1284599.7206542832	1154543.4728050635	330008.27534239035	781656.9601098952	1043963.8402831161	823500.5822535625	1125737.9424225893	1133336.4256332498	1956447.5991569376	892649.3640330569	371491.02590034506	1231859.270589553	1083851.5196300754	113248.06447148004	1200728.1275318263	1119979.958872488	1253713.1555832291	1297541.3259849085	1213644.8704569784	1450615.380563561	1519208.1013038927	1563608.0656201972	1856165.3242038165	1248552.1825727927	1121311.1397627844	1156819.2445639223	1599485.9652736483	1472287.4227577145	2010252.6794645977	1738497.7353245923
MEGAHIT-MetaBAT2-S948.142	949725.0053274748	1135311.1369263113	3307539.6456406373	2589968.4687720523	342279.4170269883	125388.05129170572	11394011.293107696	943561.6000473165	754911.4246406723	11398756.642791161	1247504.9953327426	995645.8873781009	974320.2041699338	3129898.255328141	2933994.7920373413	8791893.290667398	425511.5998775215	4392773.06951951	3006473.449612923	650620.7133022469	4994180.968264665	14123601.780128356	789456.1159296087	71461.7513973541	21793.000532810078	138146.097672315	232339.20733966347	31516.402210857283	503031.2557787679	431060.876399214	2847927.957778412	1545283.268849338	616502.1200881077	148678.99657474837	3374351.5976120825	3504262.3226367813	2408850.4827607335	1718384.5767556538	375120.527225941	16310921.747743566	4237355.304494976	188529.36126479652	403661.14206001826	674306.1275374651	7928592.142797067	3228923.6772142346	22583939.529036567	2011734.4439183066	915078.1007897097	74849.77442246927	4708238.6686832635	1398371.6272292014	209826.26912683665	132155.6052310914	3518331.500833597	1155156.306769916	1045114.3922298109	4213272.605371905	1866689.4594908	443870.159809539
MEGAHIT-MetaBAT2-S949.157	24305527.353833348	17466394.549826663	61012286.31527705	69459977.88484947	31212780.700027812	28361233.97402914	34662997.557570815	54651948.583477885	62701636.45289954	51319930.25043613	82314413.61094859	31224700.99363902	37326717.42884626	14306027.56697848	81939208.27704021	34589943.80480582	69328403.72155808	58633075.447857365	10995313.860871898	40914164.67295412	22101757.571122956	11450913.596134046	40671620.31332121	80916210.45372143	29613393.91227077	39713999.25071204	34866479.0346601	18546083.31104141	49152885.63483397	14524145.276361499	62718824.862112015	30438534.865971256	21740731.778368175	51992725.65539161	15395589.70248433	10606781.846146705	49487556.09300069	35492402.43731451	57678371.90894241	12446877.706466582	16931767.81143225	16596888.678482484	25756261.9045949	12085392.62390216	85195184.77233815	25222003.728751276	51701646.262311004	84862621.80789314	62246959.59634122	49099032.541427605	45804598.884508006	29018861.866928577	29955287.139789984	47665045.48612399	24860906.362208657	32700585.818358786	52598977.53209605	44197877.24754365	39033251.82205743	78077427.94105425
MEGAHIT-MetaBAT2-S950.132	1746243.1866817325	2477321.5660536825	1495289.7637113868	532161.917604893	1167558.049837408	223737.30825002416	1096788.7636664826	1904962.9708010668	1184780.4877435444	1055351.7698798617	1014110.8392769308	1146495.5395069495	1025351.686435571	467313.55267966195	550054.9102862898	670184.8096732036	727658.5734633112	2042350.2843777176	1458508.758664192	891037.029277757	3630770.815784263	1281621.8701266518	929099.3336466233	859493.8594135006	962091.3081965722	924900.8914795811	808150.8060846282	2590838.545962517	1830394.4234029627	3740477.901556104	1494510.127430527	483133.96438243106	116298.37458323698	1091838.3194794501	1584487.005760017	3187602.140839607	813347.9263720199	1510423.5391025764	264660.37573769223	1762875.6693715968	1257068.7930876713	181762.7658777765	227051.6223083214	78862.62646862527	1072991.7138836402	2012635.1556027047	2025103.1537102372	726454.9804716661	1379840.366434806	550302.4177722452	1089282.0398312174	541357.4006015607	863139.763430815	785967.3061616236	3323709.065214628	1223684.6335508502	1263104.4421120968	1084049.2155518802	1164804.9412415673	939074.7530851137
MEGAHIT-MetaBAT2-S950.5	145829964.84700248	148940322.45743427	136735724.81947213	56115593.01767307	140791007.42562506	86857581.55263588	81386298.91585203	109195746.14751613	63612001.36605631	64664824.50261828	60746998.73883247	111647758.46116185	33220927.30772238	22596078.104976457	50432683.82761704	84980786.3349317	119089591.2673432	93133267.52783935	95545168.8660973	118690722.50429748	104779075.7161222	58148831.342390545	81792423.07874247	76331513.78787588	118915635.64335208	69061376.50356223	73423072.46979256	100371662.37045084	99002386.48316357	72991455.318371	81736247.66910118	46623155.60927069	76010646.4437798	41997675.90149749	52966577.26608966	66041997.812610924	41787268.790742785	57364273.23784548	95098368.2116426	24214042.631510846	16501270.321190316	83189596.821666	78770977.96650293	27062457.218595915	48895109.202230215	93754673.82807611	66008991.63175097	52335068.09832318	86328356.31646201	141685060.754909	96416923.53831595	65477286.996126734	117739882.03306106	95386337.60119735	58990778.5482725	93709630.97621474	86179507.70905665	92723450.95049062	79340174.33206844	66405018.79352502
MEGAHIT-MetaBAT2-S951.163	2012139.0824974882	3315487.16207029	1628378.2888420895	1012579.6783200781	2158974.658438284	3785098.3274254496	6560370.102224974	4301084.683615071	3195661.600413495	1272329.8369711142	1107394.8406791731	3395023.4393091	1848974.799915643	1139363.7255367434	4121419.1715228865	4534407.362954838	4687497.86885149	5159523.55830457	16997249.56644157	3132560.6687946995	10885094.200539825	2457488.201033049	13631470.55282122	4141569.4473573864	4771986.5692708315	1700585.4219882877	1816914.6543737908	1028708.269329697	8117355.639160595	7596621.743403655	3739178.8821564796	9007815.13226164	4153532.582932609	1107975.0453598748	4798286.303682323	2128058.7002267768	3105069.6931568068	2929309.967210497	1894120.952129804	2970827.7136518033	801631.3167023961	6102185.548070145	5949458.38825697	1135288.272337748	3405202.596718503	3869629.8421143917	2537119.74764872	3419075.2365947478	4652320.207290004	6367152.426615588	5624666.778922516	1814679.5617533124	1264830.102682633	2116438.9260026794	2519569.437391369	3875375.3104581637	1443494.6648890313	2561012.0943778018	4156698.0566932717	2368657.7472736095
MEGAHIT-MetaBAT2-S951.173	32958132.42337265	30616860.943573568	26804846.12145331	8932218.782105334	35039188.4584229	22445740.749762915	16129731.783015406	20965658.25086433	13812730.816394998	13478939.903200686	12513896.158265293	23999082.47633412	5979743.339005839	4236621.2503304025	9072644.936734399	19172860.982184395	25523070.37293083	18854554.354288843	27271400.124298315	25214543.818639144	22925437.764283843	13121719.901963761	20400041.703664463	18078965.7772625	30235651.820233032	15772438.352358501	16973945.61278116	23869734.40175344	22127817.062059835	16477181.19899844	17867707.63256417	8434641.118296579	16340934.44922518	8433616.819810629	12570750.059277076	12982127.805782162	7145129.695343053	9724657.68307752	18680494.227166392	5131539.465663514	3382021.796327872	22421310.265576955	18043815.046591967	5595586.813732194	13252062.407613289	23945954.276780102	14230700.526645642	12875864.155194508	19584216.274267897	35220932.22210073	23628453.886666324	13679988.914897172	30757277.424313415	24709426.307489295	12351272.79458707	25076650.47139492	21370820.827790808	21189083.873487767	15893473.331424829	17721300.949938305
MEGAHIT-MetaBAT2-S951.45	269171.3175446651	644777.286013828	915957.863547249	2680484.018427977	725588.1914067633	1395187.7575104397	1318934.3684549949	1167129.1501912915	4529071.208548908	5192093.277384499	4895637.368255265	889059.0278445251	6524302.37873117	4420903.439197094	3385366.3596778596	1179788.2930184968	1080127.6407727776	1648163.3147000875	3922956.5099173184	1044483.2294157514	522129.09746114985	2276484.576237481	2415398.6427078163	1182464.7760677277	374939.6392876964	1274496.4909365412	5146693.886077378	241255.92556273	1192597.0711452903	1186295.9590170085	2786039.4778887243	1596572.3238609014	1328466.1770091418	3092071.1186451307	1064138.0033951497	282392.92667709116	5798246.985681308	1977805.6811291352	1041663.6482821126	1714726.7168068702	829071.4659418666	843381.5247292832	1158238.7668349282	775611.317244953	4835602.870588865	1646108.9806841216	1590171.2094635451	3234350.8299782868	3558757.9708000766	1110531.5002544748	1367448.9082627764	5737104.716979797	1183127.1500692805	786788.4587148519	2733698.7171273115	2292312.0115607125	1561741.7248845606	1814916.7208614456	2494352.042099048	2825583.9489116133
MEGAHIT-MetaBAT2-S951.93	1367194.5852338388	1900370.1487998124	1137271.9658996991	3337973.0940018836	2160670.972484419	980338.3217740792	841265.315187522	1337823.162537768	1008593.5267602628	1283732.0645122586	677039.553630373	3142349.299823184	3333259.10932866	889658.1701070415	2076414.3584903097	851471.9184053737	1134800.0435593368	1404691.224919351	9103046.786092438	1032497.5594852397	2282841.18796553	1292913.2862644414	1459217.0672244867	668126.366971327	772698.1119821352	701940.7115478246	3045794.4622396994	1289728.467514469	1669876.8072669771	2043413.860966088	6321646.37392047	3028697.9011434135	678060.7711675304	808443.6876406928	1321640.950762569	709188.0469601754	1118608.690591743	1582434.2343417786	811577.761517645	1199026.7338648476	451294.1045816729	429177.4473727081	631903.9951807538	504019.9834015922	1825569.5037848682	1360395.6373182107	1533894.981604181	886297.5843707412	2934205.520578815	1445165.6620604522	1331525.4923176623	3024844.640563097	737671.855274672	1599066.132119839	4447591.418445994	2881478.193129949	589654.0633926835	595539.3273451267	1048999.8016337124	1417277.5067972906
MEGAHIT-MetaBAT2-S952.67	7500534.259660197	3924460.0394404344	755658.1418227811	748409.6607077706	9162106.316181814	1008024.2842221551	4543268.894568079	4818388.960427469	733379.179753714	2462542.4186365292	10890204.7685629	6518095.531948079	636797.7440717742	687926.9021896697	862834.01327032	2249764.7725736685	804269.4599415078	2115959.123683436	3655169.445514879	2233416.029947931	1954987.537117197	1384859.9882391396	1119800.5779741385	3307523.5608120332	12575824.429038947	3940342.10403793	5583943.061063614	3303189.094866815	6631627.870888717	1995364.0031303356	2305864.3577442444	790478.0161459559	495734.92019807163	4261081.829230155	2991510.382829413	7478361.968306396	779329.2009410702	4377380.537621938	1674467.4251067345	1203607.3213032049	618915.075313322	381892.6402141731	688634.9879184556	493674.38409754744	3973559.119425293	2131266.4668095876	8125460.276756698	6492711.090883784	3974077.018271512	1119836.316495082	6406703.79469611	1335839.5657721364	2533457.9216199475	25848580.338258613	11281789.150601804	4286549.995557569	2791321.0838465374	968494.657340036	4697729.532449639	3480058.0299200783
MEGAHIT-MetaBAT2-S953.154	4088241.3363267044	3283201.9847789556	3175022.809830493	5800379.119405814	1904277.3234399627	1722707.7272344616	7053122.471194887	8501590.62785101	5106121.7738415105	2886545.702649424	3234189.4227554444	7157054.868361702	4481329.4957598355	3896148.4892374156	3874423.764361821	3391698.8357990813	3729057.017208137	3913537.6536498144	6041843.207496617	6017587.448105184	4808881.225098351	4749604.32120692	6417802.521427796	5720269.474146373	1950246.4247209453	4562033.587443791	6711449.478460169	3331471.3687024093	4746477.165593748	3609170.658254397	6187680.603139236	4332583.003276942	2079473.1960147202	6183930.347481416	5245717.690260962	2842025.990287753	5759694.003009626	6680029.766854277	3244581.8674645703	5385779.032540536	1789176.8717196875	1609024.9010553525	1829125.3250791207	839348.3821905865	4513705.811881128	5475409.842807621	3917470.6198419635	3829312.163035207	6489660.248771268	3773075.2277573515	4946585.890972142	5821652.44612735	3949365.8201531274	3312898.1841780446	7274852.311728887	6499817.238615966	3655059.6445589294	3897727.229342165	8078780.718170116	4656546.447907427
MEGAHIT-MetaBAT2-S953.167	929783.4259109865	942285.4616439546	1345957.7059001129	961330.488311007	1459741.8564797172	358560.9354534393	1113086.1761954443	2258116.00558104	1570048.253096955	1004442.9425688037	2269603.8786524315	1712949.1414866238	1075217.2650234904	391215.240765849	1685901.0848548773	1136248.774393443	3089048.3411730872	1252750.4680184843	1457672.4776474782	1691585.9603409804	1131776.1815462774	736425.3756267389	1413522.4224730707	665762.044887018	785635.7997238437	854653.1110440558	1067416.4920597132	1402868.093090014	2057706.991495297	893503.7130565475	2065189.8718867968	3206211.038830559	851841.4674724223	1082215.2720034255	710353.0426118599	649505.8789049822	1649531.47473173	1016566.0368708172	1434348.0108941281	509140.9663956123	202995.20987706742	1127621.7804732379	1007614.5123525658	294424.59108721773	1173411.4875306883	818976.6787674407	1101881.3544133785	1939400.862779459	1920332.0685405901	1553247.268512198	1675930.1428191036	2423514.7024195786	1609870.3823574176	1096478.6588742314	909039.4362372161	1625223.900495505	1843182.6056663678	658280.2937572736	1224391.8199977814	2293429.5968627534
MEGAHIT-MetaBAT2-S953.28	385607.53789442056	68988.49030374695	71791.85589857955	280736.74837819516	115405.63734714806	38150.61056264519	235626.62604808787	501439.3625510116	268728.52896472346	257439.56348636345	325630.4552845746	191410.05608671173	345856.39131281385	164404.11858877895	152691.8838453678	1685472.7163417148	161219.83235317713	351331.00858021964	99058.08621018089	164229.87103748514	1390737.8024670908	714796.2985373603	706443.375200679	40964.84489726924	1490982.8542827482	59769.76990409843	122288.11814287488	313187.31503830414	341078.0080573089	172084.0456054621	132903.98400734394	159611.15302090364	85351.35899014861	404550.8758319237	136684.07574963538	326990.25063818676	97250.8174928176	261920.542989509	67239.64767369274	234829.28849311933	107940.25150088622	60125.38662777115	85095.55604068907	0	164502.27114816473	214454.8395028887	1119614.1315404358	215515.95594126673	187341.53306155105	146945.49094397062	383358.5718559848	223870.16454857783	1625157.6958300318	587734.7674138888	774582.0182596135	87583.0564138642	253208.56854794163	109512.55870605627	309351.52626012865	265456.03857905354
MEGAHIT-MetaBAT2-S953.47	633791.6453428137	370593.15467731387	455477.55772727163	144043.60551767313	152063.5127254766	0	1109717.6025831648	362076.72139114194	101741.96598119984	135279.64912233828	190933.37666775094	1035066.7031467257	188278.21241272698	57309.17471698035	166247.6133765376	169888.1856914941	91206.50249738648	919698.0911318243	282647.91910959966	85541.65257695073	504203.0428933233	319743.54025664466	62544.03448500443	265920.4549665817	87563.72777968284	210006.93704712007	60329.75952409752	524266.23849551537	330391.3504563856	449201.11915435863	113513.37534369732	82947.45479758021	115247.2434482525	58252.270220148734	463819.30990065035	1372734.4276990425	58543.25834113108	1541438.386302973	85613.23402197284	520060.4709009203	201580.31012182578	73770.09933534649	63617.20984815861	102163.48338499281	133892.03349353233	152867.48253084847	350764.92686577723	71538.60949550831	851412.7998394552	221269.62232277784	337672.78681518737	146217.14140351326	280054.2284475348	261674.89009162868	2798112.1420278796	686179.7494569896	499719.49367958837	1390686.760411187	552946.6854060946	236147.5397975318
MEGAHIT-MetaBAT2-S954.101	0	101147.24884042575	126452.11799801693	356511.0729246354	152388.61599622798	0	405916.0103402511	78162.78998924195	424424.9026448919	322415.6491810141	112958.52890350335	86400.48338271919	707764.3328194912	525024.2501682264	170523.0449157752	175513.979113817	0	294930.71145072597	300960.8340734942	161194.3666580974	279716.5628919161	771308.1805123646	259500.4182368864	132227.24020567207	33439.560481108296	125336.68949412374	333268.3574685847	45457.145349934995	158516.14819969155	669192.8080664325	1055549.2770130923	388372.2712802221	45197.75230224333	116696.61207621562	262227.6632063172	54155.53282207739	512867.73325376626	310286.2937695234	0	975243.7464356197	267401.4693066203	0	0	0	668861.3568835879	403599.8551353853	584350.3443550806	553898.7070818531	393128.86858878477	0	531950.2475244978	460020.2778103573	143832.078918027	102544.28936866061	774803.9483540581	671587.2168555447	363533.2639592877	156042.83717173268	784215.5149441134	0
MEGAHIT-MetaBAT2-S954.181	61997.41998366583	128705.20380224216	4323.7197180573685	1581.439602825668	159094.4254366845	32767.480143738157	372428.2809728654	23890.917953897693	105105.41887959088	1106.6924308661614	45993.52494996427	3994.469041323192	81151.7367054112	45582.51742982336	69673.63288187401	2763.579695886282	0	42941.483275179955	1485.9299424456053	22725.59458836659	30127.376973946986	883050.8596977565	27933.569647387885	28735.63513167613	68409.64869023999	1171.1462716329645	0	1001.9690343190106	23381.66611535916	1562506.3714994588	155829.0736888724	33485.144224209536	0	31025.642499054135	0	0	32873.635521950455	100069.34936725593	40858.03150779435	430262.93589053705	77550.44517841283	0	33966.609158611886	0	17385.478216891854	0	25769.90266297282	24187.493919726272	78161.41454078056	14321.972040884202	37346.080141789644	24920.712849673102	25063.50325534152	2381.2612999372873	735900.1877906556	116213.57216403118	163393.83177003817	169472.9053748883	360373.31787920784	22027.296447246812
MEGAHIT-MetaBAT2-S954.74	181981.61005029338	231071.35314887625	272195.0256120837	2279875.605846511	164697.2042354894	85355.9241952527	326386.02921754576	351993.18996914057	1296096.3530925084	502435.632814608	448819.68535898894	278369.39271408925	1771733.4403579424	727628.6389849804	518564.12816626695	171996.10970277555	171854.6388163885	568586.7093484568	303956.26851628715	314321.55446698103	257614.95266820368	1746246.0812444345	441908.8485432113	133819.06171924158	149509.93645496966	193020.09224330436	136751.7250087731	160130.5700495862	189753.23626148788	297819.43315485393	584197.6180278431	920065.0645144148	243919.32371877378	272928.60354185983	422213.225129382	491245.0464915981	1287619.142065661	576530.945329325	154054.19560928058	1011410.8556958858	144226.39506758962	84253.38367881949	216373.76662004093	81330.29551992375	654891.5190821277	382634.1714639623	371730.10191906604	584802.0648669732	465033.8252079454	153050.36757475452	129893.72409027435	1140088.8854499343	133024.37163159612	158289.27216416784	1071050.6124990745	446066.0579327561	251627.6158183374	252392.91050204082	584360.1375884386	288287.21684067254
MEGAHIT-MetaBAT2-S954.88	257019.44420899078	230697.10083986324	132930.16839565535	689455.5972491091	403689.4186592064	135181.5188718353	322485.44245109777	261039.0281077119	944736.0104880283	936876.3568710767	563534.3701212951	271078.99230179784	541554.082075738	754815.4453578723	658614.669457818	574998.1656334535	263030.5666631696	472555.4392932012	209075.8469229912	358831.6350334996	388069.28698103206	10676492.397909166	409243.30949513585	267340.90726122	203833.90300039388	292986.1239042757	328634.9809202966	275144.85385171685	334051.30435653875	313362.01413511403	618112.4170160191	555743.3822982823	342631.78581372567	366118.497369088	4610166.437399333	226744.6396970406	377934.4118448836	416526.03235569823	396032.45044397697	218775.7366245245	0	292634.5851252624	388750.1066825819	283663.18233523535	3260206.7462427225	576511.2992816312	782014.8605896559	739971.1597916577	289762.7310273711	381562.00447829516	421697.26906405896	703278.0641524263	475589.7579238599	388271.1224154306	412099.7603263734	291656.497480836	498323.82154922496	1966409.2406573014	459719.3501874942	985832.2618390998
MEGAHIT-MetaBAT2-S955.109	163133.08815694618	356805.5748321336	224896.76817609993	264200.188472517	224703.28932006058	0	372512.19627270027	242149.1368653866	107364.31463824937	126331.34707464778	202723.38544287975	214281.59223606647	2047782.917021303	110208.45840509709	47174.51020196235	126477.53019575436	135184.9936394072	359264.44395210966	73232.21276850147	195068.82850641524	149087.82724970122	190701.94328213058	465571.15964262123	93764.081388238	110886.09025241632	163353.9550162853	236989.0933805941	250629.01869014645	173380.9416343202	722395.4437487101	407563.0455624294	255220.25804160268	43255.380477351704	191179.80793171132	211817.92322684074	125083.769059883	648916.3950640522	201162.9051763361	143736.670361416	365307.10456767323	63283.3446602145	154827.71593591466	91036.00673587431	89595.01884174207	253751.36801713973	160063.1259129803	99960.16658297362	85207.93190387647	247868.1076922303	102276.65027390316	89087.53545327633	69069.88930677515	136370.5610671433	153705.679493254	177818.72637604506	234246.1485051894	156766.87271143394	78905.19997892075	148907.99814983524	62247.94069758605
MEGAHIT-MetaBAT2-S955.122	73114.37348442177	93573.502378298	98970.22535688133	192371.17202688727	231080.93582971935	158242.15072618515	185403.90027502336	130300.15320766394	238704.19118995147	556085.4971198583	693784.9995700931	135317.63484804356	362476.00025124534	110919.10168630397	448451.08643999003	159459.83289193438	292224.2915661539	177014.93839511243	194986.97896317663	232936.77455540595	122060.82078730185	226932.2499902609	1088305.490868353	242717.79940218205	102313.3832347524	154973.6805307393	110163.31155287154	38102.76321562568	138696.7431677252	67637.10385011756	263151.25070567423	242518.17481025195	159376.5475227405	159224.9664982917	107416.02631242646	38228.212439917756	194627.4726591049	108689.9402161694	302458.5789640625	133625.04789498894	0	163944.51652744308	264016.96594815364	31869.72497330111	225671.50091550834	132868.53552407064	193097.75436324213	264309.11025578744	125977.49474001896	271751.9919680979	428104.3936674088	428122.82482861745	300261.10000816535	183967.50436774327	305790.96235749795	106265.90761574626	227010.41562548623	250643.9407190861	153006.81834563822	429168.7469381065
MEGAHIT-MetaBAT2-S955.14	321858.61421045597	458572.30381835357	362816.2015613297	192175.20328044402	135472.61791674167	195289.7139917633	562143.3702974451	371055.0096718783	70155.2707420403	231190.04743179772	128230.8083446488	267389.63114399713	178741.4750168992	72395.66654288476	80716.99850961883	108015.2777375433	268398.4151103814	169010.4432769966	192520.89487741137	186599.098234454	679781.7326167314	504373.42559281265	739622.5350245466	70883.72543221142	41193.40632772713	41947.59139722706	132014.6690418797	539218.6519778239	627770.2576226373	675247.3079102355	254602.59954187679	216306.76476993744	105836.1034423969	118235.04387905687	306546.62736910325	411091.22000270867	253195.76151630093	437429.6511610964	153004.52109069872	175639.67540021855	0	28312.362456156094	118477.31408740192	0	185760.46847728884	302442.558206484	115884.02135208214	75593.53174118469	301308.21510723565	105567.74494081942	123906.50678367297	67668.28334015052	114029.12960029731	123140.7307942747	200055.79106893076	393736.0753942865	169989.4284421854	201860.34043915948	251110.46262021203	127378.13621352206
MEGAHIT-MetaBAT2-S955.19	160962.65024633682	137545.24577660504	101111.35905241534	611405.611576238	164385.234348398	158292.564438155	269671.92634065304	291525.9434085965	386942.3606009942	634747.5680875301	551265.3734439882	219499.45291821868	556548.7751344185	628964.9689123692	501559.502786493	205346.2229753086	147331.64969768364	205998.61118893	191824.79988894882	165293.50118957026	153356.12471874364	388073.7634804578	1076382.4098431845	152002.70664771803	105939.80867746049	321603.0507336859	425924.48501096247	110312.58136983501	539941.7360682908	285650.0202848586	462362.68240018096	373177.5209233029	340076.19575976895	208450.61908906055	233072.72980790155	88759.53204140277	1110788.8067314394	536733.9005945695	127341.66746726248	331010.63074105466	167975.0306637123	139825.38413106411	136575.67648824494	0	737458.4493864117	388905.08208347444	966822.1418325508	533207.4290006475	219387.37269069048	191445.6754747641	288873.7323606377	772017.7149715419	250919.7944310416	193628.19667072367	480605.03270116466	269281.1605660872	340085.84743847826	408647.6588314874	477438.5986613687	338948.0513132691
MEGAHIT-MetaBAT2-S955.226	13213849.510098437	12481578.831281401	14283812.162762336	5602443.982718509	9338725.955719084	7637630.312273242	10050700.768858068	9800907.973758947	7127461.766022155	5152643.694945636	4588748.648824964	10601805.49342782	4427672.855099061	2994072.402224551	4655599.398134911	4914189.463825542	8103716.909918517	7991231.560273212	9233924.852720516	10764749.485277265	12223583.011373099	8882558.107451433	13930968.702624833	7041467.774271496	8594081.591214262	6608333.351360161	8814851.122891348	13260717.866966147	11879768.07244236	12210066.804699855	10439078.624406606	6913539.18784321	5790337.088969068	3962002.3397363336	6336129.303798452	8285164.727937927	5663773.155947332	6636288.868753461	8348686.120112703	4277702.8798508	2305344.986405362	6552721.591838376	5111724.111806703	2138304.5873057875	6576098.473312538	7925298.424445437	6323561.969981596	5558925.393338731	8106554.972919488	11414495.950703293	9745163.256164646	6359876.980784209	12367526.953367023	8227239.7896254705	10400041.040407209	11656361.939330682	9791893.021054756	9772232.029414793	9230779.692867214	7263576.306997541
MEGAHIT-MetaBAT2-S956.103	4459147.191299699	4440683.912182308	1964997.6830104862	712743.4631512361	2246085.446867728	716072.3657102183	786462.9701220094	1007636.1320446723	471023.30286098114	503402.0484292418	467971.31849753874	769759.9596717692	364535.49897421035	105484.88930710487	656536.1011618288	564364.8436463105	3619649.584677378	1248644.0871350404	1185035.903515837	1322741.917373203	1551562.4237730512	530771.4991649329	1150098.2999631793	1969061.0091521007	1420249.3530331252	1106490.3842341779	439491.15628739115	2256900.182263519	1693997.5367497108	454040.871357532	781149.9759535971	1520273.5694361131	928111.1076157832	451070.4602979776	576711.8103107897	1032705.6592740406	607598.6049302086	543659.5091484915	603803.1044982218	189626.16903141656	0	2593179.211009058	1041187.0809339209	98135.73285981065	283583.49863642076	463826.71548226307	288561.51865011966	471392.2543875874	1182426.1695350104	5422968.183789474	643694.1987472433	255567.71607528906	2630322.1055231676	1241784.0574717051	162250.03928607525	410685.09545946395	1033537.8633452605	1006662.5352539927	861353.1839543694	3065924.001550462
MEGAHIT-MetaBAT2-S956.75	3736465.506774847	7337469.236436597	9802353.961844064	11620887.543199435	5279149.0381741235	7472405.179794747	5663593.709984836	8454933.678911794	10055402.572408238	8346708.952527979	7217102.035579244	7149963.131532931	8485271.058699192	5695470.307551676	10676032.211538967	4227477.8551013535	6099195.053765468	7672816.9449183075	7751205.998425074	10459982.389368074	4839667.052511226	7766126.602277076	14672604.67723003	3740500.5870505404	4578067.484155308	5466954.486286801	6615878.128874567	5549717.267768048	8547565.08032532	10567689.931909252	12677470.430187838	10931133.726360096	5022108.39507557	6361837.178065851	5501189.27406755	5032902.955983337	10667498.902287874	6231896.247871968	7586292.765515255	7789320.537811729	3092070.9545599455	5377121.891509765	5672852.209226545	2336815.8619931885	8574592.415414756	5721619.426822318	6674287.915566775	9492738.483821284	6019433.063611071	14620741.52994609	4494091.064597054	10038845.611125331	8149464.865179579	6411763.181500706	9650514.620006116	7885400.35100959	6859495.639708971	5195627.098263833	10327446.083650902	8349817.185575139
MEGAHIT-MetaBAT2-S957.114	420126.69971749024	419622.5270061579	698259.357575572	203042.94250835234	984558.2430201585	368210.1753937867	782529.3601794512	284640.1442842762	1084063.3006239133	967565.3916441415	475955.89605359046	421020.6246878032	417623.11559441395	274874.40521015093	739119.5624322623	592737.6699807738	423767.7101653988	373148.8465484211	347063.87560604326	526483.9007583022	292820.29588757124	225809.1296975796	523374.61833555787	1455608.3051294633	909615.1885744436	318047.02996355895	398334.3256091377	362264.4690918583	302548.9643974798	371533.8475701298	524209.2517392507	352106.4913397689	232981.46580106267	406377.1090983849	174464.20210526563	127827.19547628025	306300.9263092618	353848.520019321	394911.14957421727	268751.0645365261	100178.34987254864	540940.8848069395	592140.6826091667	159951.53525776914	434982.9824721553	497834.92648954166	403328.9030041286	427500.36702056165	331587.09191776335	874303.3613062899	1062523.9435451261	659384.3653312429	1000278.552352563	389247.51429984876	341127.8122256169	518971.45404244534	722801.2959241719	772035.2816608154	622566.0748587814	1015012.740212861
MEGAHIT-MetaBAT2-S957.37	144096.61134271993	332557.8376372718	385916.6071393933	263295.563571058	774786.9532835153	425364.21488866507	560902.4622734365	518651.43000532116	562547.7894107265	697691.6632036067	741142.2929851658	284001.75016422337	373750.834733691	308475.32367048133	528335.0747672386	654875.7473526483	784535.5586947313	345762.1148939624	387769.35287678376	539475.1957701555	287745.0492681929	184221.72958495954	450005.7393209442	829652.4416031942	1630333.1201983006	324004.9609606158	317000.75376321777	263317.7245657367	350743.9697632668	126764.59504806854	465361.46795319783	401960.6597913856	403213.0208373579	324500.5506464409	327452.29119911144	241504.7788846392	552673.3601390363	367557.25897770585	506837.21333665075	153723.02960459032	113094.99096292624	444873.8998531775	604950.5571196259	49346.3026877172	407379.1577809744	377069.7110102855	412785.08202618116	483013.4042521877	696220.0513162023	701726.0739912812	864613.6395117901	540668.7677748041	542595.0939310781	484183.0202932758	199514.04960117285	188175.39687916785	844236.745013744	426338.78838595294	295039.3743003211	976458.9150932053
MEGAHIT-MetaBAT2-S957.55	0	144205.99397852318	0	0	0	0	246288.27184617636	30058.568536234576	0	30059.752321464162	415555.1500492908	439321.5689927878	135796.4675358871	0	238322.0053732195	34011.494473314146	283324.8473531112	260629.90128392016	414635.92914917273	515287.21804171975	549620.8416698623	658067.0847737452	566889.1526439801	232992.111289568	122028.66446971985	199320.24110807426	167813.16926549384	228006.22443447803	235647.22527399377	39609.23122715832	137829.30298854542	269717.5760151153	373507.19782615616	45357.91235664133	27792.486691416972	141181.4829447858	0	194755.98465739095	0	0	0	92120.57099525217	137136.4260789895	0	39014.48770530778	0	0	391857.90394540527	31743.1323180572	135798.62194761995	164161.68384325993	369784.3234461429	0	285007.3978517353	353006.6873181637	7596.715151803408	100774.03529562493	0	259342.23814824253	149561.38522927838
MEGAHIT-MetaBAT2-S957.57	18571597.818521857	18515742.820796262	14236186.556295723	6362986.680985216	20659764.835034844	11863223.505044844	10881060.677502789	13429393.377610419	8646667.281541206	7510604.960575128	8964605.180273948	15132282.440313326	4101667.659902292	3735688.6472929483	6813450.109262608	13600631.01113563	16932698.929834016	12562777.529766442	13183773.19394939	15783896.22559095	12072807.00635535	7500799.587058298	13359524.355989758	11513553.754088975	18668578.16245886	10690040.67659455	8841717.440230202	14967216.871283583	14586806.405994963	11469189.597107228	9955853.7973525	4838389.6567304935	8972360.148670733	7068214.787106462	8067877.066375643	9076413.394624693	5420550.104464981	7088896.2878164025	11443367.328363473	4127186.0950982478	3210949.346177133	13209976.563272549	10101953.01551243	4094687.040653981	8531316.025672697	10612438.602783594	9344661.255706588	9936396.578015078	12159507.665932374	19661373.792868946	13490029.691391233	8450004.865249736	16972803.29877147	14864299.789301151	9170504.240622006	11691178.545519868	13964852.272739172	12020768.361353446	10957537.690988174	11810192.976730807
MEGAHIT-MetaBAT2-S957.66	500322.9997242407	408317.1033715205	380450.0604005561	878831.2465155368	781450.6453764023	596641.495322115	742756.5061987032	821533.8528107957	1220689.4042994685	1033986.272615041	858887.8206350689	521522.11189115566	942393.275464133	470200.0364257924	1132051.6924882033	759319.019932702	1151884.7898932318	926794.9882000429	714765.8567462845	587441.5984970466	648176.2353443023	328984.18307848787	1006055.4909122608	699690.5588327781	1387450.9954815959	562113.9234711599	538137.3096474931	848877.1955747585	868691.1134427566	553259.4632853011	985026.2251513435	806760.9911910723	377793.1809869965	620968.9174985677	352629.9064182084	441542.6808061912	515129.3321394993	477071.1818291615	670581.9210363182	313720.14393526514	250546.53942608327	894162.6898519095	683548.1609907605	169209.12065581066	985661.273905396	431753.1768099509	842274.7507649858	1051260.7387009414	784369.2832296907	1146550.5952839118	1014708.9482031537	1211258.6182922656	1029224.4528386828	624285.5168131167	734319.0808066352	526913.0383779864	986886.9611756174	792674.1668749618	726616.1371086887	1492742.7288639033
MEGAHIT-MetaBAT2-S958.133	31606619.53552386	19437981.255066734	15961955.149025138	2155914.3843493443	26750206.454926018	4747907.280181453	21420827.804640915	10204069.067119453	2355698.3724424844	12900499.4935402	8249503.845141184	9822301.227228878	1976455.8436081358	691789.6935753464	2969819.203059343	15589551.538142279	14361595.133428138	13697367.496039674	3147346.079836438	10424533.449091004	10894175.815468544	5825772.911167224	6511385.29988361	16156930.0703686	30494002.307645522	11396927.024586	10496172.562150158	16007636.295217302	14976040.586689064	6308856.060707138	7052745.33007197	1326968.5835808597	5190787.762371137	4385333.235403727	8205966.195170963	11985226.68451531	2047730.1284981389	5741223.020053204	15235172.508345805	1018111.5725603579	1332413.2269966635	8325021.860436661	8806653.58323203	456667.9890012971	7392346.301754419	14552641.904040432	13642399.302880583	6539020.071913405	10250710.331431365	7617032.321317082	23873810.26163962	2572690.8927124636	15365561.368770797	19428429.645791396	10159961.246616438	14070906.527210064	12487090.950292945	10926447.025877729	10974891.554895496	9663636.226889838
MEGAHIT-MetaBAT2-S958.137	210791.6145244917	312850.0924368043	388160.4294405935	250980.96027688778	360286.7438903511	82727.99664550222	386680.5628062065	128890.76778387526	379966.91220478725	240103.50370604187	216758.7080215102	279443.59527486935	351858.30979795696	184954.0785204482	144449.7768712277	215807.3387436454	126519.49887157862	291396.2694599821	74714.70826256849	496299.188670966	399074.50292518764	534153.316217169	992618.7886270004	342059.431179098	307352.60315992095	999486.2605361474	647927.8735156471	306012.1204668292	378550.46917898656	378531.2329080125	260248.0931063409	156573.1327080898	280552.56884663546	84957.4351089294	172595.15218769776	379445.7086676947	118321.19097186606	264466.3273102806	272583.3152704628	213230.172902552	173241.81196911383	217117.99827240044	250767.42999068805	106266.44989836655	279131.9473978474	277042.8137571628	59085.327649883744	267117.0883179047	212286.7469393101	322275.64295392064	269455.7184531855	140542.68804287238	227956.15376127345	263741.99112147494	270540.2020794432	195094.586223964	266528.7827536411	183460.52644578143	335978.77387007896	166125.7277796931
MEGAHIT-MetaBAT2-S958.173	1163360.707416119	2026722.9651263908	5369224.540836631	15429674.892568551	3833215.0353713026	3624622.6427210364	3179429.40192205	5132585.669016519	11714753.487641606	8134837.666846629	6663710.413239543	4891946.531511371	10414395.328796133	6830125.329486885	13389114.264017703	3034820.0781228617	3456233.051840563	5667995.618442003	2914120.945405666	5210770.542322601	1102779.303003915	3561671.430682403	7946924.747378858	1555287.5354900707	1440076.7513128426	3725027.11438721	4820197.89390168	1511584.912106836	2877777.3363570995	3297978.5202479996	11153176.96175629	10555795.323959952	3835380.0850146837	5983042.386659912	3884727.501059528	1228336.5629548146	10186855.776755327	5750091.520238076	3536605.7627254482	6951662.277082509	2765281.171312288	2729337.212220163	4811155.411787132	1032716.1442566952	10140034.635458201	4428723.017568744	6730082.435062728	10946092.765792515	5194749.509142587	6662624.573391635	2212924.7612156584	10495808.454653854	5668764.79519663	4125530.860290626	6548521.302130308	4293590.805789499	5636582.37426225	2831046.111281651	7378538.988611425	8040428.985755721
MEGAHIT-MetaBAT2-S959.110	346203.8802313996	117427.61625820553	245477.87981197244	578338.5781217772	319197.70516536443	642992.3094789665	313734.33135897294	349631.260969689	610072.76205051	697508.8066390775	667792.5963854032	895376.7770678207	424737.34673312807	328332.6612566038	683339.0966799182	951011.6231361266	384812.99479679106	480135.07126558985	288548.5672711742	258322.18387334666	185014.05351862783	110674.48604378036	563789.2558393426	138368.6168670547	838220.1169034962	82196.76534713883	792207.0489399416	149470.16866588817	263836.1186627341	71771.7191336565	725510.6537926722	275008.87565858755	169787.99708874812	531991.7652893327	0	36618.3527609376	195666.16437704582	423802.3517876719	226619.85233787147	152956.93703231786	65317.15840384776	199373.6556046398	828959.9110392069	121145.16779855876	597342.4629229208	318083.17275163665	718380.9960596017	511497.4885272656	321685.4306883369	348165.0031556054	986801.4341045611	634326.6486934378	467771.93673151673	255885.06398059736	505888.60338523035	787932.3043420227	736714.1760266939	319687.36014381284	1192641.1035306938	770440.7706597386
MEGAHIT-MetaBAT2-S959.123	1051130.3417762558	1237998.4064599657	1006499.3690222459	3025930.5999875064	974837.9366343641	3784441.3265077383	4236824.782937052	2571371.4348611212	2925936.947712223	832905.205675594	1045435.283582178	4004514.1453221636	3053520.096048703	1722249.6957796486	1594347.0656696984	888433.6026262862	922909.6921965169	3452108.6259368	1300801.1781144477	1778927.1381236752	2363984.624820445	5480896.810949126	4036464.5169597855	846055.6175453424	553912.4029143599	1249789.332032902	3260483.5722029004	1473635.3087791423	5302788.542537386	3570345.216303727	3490361.454166991	2441451.8907593424	1168417.1332381277	2235332.4018080123	873942.6621906911	990801.4813218407	2934997.2923423005	5558121.799397191	1840794.0262322235	1649951.4731828363	2957437.542082857	713540.8269285945	817769.3500961104	802022.8509089922	3718938.575928103	720606.0234940478	3107260.3305507186	2658218.721252244	3280658.1979071856	3411205.637741268	2811709.3938049604	1630963.2346840887	2867113.6887875088	765333.6187715137	2960737.4472637344	2963492.402238417	6695285.296325799	3224518.0812354614	3057572.3773127543	3472582.8831808004
MEGAHIT-MetaBAT2-S959.81	134226.50709515277	125207.9514824009	107815.69454119807	286244.7870593888	92998.8936402911	83937.4812912677	428196.52211925254	388089.0480683076	153337.73356912355	206982.1453812162	217735.01714671368	710346.295650795	319864.02846362226	0	446114.3440007812	101326.81645346785	280859.9534854787	88689.94452063928	149514.00943687107	432379.90201828536	380614.10290335445	187907.20399535046	489420.7381021971	94474.87046323976	101607.30861277468	156198.73798666146	65442.66494354669	325685.2296504064	661704.5765391166	172800.55963766028	818394.664289366	182782.08682352988	96565.19041765193	116025.2596469638	161387.53370462652	325290.4598655242	177430.77990057928	770317.4332006907	284442.67188734346	66752.4124196655	213277.67188463057	128455.65720908667	87159.7003783112	0	294602.1058471183	306962.0848917479	402297.60274282226	257285.56971377673	531941.5104449502	384852.5741323158	517792.8543356894	291392.86879525235	557088.736995101	151541.23109129033	740716.4113083304	251407.94132458844	639612.4193496496	263795.1455100713	563629.3235990123	490159.6466281241
MEGAHIT-MetaBAT2-S960.129	111335.32337966631	0	15037.200260183521	140739.3053244786	47795.27759691064	0	23829.00386436853	15613.503803082282	22198.671077513325	16563.088874918983	37665.432724657505	25510.464978803164	14879.261676397238	0	58441.02386993841	0	25574.829139787496	30393.75117068224	0	20474.31381440584	147112.28336492265	111105.61832310054	21448.41150169241	0	0	48984.978103616726	22257.415862992846	152480.33100459762	55578.11923119404	139897.46474557373	0	130148.47982531346	0	69453.01825839207	0	171631.10701742477	0	196113.1221098225	0	0	0	0	0	0	0	0	0	0	85941.42915004322	28047.159638759113	0	0	12004.213966127852	42805.521117515746	33590.03365778378	57487.9314203784	21915.071611739677	0	40624.71405273419	22444.55264062463
MEGAHIT-MetaBAT2-S960.192	21711002.96884492	2923134.919006019	32438636.977101937	2286527.561764434	7163089.754705366	3768909.4247290227	2889347.555884233	5020897.754009358	4776980.078264774	6920013.738938785	14658590.624692619	6422797.236870916	2311948.025026283	1183428.0697698048	3124744.9857035764	4739548.6555573065	7051528.603142514	7092875.804201547	2183886.007049581	8909410.442320395	3238779.9287609356	3087681.427687111	23112893.799936425	7607360.010772654	5225238.689839993	8482549.703608995	5037821.857405156	17109235.486461036	16191732.119595738	3003403.548824829	6127020.7773543075	3232670.3097276036	3079421.1308730613	8427392.815037113	5645301.047200687	6047961.242795025	5154722.442145713	5719254.06840844	15343628.541761909	2227644.3730559032	638334.1338199001	4456038.489262021	5168660.598012419	943249.3460696867	2513749.2429025485	1998229.2091496815	3668599.937972976	4926343.785527881	3250027.10186887	3552954.251141218	9414247.34666889	1571131.0770103738	17307795.634605117	9245626.905983793	10934755.651771748	5486529.57424116	14077282.731060002	4425509.444751594	3846583.884143942	5755820.505650131
MEGAHIT-MetaBAT2-S960.199	104157.19674700654	409345.22059015033	135251.32945689347	326770.8756238124	166519.29662881582	5158.111687321918	237419.97130103174	179737.82829966012	40240.22731292731	52699.34038516399	30519.57798319523	126607.10976104246	143792.9786776527	0	178602.00870200517	371987.8166661056	215815.55592090858	24264.328274957876	84622.1920015506	285717.52112172643	51123.343316563005	107221.31157257513	130984.92670426918	390008.4456974633	211825.29739380113	121846.96424344907	302640.1139841054	116803.21965259487	203286.46996047415	56779.1665918773	291423.9598995209	41368.54290062054	172716.35614737074	291182.9619975493	59815.73787058604	0	47886.99412965725	47128.838628815785	42449.86393406699	248045.07338064673	167201.5520779394	203303.31417821246	127568.07129162	53773.871727768215	223958.872781906	62003.73415809858	161895.36992742168	119262.18603375228	356309.52975520253	269861.4685580577	55660.31852926081	484473.21149738814	454313.1368031409	176976.22527103667	468454.30753508525	73099.67279976216	107724.7375957357	0	305434.5987033169	412282.2942176222
MEGAHIT-MetaBAT2-S960.200	61358.91824037749	82471.37903982581	47899.5740987305	11380.193296048195	63527.19540469827	0	39897.97341486092	42897.87665242394	52241.71186179977	62383.48645312225	74081.8913014175	103080.00305506264	47670.96011393219	8825.136034286752	21812.44285697293	94791.08868103207	53401.64074358581	92510.15178801745	38740.361939306815	30157.355852302666	73379.22413855055	87259.17300793155	130055.15212764492	55749.07441146545	60167.053908003465	35744.93201701109	30040.861320898908	119818.3312655857	31564.460025583667	245911.4609232666	6941.40541589648	51256.26474814661	67568.15956178897	28348.787533499963	110930.48909622138	189161.2192927477	44414.93244940328	30746.294389126047	36636.269637319405	16425.511364769052	0	88290.45072714513	85895.44803436742	0	0	22935.342086534205	9210.285673958806	0	7328.121338791332	40574.42025217306	39691.636665436185	0	41101.8922477343	42401.90214588524	44847.83490197806	20292.212775454216	41924.25980045357	62520.518468817805	59744.98551341471	13109.704874882505
MEGAHIT-MetaBAT2-S960.208	3992407.3056825884	703532.4362175115	521352.725132842	583957.2553830072	566719.6506372706	395785.96719102835	960304.8193675921	752127.0550057351	649213.0909568138	754314.0832505168	635741.1323504249	769273.7263830606	846421.2254109806	837271.2021563646	562713.0653472077	388312.652213095	380692.7573319526	809288.5044455468	520998.48253252514	448871.60532874125	1021867.3560108426	737890.9775277242	1178076.8489086053	305455.00707598485	185965.72760672873	296948.9075495343	279160.78250043833	670550.2719294649	1275127.3268091697	1098522.3821640753	801358.5946073931	215323.61351836	318498.6567624223	268567.11192547693	251585.25085398357	516955.8690051107	364488.23895078566	520976.7870187061	486025.55783824873	318094.3825146681	405495.55156536086	195812.00373645246	90205.65329362417	0	676838.5634744661	559804.8038756256	556355.7418769386	787374.1641171997	548003.1902331415	672667.4820254967	903102.5649970905	682864.1410807207	531377.2594615711	323736.52960149053	885504.9786396773	735074.5094358996	851137.2288186403	908316.8572232369	455395.1053857286	428994.8961542645
MEGAHIT-MetaBAT2-S960.65	27889.6595548367	0	0	86434.21405764659	0	0	0	0	0	1057.4811873825354	0	0	95443.3122877856	0	90913.68972506012	0	0	0	71068.55743357059	0	21599.327990544465	0	0	0	0	0	0	47604.97925457549	0	0	0	31901.088175867673	0	30998.820240268702	0	0	0	0	0	0	0	0	0	0	0	0	0	0	0	0	0	34301.788257866436	0	0	0	0	0	0	40603.10199102981	0
MEGAHIT-MetaBAT2-S960.89	54119.66117901359	289592.5581374537	45611.13545382698	61463.536277358464	0	0	162163.87581081316	132467.14956166327	0	110339.17781308088	0	101167.45833259175	44545.82802300017	0	0	57748.70875238312	0	134204.24027798377	0	0	187013.36428068433	307349.64042203414	137915.83919529026	6743.813423682826	0	153201.1178103388	40625.94937508708	220605.27415403767	85702.55701456992	442874.7130162412	55007.89131157541	155905.1677287784	71059.37434082857	0	377212.5298928558	117293.0463147687	93555.48030702696	214840.51711239922	88567.1192421658	162333.58165300713	0	0	0	0	130129.87826487338	40699.61542994557	0	0	23793.447000853852	0	70312.8337584661	0	0	46431.28295644623	94446.78389451589	92922.35154539617	13609.482605688341	96353.89931534606	48366.670801492524	37813.01905938091
MEGAHIT-MetaBAT2-S961.20	2389368.3471608954	2133638.389187437	2148878.548692255	6929448.392128905	2535477.6237109127	4327794.177100344	3782653.908940804	4351492.4755284535	6426315.871430154	4375838.426542636	6201865.402553987	3159760.461851616	5794678.346296996	4827250.0008587	7967825.519050522	2781704.29832834	3604387.2874651253	5518555.322257903	1929682.8145403077	4586895.27218978	3085547.1605200763	2661514.876606187	5116347.098073731	3686948.9081990533	1334704.4310101825	2917846.3414534153	2714842.72985698	1424498.7974567686	5517664.295664876	1972698.123164539	4784202.182595246	3960803.8861846095	2243187.8706275537	2935082.8705181642	2102352.539466842	1128580.5982999895	4519578.924772473	6323471.766697365	6351717.176330034	2048111.3448974462	2219942.1332451818	1502398.4656360103	2569005.4153214563	948979.1849086665	5130515.797505043	2996186.435116523	3921307.6573384404	7840583.29513269	3465486.579131716	4043187.901432548	2248915.225352659	5426421.813679969	5137426.887836237	3620315.3253338085	4453258.286991586	2028421.806057269	6156846.166737407	3590744.1379780374	4670280.275689487	5931830.417205732
MEGAHIT-MetaBAT2-S961.221	367530.7171432454	923512.1930783726	1519965.4667118802	592803.5563357964	714799.2771360246	307316.7465491912	488708.10084316967	965477.6828985234	966519.7688790135	828747.0926467694	528947.7411614883	1144015.589141829	901895.0714313244	442188.80729464797	373680.16172020434	359829.2291772402	414627.2491106225	986692.3259263998	794160.0028263573	932233.1985971049	1182785.0323296664	466243.58630652144	2322520.4487051163	449570.25387853483	376144.9172034557	982640.8572506078	748340.2091620208	269263.53834482445	2289234.515409383	998506.710093936	1119102.1323330225	279512.7250070016	70466.84479835801	236306.40505208407	357400.8219377811	419432.4698688329	435550.9120015339	445350.9106765423	234147.06956275305	341571.2341001098	192433.27916712372	256101.05453148708	186164.30516708264	389441.7811166656	1020304.5130067298	497544.14669648244	1181429.1331165754	1384685.7055032116	993499.6336470109	628952.3331080673	349236.33215058054	734410.5885174384	1423949.182351583	1338260.9817388463	1191130.2812206445	1228453.5735209838	612678.9398716547	362840.82369477703	397899.81783683534	908643.6189961147
MEGAHIT-MetaBAT2-S962.117	2477652.541451169	775477.5140344263	3129776.777688425	4531047.263670725	2776775.3823443134	980810.5694570027	10230604.708952025	11518035.207359428	5323469.2466868255	7636095.866730823	5638279.866959238	8882569.842966342	6830628.018220588	1100324.4162392174	4711220.050168302	8708773.621946502	8200801.36435826	5712916.012218669	14294880.88755396	7369577.589660472	8692093.065016406	1170162.8233673663	1794610.0886425497	9057535.826296363	4866158.001281186	5042083.869958799	12722260.395596862	12642640.727254214	7485806.487235285	5086750.670416309	12642864.404347735	2853623.394829513	3913458.5188153423	12575404.05562218	4820412.120667065	8720111.542011041	3405303.301042763	3238432.200820049	1613862.7076126365	4601977.562504882	3641638.004405196	168414.50800975162	293651.08924159047	1781295.284797394	8405012.355250446	12229999.630034924	5968195.240936719	4352551.222729345	11644833.960443756	2288749.882799372	5311474.663706394	16407172.798701972	4688297.36990688	7560817.762709198	14607294.96322239	8074819.138396172	8985791.307937581	2435801.90528923	8546194.885424927	5608414.310771776
MEGAHIT-MetaBAT2-S962.15	248854.30159919165	355359.7818905136	290561.70255365473	859495.3283611415	295031.65253257565	232794.88107283396	1751102.024680911	702358.7831164845	1504126.1133351843	1712767.4226405837	859592.8292905065	727849.3689118684	986174.6156009515	1084710.6406791764	1221564.3042405786	792194.2881468872	183179.54605277188	1177178.1320783808	989803.980253637	571561.8621566872	202570.05301438138	576590.5883353754	886516.4652145728	199976.37878595112	90708.13919173158	654684.1212804279	795804.9477345764	87560.48430779699	391830.50175110006	206649.17939464567	1572558.0575634954	1164247.6757852994	649670.9973621767	226383.506914288	397279.8517302363	79645.64198312111	508999.07456081733	49718.563572424304	320982.9433762827	501855.0496207788	217321.1981639893	97930.19223922161	297130.83199605334	138905.11829998626	1011417.5732343481	776146.0924766297	718816.9320399195	624047.369859159	922699.9764372401	248891.04912624788	431910.4658449243	1414399.058669977	511729.8139346944	384025.5875588615	786473.1361164452	1360655.4204276886	895091.2781436134	715898.5727085122	1000955.6652814203	1021387.0948629128
MEGAHIT-MetaBAT2-S962.187	843137.4806413308	346947.87785776926	784423.8081677889	540053.601054767	655909.62835953	251811.23574657112	470129.5134565951	887774.4266096939	559174.9074672286	611960.5738307312	599450.0134627967	1231822.623354335	595591.5342856095	512005.76135843096	240421.34740449637	579666.2014768262	816050.2795587343	961375.5283275745	436203.24779229285	478343.33204659156	1350555.3247560316	202737.964289586	632811.3936286321	913587.4701824819	228957.71420241828	323198.9845944448	590123.4725740077	890718.3686693633	1613474.6984053394	1805874.3685397855	659339.0398790302	278325.34045050165	328529.0138529689	208131.51732345723	1052255.3475389061	708201.5010239746	293087.1486197176	467451.07984507445	330881.2262246446	721605.34722483	0	290949.5161626083	119990.30148108704	140073.09350076347	392621.7607092185	541373.0511036265	516159.18920925097	257850.98860746462	308232.7406507669	599356.206208461	689848.3375445846	421066.5493085683	565979.381265481	429770.5480312059	993372.569453829	736974.802480951	339649.8540040024	535195.3608173941	464419.470652333	356806.27600169694
MEGAHIT-MetaBAT2-S962.24	1422810.9248856737	3147638.742968474	2921390.2313382505	36407627.05041701	4959042.845918354	4271443.507221204	7554973.7718143435	10061541.572635971	29139352.98444828	14930590.812069166	32148155.86092794	13004073.905310897	31898663.44901938	8252738.126511636	33668421.110200904	9808826.143492533	6822853.166670342	10598584.573305478	3296422.6594692613	21125947.641139075	4429222.875591784	11220240.397102349	6866848.322326128	10539858.54932312	1714654.4943510978	11009065.429528862	13079744.462823922	1884118.7492592959	9006000.98133508	8771491.872812664	18653000.483458955	15087226.42924042	7075935.775291832	11985743.355846092	7541500.529886604	2127073.8645245503	23898454.60971171	35602774.41248843	14227017.831565373	8079992.453632947	2843958.7716737934	4064839.618572154	7737018.871336748	1977101.1213784588	30386913.341904204	7255833.686051911	26431823.79723969	53934757.39580763	12667261.967489528	9479300.283074059	6294114.745673367	15039289.924454898	11639105.267095387	11895815.528276023	12674276.76628056	4093393.730935238	18852845.56873266	6150334.533428139	12873393.944952654	15040045.074178284
MEGAHIT-MetaBAT2-S962.33	283075.10280120914	195326.33929915747	457566.5749451759	362758.1758393907	514048.2614818469	223175.1669295966	837228.8270794494	280553.1834952488	795299.6245232418	488598.2123238698	551314.0453209094	292303.85865274136	478322.78133985586	267421.7307073868	507355.38765560277	364160.2994370108	442572.48687743436	722175.9804115214	294263.3355786843	248146.88780740413	134742.5898506035	230689.1756838595	629310.0888576228	372275.97490307846	235819.86496551533	210887.32169879737	283269.1541387166	100943.19712487272	657059.3599626828	695677.0505788953	834123.2907344208	298880.63325836137	119312.94487368717	231113.82851217996	478996.11992289603	70568.35770730303	329939.9651859789	270261.8552620089	235557.7454741592	643489.2586512525	194033.16012326296	182946.67980720566	344797.61679817515	0	735420.0650319332	538274.8813744205	737316.2365685666	533616.7632208464	477881.64807195246	424288.7879714532	522606.6094223692	273069.0278219845	306860.06990587665	375239.90251160413	371405.8179846419	228249.05171641606	484137.16810052365	510369.00391599274	614801.4985724548	1063166.8881030425
MEGAHIT-MetaBAT2-S962.48	1088177.4303895838	451407.95709154056	667522.9518251339	667795.9365572338	748658.0974466873	316642.9613430902	701125.0476489477	569546.2052051759	955741.3369235275	959353.8252083851	757257.3716034556	1308304.9345789633	704849.1499604906	673654.6296148197	580530.2608210103	185163.6124279203	300736.2494379176	932818.3224871837	695556.6923378764	574584.2231719462	870238.2037955407	2248744.8700022767	1137523.793698395	373942.530754432	153154.32784940454	364699.7895278626	949773.8437013158	725181.621921725	714682.0583616032	3292867.4494008403	1350221.2307122848	1166462.9949275812	126353.50879505526	361096.951936508	1646816.0359101987	1331644.010688386	1057633.7537130257	2214081.6086116717	558483.6737357717	1363201.2436821724	321547.54970567906	86778.15361669211	117908.58081228136	292835.35641064233	912032.0964268803	630987.8252627191	715467.9107569952	1018030.6411579753	695145.8037984291	564620.0369653722	1183301.844891106	544720.8480870511	768224.7658170596	430182.73552270385	2250063.5458240598	744687.2718810815	547882.7585928848	955419.2280206697	1187689.2791908132	593337.4682847527
MEGAHIT-MetaBAT2-S962.71	138104.56199014792	265891.54443580844	120067.1323491107	222900.54502727417	226771.5614542804	93041.92534292098	273121.61006881524	347738.627012433	438431.63071793795	426596.43235952285	438349.84913400654	346808.5602859719	370194.7450466889	151580.49310585158	337222.1969846637	393924.855359074	264661.7409147125	178894.28392691194	323971.5494829283	330242.64515553403	254933.5921374859	195362.51868264313	259189.0765069276	393402.24790669733	322495.63240769337	202370.85406900186	219402.33825428598	336280.71131859586	281292.07188863057	241530.68362131092	426939.3168724194	336882.9591994321	161793.69957579425	249091.0051563899	277904.90852884704	139817.63204314595	303806.2262661652	154726.29829659936	296222.3621217452	313154.90938591753	0	107251.96843637458	181234.00439214252	0	501902.3567658065	183635.67791968837	265134.47740576894	344223.40893907676	300273.8384674551	433145.45217036305	301884.79793828423	559905.4315753011	423200.15044276085	458596.94411870796	284032.8698766432	157761.40413337917	365902.43483889353	172536.17323967224	383493.5243234873	556535.9587321067
MEGAHIT-MetaBAT2-S962.8	1040542.8960624695	1037489.0474491828	791521.0513602196	308114.3061770117	591238.3647077667	183516.54719256656	1316144.1250289315	1052226.7720320371	480007.15673792775	461943.0237848318	621691.8747909968	938079.1132397975	456609.5493185508	370011.7857385619	253487.72993797233	565698.2047649433	572620.018533965	1034806.3403570291	666600.8540891086	729017.1568037899	1223513.7288438973	966132.7367474834	1961414.8383510232	169716.31123429973	409422.3918978288	483661.9663433498	386200.7079738952	777656.8312154707	1786539.4076818721	1289917.1245023767	681857.3781951794	359807.228522797	286840.4600839832	471619.7181854442	827217.2547889105	962967.0498444588	426496.20383145084	847290.3604110033	477887.9259133469	508015.94799245155	418213.1184628634	282296.04127118655	328956.54036745836	79986.07206957648	385425.05811608816	454836.6850582675	365700.0838098902	231258.72918413568	459498.5520938693	409407.2685077715	460462.084594739	235686.78417616067	372843.7976999857	566132.8803562786	1106704.9351987815	853385.9297784406	1027513.567824819	856671.5053311767	429607.87623629905	467621.38335198903
MEGAHIT-MetaBAT2-S962.80	3553087.809887109	3408921.5994172823	8095510.023669041	13504572.06361861	5393393.964032954	4081157.754658444	8830180.61331946	7752288.059946257	17719253.199510165	11329775.363547137	11557652.394934759	13967476.434271397	10097916.251112077	4851205.756047602	13434093.326163918	6701437.448111819	8395558.702749971	13440043.840091305	2898796.6518129962	9704862.88340008	3954509.467088452	9103234.110751746	14113605.189856274	3739675.0691781673	2690720.761915525	8973256.846552927	9885695.27485965	3554228.986062741	7474923.2396199	13786579.46347217	16918523.465423174	8169853.228282597	2911790.3174017915	8799128.963925194	5726774.927649737	2179509.232991982	7834404.872594294	7209134.4029103685	4365307.999160849	8607720.814195003	4520390.977451603	3774556.793161954	5580645.161260725	2646174.740023464	14800119.570609039	6603758.454811788	14585061.120777093	16638066.661856113	11715659.164603097	5580831.2922209	7540984.880699152	9801449.985934682	9485894.65324035	8278351.699829512	8766295.106686726	4742903.885229673	13959108.803386798	6149893.9286721	10107289.95220281	20318077.36224635
MEGAHIT-MetaBAT2-S962.93	175607.87917957504	46814.18022154611	29714.21686417886	59933.565527717314	81324.16812441227	76330.93483527545	32785.44162399428	48120.305458809395	97609.87275525938	91216.60974558943	0	152359.38773962838	64391.50154523072	65981.72963063639	54860.19384076143	46661.556860433855	0	28717.42906883543	32569.00198170242	101498.29089337442	28004.234874081696	32032.905393427074	92012.92188405283	0	36857.38995918885	0	34030.65525231003	0	35083.22071828911	35151.23706017812	35271.923757135795	37274.6053276699	27549.958690152867	41302.11693404075	0	57497.95520561117	0	38268.91920005724	44037.06511820073	37588.40177717117	0	0	44069.30180850511	26678.062606546686	42010.97202962349	57360.9848197605	49223.12154655224	56442.094672381696	36696.3550725222	44164.66459623982	197118.93729759476	0	51182.97374705904	210180.42568659477	0	24650.849543859662	45654.27124327628	46242.47757549182	33369.892588338436	71194.78500935272
MEGAHIT-MetaBAT2-S963.73	0	0	0	0	0	0	0	0	0	0	0	0	0	0	0	0	0	0	0	0	0	0	0	0	0	0	0	0	0	0	64080.76202817625	0	10403.820151609449	0	0	0	0	0	0	0	0	0	0	0	0	0	0	0	13413.704075007761	0	0	0	0	0	0	0	0	0	0	0
MEGAHIT-MetaBAT2-S964.110	362546.2555369204	246170.4288095918	314878.300695798	168661.75500019867	336815.49121694104	169323.75001539517	339018.8607487365	380881.42112361715	393110.0286742437	372418.442945511	293129.89481690497	306715.89892395685	383789.3537112135	169234.65424971975	388961.6990010732	146592.31390287576	339464.6721605232	348984.0904562855	307407.6513747475	199236.72404631745	292626.1220435596	435423.4190546257	366144.5825128318	183586.58929843223	135130.9594261746	160589.33847231962	305659.3654430314	163266.12045206793	309870.9988360337	258603.296873705	337811.566115108	377247.97957394354	0	198620.52170718755	95648.45371840807	206261.5920937475	219390.47961035548	386934.0647917914	185063.1538542079	513613.9074126678	51662.67060517286	59591.88466549396	80405.03181994573	336740.0611882884	416878.03481222095	339057.075691326	431478.14452013565	258131.79242472933	360553.63474196783	416185.5242189091	432692.47178232844	302471.2341395136	248342.60717805693	267164.4539713205	221321.06300886162	399770.865664605	297456.36938801967	444450.21493407944	427618.1935811773	282054.8280142898
MEGAHIT-MetaBAT2-S964.113	113205.06491556978	225886.52807822244	298487.0488355921	1499060.6389072433	245341.95839968935	81448.20803790052	411266.9007186843	153930.18062380218	495223.21114201605	873880.6154631381	624935.2138383536	392236.6643155145	2694360.1459019366	392003.7325738924	2685066.4556204593	1044484.2498269386	251996.9458486874	248973.57245390452	271109.72257063433	236578.89905663472	234220.6093368211	3792039.5207425556	342148.7706796111	270768.78493261436	189586.694085933	130124.71965399658	326023.1614628957	91973.05738580704	164563.19723192917	156452.40731108075	1532985.1218722959	14694603.944787797	279211.497597983	146006.2179586439	231713.93653630116	190127.42589004282	382634.7612834529	763334.9815299644	329328.5600679357	3930954.7037360985	791314.2638719064	94714.5608618532	276838.52332807146	0	495992.4693367625	339710.51686436177	495109.672220299	550841.6737308189	391476.16333040176	249159.47415718506	560958.115763918	777403.1446864416	321069.38904708996	333386.4310237529	363380.70335394057	474840.50991951354	300805.84254600597	608857.3917121063	583543.7772649179	1482408.8476518132
MEGAHIT-MetaBAT2-S964.152	262673.48352610244	376522.1226991365	495561.1735739549	557701.949633945	782380.1842159224	363409.14389617706	635054.2042028931	497688.51823625236	1048239.1424786431	1126903.4199438393	1483236.510225404	442756.11343555123	625087.6247638649	300407.7381007245	1073036.8789672616	973460.8520645255	892151.6084255638	660858.9747567045	572202.0852070219	756768.8498320088	404508.7556057209	357721.93750164495	878482.8088056181	667630.8366370762	474783.89316389826	342612.42941753886	1271907.1387857706	164245.0706487356	386740.46469606453	366787.0290539293	658598.0623472576	965542.2039192789	416511.5407247534	366330.389145225	387965.37017188093	99841.67998865334	647619.9807522391	544405.0144218397	666637.4806823978	357299.0456229958	0	511399.94979240024	769057.1975250058	123603.12039458068	664351.5961897378	378921.7468010372	700591.0151896183	800897.3910499748	670329.5820107604	693395.2989403547	991215.7262109903	1108023.9744463644	683261.3387464968	565957.4529041474	663305.0595061908	465488.2674794968	745970.055074083	645554.5859601604	474714.4545696208	1424225.3010415337
MEGAHIT-MetaBAT2-S964.154	4334236.492227807	4723461.67787274	6983374.185036699	10252642.013284378	4579769.437364901	5366319.463493126	5931962.803719651	6135082.981353138	7345529.653447001	6240314.933949337	5549189.474876764	6785512.954933618	6854302.098495371	6888312.860782953	9459992.788892016	4980666.331376387	4486950.764102796	6130154.714976429	3303496.344917879	6419555.415552474	4492589.181837082	9999760.097217018	4834662.491674966	3188190.398685245	4654046.143693103	3746700.0824405155	4579441.2812006	4709165.451586432	5077749.873270007	9065621.425090354	10841601.325822586	7728833.663335669	3846611.893041184	4776325.6533770515	4129523.2969645318	4061905.2368193916	12315285.63352233	11559517.742387272	6845986.79242112	8077524.787539601	2140547.2548240973	3997667.8838699646	3495184.0603121975	2059626.2342907167	6372270.221091824	4802232.677363622	6022983.060305074	6536235.285228268	7267781.236680918	7138259.289561481	5416430.70289905	10124565.422337916	7607906.020908607	4193158.7531732116	10345776.234130101	4976311.411343449	8847341.771678502	5582089.357912558	7331285.012885873	5008585.282722351
MEGAHIT-MetaBAT2-S964.185	649835.8817952393	469145.9192980651	610371.5954879352	1548375.4319704464	812648.9958827002	599154.0105345378	1278033.4030832981	1083424.840776592	3043105.730447751	1761901.3366838156	2478192.5605669776	985500.4336428908	1864575.7630644075	578473.0806332532	3133644.2623618254	1740207.8867717667	970674.6827246259	1889586.9200443267	981980.1079221003	1091196.1291598591	652573.771383498	1347130.839542768	851183.156221433	714883.091345822	583816.56348645	732193.6724876796	953247.6627649072	379668.1914969561	1159355.1743288988	960613.7402680566	1726948.2727444782	1000111.4079188966	533471.1465818215	1646722.546585404	675188.2186097129	700623.0213913202	1509565.5899091747	1767167.2507674505	1106147.2664836515	863623.7667247917	159447.00380263448	402704.52924614283	725458.7757193028	363575.5619966005	2290088.6945159724	724189.9299776311	1985729.6847580124	2072584.551063293	1100172.270315093	1057460.96129252	1611966.0371789508	1751138.0604243393	1559818.1584450433	1356110.0306764343	1170944.509007415	631308.0892361961	1725659.8068835293	521408.87319376477	1180481.7630199268	1868829.4283927488
MEGAHIT-MetaBAT2-S964.207	227998.7119285604	705941.2647317074	369766.5237924924	553687.4988025473	294440.37808378163	183876.6044691038	429531.4974764993	350657.8964764473	1267348.4564923353	821247.4305399642	1057329.5574060401	763842.7575942847	1853387.0405091727	930176.1524619806	1140317.670410321	547984.5373335814	644890.1162071611	331740.7366173051	706501.0307655896	378980.892756324	368505.4524145296	745226.7390824847	1038867.0121798894	809226.3831523567	303328.61315141775	386355.49671595846	562368.3284487778	380873.6968058762	360844.4605626332	372741.0521865529	1030383.2755133089	3939336.948232785	172072.45729293374	163932.8756514498	207370.31514127934	214704.78223137368	203579.50356278865	465613.62728319	362583.1175744424	334575.7050243069	49825.35015159886	255095.51924806283	222777.10321671728	75151.36421238638	527090.9250263154	389523.48367476085	564345.1225511485	636565.2963363805	303206.86199365486	666501.096009877	470426.53071829665	1158697.0542386344	848136.9178810221	411579.8152330798	422598.6728297281	421542.8353526657	474266.57438155846	448126.15757418325	477345.47232719767	585998.1745883679
MEGAHIT-MetaBAT2-S964.217	604302.0162553716	643498.9394602415	494287.4554288967	2021087.543782613	642138.524805435	843753.2589101801	811475.6889664411	1198991.6610789779	1510412.6536979743	1451871.1542320012	1321999.3676979253	1130306.4129969021	8117490.945531265	1644534.3932830296	5014996.848691549	799668.4065437779	891828.7410417891	2460911.35613273	540132.7926570304	956561.4705037667	631053.667678697	424783.7811739442	827958.8627563003	671958.3339337053	635638.2703172347	752309.4749551252	770781.597215982	668781.968873074	904545.0599837737	1464356.0777566961	1744449.3026058723	1451218.3650966003	635323.7427182075	1304790.3213125118	461077.4363531764	286911.4568276753	1435957.9642901418	1070876.9995836802	640986.4391561223	882635.3495828661	734470.865419609	551994.4483747137	704153.9547585457	323451.58203248226	1957935.489234542	503136.2210025035	3015793.9891471956	4358138.922720202	2214199.1001064815	932714.2377008843	842134.0967648289	1204227.8645880872	1106570.746866496	913156.9242117258	2043530.7823855584	610316.1086758099	1758724.3475872364	531985.5946940003	1445273.990676646	2325219.1247972175
MEGAHIT-MetaBAT2-S964.235	843396.4752000876	583719.7872651009	617399.6395157675	960772.030610142	1123863.3833896387	758390.3281120723	655656.9926074347	659097.5906088115	1311149.561268147	1142642.46004477	704534.6449120758	1117075.3743646545	1096230.7737358415	471705.599836273	1597423.3062377768	650090.6310024961	667154.9202947895	877552.5831655968	413991.56747479254	1041842.6855481071	336922.8070704015	418937.28874657804	1479342.4491236256	497912.1790264518	845296.1508318885	666519.1463114526	954597.9722011047	439257.6013581854	921547.3587907727	499720.838779748	1426350.6651773425	1157961.325603134	464783.0241643903	701368.3726172133	322998.5682237913	229675.94234054678	1029512.8073794992	1016685.1689736408	571317.4132841136	881154.5228694616	102790.90024324147	493066.0381128049	628155.6101090099	200148.28301540282	1123258.4939919326	736841.1450487032	784335.8430895886	834520.1509615259	1058958.168151561	1081002.0692023868	567194.7988396953	1044461.8237889186	1187398.0940524957	643417.6538467195	392780.188656011	600299.905364427	1120927.5595921862	926918.2348533333	1083180.7393504288	1503295.3939569383
MEGAHIT-MetaBAT2-S964.264	142136.86181347087	128372.04632356708	150461.2211886029	388090.07477313146	147055.02513798804	74650.65626968391	242787.66642528804	233339.5179883207	377949.9322054823	275367.3096637619	142013.54212220068	162794.23955374229	793575.7820559442	307594.4562399459	580280.741562155	36922.719175061015	204888.7907210169	158139.95444736196	38254.330942998095	240298.09714706728	317938.4515060312	142575.83674842882	310227.82430520246	26340.527277684836	76074.73607381905	127474.32244665775	78710.68045250133	156498.88102744386	161892.99785718252	130395.5612665897	309897.80712070887	201385.07088570922	165026.75822305414	218818.84440275165	115606.18639160911	115504.93672953134	298562.73098786396	259660.2797651892	95507.17980896313	170921.1389581353	0	347117.0118106783	120281.8336851607	256084.62810696464	355679.5833449918	143685.16826436433	210609.399266337	270573.71239410446	309025.7490770911	23659.161319987612	138732.02737485975	350853.3916091503	269400.82152419083	62511.13250442773	91238.6804491794	123679.74202815632	231703.26282283326	161243.25237431657	238994.3179021564	400999.3159870845
MEGAHIT-MetaBAT2-S964.51	70804.57870083555	199193.76463874374	112331.69662084526	1455341.016167716	171792.96262376304	0	519393.7937478639	596984.3419063037	853215.0497435781	901813.8738075818	444905.76392072474	780791.9029868774	1430567.0151630144	593909.2134835541	939400.4164414796	138724.07112207115	118278.2515057114	804731.4066063291	258712.0551805461	607851.1412967643	168534.03152891487	1022561.0061710569	1047821.2686260482	101958.04584854533	137267.68021824988	823717.1335979846	934051.3371403688	147259.5179512934	785945.0395937056	1334110.5007328065	3885622.7161299475	2195150.9678989947	336364.7901878658	799227.2525830201	753379.309853676	223401.42080082346	1231123.8814728437	2774578.634731058	328830.1900879967	1011931.5494915817	103673.62923269886	198149.642848578	391406.54963077296	353205.9965242144	719884.1440072183	463943.5472864994	1778814.5813731605	2374440.330445189	1316768.521241358	96889.3092088633	367676.9087954347	646171.6755860291	191250.68974667025	192621.98038917469	1245799.8473947714	506790.596572507	560708.3084966276	313790.99791435956	1052263.8010788811	532015.4128087014
MEGAHIT-MetaBAT2-S965.107	338509.7262977947	45598.77536940042	277222.8292955303	435863.446775186	236554.8932974922	1597102.048232614	189072.91636524332	44231.71673659359	1802263.9520058904	808232.3821550624	191012.1537047304	0	528084.3428196149	401240.3395133967	582442.7411997241	56378.47125881379	237786.72177299712	111538.01968977509	112246.65913449124	104038.37136932589	132249.36834688066	0	168524.23717772827	309073.80035998503	85155.85543651783	33721.2882491717	0	46137.534711316635	247983.5145584257	59595.09005522217	486893.5784874554	26875.20807714546	20502.687757043266	147429.05831360776	34317.41471179301	0	76875.08952584183	0	181832.8681759156	48273.178815676285	575447.617829013	78858.4740337528	55033.96143248524	0	734669.8692323919	346725.580565863	379463.4099556356	239716.1209541666	376257.10598364566	401267.71138591284	543685.2695479194	82865.27238731002	136466.27819756992	178440.6734330631	25383.111485223893	341541.2995437852	854812.5414675188	1101764.5782123236	348729.2946173325	577812.4229489075
MEGAHIT-MetaBAT2-S965.170	1579229.540242319	1033146.3108075429	1290865.3312778852	1374114.5964742734	1630511.5224320574	983786.6057269692	917837.9182276693	859101.7502428427	2023517.6264554486	2044285.4261854438	1115508.3482277633	1150682.8912177829	1054729.776723877	1039718.7970228149	1911422.9260174932	915854.3214147976	1296928.2262686098	1079476.4998040146	1194367.5695293795	1372116.1709302985	688747.171535183	417564.28749915416	1788879.0797808503	785859.321638562	1374481.4739574664	1051690.6902458286	829600.5957514287	673643.7300787866	989836.6425471234	714530.7489525784	1266487.5244887143	997046.2378677805	1334121.1912415295	726897.8527698477	536662.6716956017	279165.6877481661	856172.3829894792	1103500.1247793918	1065763.7536681865	349002.5984236022	1031292.0960125513	833840.3953313527	999116.6413647868	101254.26104972936	1823771.0194138912	1262033.8753288512	2286766.4184230836	1582019.6628656022	1215229.5938984957	1931182.6589332607	1683446.7468268934	1235682.7065034993	1893184.7447984728	991305.5650772034	1885534.0865009916	1198290.0014754357	1515903.6133079883	1320658.1107831222	1160372.8153034176	1861893.5930442468
MEGAHIT-MetaBAT2-S965.5	71746.7480371478	163870.58152870947	136822.78176497066	136174.89467680844	66101.53482919688	88178.51766065875	101498.94664579384	207029.96765358714	90827.88870282796	140257.45869780204	140219.10610819462	147614.7931438136	149272.74600812592	54928.50976439264	114086.52398376114	131565.1064429279	114940.01990599475	175246.6366261579	152929.7495874221	105341.03015037045	177105.37048751806	147545.23758175975	294671.13974487834	113160.76106373954	37052.96589523595	93613.27137280075	123466.39641969521	97100.09544070579	204819.3412485069	208226.36302493222	167704.2965205498	119591.36747321452	139885.05158147175	73172.93371543617	78693.35313352832	75312.31015737852	234296.41028074568	157834.7559822852	128329.44510967366	118591.24512694386	61969.94235533327	28101.01494113219	14251.491213242613	0	139488.86529993598	112438.56185245194	87848.44724654521	99324.98177983839	143197.7636540166	118948.85282878438	111392.71676565043	143884.9952772638	193404.94213204502	82193.51781159676	180037.7089780678	108454.06591076846	107522.66502629546	99925.64504024995	154510.8804683426	128890.47933325106
MEGAHIT-MetaBAT2-S966.102	4905929.3979926305	5479508.191471155	5890456.5824658275	16315731.82632748	8925779.852882113	5538331.909862963	9192928.930211933	22128564.284193136	24997079.785127804	22280170.473798327	26278463.421422828	8032806.278216476	19499715.069851995	11983025.462716663	31575389.545504536	7937260.3627182515	17497712.188982673	21360685.475067645	9986941.516914757	14268804.249114482	5538878.456651533	8845015.830343388	16010354.067439053	7056634.580946465	5387584.820817708	8451739.341254769	9474145.336448997	4436755.593118986	8239904.778055365	9642369.05778215	21852998.814508382	21518198.45526551	5092466.99270299	20191048.224347956	6884233.609789543	3101665.5042917193	25171179.57111752	17748938.143738464	8265465.274238162	14578255.512989903	2381624.5658165854	4747900.791556894	6923576.855533179	2873081.3324194276	21869235.82162495	7203675.429606558	16158857.945004024	36155709.424958505	29864259.816688493	10950131.527262164	8768313.835713243	28369155.11181286	10720634.318423629	7844984.749991178	18570696.25260254	4910204.45713423	23389950.577380765	6637064.131992975	13242961.536055692	33497659.352372106
MEGAHIT-MetaBAT2-S966.75	1416602.114805359	1855849.7677831203	1227372.0625590112	1540702.65472549	1956485.3465086129	496186.5122542831	2637176.4460475803	1400185.3739985093	2089949.2625050715	1441798.6867026447	3335027.5256577423	1198219.8616037015	3095199.981881396	683712.6418678778	2403065.567159769	1372685.4190345635	1516353.3853947725	1827593.1807344842	989458.0529470703	1336505.909247415	737401.6740599711	1994374.5019101668	3418251.0121357017	1478842.3034199753	1399394.4209837513	875667.1113974145	1981818.8825992572	1252048.3927067628	2092576.3710208465	2178140.2161068665	1416144.591168945	849717.6115693131	1517859.064206423	2114778.919908136	874771.9335777713	1051454.5129265962	1052422.5337242573	1714714.7650810352	1790355.6196402952	1472104.8566340061	324799.63241848367	928671.1489103937	1089925.7739784745	894377.6598841795	4160561.283943773	1210149.8403525327	2634227.225481717	2154088.770449923	1836258.751666463	1752640.5602507014	1191664.8570550438	1391544.2870959083	1337090.0224175612	2487155.309057987	3119075.436512762	1148867.8517122697	2740404.886200835	1823084.2151838792	1765971.6678695858	2632693.4955326556
MEGAHIT-MetaBAT2-S966.83	555947.2195164375	72761.53387013942	2648544.033734653	103073.31685636495	294149.9819456207	80164.15367282972	139449.9998890054	98516.7789564038	287272.18466144265	2214700.2697862415	1255532.3737049885	159988.17451554985	33641.85388542756	227068.01902453403	0	81266.39848286458	213753.5991765043	243056.21759023494	74350.87751139239	415035.64081395045	136024.47687273595	190010.99284735185	578343.4756531846	149751.06140646216	89802.40362760307	209742.286861249	187452.39124786784	475422.281563875	504524.23920343944	64196.29632712396	442450.2721780427	59529.519727539555	21507.232236527267	1797477.7500727254	310816.38747680705	120401.06914104914	89960.31489661151	183473.73598119587	284773.35980127746	35057.626868553	0	82315.18968200368	85645.63361228093	0	219576.77623965306	0	338381.5085170234	34617.48134756632	128174.8436120001	44511.97750171671	264416.84888148913	0	952078.7884277274	480920.1510536609	941380.448268474	433062.81596887595	1033399.1036461698	0	82968.28632199157	200871.34638812856
MEGAHIT-MetaBAT2-S967.21	564930.0748134495	5418668.241040096	1239634.9508201915	1713254.7629646498	338250.5476731892	111343.32252548644	2983688.3701843075	4353469.7943852525	1553161.5453682686	763876.0722372554	872048.0188734154	3436682.3471458335	2646531.4807257275	294123.07250244013	4507350.195287836	4318222.10564312	360024.365525758	6012933.272775677	1233868.0983572495	1496120.9462514531	4350480.5841809865	671157.2103601656	1405011.4054602787	144695.49238958338	163092.07778336637	3794936.5104875877	614534.7925713073	455069.6825484107	1482526.367665905	1402082.8518910885	5683788.294311132	1806340.305362359	376219.62661572127	1345448.8384162204	6855891.76104052	4753291.16942696	915863.2315028696	1204500.5404870305	446717.6254941105	2041689.732580268	278197.4536073561	243428.10045912405	584735.6374487798	467946.95283806487	604391.8056864643	1594162.462578107	657192.945850846	12828429.75332217	21072175.1495245	287679.3031745023	1200703.9776321219	869813.8283561004	636880.7513288149	636312.6010732981	1031863.4082598253	1194938.3051260111	741571.2101045522	1874051.1064175942	979455.4070138364	702341.681004298
MEGAHIT-MetaBAT2-S967.229	65591565.370551385	31177941.183632992	54282292.64849496	23200699.986784417	47225710.467833556	26427039.41507589	31136928.530554324	31341286.97258036	28644657.440135375	33045844.60797528	38177460.991823874	30676631.487144835	13973023.753582355	8471749.326178335	28769862.402685333	35654652.141016506	54444314.799706884	30219021.548109986	31939338.883285493	42104870.82906207	31182799.932605725	8999616.390886234	26771553.26773464	30515969.913924806	40993903.303133875	16228271.940399097	25055226.405498788	33585087.236919895	24884826.879289642	10020220.16384897	31248032.498855103	17346795.98355295	17018610.573537886	16197006.237023167	14065144.813409802	18296736.794262785	14935156.246489331	12279927.500204302	31028416.030905563	5947489.526747604	7386540.409382393	22735690.43517979	26341566.8464529	10279449.950074658	32421008.464263335	28058923.217037916	25393304.346410457	31160883.72200178	27271895.52172907	49955367.207253344	41354698.24004107	24224823.99550252	51676678.63320855	47786868.36419382	14373242.567771873	29336921.88969411	29485424.871583696	27913956.13763449	23818273.891912192	31282868.19053394
MEGAHIT-MetaBAT2-S967.46	47473.34524148721	488060.5708602394	29394.718635988716	605502.6166318413	155020.76039766893	0	69126.99051837195	565652.8757909401	177730.05058587244	181692.60764613928	187889.80436916614	345138.44339344965	192952.33423322887	35659.946220065816	95804.18251674826	218221.33513229384	70794.74160426238	353915.30365968344	97601.81631990282	184583.16307611685	70359.47277341184	162577.02932148185	86380.8236797408	60000.00389761757	0	120620.3321022121	225803.42281687356	77402.43454588804	112777.0805956204	273561.30183042906	149113.66481572654	157528.83709760057	31786.975853991797	261372.84910334134	590869.6026692068	87101.31719089964	268903.76980363135	59893.74937028478	19307.511100557236	258091.83982474796	0	74380.43320567679	217661.0571919788	72138.18066138239	173676.31487942964	76528.54428921892	95766.88494890425	152273.03670614498	179534.51885220542	34583.56185787252	113724.66453004471	104842.00542246894	111267.08880582273	99386.18000219042	743107.6532752994	98722.83211939299	139442.63980378848	86529.12794123506	165333.80497089625	179158.73058778304
MEGAHIT-MetaBAT2-S968.115	432535.0174038425	191399.83290666106	75116.24015459255	532526.7035139479	157079.45546321894	353958.88484786876	107864.21389203718	246144.3743281143	728639.8880639296	247827.72530934907	90406.40206006676	0	746981.4871106244	237564.0919360427	747307.8440924156	376366.998527074	76394.779233273	1389367.9115704847	1075047.8743141838	59859.36683066077	248369.5563490761	216885.14582243894	2975626.692299431	47765.0313390284	48392.92705477886	0	853378.2136436909	44715.67839442752	290038.93238553597	186943.79404358298	148719.649602544	151955.13835757953	163840.6226469711	16123.64790679817	1378092.3906156702	403566.0532485999	544975.6800755224	50228.06821295124	85903.9360868437	197757.09081545408	187671.83003594505	144324.68922056013	172932.0229219762	467230.01923416846	114353.19138769222	162396.48397624504	233686.6147172153	141975.30724969486	238007.200725019	40942.97260288356	363130.9430368515	284238.60698932054	113473.25738647582	43085.067449378075	27335.98889851894	1343142.038847484	423545.84151295875	454165.0454555219	50853.07598550712	371527.07057717553
MEGAHIT-MetaBAT2-S968.13	2021390.5736742867	4382302.745328318	2583835.0966782556	15981648.712139282	6804136.158408049	4685654.51722379	10124761.506573861	11875589.040332124	15328856.652524546	10951868.60783978	26837306.505282663	12362524.604534166	16108137.987734796	6775471.093029858	19387831.224275406	9450564.710028939	5567100.761023973	13622577.681698399	3901711.4712082176	10502870.955197891	5916770.297720215	7120527.306414972	6462803.36568429	14026497.383690791	1557441.9621588981	6907364.23938903	11502065.972738506	2813953.391494678	9715406.64303797	5750983.548720912	10848027.428382978	9072907.919408385	4671072.882270399	10806305.2098364	4554456.251950594	2708683.9739423436	11309737.279195582	13990954.543591099	11937771.924594201	5013169.9954472035	2585288.98221046	3593242.7979098205	6009601.567930874	1724722.8118059225	13406863.20424206	4950735.4960323395	9896730.839787945	22114665.9320475	7146090.760771717	9692890.750233294	6984607.07166894	9670048.111198118	9394511.66736754	14537123.943204826	10778980.783245014	3728053.3292252333	11224729.865564775	5389559.708222186	9814766.031398315	15457884.359777505
MEGAHIT-MetaBAT2-S968.138	528590.655619647	130374.59136380881	202186.92441825883	154529.4960797318	152400.1567304012	186264.17482997023	147395.0164459955	182577.69489794195	89761.67677334309	601778.4007511549	2917361.0700778817	2036144.9198986066	22332.97722102401	932296.5184364773	289012.91632211895	156651.71270905162	229503.52452038118	194052.07413986395	0	161846.21995802037	91386.79066252855	2720806.6105122943	170727.99174876575	111553.91202373676	122590.52703494	96295.61602404069	28076.542697427725	193844.94019439106	240585.8239833203	320532.6556117933	311592.27874018246	50405.41111051134	113145.30140271445	132354.8298766848	240053.63889330748	1925240.7010372935	120662.48072051654	2385622.3640435026	144664.66998264514	216213.13682862517	161020.54522273116	60031.060265006556	99623.62485353822	0	106555.34821591507	838718.4914112893	1521225.1357993914	1868775.4951987248	189127.8859331799	1151476.2175694786	191029.9775805745	0	56520.36357585919	218652.6592141358	93602.94564269422	87364.65034026575	206138.99589517535	86572.28814357886	182723.8315770743	336547.81469774613
MEGAHIT-MetaBAT2-S968.143	655528.420290964	280806.09253356163	259668.59602979908	220583.83108864975	232673.06255134192	109580.25582899767	79540.29642304653	373547.55160417105	120055.98945532102	29128.964795891527	88111.12322245298	466763.32661958167	194603.35157704348	0	168354.61550781177	241435.2124831473	154569.01821575273	644447.8858300888	164737.5059123241	293801.07045958156	544652.6925117418	65576.36916104158	224818.13897102364	332074.8953910171	293483.9051019109	385409.8215575922	148833.11735031274	581030.5636229432	249438.87152481696	332994.64922578674	170060.72505374125	82498.94714064774	74412.88460366122	39877.06998775891	159477.14050514845	941286.6363618246	42452.2698775511	79199.11691096926	120669.95876150657	62728.50342547783	48441.83170357082	99620.8669035563	58975.42635248024	0	146758.88172154376	181069.06087405662	231440.09673250932	253301.79053003027	367732.9453008295	297723.58189736935	391083.34208661667	142429.58340984955	206161.2174692159	384955.09974434774	286573.15208236425	104979.64987632551	336946.0718396086	217947.9912840848	211557.62691193566	178019.77708252653
MEGAHIT-MetaBAT2-S968.150	81916.96105490443	5786.893199451345	123571.09939916764	238841.50615003856	0	98331.3199143535	239454.56184283944	167039.93147978518	172899.6843048689	210696.7786106457	140367.39576365484	120525.32729360412	322241.95270701125	249441.6445530274	222560.75934124683	0	5836.844735803458	160867.4766142361	111761.02859425059	134762.18770387123	17797.155026678513	0	84749.56444949983	0	20597.22054704709	19552.299366449493	29462.474733358355	30209.3515421681	183601.9922600681	0	64232.3346925073	0	4168.810819685497	14664.344346278986	0	0	0	18010.801268769537	21164.209585804165	0	0	25724.238665061646	18427.842256311007	0	39002.80658127662	57620.24360115782	62449.02000044818	108613.19639733409	53443.70275918826	34924.673299013695	44813.08726583014	72767.98468973498	172364.13512229736	36959.29937562842	35148.913511328356	55961.21049420305	97843.33523492691	84094.4015112082	113746.30429884203	67351.70295730513
MEGAHIT-MetaBAT2-S968.154	82237.7253843571	135398.66785210842	106567.81035295021	84213.44718622726	105660.27634043194	0	95171.14567883703	140331.58416663922	121152.69568381086	46078.52718381997	153069.5044179604	55322.144364018546	80974.36834414293	0	119310.12836731688	99526.47588630216	166025.94611215056	87893.54181869578	70905.0953269045	152066.2228713586	124425.853512957	37118.02835224865	172578.41983301588	86545.12935984546	51004.17053824853	0	64668.7719723342	61619.29968540686	108108.06009685402	0	112050.71015646467	148264.3866682926	71553.26433230423	0	98195.82208878167	99389.16430914027	151518.76621973337	174642.5667347209	87720.80364315433	115633.85560626457	0	65765.39905402112	97385.97458831401	41804.532963331614	100797.97298569365	0	104733.32822526172	144367.94746570208	106773.99140140746	0	33684.06677941339	100129.62265721074	144420.6358213879	130972.74426662349	73416.38941699431	0	89429.87022093059	57982.308652834596	103685.57690268484	151820.7470408809
MEGAHIT-MetaBAT2-S968.183	14026.166415910344	24538.101551158983	0	25759.7689199545	22445.205463694612	0	74904.37549507192	68997.52047114272	25883.02313686186	31530.363745608276	0	0	0	53077.9349959156	0	29051.507684045217	0	0	0	58823.645757415485	100822.8405952089	0	29799.881835218832	0	19526.583042699778	19783.36630034462	0	0	0	0	0	0	31458.954179916334	0	0	586118.8193710607	0	62274.35672808812	0	0	0	0	0	0	0	39076.71698774566	16714.133424187647	0	0	0	78003.22296350673	0	0	0	0	26149.274492953613	0	0	0	0
MEGAHIT-MetaBAT2-S968.197	47774.42982066686	126455.8814351762	105336.36592242996	0	0	40033.50753543876	374328.6753404985	126166.82921138042	63274.68590215656	37222.40536549267	75296.46395021265	120387.89242606051	0	0	0	154948.60948248563	100004.86732327173	150352.61321950832	36336.3541737792	33450.28301596847	699686.6170875886	0	312985.3018425205	134860.63425675407	32027.76029991868	542507.4568328781	0	263327.0913688106	331033.57785395364	63899.2961993439	45854.676843004	0	41793.895100390604	92319.42504717536	254071.91763309244	526998.3530497884	383401.14744062367	343271.3889976535	101702.05704196109	0	187768.3972169282	24957.657331812432	101794.20220012481	0	248695.13425300675	90589.38689087507	0	18334.925526072064	115104.3776968637	0	118427.04284658901	27996.88664341086	131922.23102120683	36930.92092895349	16713.934549580896	169022.7660894578	471066.6066092235	121854.82736909983	62354.41732015664	488369.771264365
MEGAHIT-MetaBAT2-S968.229	161764.85441058394	194772.10293473213	413675.0151072079	1197407.8533996916	594373.6608468464	349775.05794908176	1112750.055013102	666002.1753290283	1159439.205398733	720141.8325278219	1387790.6421471394	663445.7668728167	1118496.1566727401	396791.81672368554	1301547.5394396298	512522.2491885384	430835.7634940265	687476.2219238462	224161.26755710377	791799.3981066023	365704.9080475583	634007.9715979883	818915.6487181401	869455.3337251672	115172.17562308983	381614.2916002392	791348.7308799436	150091.5818183466	854362.0558606859	622649.3804969338	1139693.2600849033	489386.80980155803	250542.56456684915	628939.8795229977	466652.3965210974	574506.0774384842	863870.2822422291	1290674.2281762683	626723.0995305866	356882.2525391674	188626.04561811237	195722.2159787074	369024.67452795716	208036.29309940754	1187653.283073474	356431.37581433717	1139946.585750517	1585232.2446894457	609902.3598904859	373047.1524692642	506017.3763213967	741821.8974707008	565898.3635732735	726520.5441811072	1118264.2646140524	397989.31131561054	1007917.1743780454	492167.26461023476	761300.1241902426	1025329.9576160394
MEGAHIT-MetaBAT2-S968.241	881672.0761502783	947573.7171363422	927992.3535479032	598622.5221679177	436654.0154497753	371187.30571910134	530267.082439968	670560.0797458076	734192.3092580584	633254.5510762745	751855.1922027641	670625.7556922811	679715.2137543298	253153.50810905537	653624.8103264491	338700.2243573926	353784.1881007844	601641.030355873	823988.8132897592	462364.8517649525	989972.492311816	463629.8410543169	1046537.630046204	308840.60764210566	197905.88239541303	314156.9850519389	637271.4928759634	866928.7516075979	1270025.9685401611	2256691.3750398583	758409.0547642116	372065.98787440755	421190.7213753352	499623.18337240006	249683.28743332822	1171412.2652589304	325847.5282492613	713223.9957649813	532934.5169820872	106327.89824767446	0	288680.60350683215	379630.1170089202	60907.92867917735	523190.3681735204	476914.6879049899	722381.6914069072	739239.7615813387	553472.5783207766	553910.6625314289	551467.6221943456	313837.1592795877	613591.1725380564	488291.548877905	1294974.2448456245	1089063.8605609268	972364.5878761499	449042.8909174361	925554.1464221331	618508.9319867631
MEGAHIT-MetaBAT2-S968.88	584290.2800198044	198588.2776137036	562923.6526447445	463217.8987938768	632956.2139334569	606980.9163280017	560482.15100597	462375.4589253598	840917.1152569512	697412.0451834615	391828.46403025114	292264.252611098	471286.2439923914	229870.63188398982	490903.6044116828	278694.5730512501	457566.62454312167	493440.0502631467	599633.2412908026	479577.5954161933	379286.5449141179	536307.3407104677	519238.97442012484	454516.35903548205	320467.68053783465	99787.30439095356	401469.7519525084	87171.21796526329	554561.0447716317	681022.6505307886	765987.8499938699	117325.08873483464	113261.42144200005	257269.83006285824	62742.58345105328	350256.5482342047	295587.75316397136	457387.89045369334	120532.6969985812	178377.56294176425	262164.43455767585	59731.18220870767	116765.26146369099	47759.24194285038	656949.768135652	586583.5230082582	568830.5798820594	565022.5555778748	468805.1854961156	549682.4698597594	1030130.6499454712	562810.9945712284	687898.2414247742	451509.02368596813	870696.2364853532	592381.6717024071	653741.4272828185	721945.1386445202	702178.2307042796	623327.6081974283
MEGAHIT-MetaBAT2-S969.165	29836.87945791363	29276.428269711596	0	21930.0124549296	26469.779625064515	0	0	0	0	0	0	0	0	0	0	0	0	0	0	0	0	0	0	0	27507.613030466815	0	0	0	0	0	0	0	0	0	0	0	0	0	0	0	0	31391.628038935345	0	0	0	0	0	20427.64677211894	0	19612.738416698714	0	0	0	0	0	0	0	0	0	11472.720801734185
MEGAHIT-MetaBAT2-S969.185	0	38460.03421919047	0	30342.44095284462	0	0	0	0	101258.40852923889	35397.35335521214	0	0	80252.57151655629	81367.22305022174	0	0	0	19425.66060712708	0	0	14558.524160097873	0	43772.03230329599	28740.901982744483	0	0	28861.75969928024	0	0	0	64072.798893166044	38896.419538219205	0	58992.405025886546	0	0	147233.2244699763	51161.93343546608	19994.972838632388	0	0	0	54272.54926854563	0	14857.206643348287	0	0	72328.00619974993	85821.46955893286	0	0	55725.60374056612	0	0	64637.05866994649	36300.12657492184	0	0	0	180369.5317291661
MEGAHIT-MetaBAT2-S969.89	233298.42189282956	317151.1058714657	143190.32968214172	337857.1272389908	152953.23480874064	92810.90205447632	189278.52839178755	282991.89829437836	152483.76269139242	22914.974614340124	127096.67182563724	259876.71311991065	227290.2272497859	450592.32317845843	128931.47221985635	214859.71013298456	135551.02327515755	211706.484295987	80344.87376450226	133167.54824992892	43215.96198911639	170053.90005255403	55433.39706715826	86118.98637746005	144863.3971379784	269001.78707000776	86252.30850464944	132956.36474480567	185886.46660500072	265860.1050572597	161358.0686356058	345845.3906295042	174891.9826203771	205576.80896962073	132501.25286218498	79304.94658878888	1387894.369456269	275008.25838933437	132353.7915750544	248278.21312917877	0	303782.3578337787	122280.17905748071	0	262268.30374454625	131415.16006574844	385402.5239167363	251045.58375738736	292697.4791591039	294036.51747262455	152164.36462820618	117564.53913549599	406066.62679254333	201601.63964034457	269563.45932039357	173253.80487084072	299886.63436838065	110591.85129931266	534717.5573381737	160865.57314002776
MEGAHIT-MetaBAT2-S970.110	266965.42401615035	883823.4793180345	248048.0753423916	754959.708785261	98419.91401606795	58000.287474185505	213808.47901256397	331130.0615052335	224596.93934193117	248388.10224141984	311801.3235223383	447501.6858757046	1407667.38839678	155369.71555569005	543318.3700644567	235922.67729217312	64325.47431817367	178079.07253469867	50085.69842491325	107634.15614931389	453422.3036475878	822496.0023504202	222284.07701253233	47393.13888390568	127700.80250674684	143654.07684415986	144474.4365244483	203059.28123803172	253657.8027061629	142087.27395801753	393179.81699634803	1271455.355589627	252793.30507561244	139735.33050101798	140791.13314865006	236237.09534298378	618432.8889538746	1377522.787498049	385125.3885677592	160604.47911749652	0	128565.93374456975	120609.17102970292	26845.751271161957	211300.96182018594	81720.27085033781	81918.04653825627	263290.5356900575	51290.44113026708	79350.58797833804	108620.47167885056	79030.31000737633	125488.4210202703	259857.86597440953	87851.48686502318	55098.496899061196	93474.47516236793	94133.22236377516	278960.54699683085	124600.92574646397
MEGAHIT-MetaBAT2-S970.119	1750348.706087755	1617671.431406635	2004907.5576760357	7420433.218017816	1785992.6583893506	1472702.182380924	1759776.868695154	1900855.4940541114	8053895.731293095	4849063.902738809	3197537.783815183	3890123.0327474168	4559791.610544823	4778381.8658596855	8661770.940309513	1860187.1777409553	1334542.0337011039	3944792.557048686	971997.6648949808	2786681.4780705627	963091.1794839916	4400722.017753745	1970097.9962497728	851649.5143994088	1657160.0280193149	2881699.3560935026	2798921.6511424175	1649437.4361086877	1512835.5068054108	3306441.4516492006	7062573.920358986	3824754.0749341175	1996943.2787918595	2156773.5638583694	1866676.9748823978	809686.0096638032	4797559.005435749	7814325.48373096	1389606.1725537668	6376350.945379496	1781048.4466971976	1898321.5538091196	2383266.4700795948	834936.164284595	5691124.861880073	1952136.3903383578	4427270.648833733	5492291.121481009	3656534.5727801556	1830772.6182197365	1477439.519315905	3793937.3488829737	2782070.4932454443	1902815.4017793462	3732041.8370338986	1713958.889174341	4268644.975346838	1903152.4608502411	3061101.719908577	5644544.937050509
MEGAHIT-MetaBAT2-S970.122	839435.1621910902	1211228.239482574	987257.9060818116	1634416.8294564013	1737473.423116855	992999.2564980914	1710085.5381605919	2103130.7527711536	2345665.629549966	2602942.290554177	2452480.861526167	2195257.97037082	1285071.404086496	960443.2501704891	2270093.450720649	1715361.7054717434	2313176.8078115517	2155618.173109816	1299612.948839198	2261499.395955629	1507502.0438604667	980989.0895907842	1715848.9801100458	1258894.1982231745	1294022.4831178964	1031327.1873027215	1482378.7733148695	1001297.3837554615	1426175.624337099	856861.1748308704	2330134.580595811	1647120.831815774	1019760.1296684121	1644706.3920871688	1115807.4945326606	624082.3800449205	2139398.0036958456	2955781.2377609005	1550363.529898825	972487.1247134896	404243.6770213563	1059908.3627399583	1576941.4482708944	557648.9114117848	1982062.6694325234	1151458.2762917324	1606990.4518489118	2067175.5840160912	2730561.5893170387	2291432.2970612682	1968653.7784767179	2232830.5231911996	2084757.5929752514	1460181.0738851072	1694039.7858205028	900687.2810691108	2139893.1307946765	1267600.3521830703	1544683.004835805	2968157.08297397
MEGAHIT-MetaBAT2-S970.191	1437216.749413348	1794384.394113009	1720653.769592836	9597691.689927818	2749099.7809212334	2278921.9678030605	4244465.404534572	5728180.891668609	6953000.37417191	6225419.144284436	12259184.251826119	5259584.945830257	7310877.796733903	3381853.186392584	15195627.427837193	4271472.43872452	2913044.686032651	5710621.680904191	2090912.2837919476	5483571.311494025	2636049.3249760303	4340068.680904368	3757826.797487905	4786506.024151836	978669.5704128852	3642332.877556592	6443434.492526248	1308707.62542703	4861206.630413362	3765231.0528001296	6835350.85280044	5820049.40814106	3658519.8826685906	7264876.952441806	3207412.944075733	1541382.9472528233	8748941.265999917	10558245.199112236	6205678.7211312335	3346516.87466689	1910248.8524235832	2058284.5328830618	3345729.4534870577	3552933.9610001156	7285137.790865919	2441290.88393455	12165162.885084348	15645253.913459554	4124691.009054923	4327947.137185341	2985704.1311289174	6160865.100226746	4415932.01400387	4891682.5009479225	6777729.082013697	2355585.7891276316	5505691.399724382	2678880.261986345	5659453.787155818	7401151.360851757
MEGAHIT-MetaBAT2-S970.199	21458.338528725446	11116.65718358859	0	60409.22599704107	180818.81021419028	57079.22875513963	40282.66719260579	55967.232496618264	72712.59192730107	181105.77463399072	234581.88512229398	104081.6822401975	22320.314229822357	35809.49663705479	147976.12716410984	32072.845005165953	20635.952219611452	111402.4119082665	34249.3816594945	76348.84480309433	75687.70810197222	0	34002.12283967354	54664.603321024486	0	0	0	0	221545.5094133296	0	48098.410585445934	0	55158.687580006575	3031.89241480735	0	42839.213216776545	0	75613.54125061203	117364.26288430122	52402.78134709657	72459.00781541623	8311.142564535312	0	51580.02325649158	126431.43670591002	16659.553987405685	196249.70176903938	196627.83663700667	30769.167874533472	227680.3956324337	97857.75318267847	72199.88328472212	428069.49385384435	232281.0279105506	38785.96381919821	22392.50668518175	95782.53823128738	0	98735.79871774832	241515.93405597055
MEGAHIT-MetaBAT2-S970.211	208401.6749360827	303793.28664420516	337429.0100935989	826988.5602872575	525270.7779086272	717277.0599099775	706140.6308439547	821030.154905369	1139466.2284121108	1392351.4633556874	1660478.0248917874	546898.2068485279	923612.8701038007	427272.49024030374	1132668.160075743	811040.8940828621	698532.2000027801	755248.2656621287	338550.0905751504	767785.5684245401	313150.3329336901	318434.10912843596	1175832.1580332685	472602.31212617474	287921.66125522135	453305.0678084835	629232.9089862448	303813.1530776095	900517.0735577907	509935.2512168374	1762427.7506196753	756788.0305988959	192416.38318798417	453299.2925384465	627110.5705739241	119463.70861862141	771529.7995945214	624043.2094519014	618472.1898379611	476025.66294417117	186089.24412833963	315914.72801493935	810106.0424428418	106987.53386929866	713594.3290517083	408166.1025813673	537255.807075382	1040068.8696938332	895109.4376845097	468099.9140328239	773590.5915393048	1165720.8154745267	645578.5311725858	604864.4966809461	544376.3492562464	566971.9839369315	939400.7139251189	831569.4362134361	638659.3794226637	1381241.6080864172
MEGAHIT-MetaBAT2-S970.215	379478.53170444944	480767.6837494954	428141.9268737087	841084.5474672986	355646.5545777665	337987.76017342665	544894.8637524165	1452742.5375296993	1435983.468373066	984689.1309741675	1175226.123620227	1113409.8082298138	1345187.6514820403	924063.9991377266	3686302.377034683	575376.4323309924	637916.153198737	2615676.4211840364	453586.447883219	731428.5494479368	565086.4090148298	462529.4874208152	540294.191072922	530601.1906491985	344898.9466347494	390530.8142231494	682161.1495941444	422536.13485991466	593547.716585467	696107.6012321209	1030789.7023291996	857488.5512777566	477572.1186811457	2177976.2576874127	449346.08850626915	328634.6991287496	1409536.1182112051	1547544.7088783395	582913.9475189521	684439.3674134782	233215.29510276756	366589.78226908843	616005.9850227933	0	1150074.9580662486	519927.76049738744	2317051.568969341	1355713.3240553013	2484820.499987265	789910.7739538985	535134.6548523887	1089842.0772166536	733830.1992828595	532704.2314465047	2433225.104259075	602756.6297095784	1200239.1250967972	714030.1551272592	951803.5146060475	1707500.8482431467
MEGAHIT-MetaBAT2-S970.241	783976.2670288356	1322334.9428692	904458.3876643662	3449663.507858158	842287.522015633	822715.5007600212	881098.815658612	1325922.3018757757	3605915.9440141236	1145280.960440568	1264502.1332879155	2403085.4376770337	3670426.5447731884	1718854.4095927323	2319391.5879246406	574162.6208952168	330475.11350131646	1690814.3804442172	699283.0824798773	713892.9715208177	1270592.5611009244	2953217.425797935	2144889.3996372167	553132.034302494	206514.50968864406	553438.4082907526	1111342.774473961	578681.2631472425	1042692.9015141914	3276496.5206439174	2696352.230214006	2103536.963346392	838144.5063094724	1123548.6961761625	1154523.630886389	1564431.113539258	2479370.1688023205	4175460.2718436914	984068.2526890769	2347946.937993907	760426.1306714881	104424.67440323037	466789.2894198957	454513.0070304779	1676741.2653960062	796587.1383616064	1509715.8162458153	3496226.9224527646	1188836.9102489578	655456.0848304436	1154008.5098171036	930258.5550130848	1264043.155382975	448617.344946838	3924796.7714936775	610403.5686457242	2202279.88054404	1243208.3110243331	2702559.7959476397	2933998.826461249
MEGAHIT-MetaBAT2-S970.243	56122.39616589752	48848.720698634985	22891.326214265842	162741.801645	25682.644908340597	0	63176.2184523967	108815.42204093882	138465.99309170735	65574.0474916605	59016.75737831457	79800.96944324666	289752.1482882282	52720.38564868785	421954.3859526811	97157.99934340449	38130.6286047989	156841.86615258938	0	29348.48984651896	95462.9682505604	59569.63210361018	81391.23566118992	22886.136524604863	28962.90088412343	40058.20570488325	37926.67040947499	102371.44137232509	87920.96970026953	67944.51624345923	77287.39696072144	80758.39370621639	36596.7189240865	38587.20894193073	34760.293086261685	55810.467852319256	164426.3147246712	490963.23802009976	53678.378969613834	70041.16663955519	35823.39443929066	77808.48335819249	60608.76593588761	0	52667.892686801264	21162.167097867463	70189.17258704617	34442.978874685985	80183.5926958817	0	34507.95185281167	36313.20659535059	73646.68940074515	20774.202225964713	457193.22078392596	48629.554207765235	151275.54370820706	85668.13226731576	189782.70949933506	85512.52879758953
MEGAHIT-MetaBAT2-S970.51	969217.388980328	415066.89483643207	366602.03420682735	1882110.5523345075	604468.1130110006	165550.49245710895	101950.59691101749	106407.77045053015	117678.5588766621	232558.58328503717	421236.72176110256	171268.17765714572	138643.9104552762	0	125530.47147978478	190843.47484764163	215568.3416839485	259388.6906039188	306666.4651994921	216863.09960386815	394138.65993284277	191117.4194401597	184210.46753260674	224791.04650199093	213898.7181477797	153666.2434367271	261557.53719971812	530271.2152616382	148511.8843455309	164281.8833932472	188772.4714401496	283587.9574470498	373979.15399771614	225815.74928945515	173213.66979991185	612216.8488697895	452188.89956459956	361502.3306025821	186627.2333572833	100909.49259123129	60866.23113933031	301039.0019318031	372016.24428498856	34268.744413680375	157939.0549312929	263592.3702947966	530603.0558021776	276584.32433631184	185449.6891394268	576902.0414996749	378974.2369174708	73291.77082446373	270692.1036500914	266253.3496545327	138874.27049934998	161348.53825021625	155784.11783806194	145738.44798699406	113905.78835720675	232358.44977686193
MEGAHIT-MetaBAT2-S971.10	1981637.64168261	2169390.2711420115	1100660.2730941519	1972861.6974506427	2031284.6692958572	1417362.6311730798	1090222.128460995	1068503.0851602484	2871448.5477944254	1631885.2278688692	1220038.547579462	1687681.7233021017	2162443.5358341495	1002558.2395551178	1209947.96896248	793411.8238257412	1459569.899209381	1016008.2112091802	490403.45914907067	1114419.5935341143	1678666.2576245198	1497580.1518756868	5517296.9072956825	414612.51945492526	252704.74346929722	700780.4298815241	1684080.6408062838	765402.982675154	2509925.9367700573	503987.4164410236	1258039.3501903685	2264919.9633309497	938946.1381466254	924049.5090865676	432103.64395999635	182111.7956408054	1397283.5072543374	1967262.5310270372	3173494.801795453	781284.9767672002	398690.0218633284	1970257.3594801563	2346076.293586054	298970.3596914036	1529604.6756217193	629526.5287662484	1336520.1713832747	1665159.3541801753	766398.3142449097	2163929.711322175	1141333.429330836	787512.6307377866	1479227.206632658	1129318.7815709943	952562.6632990226	821451.3103235649	1842512.0177297792	1374036.0962997805	1447066.3081281316	1995175.6227098422
MEGAHIT-MetaBAT2-S971.164	0	24555.12284542764	0	79061.30396422191	0	0	0	35459.7430717222	0	39141.2964864219	0	0	48171.842354741646	57628.623811090256	0	21381.623021482337	24940.604304413595	0	0	7024.09748682202	0	0	0	0	12557.706025977139	72831.60373201212	0	0	0	0	0	22687.293051848574	0	0	0	0	0	44627.52834529057	0	0	0	26052.91224291384	38177.5539134333	0	0	0	0	0	0	0	0	126042.89680703812	14246.254234130236	0	0	0	92496.37361636171	0	16251.615933363184	57238.23614961866
MEGAHIT-MetaBAT2-S971.50	346722.86039707845	601509.6426616278	224282.2406755559	155341.3630706702	322758.67086050153	55560.58091614884	209861.20756424803	292275.48259772017	174635.80331390354	269236.0042811784	368986.93846647075	380904.1352645789	172445.42360770598	42032.91668538055	109485.74385510435	347694.4413165693	225091.62487631934	107027.40918599648	169167.91744806938	262570.75787551445	207184.91964294508	54112.161020912295	330188.425242901	170513.43085905985	345509.6134613061	130943.23647545713	101833.58610566829	379672.06942947657	258246.72976465223	206721.99815841354	182950.22183006915	183374.30515055946	180599.70947590237	160787.88468728535	137362.81000441327	313631.51401558786	146339.81516119454	127493.49680640739	151045.42656220798	111501.07184089543	0	162112.91520648292	134403.27223807768	36326.93968597034	269952.93012609554	155418.53298752257	278117.4367603077	208912.85167617426	209305.244529453	233070.6858270006	200897.23768782328	183229.16506429962	403389.2507442365	244507.56517091027	254441.2278295229	219619.59949652333	238955.48094557194	190499.99778873404	356755.8270963144	304579.42618269846
MEGAHIT-MetaBAT2-S972.107	89873.3726826884	0	277827.30524913786	186169.5247897663	22033.165251703893	0	116675.02899451759	71503.0035929005	452588.80947900575	238690.43545529552	267250.51600724785	45270.83476150445	271025.3643055339	141222.73293279804	320855.90218008857	156403.36013921097	140300.9031333237	163843.43169926474	42673.58902823547	0	68977.36441071835	108050.19024414766	846176.6931234454	70008.94419398159	0	181173.19099348923	156289.09875851404	110271.83968360207	243985.74721469195	217801.77586617618	292936.6026208597	132557.7113867499	178872.34245315543	77396.98274331345	65807.4817121226	35457.727272659584	157746.45437657394	169906.0760417623	94584.22082137661	2072437.477484987	281383.12288693537	0	28468.78676176512	39733.92799730968	172268.71570285346	257504.43387534597	76694.93428950517	148137.6485754131	313395.4422546312	141996.8250946767	200753.4050978103	153969.40673676878	134170.2510164556	51058.40117297592	83724.33310410679	67999.05969293573	108856.80527071591	320704.8282924805	105464.12609338308	129921.45497224315
MEGAHIT-MetaBAT2-S972.108	149518.6259592907	66229.4107700577	114512.807858128	254744.52968972805	128687.88443316107	0	66975.92144650032	152742.95230276103	0	36843.20352504276	44840.170954453504	466303.3557456923	0	0	20417.06283093528	64773.274063427394	647205.4599698469	0	111454.0772990793	42955.617663126475	169805.85201521713	53989.96538102589	203205.02042281374	30375.13216310649	0	96810.31906130581	45813.25957083456	0	124570.93746223365	288829.6359392921	289208.7402844027	123892.04902743615	26590.102585427925	0	125384.25325299725	87731.96002838042	21142.5776256595	48515.890699244104	43646.432617830134	278259.5902265584	0	0	19121.701438712185	0	74728.11339251115	105423.05810335054	30960.56600927751	44952.94832872474	47007.80852647827	858822.5167761503	0	71580.1353966891	724106.0331582262	567838.8170182279	78285.02515083365	0	30467.032282894765	40723.07622604993	289582.37137877586	67637.32555412002
MEGAHIT-MetaBAT2-S972.40	1320381.9771071128	2890688.7926579523	3359543.7651999285	11344688.112159112	3016282.3350347346	7892775.509006355	6766318.636146762	10223281.907338515	10864076.699175948	7855301.821755121	9423566.5843306091	5776644.367670821	9391033.31107594	6850422.5716338875	11933043.486937065	6227200.174962396	4677213.508780004	8797732.077861262	2444730.519784104	9150885.785468	3942671.439429383	9219338.604279438	8374497.15926868	6098495.729279707	903954.6527535785	9668890.490221057	7850442.945410674	1527995.970001203	10567290.002638174	3837255.8811903894	12667292.970817147	6810961.1423077965	6204202.9235961465	6164778.112108302	6840430.772539474	1412015.426368904	7977857.258649671	12039739.83943823	17048156.762782108	4905711.733168255	3572662.2378124213	2856321.539894043	3057608.402764877	1445436.8755686064	11428441.988162348	5265388.788051061	6142848.895551367	13500717.817417052	5644888.010297291	4883277.900934099	3813471.875312505	14002380.47646484	13963709.708787942	8611238.031687682	12962832.091911405	4510075.124713504	16253467.016561572	5355172.869829707	18294837.587462973	9276333.592702217
MEGAHIT-MetaBAT2-S972.52	0	33423.40579365385	0	0	0	0	30228.1087131062	0	0	484912.00107549794	0	0	0	0	47392.73161382476	0	0	0	0	0	0	1255409.5042823248	0	0	17487.900543975717	64528.28072180921	0	0	0	428474.2562733363	65767.65970655537	73426.18816371946	0	0	54408.43033506241	0	0	414580.8618372539	66400.37863700202	770309.5992927877	21066.25292439312	38480.505577090196	0	50804.82972772059	0	0	34047.4635484617	10332.541456822597	0	35856.27816377201	0	0	22983.84818929066	0	0	51462.17284592259	139110.10818782815	209371.52093490152	135038.09177276888	0
MEGAHIT-MetaBAT2-S972.76	282071.75951384736	142087.44610041202	235798.36558373558	1812528.9964153268	225603.2182985808	186650.61107608094	226900.84742303946	105166.65397592461	395251.54376776353	463020.71038131946	197993.99634524097	331375.9535006	1026361.9694170464	489790.17982281884	1274318.9755487533	147180.1852755599	212413.27325305456	371284.2344000574	231440.70481590473	285868.4384686807	289501.1148157591	1968081.211962972	388322.14171179896	283808.4008779628	152413.3018379539	32736.939022123057	432413.3690220717	128873.16827708663	922346.9797125637	274780.8485224697	374638.1570065934	180574.80815095577	132530.09325201277	234935.8280317379	199307.51040622478	183235.44170104567	333246.1287595112	1272895.0225963427	258883.5849092551	2981830.196885352	223234.44371218578	125732.54663800073	167504.05737736876	65978.5021002392	969090.8516432906	278546.4712858837	500092.2834236087	1030591.7877980089	264787.4400026773	194732.83106071502	175967.6653252325	737305.9242445579	174785.9455249263	292134.6452713628	1868457.045983869	254075.610245364	153442.51995322664	276651.36124631326	362177.5622764863	313137.6349301713
MEGAHIT-MetaBAT2-S973.125	28465500.872995183	7625991.18878665	9483350.076686982	25758807.59044913	22471550.0140769	11061611.585121162	59464032.16984714	54296527.3963849	23795252.11732475	45152484.07102206	36819788.43398183	55762001.42090028	53141015.11648446	9238126.574799381	32297929.323530417	33614630.72931205	39063367.12957649	39302640.13580463	21352948.250900917	38970245.69439442	45836553.15041015	12039491.10866766	8688082.835192442	36581539.67635271	17403742.10830819	35574614.57288521	56559709.33795337	34017965.84263981	57442801.613665774	17629538.429430474	41504854.39691238	18264033.923482444	13006041.564624352	45045215.925153814	21146495.167152256	32596736.72701355	21574532.98751497	34354125.31434401	22132856.429668326	17246233.297046263	11892220.090966133	1404546.9935301188	3419143.6076924657	8957802.334818222	66762277.186353244	38547659.48129574	46114555.00328126	25913063.79128569	74372324.7508049	11662306.463266548	28233780.555157777	38503764.27289556	23415216.88729036	25547101.770749513	50498394.27283804	40553537.49906821	87887612.03624472	19985286.262028772	45038455.75448478	26251651.620803256
MEGAHIT-MetaBAT2-S973.168	52931.56851569982	60913.44449817916	44142.31277822591	124072.1407164105	41218.95441346879	0	49079.6314016384	77522.0139593909	131204.80313922037	252006.60829493275	73021.46599088692	61442.597158884804	26357.910241112455	134385.7713567168	19874.33613475745	33216.672602696635	37187.998358436314	85255.81783736966	0	64410.1551512712	95492.56504537204	748004.6965790486	72840.44917310675	50833.55843784551	0	25808.43019685163	26702.26904533406	0	71045.77531503029	116490.58046289127	24784.78313734609	69334.39407876685	43761.64590012328	49690.42811570734	130039.402995324	33625.57924206532	64846.46071451694	51267.295754963605	60584.99560787887	350673.2905433202	57799.54072341697	37053.03937541443	49684.3845994084	0	80358.76404526198	34330.10352250069	30077.124242246045	73576.6190027277	11576.72463950974	16549.452275569667	17792.543911917932	15617.756674750983	31207.713115323728	15503.549926950187	118712.58880973859	154949.88002086812	23378.776287322482	368831.49912419746	14757.7775147058	50812.65536861004
MEGAHIT-MetaBAT2-S973.204	44002.67040156886	104951.34866078303	25492.02314013202	37095.53531196758	0	50460.357807626904	361806.5994782325	122779.11191719928	123186.26350154969	270189.4121588441	0	273756.8768595628	206189.5253684543	12278.754520662127	0	98333.37356625173	0	276824.2177087943	16062.670000197277	15003.5409111892	81567.25258153367	484722.83200176404	33022.56731055105	7694.814486105829	66122.41124879608	23547.929102083457	0	171022.81701973418	56776.7981640966	338970.62376571825	30878.3812179348	91812.71389766931	0	10787.213668057535	144136.72843788337	551909.5314450923	152027.1425842043	588630.8986887354	14216.357480438772	197520.55668477446	101484.64549432292	0	74674.22492926018	73639.83516232925	34662.59105908914	151597.45065098273	0	0	71725.21090275211	0	60763.17683768491	0	0	25924.907137038877	903443.9673257641	934683.5298526088	67391.45366483038	415011.50511612627	110870.62907178294	114493.88129977367
MEGAHIT-MetaBAT2-S973.217	43107.067563973345	0	0	0	44042.88013552355	0	61439.99264903301	0	70885.2802238439	47460.808806487985	62466.18425876924	106001.59851108512	14469.422468421495	0	42207.74314851549	15167.94143515184	0	0	28375.110128003093	0	29619.59429263235	279683.2165020432	49954.3310025829	0	0	0	30830.38984617944	0	97942.47712776194	168936.4977241375	0	0	0	33562.13451597983	0	41566.53531905963	57710.28031215946	84352.50964524447	0	389034.89421346516	97018.05607439856	12295.526965385481	12424.816199188215	0	0	21692.59243074677	0	36570.268553629256	0	49894.69651492208	76343.4242395568	0	78602.79396022635	31358.133028763452	245986.9409997248	0	23487.812077216873	50712.86663019522	0	37019.66988242419
MEGAHIT-MetaBAT2-S973.219	6460343.049024333	6133162.426112197	9111281.315126248	12785209.983507706	7724681.328954893	5619101.560452024	8439676.320558315	8069209.335601504	14139504.7217941	9591733.81728434	9618198.434536228	10218454.346303929	13228092.648734014	7909155.859664529	20814263.380362373	6674081.681665465	8228186.401679846	9604138.045755941	5787775.798780518	8581322.664810773	6262621.521692206	13944442.579424512	8594632.545714645	5399080.965939559	5345896.677331167	7871435.668213608	7691342.058245812	5133991.880967145	7512814.590867336	10395336.139686054	14523282.125467	8680987.234216306	3510770.5542445616	5430495.463038194	5701775.125166809	3726670.4352901215	10542934.83133308	12444551.415788166	6410285.76814096	14676904.559993444	5275545.20445457	3730943.3462029104	5197043.335719251	2877924.7451465297	12426978.999585725	7568884.789202795	8523167.376720559	9924838.515768519	9091720.618169148	6991447.412653542	7402132.158870849	8294825.144950808	8661378.411385547	7281647.431184087	9764522.758779915	8258212.317889995	10642735.355914617	8117721.80095678	9226752.812522748	10196354.437457116
MEGAHIT-MetaBAT2-S973.238	0	74560.73457099228	0	33852.55357345109	0	0	24653.636166075332	29339.47003392134	134135.2958573648	49861.61819048587	114830.21736849291	26157.521038124658	33078.71584965299	0	25202.74172463008	162047.80512685914	16713.42632522615	137804.14811230527	3593.059247150548	70990.84539841166	76019.91397775004	55083.08241024586	366088.79137739935	31221.727977464023	37668.22142987216	124312.86379818701	121719.87484558416	37104.79275256071	83860.0050657313	0	104009.79697403274	208962.15984299497	102408.2734129325	27078.58927510151	27212.218772364264	32018.552011051313	27105.362913205514	40844.41123449956	51120.77665521877	173039.66728931945	0	38718.847921937355	66532.25850884912	62224.03150432937	378356.3207560576	214848.26657669796	139879.7104301441	62654.19413867134	138716.9437613247	16827.010271909643	83038.7064383331	0	14968.482520205955	18345.897460146374	173946.2873048227	114543.06382888395	39165.13354116775	87648.2844955328	30953.444636310516	114615.86157776148
MEGAHIT-MetaBAT2-S973.28	777017.78187633	175094.65102676506	335402.1083578783	341658.0615252334	1091685.3963150457	319138.63449206925	1242708.0558940417	410063.4267437161	903649.0973655789	806246.9390598764	411043.7119354896	929487.083613013	322631.7492572963	41908.733494244174	535700.8564551701	663188.7132403669	988739.676805721	242876.75500911762	388708.0652339515	802528.5550538127	405448.9166263028	246221.70261988725	433299.3504374535	659897.319052974	793207.164060647	227441.02726622552	406976.57091421395	351925.40140829614	515218.85749946744	649252.5535096126	506668.67812847433	177691.43972142768	177795.21874429166	148672.49626033712	176718.3326042929	298055.91680999374	333941.4397899406	555518.2866957063	678618.8564588325	139351.36261453264	95770.51169338648	342920.7836044492	327775.54182977177	24838.612648853305	466628.25516123115	244159.39782206973	317451.4062522943	535941.4161602899	348542.9509066284	799646.6306863361	611679.5552314555	570152.646794153	845612.2338029648	532124.1982762103	690168.4007919711	409077.261935542	1368212.5929577248	501361.8931313525	590739.9784983686	611654.2447098965
MEGAHIT-MetaBAT2-S973.44	0	229819.92911498572	0	166083.63266209193	29195.973347226965	32950.3918876433	0	0	150912.4046097017	57088.05987175083	60766.17709720832	11206.37526528995	103920.64844243423	95297.34418013408	146488.91669180474	16217.725197706119	0	0	0	0	0	712392.8859450069	44166.795924561826	0	0	103258.8113088895	0	44231.85555064168	0	1169165.1673805055	410029.37300239835	48692.597353454374	0	64324.216517455396	165507.6906018561	0	22946.366856590736	142480.62609002562	0	0	0	0	21987.711983476016	0	62004.48497146122	36777.41646162663	192789.7831139747	63125.70688207847	41280.065151397495	78436.55195227053	89212.86243017764	0	55651.50519558553	0	195660.50116384527	232305.69414924263	71425.59958549397	0	49984.45582187755	22794.791422550323
MEGAHIT-MetaBAT2-S973.81	25944.862647037855	36587.67231932623	73153.48663569467	0	67932.2637750766	0	38536.125634923446	83137.97152803725	18140.81529636016	0	0	0	203944.34105905797	0	262262.35034530226	67221.88556649952	39174.42900661255	0	67127.68573233458	113839.50369497202	156500.75061311352	34360.83869981098	45451.526564197426	86739.9750979465	0	0	55733.390738544316	0	91851.2476424161	292565.55379128316	75501.13343577103	94939.16833818473	0	246507.5798434887	47985.29288336627	0	0	175095.4325049784	0	68195.40876612446	0	0	22536.892642017214	30953.280945849834	16749.10580814706	11336.360260590598	249771.60780723582	56282.07422858663	24868.2012981769	79104.43840870427	0	132046.53091326545	54296.762858621434	76840.2292875098	255169.86115938675	132308.9008323311	178133.18255738917	0	213807.39566592217	189565.08949065884
MEGAHIT-MetaBAT2-S973.86	100054.51446495845	51734.36894019466	125715.33674586104	19530.28792908626	210080.653495968	0	181527.74837436722	74900.99225104917	56001.62079134342	253632.3614552007	290691.71432043775	152878.82879762366	0	231467.75075156504	93085.80795510553	37959.99182191335	84186.738369105107	44205.55576226078	317912.97551787255	85640.82799578202	178261.48424387304	817055.2522473085	334893.510167972	84190.9095303797	0	31119.62052261402	328345.22708263196	131178.77700583794	278475.77520386816	735697.5799216887	673825.1456974393	27073.040862119014	21939.031158178397	23584.220562097562	94446.47199983336	72882.16845942792	118544.29636980701	109594.02900648679	6923.382192118558	463170.7389762402	219921.72609641368	15538.680241423559	21812.313087938088	38861.955078437546	354427.7506300761	295523.0810812978	107943.69224510973	48589.934438947224	180074.57995630396	16397.489428822017	195533.29975041468	46835.50679568396	60700.210772866936	37548.39406451155	25388.582083203793	230279.59723615373	170608.55364619833	206296.08491578323	165807.69198206364	125365.83803825722
MEGAHIT-MetaBAT2-S974.62	137999.65753028137	116174.90368574062	517667.90055349533	132893.91428119704	950033.4059894155	509060.10752767767	752002.3036775917	429749.18384624994	472690.8050060422	751340.4274366697	467361.9894436981	368819.9634798899	301006.39465102257	238629.9169576295	501734.8239712547	663559.1026695587	1879256.2525548209	351447.86479663796	248732.66400319146	525724.8857608623	644934.669464829	65787.27566292459	769954.0779325732	1031127.0699748799	626634.5144854126	346780.64171683067	78859.11014788364	180936.5370786493	614485.1172776734	215002.12481975098	934560.5387247816	214541.86165338292	217171.12280553355	83550.60834574554	262950.14738008124	87447.96957767462	124744.05876036038	185894.99130410334	666839.447738392	135397.732118882	0	685077.2745998031	659968.1624283626	0	252083.7026315458	209903.80923598728	102738.27056706627	242657.35334684246	461013.3551695451	1340021.4676952993	2080839.9457949721	366902.1338306458	1578019.4701773173	1287726.877369524	200056.75642360543	559237.9237931443	800727.0284164104	1359090.6457895972	249310.1608990974	1432099.8800080528
MEGAHIT-MetaBAT2-S974.91	3130571.1668614442	3110454.080821834	3668070.537262026	1792622.3126699412	6818448.056903302	3794235.304276668	4251269.807949822	3223412.5223719403	4676119.804778173	4241053.134620726	2646820.510048371	1875384.212742535	2049719.0215314687	1255985.1551366458	3922442.598737575	3886366.495006529	3845622.922329651	2123057.2649566815	2213287.2922790567	4570748.837535597	3551434.864062297	865966.2033774251	4119719.5602109707	3709870.219545027	2673031.3675507233	1756064.3709758013	2314861.558272512	2509033.497789472	3508433.8077570843	1630898.1561413934	2953007.0603710413	2290577.002433392	1676411.861283466	1965565.1596409357	1640084.2347068046	1503424.3002717872	1969025.859756696	2245344.781196814	6095356.915375643	1026521.8577034976	497684.7318421568	4414113.927894948	5720528.357004129	414621.3639490792	3601492.673401147	1958245.9534057393	2440554.858548828	2701727.679370649	2415303.0076396824	3949967.303219183	6783610.61814667	2806897.5356475543	6191780.099420451	2907164.1815670542	1754891.053445788	1947282.605468239	4299698.942467065	3852895.4146811753	1969810.807342436	5181771.532881453
MEGAHIT-MetaBAT2-S974.98	216368.2816817748	1347886.6283208008	74948.67140664498	152856.64880147122	323451.5617994248	321459.32832999935	80815.5670106954	157486.39911528252	331798.422481509	322959.6451588319	149779.7880401841	568799.8662255759	221185.45173039858	129945.82306386718	129692.45978173995	135427.659969682	259154.9646138294	47448.183851106565	32813.54106183339	91212.43225604502	94892.86841674052	78539.15806075641	273640.12406375096	160568.00297085033	0	121953.21626028905	146891.64423458153	476506.4504288516	158942.28353590702	0	227743.22063587626	155473.46840351378	220043.4260285546	0	63539.39587769298	0	48070.11487240329	636480.1311370828	104507.0880857915	0	161500.160281683	876350.7241876967	171784.0560068154	55350.16405111408	249755.48255430936	85469.57913047085	287842.5052709154	260776.8669286517	99191.90803944887	145747.18598957208	104505.83456911093	60287.768520280995	169616.5475505546	57435.01000405701	44315.09652887392	84423.24309405085	345330.76498499326	303963.48715109384	89101.9601022752	310130.5390673619
MEGAHIT-MetaBAT2-S975.132	3790604.0900336006	4022215.204437148	6455156.954704829	24283722.1175061	7350491.90438182	5317160.4711962035	12652218.313777642	9868937.032434117	16046567.580067517	19183904.37366478	14528551.292453796	6007024.508681194	14932563.04695159	7828073.642976255	13758166.694720637	6066773.971678582	10278872.8179841	12104949.026940791	6060420.997513592	7248614.873337659	4319706.301085794	5594155.375574332	14754494.534694068	6530083.749883857	3255745.9447180065	6213830.03816792	5975899.41237707	2747279.4699438848	6782292.994141863	6182006.9018767085	16415251.399706908	21443356.8730455	3564973.3272844376	12485759.846034715	5396840.067152101	1933017.8563348006	34991323.11000329	8340732.016600157	7470960.977004198	6483745.620290772	5202297.6673821565	3431364.1787701254	6164196.352861407	2717500.8660303	18154931.540662784	11935885.180955198	10588836.802638747	16151372.065050324	16341377.027736349	8536255.366107542	9067734.48130211	29496968.80465127	9250712.933616297	6443880.402010118	9585891.601633664	5867715.897363969	14848646.251748309	6975157.080633174	10297094.784365674	17043408.02998526
MEGAHIT-MetaBAT2-S975.14	907171.7330637698	1197225.059106698	747821.5897493116	683028.5534790196	1212542.8168743632	940713.5481284308	696285.608332438	1770614.692571117	1315915.9321774994	821788.0881419139	1066966.8657942663	1074521.31234127	746021.0750177401	444132.0199947217	1006833.5569745825	669290.6422241491	1603299.1725630322	933240.3187079844	1051483.5274937348	3456132.63809485	1015666.8342679888	726148.6363617331	1326691.8303441138	674291.1721664772	1971621.6516735065	586715.7058814156	579456.3051702406	760785.9440395373	957180.8126112011	894492.3438597181	1276105.5909567508	755310.1891227022	583014.6089882114	457424.464055157	389997.27538018336	398802.46554587747	619541.3782873201	730630.6659552875	1035986.1425564345	525719.282125869	245820.24509956694	1455527.3505223347	913190.6939450307	300420.34789094486	1079474.4204679946	791499.3418326009	764541.1422492032	931901.9905454689	786240.7981331069	3055752.7378053167	1125988.8544340893	815404.6935608034	3366465.7917395835	1742351.2987583664	800701.044195885	789718.5935601406	695741.9394809928	716010.2816116955	1126613.644601043	1398790.4619210311
MEGAHIT-MetaBAT2-S975.160	0	18585.495534204925	0	23372.19371295213	0	0	13970.230157088883	167164.8261857442	21040.64546021744	18843.2637160186	43633.22059059758	37092.445730516694	65457.51986034562	36545.299180162496	34687.25447934762	111928.70987510418	19819.073989726407	26941.394861781653	0	146859.28402305784	38757.66875079985	26625.367900769877	159537.3842725863	40660.553656036325	0	47251.55753025681	22074.611712757764	17721.306215949393	159869.40012518418	50891.78549137428	88336.21029659122	132703.36985208822	60711.96552660239	39299.471479956264	50532.024298463046	40390.068988797175	188877.33596187484	48531.64000919302	51199.284247643576	54679.387036318214	0	33690.257408284575	38141.43196830866	0	139029.2223275394	19923.21242513823	54313.34034943725	69169.93668427656	24763.149782045413	0	62146.09338916744	20497.44340592344	51297.12082301492	19351.06913457519	39759.440065389936	0	45582.95332230951	14068.323661998249	30427.5033311661	15187.445607574906
MEGAHIT-MetaBAT2-S975.180	179883.1024317384	206413.7580031224	223416.27503354213	414275.15811302833	115483.06536356418	137258.90934847767	270306.47781845095	311494.4715822821	387364.5910421069	421115.74279404787	430887.0194411421	343573.3768808612	335439.66040697566	148295.76469393627	423426.7660438339	218579.63345886726	296714.33979803906	334688.77590450225	243602.12579412427	250639.22549688318	303661.41702462547	301242.5880126859	478275.007033647	280089.29445944814	86255.35143255975	219724.4231915332	639828.8766076842	252365.07230985523	286210.69055584155	408812.36272733903	525044.1485263241	408512.1683555044	230882.44370955683	347539.297625971	294248.80383239494	331975.33532127796	785918.00074724	430393.508472056	300410.70507049345	362344.45739193086	68371.05698193215	198992.9350043018	161684.43738202218	55073.15292956995	330417.0422245847	160970.18493654623	295079.01706649514	338530.5713350154	258038.10011229652	195941.5412514367	321365.4583715785	205386.81417488935	276782.8982944604	269880.61936874525	493304.5566717038	228750.33158693838	315391.84887834144	199174.14830348632	244649.9155904893	454138.17592981603
MEGAHIT-MetaBAT2-S976.157	186555.90502384066	142696.2970863992	136004.4700856507	1228234.4435339754	117946.30257300864	40260.225772278136	242783.57056578007	156116.12031739118	1778605.0498790455	1228140.856108743	725528.9293408747	479541.51653292694	3642849.833994395	444377.3725918705	848582.0261630095	104518.16466875983	590880.821787606	231729.2869460588	113678.3148181375	63602.01203021467	148949.48411164197	1126379.06867242	274148.4672912325	71596.76780181765	113462.88887496035	100879.95100913549	361941.06011205993	175060.82679811455	139098.87046185584	555108.7283016805	745074.9684439766	1266756.585157728	59040.35893284111	163016.45839881865	162921.2099810508	146087.97745082164	361401.4229430106	913289.5285901657	50873.190071082354	2141946.280719577	208772.96345110645	43256.77773738285	94823.63028013195	163487.46685001452	519388.4526656367	379654.9751806997	438648.72903284576	381700.8666180209	368904.9539381853	195738.32450621633	351701.2078067809	738442.1787083036	272515.80777849816	183400.97296495058	925689.360312073	452231.23958350404	286454.8569437304	409066.77673075174	568029.0981916762	623504.5613141743
MEGAHIT-MetaBAT2-S976.24	171960.73499447483	340315.7235153592	167939.54101836032	114895.40004544353	488753.3197289218	223551.40530208035	438967.1802510343	455469.1295171701	757837.66797093465	397237.47992551676	93320.21144420584	202339.67401888996	224964.6263457696	25737.114417668035	173239.7506266477	345024.3605734799	300504.45861267694	1775030.8029857608	152006.07297251036	311424.56856896885	160420.56892036938	977409.2826158938	374097.98690003145	281080.8227998739	265549.5669634824	243165.45400185836	1067501.9250449708	174516.61653647598	520090.99887466035	540363.5521652017	431706.8244736191	740871.6746894111	233177.78758012902	136502.75409241352	767987.6829781325	90934.21230467099	2157032.8670983966	1175458.9943826299	115251.53448508473	179640.06794251857	134123.59457084074	288423.6877852769	497872.49456312717	406369.1874652345	464617.960264143	129208.67342981436	278263.52737300005	145869.29818333485	1041808.816606899	271680.7592021463	338590.84645738744	569307.4398601912	79055.15627624367	121046.97694777942	1463752.3985104808	194973.12836395364	359258.2556216937	535321.2148596795	775824.0916506681	379511.1401350595
MEGAHIT-MetaBAT2-S976.28	7081548.3858207725	11538650.367311763	17738855.100520886	2060324.7308207913	1495197.3878876958	3512371.53509153	21927167.154551424	10684351.992185775	5615110.541386338	4337709.351359936	2658686.9294334697	17149435.91992421	5844844.914834566	1931512.231024839	2065253.3917761687	10229134.950263744	13554941.80892764	6396603.502431835	4552910.297896249	7702988.514666987	21178160.571846545	11274602.817401472	3236777.849618594	11173144.121017752	1030341.037882414	3959560.4639916634	1306310.3671411348	14236935.663851243	12943204.719326178	57578845.45757623	11117986.30638806	3508058.2156081237	372576.6642127107	3130807.7870725687	12427679.756244067	27671806.005010318	4408222.102157884	16163453.022363761	7062289.121575534	23073627.394683465	5281996.1249138145	1139538.7781902915	1066594.2410066936	2660054.347748963	2980453.056966341	2597513.526820651	1845445.4838116413	1829838.3725764356	11216426.233193584	520752.9832682798	16952057.0080017	6503979.501397685	3514602.788408783	6107023.503426344	16562750.663255816	18531244.082055107	9175075.196384104	20983211.475399345	10074736.418588867	6348431.820112235
MEGAHIT-MetaBAT2-S976.34	525802.134820905	293386.54948575137	255884.14217269336	787201.2368871686	450651.26701949834	444623.2102282584	1088604.409187185	235764.0446336322	554718.1238018946	571037.2326694472	348528.9064924812	374195.9350757922	1169982.4816912517	453150.22374408226	779848.1275415823	130936.79139862856	230822.64184053717	247463.58936441856	284480.5933582941	179349.5147687881	284789.1291775214	1767339.035493069	503614.3087974979	153918.31842288293	159956.3990878547	121682.06657716073	204252.15301027216	221811.1873480122	384840.32053967577	520568.64362445154	800904.7548704232	216031.19679117913	87816.4177419642	159526.24755606262	261911.94303254943	194262.82127334905	342202.3120464301	450483.75383816415	180274.31554655373	712260.2564227486	318350.26153722923	72335.58411393531	123995.82472768995	0	629638.6907646635	925686.4348265053	481940.6466813188	283272.31273983285	358753.05332868686	244328.64088015305	1114116.9843295033	245999.54631130153	384093.3272768912	210242.99148184812	492139.1067121902	544056.7164287822	588451.1571613388	654437.7955102219	448420.60408421175	581481.6284229509
MEGAHIT-MetaBAT2-S978.143	67935.4334772637	62773.75283136018	39901.381504931494	101775.25992780531	67768.7717995262	0	257874.80355281677	77125.99573189497	31020.364139106943	261360.49676152534	64117.88318683725	56154.7557858719	61402.98275226292	224275.4379416713	31206.35160181524	54654.271975643	28204.840668803095	80225.21011961979	92208.92001386458	37803.49686180246	75063.78363313773	104952.4705567894	104325.52961080747	112650.00000791732	72395.97864171026	125996.61334092735	71732.4479073997	85675.02830607213	103155.07029853232	170561.1360422095	74226.977191614	124717.84339883651	47053.66200595149	112341.6461630689	79165.43314119148	120156.85257168672	70584.00915416476	71236.77701624433	30386.378527142697	106951.44814863271	0	0	57631.65324610767	31541.391475924214	1041666.5124431787	179693.58073788235	439552.2412310158	162035.86517647325	117454.66916051101	28192.407572624223	68350.16387314533	25693.750377830293	37432.41191236347	77805.28245803653	124426.13666692167	48494.47214579354	94318.87257242698	23082.236418979297	180096.5151672731	17897.648309576358
MEGAHIT-MetaBAT2-S978.150	776414.243500629	1371083.9295488377	1004573.7873931631	16007870.177806629	1428553.5272418424	2309624.017504635	2882524.89454267	3314314.512979581	9578971.256718593	7666761.893729698	8505304.222480472	3592303.591197519	10466218.65891228	7306097.652936885	20628323.48018694	2778619.6106288345	1957725.8094113644	6158858.357732859	1374417.0321762178	4064319.2441185447	1482394.9613144142	4184986.6989277015	2845183.1137456917	2711570.1535048354	963572.8641861968	3301036.9988765046	3801291.879079002	781767.2107168802	3528206.8364701513	1880175.3150867582	7881756.016636611	9912515.71071653	2456810.620429036	6753562.536017755	1985924.5882426745	532009.6161651111	8162784.280405607	10679997.21727095	4155121.6868898813	2620255.824760624	1412011.6975855648	1288181.8029472916	2216460.8590367194	1449185.932342204	10363923.720398517	2506843.3839521124	4305035.835826595	8102305.294138716	3840577.4974644086	2957282.7252697586	1869986.9425547577	7717243.215527765	3450935.1791798766	3141727.5385280605	4557075.710440623	1737051.7007329587	3848215.6366330176	2091543.2102343617	4675644.743902032	8269500.676757635
MEGAHIT-MetaBAT2-S978.92	144921.74917022625	120591.16093167255	213450.58387298614	480488.894750927	59787.88620695459	133323.93985011207	294873.33793348324	134643.67656200615	435652.15727545385	269822.57842117734	356248.82560762425	232796.73628944554	384403.0993014617	544018.6768764212	126074.82543394621	81051.76254001015	174251.9415787811	367043.67491228477	166764.41337788472	38696.85097974322	244867.99128033285	665139.3946442187	605159.1928365286	163798.17215190377	11683.929725137208	79272.59259785911	227560.04239320246	87496.69894169953	470167.170887443	712534.83120497	328579.4095729224	85861.704892221707	35794.62342738424	51032.041383941105	305974.17742644297	164431.34653128238	202637.90287643202	153986.6170699066	7929.149861171038	472482.69242581114	82857.71350841125	17567.499742923865	42258.0406793155	46842.53524008071	489379.59561728995	323065.3621034075	745382.6374347694	168360.53336181107	201982.50799045205	320776.99503437127	206347.017756644	291788.20518011693	76768.23684576126	49810.6956165675	717756.8488328743	395018.1119880776	393530.3804670538	488279.167459473	408498.695505928	525203.264670211
MEGAHIT-MetaBAT2-S979.51	1171065.695035494	868734.3719731012	594825.8455893602	624160.1636886621	836849.9438549097	247887.22744458218	908766.0772399841	934826.5536808239	642743.377272576	627827.5176794535	558964.554094367	647015.1346410598	358880.7332549794	111143.50650497957	915760.2765220369	734645.6082823357	1051511.4035297928	768437.9474763648	793927.4319887067	797394.4144002788	747431.5574327877	115167.75981944411	857936.7729123763	660607.6753927601	664303.1580799171	237769.8075123811	416905.4003687593	1331587.611765841	964408.7285685898	214389.16118442756	692429.295390637	498397.9738937773	778061.7620968547	373472.10283210344	145396.7476724835	598180.0764444042	477978.4215483697	480777.490912047	616461.9883126015	132937.76471168603	174798.21014957328	429442.055267256	120363.3789200065	0	461720.05364056886	754197.5214563579	436231.3622375181	437169.2805004719	605737.6754997346	1082962.798802454	710704.6449745232	410744.03700082196	1578248.993282398	812632.3624053732	378321.3893783862	536240.9309450027	706144.3455585995	437786.2094525774	864480.6395305227	688263.479033356
MEGAHIT-MetaBAT2-S979.62	2071861.045772964	1197137.4699249954	974237.4804075942	592375.8470744541	1300013.0866421699	250865.46019477482	1604799.299657271	992244.7593604223	634193.3099444654	894755.2472245994	377909.49540652934	1523365.2259241862	347800.29906599957	88061.72064616469	978493.7706160313	582244.3483012094	2038642.3241841656	884267.89750229	1401859.2410739858	1324764.0972007392	1346017.673219902	270524.5471503501	613259.4798803855	641138.8336845818	1002821.2277242006	632729.9072269448	595380.4672542838	1781202.0570395936	1156957.9106175734	446276.5780404326	915530.1579964415	861191.9925710987	1286619.0609517966	562815.5576109088	352761.96997028653	892942.0752555925	428717.6824405402	519803.2061884145	1184046.353966693	273211.8440556983	127644.25311096341	897136.3730153441	368069.71875224577	0	799794.6906992133	1020153.9599814384	846465.2610567831	605247.587166469	1295669.2579175388	1732031.2899125314	708514.6786302131	1806879.8350463035	2732193.040905843	1322112.4728999035	840661.6325822948	1148561.9180384611	1058889.4875972827	729868.946216142	470527.72742729157	689499.9101406897
MEGAHIT-MetaBAT2-S979.94	3947606.862381214	4320527.337538949	4484707.940534175	8174632.917039894	5627374.118994608	3020680.6790265185	8317758.910794775	5604985.475732561	8696635.894228514	9721772.989592407	8240131.592971157	6042404.5030696755	4773035.142647047	3224917.5653170147	8315193.020388444	3201251.2442875896	5758097.298515038	13947047.875925517	4482718.057683965	4968013.440859738	4595801.27059771	4450335.80035363	6130890.461724977	4177564.810015181	1473595.4748308945	4069600.7691203016	5341283.762096537	3683649.5046960735	6993998.162297888	3371231.8616683558	11348166.939121373	5916126.57948067	2273722.498228099	4620180.875922202	3380864.574104975	4144687.8510855725	4994569.452044278	8148640.581504108	3771113.17025079	2902441.3575743353	2215219.767285467	1966014.2399930314	1688823.915849981	1039205.127191796	9001734.165495945	9840632.813689578	16387191.918198857	7320334.760859445	10356306.049234701	5035434.693651783	5969604.814565611	16834275.19406087	7478443.448405346	5328020.667008018	8707035.057709474	8680551.82298663	6306211.067054869	4216392.799675059	6972352.474046726	6905416.740926888
MEGAHIT-MetaBAT2-S980.126	147651.42419278077	203160.99856359616	181018.9743657646	210851.23750565678	185959.06502075528	0	500922.8696149563	30681.527775153172	209689.8399904754	385446.1965843592	629851.5513542412	323386.4018050578	165066.91442128766	383197.18130361446	70117.29398369891	169044.5318888822	217613.49495280258	419361.7728474333	191699.28689141612	0	98966.0976803977	1010501.1843950439	280543.6959732523	0	65841.60846757513	235726.96677994938	115638.64190562919	59922.6503535464	247451.041901401	399458.0338447341	553582.5067293268	331033.4969226707	27607.01979837528	62953.099023339484	222764.19892198025	201263.1881172153	267750.3742138634	248022.75490765882	147395.47965995304	195093.97796208688	132727.0267282727	43699.695130893306	42188.40278918436	36752.16577563976	269367.53377025545	974196.8105683046	820407.96735176	152012.0575533305	172732.54435346898	24189.45884119732	507542.29721665446	198700.09048690874	83948.53679159093	28417.607741880285	356193.5674340329	98631.25014341333	582936.5159748067	684707.9066508155	280393.10481575667	265257.72203221894
MEGAHIT-MetaBAT2-S980.201	35744.55395963983	0	0	0	0	0	0	23647.669025848074	0	43697.01055476646	0	0	0	0	0	0	0	0	0	0	0	0	0	0	0	0	0	0	0	0	0	0	0	0	0	0	0	0	0	0	0	0	0	0	0	0	0	0	0	0	0	0	0	0	0	0	0	0	0	0
MEGAHIT-MetaBAT2-S980.38	112485.7517452323	304863.65321740974	285193.2625141873	122709.68783665431	78614.2100144612	39615.90849420226	375455.3395965599	452647.05477124953	189686.88241428026	148563.4154963623	42832.9078990679	121999.09752776693	183717.64315845584	42620.786627528854	97716.73506635352	117756.6522588192	74423.58943480955	407650.3614828478	386225.8111093889	5807.5102139851415	220775.53590071228	137896.27241824704	135183.33761440217	124005.5237184982	0	32685.079059253516	73718.19096935107	249605.21367207487	179694.48264233905	127176.46221899881	289513.0432106554	183521.05246414893	27314.150886183867	0	104558.18369971564	635758.8291253647	190924.36491427303	23331.2102642121	302992.0541307045	71894.91638421263	34564.5238849673	26963.683447827145	0	53982.14997984757	290374.772734615	282375.9226773971	623749.834674362	197724.09686293054	311352.20322846144	129342.22117467466	122766.3627087608	39323.53483457121	77399.71133286331	0	376066.2680900758	394785.90687745204	150526.07648361562	230078.0228406326	111797.05332928638	139608.14058720885
MEGAHIT-MetaBAT2-S980.41	9722.24737292342	33548.322748964405	63308.35530236292	417501.3692769416	70083.58268844646	0	147625.3166228536	46845.13772909384	759148.073543045	1244416.274003941	431944.18329495896	517062.1494819523	560106.3888964845	227722.71266792904	671441.8923911749	231228.07289877505	143366.82144343347	250236.2466070704	364216.8031523857	562168.4144403335	45553.510541625656	989017.9234986326	140951.1966192127	345727.1979504116	34937.73415789869	112213.53309803587	2146273.7672796333	68860.48157660817	201004.2657952347	81788.44959313874	419018.84434080933	609415.4882334546	130664.2458502248	195855.07199611078	105200.74627154169	33878.141040203496	366658.2424072664	132692.7348818619	123670.84262474878	216266.34251171185	0	163018.20165472483	341988.33429953543	0	219636.03420873353	179333.61400703745	3839983.284775725	2996020.2283777352	163475.67131899044	447720.8823951748	554314.061958495	816500.2479892903	706714.3038147961	175244.34139005802	133439.2211409502	93993.7668644983	269956.8429650574	207254.86149093191	260895.26432871015	553036.8138483029
MEGAHIT-MetaBAT2-S980.86	179961.2485555889	393666.5718434486	199694.06421635958	891311.9836387582	347997.20572456875	42327.21602131777	398199.19305281446	354119.15966926323	567425.8688198229	942778.1406168957	1442650.6997643	781063.6100176162	1175965.4966132625	539088.795042757	1970493.5348601562	442279.2245278267	454546.0571243433	517485.738636922	940230.426427864	561839.7981469785	573173.5422352578	743190.364186077	808656.5171915293	698557.9775241967	366162.426613378	401418.19219867745	391864.5940897203	254476.47220622003	505431.35529190913	218485.4776506074	854032.8865356223	726693.0285651098	432651.67775745236	347456.4040566687	234345.19290275592	251662.5837644538	676549.1976939342	651554.8706618442	471926.2600584321	415044.27913606085	68901.71505701251	357781.0101728523	456279.79818662454	0	569506.7399797344	234797.26962497737	8057565.322768805	2479513.7657626607	374141.7149071673	488979.54837158066	500751.95154574054	1569431.9644261962	615439.3920043497	503496.1670408979	244130.41654834495	370371.95475816744	474910.51874562673	424315.8773564774	486988.47488095507	1071491.2744742944
MEGAHIT-MetaBAT2-S981.125	1022851.4209115665	777096.8975172217	1200402.2062141276	3796123.021373875	824159.124840646	421831.720214985	1366834.4155242187	1771399.222967183	1016041.3565509357	736818.1750842154	852596.1511258447	2567632.7576492215	1809051.3298913594	659340.6984810138	3088874.7875621044	542796.8361703821	583911.189686892	1773819.845465269	922945.450771059	845230.214599267	1538636.3528089477	3325385.7597209155	1414169.7162793134	603992.1162773706	471844.10566927074	681581.7028962377	1174373.6348577286	1112354.7046736856	2161541.333733277	2735763.0086087105	1853594.694569646	717863.2446013008	613941.4265265681	670141.6089071551	1097751.1912556575	1628039.6721587474	952271.0322163616	19633750.130805332	862976.1890790942	9072809.164418709	1412385.053248263	423980.2092293998	472950.8412507076	797687.294130346	7407628.8313389635	928750.5098724093	11765219.720355533	12520289.944181867	1341993.9058553458	474129.6339938163	728353.5573239232	1039863.9172223757	1058047.952023334	713434.2279204077	3938801.393437067	1388730.7703294682	1160970.2336240527	793085.390273038	2388204.1822146187	490252.0596959591
MEGAHIT-MetaBAT2-S981.151	17683.532341564667	7885.259256910042	0	74472.1726512347	43260.75252991637	0	31213.90256178744	65650.72952261147	31600.744696156326	63882.958562788524	82177.29688415783	125344.34103827727	110492.63217630115	0	15893.403877792613	62018.54518796596	43764.812210994336	67804.4926038861	53902.06277783488	124266.39068418983	98666.38260867905	71312.98306075609	86092.64476953959	0	184415.87186778605	167452.63524106785	66727.12467098249	64595.71171326591	110253.51042760332	0	67727.62293570103	93953.48412338104	85449.46802187832	151652.8388594842	37781.587423933015	58747.209479958896	85076.80268420928	117307.31026845262	80654.48202941474	43120.14159416331	0	0	105005.9047764435	0	85740.74932882181	140255.16717898805	39652.53563573168	17857.243790688914	112498.85617790559	73042.20219349283	124441.71711929576	0	136485.2809790139	132967.11775421636	0	40048.31597763831	101992.36112121811	131491.8726283926	239261.87812752818	86556.68611142779
MEGAHIT-MetaBAT2-S981.154	3051164.8705041753	2090451.607721777	3566300.3801343944	16710601.168449474	3329677.1884044954	3257449.2519832253	3790885.992298657	2150732.0435624635	21676721.522615213	23283114.59342879	7582545.195920134	3549931.772567528	16960330.041786406	11313444.918918826	11390623.998166809	1838503.307145591	2604327.165761806	7947889.161881385	2326703.9303215044	2613752.0028525284	2435660.363477259	4686087.004190918	6916261.410329547	1596907.4276101796	1918649.8213855126	3760710.41408048	7087066.027687136	1791764.0071179688	2683306.499433294	6264894.004854147	24536557.685002826	17571486.82668643	2050717.07592936	5360746.093511501	1518673.7478233925	1653711.719467835	38855446.95762656	11934171.492237797	1752930.4306469595	10759523.497597493	2911116.4043742963	1797616.5283143094	2075936.7407771982	5013119.172339699	19354817.737253413	4595219.565009201	14160937.480404785	15355288.032305654	7075314.226114766	3155168.234361128	4709409.570670806	14788836.616301432	3433716.462841309	2358463.149509492	12510680.508752063	3066145.4705981403	8737214.439646851	3804653.254741785	4209575.65310193	16832303.014846288
MEGAHIT-MetaBAT2-S982.27	378002.96826584	353199.0958981461	564149.7488152193	610410.1002174075	439580.689395042	127833.62691029813	503726.85230959725	599635.0199293061	1076582.6849199054	2285191.6317637227	631078.247803305	736152.3774705662	1400558.993515695	852255.8075480107	836474.8149119392	564339.866322203	616050.3302689495	1112936.8981922388	515686.3024309042	427808.9916110655	619016.1282128019	1239342.847117987	3029472.8615881987	493940.4235776254	197030.04162795004	1042210.6770817845	629905.1820068053	492902.9279314978	951223.6830556098	1230433.7749093985	962667.6682215253	496076.43089628214	229790.8465443356	492577.9208114762	814997.0804720494	487123.0310339549	668385.6970000535	833260.8776192686	448373.0951086192	1034300.8068208396	388230.90826258494	257544.13314674856	128974.67187342455	0	875859.1797137993	677144.1033587971	1093830.5070904968	533211.7528638557	752721.5360246258	265153.405501846	517929.3317701168	788369.8465579938	444248.0345380455	398920.2533137989	1570075.6077677559	1513391.3785874816	1067524.187643197	771602.7154548934	754178.8915337232	646856.7097841754
MEGAHIT-MetaBAT2-S982.57	200582.63256267115	184173.17670762294	100348.7862947287	396383.14851544774	361183.55374146247	182519.95903594448	198160.5710625038	105668.49015297841	439121.251278655	481966.3370765763	279722.38159037515	238265.0155459363	355472.75740355125	316101.2986971366	830017.235588996	78604.85342209323	172247.21533077478	335344.6622493244	293807.557327588	124359.66486512171	66306.05143683142	178052.39559384668	241364.55743383642	44551.50752323067	55007.28778877975	45799.68723667051	41554.83176337763	71229.8887894898	87247.83558544454	93723.51367374774	359834.5755290103	161324.63344041535	20125.003745432317	49861.01938111193	75554.35763104126	22765.276888640015	173808.16951349203	236526.7461485148	57417.93348982458	137678.69279912504	119729.4304016662	80082.0385893836	18023.687952344906	0	486632.6607943766	175386.59688569416	286169.54187418334	351098.4558843904	589821.0801338884	278846.59399783984	180765.68587384358	855235.8608833018	492662.6590270977	151147.27564924632	126865.50583353345	117156.74819609322	222454.70159922785	236813.22221352762	418428.6095900485	522330.7560431608
MEGAHIT-MetaBAT2-S983.160	1133425.031370451	3078854.5221168227	2505075.8673052704	9241764.566573145	2510955.265670664	5096795.699491761	4813216.424476938	5830387.033800741	7235711.5924861645	6880541.389284068	8759767.566616992	4761510.118197058	7708574.636780131	3680417.8771716743	10857811.404830653	4916490.187123808	4147517.3349636905	6998360.64980817	2424420.4172416665	6419269.925815562	3764159.146223279	6445472.984131476	5160406.572700931	5127479.437222541	1121103.2495824953	6687539.313962309	6090379.884039471	2165605.7409515996	7556607.31565583	3677476.1141924337	8385037.043693082	7730485.647835079	5103478.981470664	6308671.061374374	4951748.254743178	2168825.3694372876	7116775.5337002	9223120.879331836	10510790.563408861	3712847.0996233067	1529569.102712858	3273990.625420088	3892944.9105023355	1739617.4870692198	7941092.688804094	3490022.483989789	5225905.263024734	10592469.976982867	3915556.483463592	4475520.365572328	3163350.131084141	8274946.732911526	9138379.82936616	6371604.388903151	7237734.351963184	3355998.9960826514	8797781.197565008	3373041.005018195	8438873.5313353315	6804103.7740755845
MEGAHIT-MetaBAT2-S983.173	2094999.4239332234	1700370.4404757787	2263953.8384759785	469844.7088685312	2137446.5365107576	1029271.6923254632	807365.0765847089	1027075.3556790388	1000383.6171952793	1425678.69161604	2130575.4347788207	1715516.1445718703	190445.95430063424	35043.81766047983	681964.7750934579	2301634.286925822	2614815.8017932917	2010469.1918129248	2219397.092916881	3210308.575311998	1591646.0900114677	238743.62669386287	1644882.7590584564	1790876.3791308026	3677405.5362822115	1569477.4631762318	1589459.0869408408	1410403.983184306	917028.9841010795	291902.2869939391	1075206.5704422516	1525526.4307142624	2657108.5352219213	1445410.7398152803	1092045.7074711882	962954.9434749046	563437.1324423227	584013.6915139719	2140783.1365075335	395811.3233253994	43107.63015603026	3190302.1077566072	2879257.183668403	1537423.953718806	1824668.3504976113	1248973.4373912504	1103654.4930518018	1992940.8705585815	690992.240384114	3109692.1133870278	2222655.293564831	1007934.0738447093	3276740.718847009	1747491.7685153298	693520.2954010586	981100.4655513657	890779.2895195801	843368.6820626415	1324342.5812743038	2600425.34197804
MEGAHIT-MetaBAT2-S983.18	91642.03273425892	172740.23809404485	33491.8127427272	156547.20755342153	360438.4750465928	206091.84293722606	36895.05436742331	169912.8592820653	293512.8978987005	203289.10756271257	334571.2036128472	58455.24509592445	136177.9125022982	0	479429.50247926207	395844.31128909247	358103.54978642164	259627.09804443497	76840.7026991265	182031.02335423886	254257.61023891543	83242.99631198181	186106.83935039325	540628.4418556497	306791.434317195	260123.44073795815	137221.86646093673	204645.60551589265	215765.23905480563	73124.35047454623	428900.41982627107	249837.3647168379	210092.7820471185	205474.50163331087	188240.9017958963	23484.98278671987	242616.97873455595	127413.32921787548	483100.84622288955	332740.0735960486	0	413034.4329522416	355264.7329509264	0	188430.40920699056	160263.16760617998	300039.1020593128	345445.85532129946	270630.44625715684	449873.7835957973	448021.0113183254	190107.42494016315	334489.3876658686	82072.8088327703	131415.133445483	173227.9991258007	528325.9266492104	105055.52918677729	308019.23539032403	701255.5506345261
MEGAHIT-MetaBAT2-S983.2	124984.31455576608	211861.83778114832	44782.34904139488	39249.00763213637	199804.17902811736	153926.84005339467	43937.260479148594	69632.67266078855	87612.3976515424	112860.80123685073	50591.81907307858	158612.85931257386	81259.41856589288	75859.70909985674	59405.75445268744	147543.72645619782	34891.582959134605	143071.57647719802	150556.3810176378	107476.58289134344	133559.74312452687	99874.43369066938	288969.2776621531	78257.4739642635	242436.45094273714	136971.6564889295	84727.441958672	328462.12653008394	214164.5130105557	140648.4244435266	56020.82975566591	142650.1478915385	48972.2946786046	137095.8856852482	85763.53682353113	190245.97529265753	98506.10334198509	104072.78900206153	133923.1254934916	109544.15523838741	47820.37015950261	144527.0639542417	146617.55012883653	32253.989934785768	87954.15828791911	56994.992467087985	84172.36559251734	46966.74394747	106029.08370397537	213072.3254252262	136138.56841642616	67346.33958091185	151779.24806126175	188918.93905476062	134926.3454419721	88363.75855003517	129229.0353730126	81022.84860027157	47816.48216235688	96742.48191123927
MEGAHIT-MetaBAT2-S983.24	176269.0506239558	0	225477.3968329968	270830.99110528984	70584.53988035982	140898.4026589716	248590.85232806613	135051.12511061982	216833.8730037982	268619.0369835462	311418.49490094703	86420.86004134509	193354.9408775507	71022.36937238426	192690.4264051957	55797.0943296408	230188.7878850379	149110.4460573517	148495.0322373479	113468.58402540376	56801.299751612	53627.22944542612	233371.32223569247	97599.5495084484	51643.515491360304	0	40305.6539887679	60724.76925092565	135136.67644429975	64494.890060914644	249800.3732722317	131080.49132799913	53673.47560700756	100304.51510690378	0	75398.4695677314	167418.3168147733	140818.13970199093	101956.36482630236	72050.9680748861	82056.6815450897	52949.848776901505	0	4296.7462212096825	357739.34455334843	234491.51228763012	381569.3917770735	252203.89539846894	234142.3855720176	115483.21764462585	322996.47731525364	442211.0216654927	152269.81058159235	189770.6557364921	166460.02206033416	354395.6507598277	229527.52514212934	203762.0858675339	261670.6617569216	302892.1357956272
MEGAHIT-MetaBAT2-S983.33	638224.4930950961	1327584.082965564	799552.6196453766	723592.9165765084	550058.1658632158	144294.90296057667	1211568.0273911885	931420.3143801271	606972.7709950737	474683.0309565343	918682.1030002204	1007185.6943806723	1081985.1864961893	417575.014632144	506245.0794088362	511739.04840790597	521462.02564220055	1441925.9037939142	372845.4195610331	539640.1540680558	798548.2154329477	1050813.5586462263	1000334.2955921938	478934.93128767173	223223.86203954284	603450.0009615434	882830.3885536426	600446.2938251261	718659.3760233592	1238316.26596538	1032928.8846499432	1028785.4931740928	151528.11896623403	692584.9015039878	676351.4315500216	714618.5521002589	921538.459928341	960421.5099888479	453900.4858290988	733919.693303287	139963.79261914562	169818.751525209	223031.25944090437	45299.42281012577	947016.3920848683	609960.4769279531	727539.1834305262	791798.2526875336	909177.5434695886	294486.74999367254	577383.4915763638	364762.90462577454	587106.2743703827	640218.7761220165	1206391.143805497	785624.390119608	613722.937832807	437676.85465746565	660514.4260974491	545577.1359586823
MEGAHIT-MetaBAT2-S983.51	3531274.5149932383	2678960.7127963807	8275633.005980982	2834440.9985147864	1663849.3221365365	2225765.5269532558	2886538.4754474023	2064638.7086445112	12134455.270707471	2196240.7443941277	2321546.104238418	3346949.5951490025	3027950.0386745706	1686020.3128454366	2202127.8518579914	1147707.4211348917	2062621.0303004882	1687596.240966676	910023.6065125127	3561041.28926257	2461006.9112613327	3671579.242835656	6126098.671007713	760039.4511978074	2173602.4758082964	1347324.007002703	2782718.1289207526	1602492.4498482042	3619785.396862466	1747563.6385264914	1575986.6305706764	3509519.682760963	2431862.7414342095	1049379.1295122465	592156.1377258798	1210262.512990803	1142846.259041686	4351475.134335716	1687268.132965853	698614.6093194026	228511.4013817256	1340222.424216373	1239573.0008159461	408841.27703262237	1286693.0381281308	760116.7187214433	2002220.7924003839	3032951.500986828	1027648.8575858584	7709184.418823311	1797683.8385030162	1620260.3459262922	24242129.7258523	1527888.1070652471	1130404.091898464	515706.8011684554	1431979.2380269873	10384193.854624288	3264443.6366053997	5437934.637979578
MEGAHIT-MetaBAT2-S983.92	0	0	60142.43968710667	0	13618.589975001547	0	0	0	13636.57059948445	0	0	0	0	0	56151.897591476336	0	0	0	0	0	0	0	0	34324.40242446851	0	16016.7279731026	0	0	0	71223.33583420458	0	0	0	0	0	0	0	47254.837320331644	0	0	0	0	60368.04299684641	0	0	0	0	0	0	0	0	29481.029552522334	21308.984665192875	0	0	0	0	0	0	0
MEGAHIT-MetaBAT2-S984.21	773625.1919283028	790600.0579306489	1049411.0133529794	596752.2143022319	1258587.7379850794	790937.8107340999	1005669.1073748372	938754.4176612262	1102225.3840299512	1490983.4870154262	1546821.6217488558	937000.4524902436	581372.4743963578	215598.86893737566	1413609.5901517018	1408297.685245052	1831594.9294290738	1245657.401275854	810729.0283476256	1347336.9381530804	895341.5320533908	803530.8074892133	1967668.4236277621	2167751.182756859	1146654.7570496644	1002522.7868173352	825628.494050759	827693.9942574509	1270491.9703891794	838914.1213762762	1349287.6268037786	653903.1527667651	575138.0432410537	948392.0470573421	514122.94608451816	704653.5510464314	693314.4595884922	1090184.5994149044	1519470.866430193	486488.04405230517	224454.7418343475	943890.2129526337	1627129.0089862817	39559.59291330502	1468750.8646004235	810304.1710092558	1385479.4201531992	1165433.498644813	1585555.4567791529	2134938.2854444054	2415691.9262007335	1184186.1808179554	1771021.5197948972	1626348.5882120626	650527.389289735	1114754.879250218	1873989.4381683762	1299359.7226814544	1009260.1655775526	2354873.274676656
MEGAHIT-MetaBAT2-S985.24	3212124.569938336	2145731.238949469	3508664.185547213	7288808.590017909	2976423.2104348596	2700540.216241013	3440249.397588139	2902453.978335146	6879909.600349232	4423125.409819152	5241565.843069385	3162194.09539559	10121251.853026811	4500656.692230743	5892428.197301159	1931296.3513117933	2941842.812679826	2598896.5019802004	2171252.0157712433	3100527.650641385	2605370.328583621	4521021.966966982	3372507.3381942934	2169117.273055085	2047014.8165357534	1961109.514509827	3164570.0210201293	2054273.3112058945	3018389.856000385	3310876.4020023383	5822869.180627101	8747404.187166946	1672791.54123943	1801821.6677557575	2223840.9731207984	2232930.3495330517	10203134.823342912	4694903.798013781	2277549.208054699	5296220.911892523	2262903.8964985283	1674720.9781070987	1720860.9518158673	1434170.2449064362	2843414.366307472	3631722.862402533	3289691.28037313	3246454.908753844	3291042.9385490324	2387309.6737476797	3346134.5057615	10316588.806660298	3315334.2551640705	2418576.9714551023	3529327.2912251772	3657708.137567277	3953450.3731258353	4673739.492547778	3543634.1851755367	3526546.1741792066
MEGAHIT-MetaBAT2-S985.50	5398532.146164892	3895311.021566702	4131252.906998303	26822089.31941222	5976055.890553755	7270566.598725186	3144031.9980864595	3912556.9502136223	28429436.7676847	22989814.923575357	12026426.20756404	6584781.563406503	30973092.672086842	10642711.904575845	14641309.387372805	3639919.888264614	3489544.758505428	12319343.863136904	3240774.5209250874	6983434.483984619	2812856.987108931	5255909.278647674	4995549.224471642	2707674.7907190127	3536631.3685215283	2878184.3081133603	18043814.99038686	2658015.2886818405	4164147.5904590623	5499625.519114956	19653913.207991075	6395943.602914388	3884614.671181078	10284026.2363663	2155944.3139970824	1692895.577858552	18480523.225092687	8462910.867104856	4260929.041738512	10381458.080717852	3848817.8773025083	4141182.7978359433	6107039.368000877	1312467.74792995	23245446.868144758	4505840.622675879	15416515.742188785	27900463.812940385	12070281.31185246	7138118.870383097	4532141.66519522	18065497.56822952	5518613.724760431	4383019.445615096	12179396.838723449	3769658.2533800635	12695286.053629586	9875905.542372378	5740127.642752413	16131044.918108398
MEGAHIT-MetaBAT2-S985.88	38374.70607924022	0	96063.87105339795	27332.338983848826	22387.000918497095	221006.14514965133	248017.67459019995	343761.7293925818	91553.993670458	135083.69198486375	298684.7901492137	350569.1721813725	146207.44742381503	0	130231.04603317232	373184.48858397297	202577.70802458434	115320.50898242163	1212881.4223595874	447464.13113648875	259686.72061739734	0	34135.98443333751	1117319.9489916686	528085.8469935174	411140.1214730816	650810.576968541	182910.9536202485	161506.02887794148	108998.77162170623	425665.0023016612	46570.56041913353	261825.304112498	966113.4549084827	500678.7474140409	142263.36732887896	165741.5782168343	58432.50619791589	41546.976295503715	792589.6124373922	15015.526507871265	29376.264993501085	39829.25490470444	1055604.4500336316	198789.78749059746	338754.5690290385	374080.17541807663	325005.520207082	409961.2978609923	70989.92680171152	134145.9751025159	1153962.7677058452	268198.2739089964	598106.3671365009	919361.396349381	508541.1264693119	250113.64897260178	26254.999127689323	365106.44883292663	278094.849062691
MEGAHIT-MetaBAT2-S986.109	518312.1365329005	708433.5443132841	1072223.425439313	547530.9293494967	611550.8873428464	416160.3007092467	1125800.850141389	1197921.0554418026	611642.2477267103	459858.94094663084	533309.4664842152	1049874.090496852	882962.7565666772	481647.162020745	770042.2438155174	397393.8642294694	574492.0149440153	690957.24252134	599465.4554705746	721823.929093883	1061985.364981165	2271806.100823473	1719878.9940074305	452366.4855295185	311407.3327956865	528999.3963425888	836121.4348125965	601845.0117156495	1409511.8600212573	3049190.8255777736	1313725.0984770844	617931.5422867613	209976.0452940917	349019.5205726499	866533.9959212644	2213810.333005754	764101.8497537796	2343081.198179582	678878.461843264	1153365.7113888948	362180.81220461585	263003.62963735807	281035.35140605184	54296.260370834156	1267294.3992128135	508351.9461956917	719182.224641171	478499.6029511801	702042.7561770158	396501.07776461414	633999.5164327719	435252.5815921074	1007389.5636638618	515860.50560062757	3583790.8293582154	874188.8988967731	823762.3695460253	544772.469820931	1619877.5166161181	561781.585026351
MEGAHIT-MetaBAT2-S986.50	1445741.6569401824	823617.178610261	598893.7005083163	837273.2833654078	1824354.1599615766	319716.02894944843	837277.0833442576	841567.4574742902	1079307.912184254	1080144.994945589	1325149.411158634	1094390.4377984414	434938.2733529067	324950.01629185653	1446424.7032199504	635926.1036412633	602692.8407179856	248765.932596383	302710.73269814573	823670.8454306498	266447.1925256444	176576.91315890633	1372170.9521963992	609542.5500406938	1343941.7332906644	285378.73349062796	517681.7810557836	647948.8496179648	592919.3195005432	280922.23950936133	516447.4448713271	192508.37134853413	433904.1573515192	256717.38208450773	193301.89780245489	479815.8997392092	345174.88244481414	610651.8021332734	1731687.9476711706	46354.26304855411	147063.3773556332	351057.46226312936	387328.09979308187	55082.99346973559	677196.9683031641	432195.643134986	614861.3256192516	1281414.67252894	608105.4279587242	1656920.114471692	701370.7150979006	187696.57643674948	1703956.1720180048	1596068.4823328604	278656.4254504537	311679.60201172496	980725.421652183	638568.850030426	542942.4582041583	1310732.515683755
MEGAHIT-MetaBAT2-S986.76	2797885.924329923	3363373.6179794082	6673540.982199187	6465022.283528414	8287877.4589532465	4370417.07359612	7822604.527909566	8965054.380770925	8466113.328806989	12663026.354164366	7484394.218104888	4748792.396827775	7610244.330592571	3195563.666483557	11090551.306667749	7101424.596684371	10396241.832663596	9272916.458428938	7722927.320342788	8622612.038132202	5484997.713369931	4957892.264393825	14527965.239896143	8137365.975608976	4420569.8153979	4400256.465600752	6576170.968569404	2647137.7757554953	8601172.3868169	4587308.826433063	9854724.626858719	5825888.974581367	4351607.253586026	5620678.677078227	3667020.2484636465	2106684.1220662436	6844021.850796219	6956317.480756489	7757816.589498995	4371559.501277556	1331475.0488514614	4407333.591993371	6192717.22627343	1946930.9306046488	9081724.421825819	6915226.915487764	9198732.38283831	10380176.182698661	9102569.602445617	14228624.644060409	12040926.868927097	12706738.865132628	11206283.169148052	7431851.016109277	7209693.781766292	5576303.747003812	8771888.205314113	8558961.083603313	7691674.711392979	13213690.15423773
MEGAHIT-MetaBAT2-S986.81	700539.9446388071	776266.7125861131	644524.9591437102	425969.6310042615	1787934.6900426433	549722.723300894	503330.11711676477	500914.1424250784	626353.2789172049	998020.0542608968	314822.3914104683	473608.0542252578	413350.3881015802	246924.13403946854	735695.387281939	1039248.7496114325	1362731.253187095	811185.3360867758	640377.2661705056	907979.2561476113	734027.9239259813	163007.1501847755	617264.5916585289	932163.346914963	630568.060686529	587672.3021701528	569944.9004441322	695433.3990726664	452379.40786016197	608496.1422874965	766902.80530207	285404.3448526478	643049.796575185	435351.5290471749	463193.38690799323	344314.2079713929	373656.9947555613	322591.22716301907	935248.1445202691	99829.83742991659	0	1128303.0302724047	1176001.5833084392	0	762798.7556488588	406997.4600712416	725072.053398121	490892.17654293496	911060.1718660337	1641200.8830245906	1696283.0890646775	430800.4809514862	2193202.702164256	608474.2324663381	306764.4973014037	583624.1665842984	1464446.873510086	610685.2596113337	343931.5700541273	1009840.9667845123
MEGAHIT-MetaBAT2-S987.11	240685.80761812296	130543.28287691472	324071.4500288472	227856.40349535763	785610.3214362008	338508.442198355	337036.52536539105	97818.30612658853	285524.9734923408	555558.7819899273	401201.96196220984	539480.6895580605	290184.5681665403	222853.28571037215	353358.3040654402	385444.35887252627	559586.1112971174	556805.542850631	369927.6282950717	608151.0897953975	249274.29025570827	359112.120178017	537977.959209004	276875.8177878263	146038.32483659184	273472.8832546203	245952.1656287767	209148.85471565454	301567.92567594285	689620.5085985513	470333.82348753844	408002.5050544597	257046.279901731	151566.4193115508	183832.7806635053	109300.46781061069	278141.64878305345	158003.87020969897	238041.2268833419	143795.50030660775	0	367661.0087446568	430201.04408228275	155538.03191487832	482144.7247473635	217490.03219578622	455574.46466191637	312464.93002931355	127628.77649199427	621129.1201674928	639307.2609267582	448279.466973537	685109.5761431875	791149.8712276608	223730.0819767302	216272.27044359315	348373.8636822431	256835.22532028292	227267.03835246217	934319.4983154438
MEGAHIT-MetaBAT2-S987.67	114986.56705296924	404668.14873488183	27754.06099183107	0	70830.387237511	184526.10703822033	157458.50912541177	13203.588871659345	87564.03197691024	172806.503585196	669529.322819677	208719.4497958839	156332.97051773994	69969.49956709654	192067.29312223944	194369.58040741755	0	166870.90654376263	375641.3077922122	112492.87738498618	110847.36676311947	0	224937.90537709955	97195.99431915345	28137.819107790034	0	82540.19711750901	233161.3834390937	101173.5441902933	395839.4769822158	71358.43322085244	421456.60382941144	83252.22433753322	231258.61382814375	92487.88990811867	0	228764.78441433006	139538.01225948383	173499.90507318635	74102.60076715634	0	156862.82008263006	222195.52554862478	197882.84251910294	91725.8446912128	67473.60059608043	124052.17801732745	279916.8509635824	79289.93871045791	106733.43492555316	37978.37678921076	182133.55854511348	117801.9982618458	259741.74507819477	344105.6529578016	78084.76610143154	30994.35344635973	94601.7122879608	120622.40645180971	146634.2247705043
MEGAHIT-MetaBAT2-S987.82	38819.539721516856	108358.57660289641	46825.886804546986	96865.72088083334	95069.34213877637	0	0	44870.53361048911	239636.22731350156	173323.3750379201	85052.28606316743	173754.1913099254	81990.74078118146	64679.51233005777	36993.98387061917	125485.66019719889	0	0	0	0	0	95405.21261090314	29861.40555885931	0	0	0	94498.9617986031	84050.16392265742	0	0	57697.60359766551	0	0	0	0	195690.47691695916	34499.695251000165	296917.45147187123	21359.910039214443	0	0	25821.382227581063	0	0	92224.45653646563	0	37425.31100152125	73522.23222988714	0	27045.67340689852	157646.94770792278	62651.65079623558	102113.43673486894	272304.29837130394	27998.66336876543	93215.85200439031	52712.11517408045	90986.46748660304	27894.158322986852	85353.96155148902
MEGAHIT-MetaBAT2-S988.125	0	0	0	0	0	0	0	38214.49315653163	33986.39040492518	0	0	24333.798851130836	0	0	0	0	0	0	0	0	0	31336.93455743014	0	0	0	0	0	0	0	0	0	0	0	0	0	0	0	0	0	0	0	0	0	0	75927.93839130955	0	0	79609.50104250989	0	0	0	0	0	0	60560.45278249243	0	0	0	83752.00218019249	145229.01600711985
MEGAHIT-MetaBAT2-S988.167	111064.4238771454	0	39624.57752757277	60977.541812353316	75603.19575545548	182183.06398048843	0	27444.933152397465	131436.6106143719	134746.36600929298	136223.85979165143	0	205858.75991214893	92656.41681594476	208860.09296940677	0	170161.07961784603	25882.68094657743	28872.770198080907	0	338361.5689187281	359726.1421742006	26824.00345720895	29422.070752161242	0	0	0	0	175993.10109022429	834409.190944031	70761.91529619174	0	0	0	0	0	40445.80155940908	46565.20416364598	0	0	34882.266098566106	0	0	0	142649.6792056353	44587.33736448909	148229.9672679448	192816.53495943476	34234.62349684436	114829.49442929804	99541.93594240601	58480.24063766656	67160.48008446654	0	1392671.7490428411	35192.31951390191	66112.03107161282	416347.9114926998	192660.90903571784	134247.9958166562
MEGAHIT-MetaBAT2-S988.179	708072.4246536224	399968.0630306121	414798.65790484817	538799.5299173682	837634.9786499171	331498.31608551275	426656.1203497388	662453.493982515	628102.0527128172	593240.7524550498	359951.5702447057	774688.8842083843	567236.2324097683	138105.63009443667	458193.32945141045	308639.1182134694	275620.37577076064	926240.9767710232	350062.92627141014	738041.5999983909	506503.01721314463	440478.38433993806	435317.60308156116	239453.74763479293	403179.13559389213	416047.28237752145	378259.45553220576	380905.13307539746	542744.2491520515	471824.02959730517	740232.051219556	420016.56344310194	139142.3968846194	383495.4627705419	207017.0795698048	287971.9546971169	416002.8136906886	517646.002277424	323908.9538354233	333874.9118858668	131621.54120178602	247608.04879415466	204602.60147218307	44128.478295415305	543617.420461103	451250.74983110226	394006.5715292416	340777.31944024534	456344.3406075848	322778.67536280974	559039.2014533263	353543.4787855244	444544.9028849958	531416.8951236862	3037120.5107330824	1061746.6513240638	715432.5436397197	448009.7497320723	608826.5248990827	609709.4272822388
MEGAHIT-MetaBAT2-S988.19	0	112315.45098517361	0	16737.661506446184	251113.9341014028	0	0	0	0	0	77637.74507527311	56020.62291618803	0	0	0	64414.61856666389	0	72102.99698926159	0	0	0	31455.502312637986	27266.615646018396	0	0	21123.425183707506	124445.00679004223	12248.07118618763	12221.34171341767	137315.03267593557	0	0	0	18833.201884111622	24871.374187583613	26256.092548029097	27976.554871188535	0	17412.932321773198	29970.923160561393	0	0	20385.68078771153	0	0	0	0	0	0	54531.392851299264	26019.21351661046	0	44755.56654233759	37591.23447743799	46867.871159348215	24927.319600734816	14110.421065160883	0	0	0
MEGAHIT-MetaBAT2-S988.9	179622.11987572757	808496.5105094598	154631.79233509605	240412.01363116136	185997.76745187188	102315.28530139598	108732.8025724818	362326.639146627	145267.8528662365	149368.59184939152	547154.9476880659	312076.2381411039	111291.75557266474	238165.58819183125	375876.72374281235	329054.307011994	129138.99810792817	459046.62481743307	248826.5224041473	192412.2214287648	127613.71107936972	326270.79841305804	303852.9078305542	158364.56079492375	214525.72350023632	303950.942876072	133033.48776944965	219331.69161583678	193999.53237937935	716764.3607202343	213343.78162691835	203441.177477397	197285.9946944008	170998.8311700253	290890.78659467684	250895.93181310824	199199.8554862526	147589.2666678809	130064.59789495099	291675.0310944653	133399.0147003317	194742.84970859505	68625.28249308803	138602.70549825695	89406.39642529843	246388.46811419728	545718.2165457907	647088.0921874504	373616.8005759041	218616.37794839352	481313.8148535946	170853.88839315865	140456.17634016153	182803.9661311062	2763527.3762999806	275997.30405880493	189892.3701309698	105847.04709044786	156351.96204838727	317925.1950383563
MEGAHIT-MetaBAT2-S990.131	3336317.2826961987	5494104.530511975	5011631.519276315	1513505.112160838	1598641.7958860346	467614.887688441	6499133.144300823	3536911.9323887434	4612338.632344038	3034599.3308933545	3680928.8804554604	5589879.831375629	3224217.3970012106	1425632.5207276866	1057144.0255750117	1838763.104528427	2545320.7345901504	5190782.046265575	2869257.4873626456	980881.3179165941	7662326.741508784	10782488.437189419	4497747.653612456	1287500.251340412	1017612.9859125477	919095.0945477241	1480746.4727958755	3635959.3953851643	6120104.661193506	21627580.77485758	2610611.1109455773	990493.5706792852	394027.9300858842	671270.2098468058	8833481.456307575	11946812.176109426	2776365.3505541747	2982909.4064560016	856163.7833686509	896472.6861678334	480894.53862995555	653709.3660360777	498961.084949226	458472.7383748896	1432234.5214266898	1749684.5139414517	2114083.453258246	1084304.2024889232	1955003.0461929734	587998.6404580979	4096110.850060497	578041.8939091264	1073481.7489656368	953366.7486123525	4709028.185629965	1727156.749874399	4565082.592254734	11571163.885760892	5428087.416040738	1751401.1904668943
MEGAHIT-MetaBAT2-S990.160	307899.9419730429	269315.8904305747	174019.3299431301	368717.1017347946	407004.7533305308	436826.05729281984	770477.53351131815	405314.96278228745	794729.1871110357	572709.1026609502	259586.62526450495	314597.2781851648	620948.908637074	348404.1535987816	469845.28947706905	197873.29811864276	154131.46398084518	309946.68470969214	176734.09803691748	279438.3576147673	203817.1735939883	469312.8425346518	287980.11383070203	136467.56563854046	128849.75068207791	395453.14428631717	392556.9293299289	206197.30278270395	302086.22055799875	1082150.70540762	743691.9784039814	822957.0225870489	211887.30022258608	320563.2157228625	189881.839994109	159256.00654461514	3167991.4208005196	313680.78353557596	230211.11155953945	184438.0980477549	48091.09167951104	172609.49859001482	136494.65317188165	102282.68250632471	585901.143728428	279301.35203056585	328996.1797876934	348834.36809648445	789719.2364427091	434751.85698099877	335977.19674505084	397656.2267873429	407752.2473856353	207907.37691788352	392387.2943030021	347590.3958192024	708487.7226596934	329026.9818858463	321964.06793755386	428848.75462778076
MEGAHIT-MetaBAT2-S990.184	168968.1599988297	167493.05899942893	173055.49227246203	62835.77810773797	216843.10300699773	236980.0958790297	246273.67498368447	107152.83027854848	354108.06189444795	350842.4826730663	96286.41166290313	129504.89900160034	276956.267380447	89317.61868107838	464010.01725978	170356.03764413085	150401.02381982168	501487.1181197674	135187.0779609329	111939.04050844317	152631.173827215	58403.1415405576	256173.322833088	132471.93746936272	109916.04437813873	60719.85317084911	63947.8259148746	97348.39091126055	205225.34197357978	147707.8797660597	191952.42475204603	144243.7462609402	37605.734886502745	72854.32514130088	50611.15232069672	11035.67895405735	71204.96531885565	459245.11756952084	275949.48854880466	89856.7368189159	32816.0139237281	138310.37439222576	355075.6196926312	0	237671.64491455667	254403.65159667312	142895.1610540207	177298.8298717089	333637.40470008657	213078.4359651158	294237.6933169736	258319.99708974568	145934.29599065686	154678.7656534055	266892.9863794205	284237.00861736236	1238590.182926922	289883.94266944536	239978.69002125127	1176648.0923816003
MEGAHIT-MetaBAT2-S992.120	0	0	0	0	0	54513.80463031221	0	0	0	0	0	0	0	45267.9021396988	0	0	0	0	0	0	0	0	0	0	0	0	0	0	0	0	0	0	0	0	0	0	0	0	0	0	0	0	0	0	0	0	0	0	0	0	0	0	0	0	0	0	0	54462.406041470145	53157.38231763034	0
MEGAHIT-MetaBAT2-S992.171	534507.009683672	1086148.500912007	760853.0085767936	4561928.795523189	422135.0008645261	671796.1915231255	1572830.2340420426	1570285.6750648448	2424554.051362837	2068165.8884401338	2615731.2801055727	4704052.563862663	4393728.221305033	1397760.124109082	5134177.049584373	647435.7009707348	515374.4367457137	1883917.4209832144	514107.2724899218	1930081.2575373042	1413890.4299980602	6372252.301659343	3138323.302729863	851831.2570493292	147701.5970392663	1697478.6964814984	1823134.1642919255	316293.227328541	990393.1277191676	6878272.453738237	3817720.3098850762	2540648.702354302	988326.2089188764	2535888.7793948846	2305776.121866444	1471911.9451555838	3411321.209385148	8101170.918801963	1788406.8452505155	6053925.454262869	1108722.1055615987	321295.7318675185	493806.1238616848	737382.3455048883	3405004.0625704485	1076180.1475685774	2359026.5883620335	2588867.0365332244	1781914.134561227	768344.7215382612	991386.9894806436	1621761.1186125122	2233383.5286410325	569308.8972953096	9776317.573959626	1638605.800314416	2414688.1399767785	1314129.8334377923	6536127.920844545	3967143.9482888025
MEGAHIT-MetaBAT2-S993.109	2536090.3728947337	5215126.636369078	6016123.136803608	3219165.177993351	10673915.40077262	4463502.653705708	5931484.751499659	3973321.5890101497	5899741.549970067	5294805.205224719	4242058.641722911	2909833.927089298	3187442.1696280455	1205407.2787770114	3795252.4614951857	5819099.529192521	6247527.287981378	3483581.963601268	3681468.832742926	5124787.603970415	2919085.08323574	1466673.9793507135	3532180.4424038013	5892903.42279515	4755565.885799476	3004649.2025680533	2995674.579103768	2671611.063483862	3316047.9707685765	2834122.4923353707	4633869.259980889	2662166.20255045	1848402.1061690412	2622127.5912171733	2530713.2450687797	1302453.6090833591	2724737.8076131134	1911199.1299298368	4858491.284665422	1715610.611527058	220557.36915108986	5318382.702821792	6266123.542228182	1515425.4140240443	5064082.7515498055	3492849.9275834276	4667341.2101775	5349054.152552145	5714087.981282945	7105015.32357618	12238266.851850832	4903409.695829547	7484602.15945153	5542697.976817804	1863102.7569790853	3392545.033567307	7633928.494149996	8467497.839776197	3428694.458909051	10050237.220652115
MEGAHIT-MetaBAT2-S993.160	175193.9995963948	214471.915040239	511518.11171031103	8157629.081703935	408946.73906584264	564537.5567582303	1976620.7551459624	1427080.7846193651	3406764.691149684	5218698.094101321	5106809.237170745	1679220.6923773275	6314581.369532594	2798697.692831571	10429865.013182597	899274.8213564127	1635213.199761247	3352046.0942643816	421078.4578521006	1791729.7513319706	539375.681358773	2266297.887934272	1320391.2929104078	955895.4339633352	45534.695307823	905919.5611688243	1402602.5530902455	172509.79684113298	2309220.763206894	1357012.297887808	3431277.9645243594	4269097.917606985	852211.5857538955	1755859.3356242124	874532.1764227381	210067.58807244393	3993619.1868040874	5013797.8366125105	2173179.9343511458	1049782.8309948223	387497.2751062611	438173.60048067453	844711.3679261183	501421.24001987505	3201498.562071501	1247082.881982426	1556906.3750026694	3360794.4278804343	1724495.8156456372	893286.2112192183	883651.3046903582	3314701.223660908	1225451.69002525	1521563.3049964777	2143584.885475385	1115035.0462804628	1632569.2575397543	848460.5520629089	1860416.196294269	4876877.10888564
MEGAHIT-MetaBAT2-S993.96	1359216.9524066919	4892177.529426973	2801854.1966341604	2731711.0318292533	2285311.23545964	3358144.340500007	4519003.389043315	6889615.210915077	3171056.0076988135	3756929.442710407	2705981.466570922	3518045.3838221678	2149542.458164027	1696237.5570533525	2032615.5240449056	8743877.772506429	11516842.68173573	4564934.466380226	3228850.435634132	3324867.3251006445	3760155.712564308	1154796.620959684	7247589.330237157	6365193.799678554	3285889.124738976	3597365.4884882434	3181061.807728994	1015042.7861382458	3605086.663424835	1615950.7455073504	3980258.6237181653	1410562.6298728688	1156718.3439408892	4399442.686444014	1505832.5637620068	1088564.8805664808	1790948.519287373	1532018.1767214541	3288581.741289277	912682.0743946986	570110.6391628721	1557082.346830615	6789311.927281399	1525822.1838679302	6124180.335245953	2861856.7208003304	5492796.596725395	3502114.1533207125	7367741.657629186	9653870.687118685	3928141.168364526	2745679.4195692386	4522837.427207974	3259445.9650072055	3498940.1307130074	1732415.9706924513	5118543.514476521	3144883.3949003164	3710758.760991883	13926320.71151605
group10_bins.111	62260.82664082766	46937.786270013945	55939.735368124166	151954.62875148244	82433.3352268149	111602.03213907708	0	69407.1861469194	135932.49321435392	57318.12826388034	84366.31589862859	124752.63621708714	57219.77146450561	39054.92158392769	124797.23345704834	28815.092856107316	280357.8218675536	56207.217741389584	55784.40770191609	394645.25431994756	26626.547149956255	0	37241.57788834659	86659.08766627726	65488.92622780307	31550.48339311923	67370.95202675389	32909.38124028311	415339.35712510906	0	36728.72261393787	27609.30104915479	0	66440.4721243649	0	22111.41451927735	0	35171.57887842222	45636.77069301572	0	82903.18673073528	23993.514342165472	48623.14899128982	0	83972.5998864012	66422.6359530308	82327.23787790963	166820.05460533273	71230.64732238813	108133.60913418714	55352.478891830615	65120.47405532609	62433.483816791435	89473.66163307386	18028.68074322187	22122.028612818158	140077.03832528883	30198.450168612086	66063.14974898964	98447.97149452771
group10_bins.149	375224.6460269677	611816.527063684	504027.59694441286	636872.4526059848	330281.63769515755	199333.29296258712	824752.9828207368	242393.2851999931	421944.7033197037	350833.90083672485	118868.35643549362	788675.7613797234	540916.0937014171	168600.05915496388	517729.0343135489	828362.5217106675	672881.8593970314	155368.18765349663	826253.4231773639	564812.9441336878	996156.1710390009	359380.2536051203	430483.3793783279	32232.569375616833	119308.26677460855	551239.5677067232	1068570.1897270686	438179.92442878085	472480.7608208136	347046.7706731125	996153.186134291	1069959.1388199737	606942.2387528507	226471.6372589612	150140.8848814789	272496.5889060834	790932.5529595336	418044.1974411743	515822.3486600238	326812.67881362507	77746.10877536728	344529.684870371	373285.3722487046	120653.70841131406	504661.2463806665	281712.2357251777	314620.953208124	1060285.4973089185	206430.9940845947	181573.7735654555	331580.90970710636	645931.5244372976	518425.48506525485	322307.7624966303	602351.9626318528	414204.7766119912	254574.12687241205	345876.69369336887	624901.3889656991	301942.373585356
group10_bins.221	52131.698246804306	93952.27132679836	81105.28828138858	173534.41435321225	70004.77190375664	31502.488506798807	551147.3643639864	82294.03173052189	375480.29504621867	181264.60006306905	116198.81875746371	185517.97784013138	307366.63851463527	39114.29352451685	153487.30895951393	102998.4752366984	56503.0926297434	48332.24905830976	49216.02871083131	105934.80943103539	119852.79415235655	218274.48074164448	142117.45364486883	0	66049.2734766884	82108.91753005303	84577.95267480686	76409.16310719031	150734.49423445656	227900.85332566733	499136.2383016177	163175.0233115938	0	77743.77514054024	240576.29823330673	42374.416332025736	607555.922571303	221838.87797170653	78902.07613020015	139631.95007135556	64853.621628831796	49734.801578529296	0	0	109400.82996366722	92304.85662731147	17587.19955301639	81801.32348227009	82207.10535649065	104096.48080623103	109956.09275144259	113332.67737307413	117546.85997601034	50374.87178546048	374308.2658035686	69956.12246086262	120206.25592028155	385573.61455313256	191868.9536046218	98150.51770328457
group10_bins.232	108207.43986094231	95143.96780232977	246947.53839530863	543961.2877712544	164933.8232352369	180485.69411675495	324019.8105458162	164862.09323479029	632653.9791871867	575934.6195432174	366500.9888489406	306177.46138135827	606261.7032841721	342582.7869708464	345191.13560122775	126401.00521120669	194292.22892692656	371349.1655510484	83202.61653127849	191471.26638296095	88079.44554580786	274383.6963189095	460877.83218463353	111515.15999473652	67724.31471439646	120916.89166923112	225615.27747517018	62747.72738972386	184985.04180099454	270051.19046574883	564416.1006406405	139404.62259549074	50434.72659318017	72226.16722746406	110502.28227140788	0	209399.93434574397	219913.2937112019	54986.60020468265	130089.18153767588	662649.6648581179	0	224405.31758166844	0	542363.6020650612	303627.4441356253	455705.46988221834	293925.6054831163	313501.7250517854	181035.9330018547	244109.0865201921	298784.99981085525	242421.21288199315	160507.7186529084	287328.34622183675	248008.47079648636	514908.3869727128	321794.10469026444	289485.00515969435	490343.2903135277
group10_bins.307	129256.76557087191	271757.3665908578	134042.3808440373	112498.80126241621	172479.74466852535	151706.4142039466	209222.45750681477	120213.10081727226	169792.87724151596	188814.02473475126	167988.35571067006	234903.57379800468	131694.3228695285	103414.92373238971	177186.86179772601	310974.4508551454	154952.29688798802	245123.27761962987	156352.82103731236	216066.45187401905	194766.284197427	296427.2542279809	224619.13689719114	174098.5625460701	227851.99193024845	210872.40455053106	167741.1262960807	197368.11963090367	165750.3537890865	297723.29066791455	165400.0339971707	300018.6399727872	160876.78724768633	142434.7961542388	183934.27861004803	200093.4065296123	136519.39480376127	153519.38036037752	239681.65595710298	155578.16930275838	0	225904.18899210755	354927.0391629884	100942.1325335305	141294.43334087584	78628.35600114857	232091.86588998092	135031.8550708239	92845.70928600496	228745.72393617005	151009.49821208933	129699.03204883085	316990.06319994986	259824.44513382146	185180.87381188493	87772.65904468355	532609.5866924127	112190.04761914744	181721.40303097348	183026.31657649885
group10_bins.334	331958.7911001977	75330.86386006117	230251.82200500884	312188.82086664694	283585.91758989246	929593.5970794213	467540.55278952187	64393.62476069176	808234.9563582698	941098.294895235	173966.0592832772	151012.47538742903	727685.4838664256	1000748.977620712	369136.97065204487	130195.43650723784	110533.37868939557	265290.3652666307	77167.9267287239	89721.76232680408	196225.8759228024	142465.6995985221	411982.6350653192	193982.7218769358	69448.24367940277	43850.66114324272	149482.0853535587	18420.266933607487	190016.74115997914	289154.78514849546	857107.4795813529	238495.3509275369	39434.94796390746	51537.846084366145	55109.03580133096	53313.535631100225	62671.880519592705	172549.84311800174	30105.35015244293	117350.58804326328	633591.1238678199	68501.39340239756	67293.06080215103	89129.00193881014	592962.6509302186	456007.78162177384	362047.6291964494	399726.9375100498	441150.79810823465	391147.0924698581	447343.2097339068	433564.071598656	428210.27531042346	163306.65609199752	375000.56681691634	639930.6601242038	772402.4085606239	930928.6254499462	498513.76865876117	583120.4614260168
group10_bins.379	0	7678.123283668111	0	0	0	48581.102316505996	31172.916148818305	48735.69124442083	0	4036.105923120028	48512.335529970194	34099.06528266815	18192.573409261408	52879.087477237714	17501.917051909775	80332.7627566639	84563.4035774794	27949.216308817868	13121.201022659934	116485.89861562906	50296.883152142764	23163.93576905452	13810.214917373167	18271.562522199107	11158.644876407612	45385.41532542507	20361.3313075011	58429.297435289875	18261.4076019179	88860.4597544985	21896.26271137406	60034.51325466276	58194.032827656134	71650.01584182563	28191.08443240775	99812.1561647886	41116.31003935016	11378.74902450188	42105.396719619	161093.37392481157	56167.04396681546	24404.38784452867	0	0	17943.504762648812	0	0	58051.52089986954	41947.341061423285	130508.90597831427	278880.7273173184	0	29673.193038915826	38452.90924907944	51573.12257133291	7681.448469737543	24610.799272795295	53036.06596692825	0	13956.34786827665
group10_bins.399	252230.27588891317	347005.9722880279	277796.26253327803	368380.1135549732	196140.55769464956	262935.4515053377	568573.82876206306	236432.96354721894	467705.5052716913	423434.2238881002	218052.94793383434	389159.9780939851	365357.1662745585	229620.6839072131	300791.9512089078	201923.92036158047	222105.41778148123	251234.02186989214	100886.1858637471	248305.29377316983	204989.84113524805	173650.11357747586	420905.01239336526	160210.70828784484	159203.70835865856	118445.27434229758	165579.55947392157	234026.15341827978	227225.9337775908	907634.06726528	281336.9339580957	270640.05695855594	139451.98555556848	153184.77705547682	158233.44901755356	302736.4201609674	201679.49063949948	373409.7220977334	263754.21719394735	320615.0038230723	247467.04918131905	111691.31397326481	273011.32733726635	0	243043.11217328339	218082.65028953183	338874.55021320964	343972.59240401874	378693.63572900393	139271.14854760212	299124.4786759647	105467.06404239232	173408.11807087535	174195.43383441257	401545.02711836825	227498.72585948248	440463.8869691245	375651.7771297529	267594.35098912386	409237.6488109313
group10_bins.56	436339.66474791255	560182.5827921379	709842.5678080567	1101927.9750712914	930208.6944925962	869498.0862329989	787017.0746679157	854657.985697807	1969245.0680542958	1377045.6364711644	1242849.3144418746	515136.5365675783	1892205.5127483925	479200.8084112754	4767806.588251777	1371159.7710077858	1130396.2640032973	949924.1819367304	619985.9845552783	847685.0030678696	490517.5810273625	190954.2024228769	1443582.6378597033	1636982.5996847302	713650.6906865962	520351.12457713817	994267.1616396338	427567.16938605346	888922.2139051057	431931.37999473524	1301789.4866964556	2581414.8174379608	383709.4794431284	624830.0856989378	917899.2419732935	219993.12434336735	2722095.2817930547	587653.3700904772	1270723.8262861005	660956.8423252446	154631.56246693648	774560.287601374	1641557.5588975118	284985.44645751524	1410820.6955594528	733741.807236138	719261.7322290991	1591352.9566445893	1513357.5009934548	1274396.8876586296	1124829.796303312	1725192.4837204074	784249.9053890097	502670.9388494155	498260.66890635213	635246.9794243803	1471696.5885013016	1319845.5027910892	916502.2846440241	2577701.8701755106
group10_bins.7	1770084.46318624	2644903.609776184	2749462.3408618914	5571241.732887702	2436903.787047711	2514851.637837196	2039770.8934460324	3874476.5763030336	5965274.237986063	4360791.589026018	2709114.1429150905	3969177.2779536904	4844456.635817494	1550615.6525612087	6119320.687338403	3516738.7909855423	2756962.7499804297	4026011.8613028536	1607708.471213063	4756926.246751401	1149351.9600104047	1970240.776475935	5838646.153470474	1891955.600186069	3360860.85683488	2892318.073522943	3089275.2121244455	2431308.330607144	3869927.152526227	2161710.651953606	7638178.1198956445	2343255.322379726	1869956.697765181	4249130.904202141	1563240.0137516016	704092.264235348	5005682.784495324	3965467.722835702	2596454.1644859225	2974649.1839853134	901725.666653035	3135928.4470501156	3222225.294638253	863244.8436976387	6139335.97898922	2007917.3760616784	3631130.1123836893	4272256.094260866	4827664.296495941	3289382.054436749	2523157.509018823	5103795.876133156	3930197.6026912285	3430104.7713466994	3637852.101558634	1903782.13723764	4543842.597059875	2025987.7944981763	2923242.1073522037	7844146.371492752
group3_bins.116	96597.59737647115	71226.32377632061	86121.60135536033	23107.808065918623	22747.781996456863	123831.62213836008	124720.25509299879	33336.18184071613	81106.74149581615	106651.21469982393	142567.0668970875	25480.49955076238	87294.72307355292	113018.5116349246	123751.31189983214	0	73951.97964958844	18370.921025521206	92310.91112503389	0	0	45025.778028929446	119468.91709767985	20654.375952410064	0	0	21725.799653714	0	54873.359469906536	0	71705.1396440589	63702.74148633068	0	26422.38639532173	36972.91019994642	0	24953.7641248371	51177.99271849824	63659.23497765412	29980.19655431609	0	0	32769.38632368719	0	60104.007573880925	139166.26816032728	162789.5027969234	96892.95793095583	64634.35753154755	54346.4183885809	80749.87978835017	100487.25342807526	88671.44847271965	81057.37775363278	25271.941969906035	144855.50101373895	98818.54208138518	99204.59791324062	147267.67076899981	154638.7991658971
group3_bins.117	0	61059.20319594664	0	19744.159532934344	43517.71268410004	0	0	0	0	0	20937.170114355027	96606.01689743964	48258.948901309974	0	0	47429.43129428382	46798.068746492616	40192.312275660915	28331.215248455002	60321.35658006927	66561.37694171655	34201.57652874	62778.28487357223	22229.728579594375	34353.32126301004	71712.76900283815	0	68134.27886746179	0	285099.58963015326	0	65258.36923675277	36502.95098463924	24281.46462739653	113132.00609325443	84276.94828773309	40732.54314996537	76245.14057356834	69280.33320681014	80444.36765746126	0	26741.907682691304	39517.01693494022	0	12310.865544533326	409579.95259235066	15228.461883929778	19598.02895651663	0	0	0	0	22997.76934391346	0	111332.36394514245	16303.89967450717	0	77889.73060501326	50020.55022895567	37964.7973586791
group3_bins.134	328358.8909775042	185044.359662058	674064.8496723287	2580987.481326127	372443.1186071455	401415.9327184371	1774111.0354456631	2732294.878437352	2443612.4922369686	1424693.6886383074	1372497.0110353823	558671.8121909514	2381303.3065326186	422557.3064985873	5162659.898917883	972856.008293058	1788766.3476472176	3464672.378300798	518461.4599385534	847028.3482248097	1002897.4907932457	398064.68820568675	552903.7079811341	523873.4802033445	251226.18688473536	1154348.0089515203	920546.0184637901	317879.6345367125	1178668.815459959	1137776.1758856492	2806176.5996547625	352096.08807087713	177377.04591289893	2350503.4570620162	533453.5841500504	501603.72642783506	2730094.8052300583	2292355.942056126	381386.7708265261	521542.46201209497	311140.4897961237	242638.94336108962	272603.56996126054	378844.3169774047	3111659.235784814	525716.9494806819	2362805.367920268	3128721.1216636794	3579657.30678868	2049825.0542918902	1812677.6894814053	3484092.901654392	776643.3796034943	840954.4854629908	6106173.92903761	731452.5983605583	2477678.436107152	703668.1362732764	2056128.2260110995	6185228.6019841125
group3_bins.177	4383830.857383051	689254.4205436317	2158868.3155637886	110093.69220954078	157024.18675145524	26447.56713183993	1330250.9333469684	4091835.60148971	192156.91276758484	679028.0797914838	139769.07094191803	1661361.4093485596	879885.0401048944	140752.66972787978	1142686.2718032945	175542.6120877493	492262.42644962814	74409.48579668147	1627110.1067630951	787277.6502280624	5009678.296943746	125998.64317681218	350949.43671979633	1408463.078626248	62877.102412962304	150667.92812460213	82289.71215402731	496383.0172054168	9830241.201658174	1668803.4467045397	491311.9104540097	132408.5460474784	79925.9918131301	40233.434910405966	577763.6312333934	1050370.6091942948	266779.92323459685	276792.35352003603	273357.5263008886	141866.50292902227	79107.99427213658	486422.93633297994	74351.27761895437	310433.87383083464	140236.46684448145	36574.696466529414	117545.94575830782	599291.8686114267	4848274.952293389	56271.55861699479	416694.25223924994	75318.17777323449	101850.67487909531	257082.67569890586	71117.92662411647	511062.39974218357	1033305.8154518394	115595.76957533046	122365.61702440145	177826.8003069802
group3_bins.182	1311428.444482611	949766.6585566938	1193533.174128723	4150276.4207770736	1135735.1263247342	787811.5058403595	1373790.3241926995	1253386.4760119396	2951458.7359192003	3125595.2406110307	1926188.1108029198	2219657.3853519466	3481007.7927172477	1622878.5402040891	2590651.9136132565	973174.8027783446	917978.6974682775	1803682.2085751717	1115896.997819942	913280.3499600175	989774.4569675967	2234661.610149327	2125121.7079831995	625877.2384753937	518504.82906827086	798360.2427684627	1324343.37462697	703125.035966965	1362268.8570803804	2219153.638966904	2467654.1839580773	1650446.1367203703	849091.6005940094	1204892.3396060844	997278.571160885	1001840.4532250782	2784046.156477481	2724553.5744029344	862274.7679093521	1824237.8136836903	1019249.8912650386	236324.64152486	485574.6537791345	247779.25231151574	2573993.6056864746	1398760.5950970238	2278358.811956718	2711508.138410833	3057279.118911713	1204514.5100429438	1462379.9666316367	2190214.9647908076	1414930.3222978346	1151399.4916285523	3350809.587020543	1740001.291246624	1906126.2585480164	1056679.3132305704	2569125.321541528	2441774.1250211345
group3_bins.183	297501.8894270812	916245.6408351068	3631388.4028599947	544950.0002524569	49115.70501956971	210072.34934504647	724883.3634019869	729948.5721689092	714230.8363896171	423754.35558300174	149951.36021291924	151034.71636368125	1236762.6230431953	160473.98882746548	478457.28343791683	135239.3284574474	833444.1794236215	45466.591242148126	173205.80799585528	29954.46401016713	354274.1915988838	189212.82514472285	178645.4411043549	481293.0218709063	561671.4151134618	337613.9240511556	324555.3403630998	3060646.447938045	522038.95238138124	1995356.8488888964	361446.62006861315	204884.09682740128	115991.06693956126	176204.1991505188	238121.11708020803	2005112.8615763173	5518933.912491363	270304.00910501747	0	437951.57986491866	117001.40930013973	253460.84694845945	0	52389.273426071086	317619.79762480955	84489.45598047314	303320.40734238835	509859.5914502541	259805.42681381697	0	476833.47599033406	556538.0477886011	186686.704673387	244834.8606528997	222723.95889471791	203957.37440828473	641057.258119466	43434.03224748586	403158.48287118267	111182.58387937411
group3_bins.185	33267.42135502014	24518.806645276858	62506.12641054284	17126.864416988836	56641.01715325405	0	180178.22506636276	97802.82041258826	136500.740672078	87862.9683223724	106500.2214692314	78127.47301226085	67034.80992049909	0	73821.44106315519	29980.969466635368	94795.10120346105	32969.136899327685	0	24401.387440695486	31968.767317371992	111399.22106450018	84392.53559638342	79213.01269437229	0	28719.11862987546	83099.11387445198	73620.5504620902	338297.7681079331	358818.63816986355	142339.68835299104	29020.49040934198	77698.54124317673	20698.386400002855	21389.03053958227	179843.9092757285	98089.10558452547	28933.986416808213	70896.4280652466	52016.44061497096	0	85365.01807336106	77130.04032567379	23967.247728146598	141800.5913172524	38614.82052116345	86072.38381967765	176783.4490493642	87493.36308958544	131973.62917000687	55067.146370554285	28981.886166090197	56610.47638363422	45854.483115735464	53833.90647907915	119207.6611975317	137218.97780839406	55530.959024351876	191831.54028956406	121603.71679870588
group3_bins.187	487865.8424911265	452098.25753936725	607753.988454558	989632.727016022	496377.6213901778	98049.7919841098	1108467.082995547	558886.7214005139	1580532.4518856108	687167.603569362	514205.63959935476	863845.094752682	787541.2303959304	194833.07793295206	708155.3609434227	1532050.6953589965	492662.13834055216	893511.3676606435	1003931.8280903138	866328.5905988298	1124259.5044535724	880964.9677780784	964566.259476955	573000.2707566444	812442.6437995937	716786.8916679658	1236268.2098813604	597523.7819653543	1214352.5995410148	1461956.5492908102	1840704.7866286954	363384.29217941716	181788.0521736031	449579.75054315815	871673.9261468006	568145.7995146327	583664.8228648464	1062317.4186187875	949475.2750010905	958680.4170299284	116162.78297268928	376865.4836327721	793595.7022483412	206292.57354181446	1146684.7300265208	407296.4752376098	1350375.7069749557	1189459.225503492	693434.5725481206	1024381.0995646247	1356081.8607728598	1025770.918639309	1049114.7997834706	824229.3449211182	932279.2392919544	738154.9918262457	1670921.3031678954	1144505.1210579528	1632042.9827737017	1192207.2781932103
group3_bins.202	3688847.930355219	2660160.929997238	3468183.756553432	1262325.000923942	2484289.990014222	1775229.3746083435	1676076.924554592	3791612.928424471	845449.1822110038	1155404.4157104278	885037.4172771303	1291662.9586592661	1458904.4685043006	888699.7921651877	1820020.454029462	1473537.536085041	3404159.617256807	4267134.776316723	2581029.942339185	2315509.8486626577	2085674.189797557	2699806.6051909127	1912896.4594902361	723679.3432811855	1398132.7028504969	802013.0020602355	764696.7036392101	3618082.102371729	3367494.30859985	5495388.6909454875	5089565.300195094	1575570.5339222187	1191361.3843867565	2243176.8542925245	2507906.605817636	1390449.0814735782	1155608.6048184943	3854938.9360304438	973709.7830514936	1625045.7272916683	820301.4901754976	747753.9324052475	694524.8318029202	263787.0802924305	2018331.2649276906	2517126.0481029633	2057747.6725487341	1942992.7919450651	2535080.431916244	1630534.642868619	3058117.2564203567	1129169.9320468947	514416.6189713408	3114220.7402261775	2239798.5826174137	1464255.576850532	1161629.983754729	1210301.0870278052	2636503.8433754374	2751678.898083656
group3_bins.206	85516.37271431876	82268.56861573111	38282.45557340416	0	82497.87836638441	0	187514.4870562743	125281.45205935233	415314.33267639705	22409.017297774517	79102.76908565887	87360.69989130372	956377.7223375716	237639.006373781	283012.96714140225	47595.639762773724	0	50321.695347301335	17282.490428170368	51861.81178179387	74343.02262343744	1439576.5242284222	80822.38734092488	21629.261012914154	33683.22066672233	35752.25766786076	67037.22406321288	45356.68306033708	95726.28534689941	1920005.309485488	118002.67519374171	79687.49215377224	68569.21022100856	29833.27031757787	41399.26427463593	38179.2952897858	94242.28915952006	37738.590041369724	36249.36317500767	392523.1402901897	0	60984.35431092134	50178.28900449641	0	90002.2991139029	42827.34949607365	0	57083.720247127596	25532.903099951815	47543.47214709878	50181.44022387377	110995.63768277064	24544.78534220338	22141.222930285156	273720.90418459085	131953.90309554088	93848.30402704442	192019.2942214666	253928.73928218446	63748.00374551782
group3_bins.223	224991.61610094327	335009.4822596625	614213.4293703625	405678.00284001464	245546.25898299715	281257.9277212929	191609.57093338133	245168.10068493188	640104.570645523	315568.6918159254	234665.7659963242	143301.60428079005	490282.5915741323	264196.6749050556	308581.25063122826	91299.48919125702	218742.58462956978	478543.9503441128	227728.61264369436	305285.2763197911	571474.86263187	118384.15508023663	188506.2544350943	195353.4326960594	164309.8383652296	108165.06847780012	34765.71627672029	260852.44811695875	425978.879035988	421901.5509264198	288755.62506230373	155826.37849918802	56003.4628793608	75737.78209675258	79174.20884113206	141958.66942205495	172097.38717241422	133848.8973689333	77403.8459800118	99908.82027410122	65354.042002872666	40005.677488915266	150601.1380032145	127354.18807266757	318839.1005321972	253904.16693125654	223906.79576274345	372254.4140356557	357276.018575559	242160.93350164412	194679.39645542417	159081.605426896	224741.36186730015	119024.02204207177	66038.28063066665	128385.70572852902	348196.5119876309	219428.62515578346	264879.64672829513	304431.1286862866
group3_bins.240	0	0	0	22684.743682569493	0	0	0	0	0	0	0	0	0	0	0	0	0	0	0	0	0	0	21471.53440059483	0	0	0	0	0	0	0	0	0	0	0	0	0	0	0	0	0	0	0	0	0	0	0	0	0	0	8759.825182046903	0	0	0	0	0	0	0	0	0	0
group3_bins.288	87942.70888761328	95021.19953132402	78375.34164693835	0	125931.02077168704	0	39693.26343164995	37648.65505413221	205365.47458858995	86076.27871473916	108537.34800284718	81102.34948196114	41547.11361610412	0	21335.764917507462	38339.84218043099	97569.1834782121	0	114870.64904618834	92583.78877866347	196856.317636912	91586.84839879612	39049.78439154913	11050.366235630832	133832.9812604646	106925.70819924463	109878.62239498779	109084.9648806556	77867.27048202252	28535.44599095027	38275.547629605695	35637.6300180996	156130.38596566248	0	45388.775609248034	49380.369424236385	37264.62751165705	166677.56336166454	79440.43945623067	0	0	95412.40244495284	162554.72301709326	191296.6545284355	0	33305.8294547947	0	35508.532201221155	87221.4574518355	116130.32019624862	86771.37963155707	60591.32584520564	88855.86718498328	90325.41868069259	0	36585.54403146069	0	33950.77760380039	0	95982.45308473933
group3_bins.292	212555.12992306484	381438.22222239943	203349.0301713139	171701.0996429735	200452.20314928057	91428.66589450484	519135.95379427297	184692.56753797407	470685.5685097608	543639.7624261696	434463.9139375726	394098.5499366846	308044.73707655264	123877.1525485909	351455.1815277609	315809.3200513004	327480.4773135156	624323.5478712389	419602.2217004454	521729.29608426354	549305.1581829853	814554.7238971272	791868.7868638191	377012.02374906547	36505.03655792995	397711.0103816868	484693.79607866745	262684.4152486714	530825.8672081189	500604.92631874	543663.2790432735	392779.9439062626	464261.43547858053	586468.7497065398	268119.47880692134	367996.0785356347	504441.47113632923	577669.2888648749	299222.7343887032	558372.097736014	0	307398.46820849215	107692.04558687136	459363.718144241	427552.50973298436	219659.24731561236	119755.21095560867	179464.6107164902	221666.937885409	75961.75544028301	283274.0494850303	130070.9046810833	283285.6941044324	88952.71734055343	369704.2681749214	221763.32030306364	314039.6961796591	300650.4378566897	305605.3849884246	668992.1229386709
group3_bins.32	154718.7712140669	208970.95389513014	91737.48718611835	277146.47832550475	79393.82155770334	64983.606831812285	146188.03335424658	83023.07060000226	191079.1996230985	291529.29278698534	0	130958.02686997931	184474.9222625285	255082.62206617984	207851.05696542555	145128.36469827854	140761.62790917582	984199.729525265	62439.36097202368	93934.85396142348	535120.9366683258	428287.26413615135	118937.49514244063	84813.1143626225	41781.71323812262	91343.19472118985	100679.97170199877	190993.8893445483	47876.3833982279	245616.29704204632	475045.2563129272	109694.52309295138	62341.328032804	56336.232838206524	98993.27352826238	466702.1027104402	82720.78726152249	374947.0863846634	72748.65013186177	134382.52199422734	79384.06046358446	81698.272894269	56612.18690917369	55646.6635280467	316642.3762854633	106356.26224288359	222252.41675674784	71167.39998217061	0	99831.68520013422	327205.25828476495	0	0	65505.032304251254	316680.30916539615	62689.945909909344	294075.6812157533	129594.55810356405	141538.55976187007	185302.63224621516
group3_bins.323	296753.0186800117	119788.75115770589	109412.78326320506	98713.27944487527	185724.2603294005	0	166378.7950848829	196665.89962448302	181411.9728158585	115585.15213751675	86865.10739213781	117406.7493493607	243209.48799010867	45224.47371005164	124833.3479183267	137130.44600125655	154620.63198041168	252654.34312287084	154564.69309681666	114959.57870374611	142258.48437305194	209508.56775245623	265196.53685349587	92678.18865829284	127743.75367212697	85255.21578111245	63527.60140528421	201363.36093056903	269975.34209747455	176572.20628760773	137520.46305652015	60381.85350859813	43267.2234838108	107738.44787351412	140957.00382858398	165658.00893252765	158075.4413138564	129534.66533089954	143468.07949912798	51299.83961705432	0	74512.57131024181	42688.09081850638	0	185241.84485572716	129792.11178838753	232836.5135760753	102828.10869532792	139587.6879366723	34899.88720880091	168219.34323552155	55005.69047370172	121710.65239066555	53622.88809769327	316265.505879955	182137.15510974257	177260.8186542368	113425.8192186555	186687.04721263517	174778.97845316533
group3_bins.358	21482.309948400103	49885.891038284964	19128.89665509926	19112.046805536247	44128.39078387742	37755.871914426425	277866.0696063339	116231.61342857832	67496.36957835697	0	0	78385.41534377311	72909.04994197204	150202.6113247026	0	166427.99850142963	0	54141.28573559476	24079.091746356327	57817.21837003586	142465.68821171235	48109.24051529403	288718.6591589114	24649.042497305338	34356.79588586134	432531.6632652624	178889.10667523922	204533.1131269689	160278.04377246485	0	341112.1523291558	244641.97171653615	494389.5831758419	107764.8832404167	35981.0741993867	105321.12582428407	74301.57008878328	151199.19477168698	485480.3164381706	95583.32886577399	0	150288.222412752	580574.658203336	0	36183.55101711794	34094.737736688694	97273.76019472654	49070.201852909726	159995.1037801963	38993.345630295255	299686.76995729725	1767.5796474786769	222788.3127494802	92920.30876570496	45790.55201705574	121295.99470980027	50838.91577942768	146821.0717474841	19944.57239477251	71117.30141766855
group3_bins.371	11904.362061101363	0	70817.31370334177	0	57580.11167875219	0	0	2174571.5672254805	55632.36284569501	0	38763.6643506662	62699.636354663024	28881.570166266112	38375.18805693246	0	451668.38067392295	2498.14433927341	900940.5517978381	319096.0835025417	83039.54775280137	445917.2762659355	13002.06689573593	1601081.016741297	291242.9769691944	0	1095967.9248252138	68286.86348177705	41212.30852738253	138451.13976282233	463678.52990411187	104858.2730654729	388079.3209039364	52397.72412781721	18988.35994439438	264899.90640710463	161138.42059038326	169216.42687672225	23696.115181571673	239211.1969962932	241345.244894318	162643.90142424236	106981.80606925419	95931.84960622987	0	253665.40896890318	286049.3446752025	0	60508.032672230394	1096301.3414955952	23494.085542063098	92811.76939368744	80689.05083705053	0	12583.199655910192	43360.38444642666	0	103649.68212227165	688446.3615897121	10200.153573848213	17555.669915359253
group3_bins.377	351815.80004447565	237798.60067997166	400757.443330469	285515.9881143	282354.6105556794	242564.6583833576	309032.7729854459	137502.94960435218	179177.13263549595	176197.96229966002	83339.02057839988	428944.0840611452	190725.27007177562	163960.43462589686	334564.26348373026	50688.36554498135	365953.1733127652	217730.636390658	281333.8164599074	55269.070248787226	189069.2967852632	280902.8893963438	289492.095904621	131534.58357214613	139907.64479870626	87280.28699559001	189775.69724979898	265735.85621440865	235843.0466115697	428157.9029786107	328461.81729126826	146967.21438151627	67939.23754946825	0	102581.38870669724	261763.7736285714	95064.22700038248	630633.5788688563	115536.99726387367	86769.18544283981	50544.35170102112	0	70500.23220276358	0	204381.46058818436	295600.37922997295	371295.9219802406	319637.8274351919	178309.78025955247	198561.39885015323	276026.63770972716	197725.90661458546	249194.36922647164	122656.44036652926	926616.0014426797	569130.3730488704	487762.67564082245	482309.34010927664	580502.7332116852	162837.75774844762
group3_bins.39	71104.39432063616	43656.70523945596	29809.910218798574	396293.69665300427	55512.19504540725	0	169974.2926826229	27365.875084020223	271123.89849978406	260717.45298231623	380062.96129286505	136140.5764289425	114694.94025967704	205576.02622359496	194450.99799021814	71216.76472890802	71682.97251127945	193499.085820036	11608.802949636605	93424.8258560904	76071.96303763303	189324.9128131573	61447.32288822405	84246.45024773265	53905.152431268085	43797.09864255629	146058.20685358415	35681.58485029199	150221.37385655264	110694.94409404142	414635.08903493034	195102.61388451	18465.7045930177	41563.293159059045	146036.21945349735	89055.9998555022	76509.76370426599	337790.98085365567	34970.91969930523	32590.064449057427	72907.03683710535	66413.1863546715	127038.84438580109	65613.59173720347	39932.43846211717	190560.97229954242	259690.7675206008	268326.1651994248	131330.40697345076	68243.55807508212	380669.80811914	265488.9846626159	141811.87117071747	112187.52669032093	248050.8793401622	196990.9221243721	151631.48922236037	314580.53057571943	137396.91743575252	154505.50130639173
group4_bins.141	6431937.53411126	5841601.861647146	7103855.499622039	3152128.3625432816	9312773.673543375	5344493.435940398	3706216.406600909	4892280.65289542	6419544.788958643	7371430.836865907	5188251.432382035	4494922.3223980935	1914526.6309561583	2162456.53060589	4018492.960541179	6718944.788723209	9898584.568457011	6107357.31571401	10934951.130513815	9151568.181858463	5098022.110997833	1921025.710203372	6155271.048153772	6174819.961744605	8128131.641176509	3401200.372825701	3794721.8112867163	4062296.794530812	3507281.7372808224	2279605.3546756906	4014643.8523449395	2325136.560405768	3570656.0320818773	3020716.1256410466	3352633.7625591597	2484559.248396834	2658787.3975851103	2496959.9913551575	4941402.208009809	1070178.11055147	607780.1682452708	4886395.554525744	5639688.752215827	473314.27543218614	6418104.172153669	6324090.808291401	6661333.654344712	5724713.588992231	6578717.752194911	10944620.20422482	9322193.27243314	2864844.1073530824	8762462.007525064	7320423.932060024	2281564.653147873	4082126.567727856	6771392.820358991	4137001.1411400787	4011748.0629641972	8392826.540083896
group4_bins.149	339492.82492317003	38960.160231521164	70594.28228563727	347051.8887853981	69309.35113875236	310608.5770474538	84172.43369642567	186747.6450771424	431146.40429064335	498975.27541968145	434518.0780327303	97531.0209215094	294541.60563741677	198880.00384084432	476232.2130317003	335645.6756086825	347092.5574289084	214775.67320716515	312978.870267313	172033.89383038838	0	65937.57965222168	315901.1846220985	193634.50096217962	0	70618.7179533875	176446.52392027187	94794.67420512401	216385.53114401503	0	443241.4653401793	254008.01489888038	140097.02717216287	111480.19629561964	300820.26891427184	12590.55487812144	236900.39524629115	65494.71952948003	114917.84225816348	74259.19681331638	63704.530335487034	187231.52905882522	285798.33037722565	43336.83002163964	282875.8537129705	96072.48785495691	135052.81445459643	370240.56391035346	279036.8590522514	291417.6312460695	390094.3966216737	675130.5577527483	202361.28300175082	68530.71955533854	85057.07958486247	145184.33223092268	396554.0118064507	264715.8277919899	143151.64109596395	848608.8998905418
group4_bins.196	948224.0269186662	728080.8862785796	708754.5049266609	929901.4405890706	654227.0720052788	789635.3224285913	802059.535313652	730057.1234256438	674582.7947006609	594499.7848430733	78718.18128281488	856318.7675941887	1030919.2934358262	351641.7999638736	1042702.2741568149	571846.7220648248	468249.013780032	1261329.4355365105	539202.9964478487	830931.7984210264	1172104.6779811315	5965519.477478559	869693.3655581668	253738.25062102533	229787.78873398964	244724.46108100232	498463.5805075874	318777.4018234672	975819.2590564688	1924823.751753992	3528208.607725434	829360.1782796165	352963.05784666265	272094.39240670594	862693.3590686186	590435.4048750162	218593.27431001357	230719.25201585682	817866.1284336692	2471428.325810346	490273.8023792684	343182.83927306137	641325.4217516698	22531.098176960306	578371.4297912334	687085.8157904545	401384.83911022806	310920.03499604075	1508681.653679816	630122.6573026818	1723654.6699007521	1466194.1612597983	977862.4074422804	479339.3304253302	472964.62849816034	1061681.153231388	1065466.4777831635	1336530.263517392	509398.15253303095	723182.1827784055
group4_bins.25	12739821.640692579	11652569.027265474	13864556.31382678	3158974.561308031	14968741.547699679	7199228.914091075	10689871.221596438	8567908.531884424	5146126.600447922	5913170.650592696	4996503.8222904755	7897469.660676924	2381739.094400389	1601063.2484212134	3081638.4196917	8167369.612724628	15093961.888156213	6948926.389852401	20887136.658626046	11054548.672683718	13074383.946139771	9289315.024401773	11453719.61271874	7764352.899822109	10709559.452365555	5998370.89645977	7205267.510569801	10666057.682903381	9222974.396421237	9038155.61254134	6759601.19839981	3354297.2342045694	5124144.937719182	3649182.1252799714	4738876.646634333	9953119.87002052	2603247.6986165163	3922822.983469917	7209107.830579319	2266489.3666663948	1419181.586994691	9608744.517922744	8422008.263026696	1650182.7479763848	4562700.491302587	8893407.527144846	6731120.72409471	3891833.6927237157	7354849.829576891	12063964.923496837	11394645.360160876	5353763.97004462	11068798.050004372	11490202.036260635	5038593.818245091	11524654.005364908	7951029.093323261	9747344.911972787	7020609.276581072	5886909.951205733
group4_bins.261	197752.49400362614	351449.6926276405	203347.76132419548	284096.2297154485	471184.62084161496	86019.75501716274	472295.9158016254	189579.89931247127	390591.41135623393	334086.35648517904	251710.1522249106	437497.3197109456	259121.27215281836	33970.75749132464	159837.82937837762	409512.6469588714	323770.0679131855	399520.4146918115	359945.19343945384	319274.661866339	395587.5083690428	668806.8287066147	1015534.3323812516	202690.62075500452	358701.7509601776	228328.49551623024	254854.73944672543	253126.87927025577	284514.9113005005	1222287.7592107214	234417.1907525282	151693.5861846469	428506.193151711	237310.93920618846	266465.76031018485	735591.216080816	861774.7803762038	399192.92515496927	438900.3559385947	230367.00758690183	0	248814.7363109662	339384.44958280766	191841.29494594922	251881.6114723595	143376.85492689325	184021.00983446217	226984.22821209644	214664.86287418474	319357.68795545015	401118.21322341025	101266.79928330572	366187.1165509617	214925.36913195637	262786.9458947161	186142.47219227435	509714.06649126566	43872.745796440635	686903.1557669141	288060.1608625875
group4_bins.272	276054.60554952984	382013.0573654865	302705.8517717164	1092904.5022614622	356804.0752263294	336297.805253779	957520.731502913	759421.847709454	907075.2368941118	751761.6274268654	424800.82943155285	387009.9061866168	719134.2510040755	305906.53703736665	660312.7474816705	465545.8042454332	399678.7047063657	1006887.4165648897	484541.6842406423	636604.6590676905	556930.4472374702	947326.5321258883	1123794.0028023806	582296.8871385728	224933.85863089433	257451.7370548392	425589.35110433534	311353.40044354467	502927.39718231896	131148.72866030497	1149740.0107714124	933229.2226811302	347291.0460121465	441350.42162993934	446002.2763362073	189697.58662089834	1235827.8379702051	634275.5184725327	855040.9762629512	768899.8657784337	128833.34994432775	256238.15072884198	455039.9634269893	161748.00519625147	990562.8870342389	361476.0760498543	791967.8149511416	360353.610609124	546082.7148238404	573799.2840548608	727643.6379316105	1432626.3279186364	515574.76334731595	545991.1274060245	1340503.0892529779	607679.1860704267	1142967.442873911	677695.1146314084	769042.8392548468	1189799.9332403312
group4_bins.297	32507.808670280898	0	0	40117.40559789585	70298.4838914996	0	47023.25193353886	0	0	38001.12882174891	116709.80103030673	21717.715605386456	0	0	211354.91937079353	88878.21621846913	97395.71538533371	0	0	0	0	0	0	0	73028.66311679035	41055.63381143554	0	47916.99208581792	26404.472184462797	36010.627062366344	24761.021857990057	48635.59801593869	82606.78130657703	42615.96916246449	32744.26830686398	30237.46168341862	0	0	0	66398.53432527409	0	98819.49523188197	76670.56104875743	32279.713397219333	65479.21945263453	24235.50618663811	0	83149.92992422466	66801.99294354818	27444.515887107053	0	36155.051211504906	27717.392332742205	0	0	0	23971.937782900695	53486.502394854564	46486.92392295766	84852.01019400853
group4_bins.47	1552943.0964825437	1368614.2035536354	1899341.0808032323	7154620.788308615	1750764.2037420229	1257503.444863474	2137873.4634263143	2434303.008930585	5882885.49653942	4520066.133044593	4568717.676110215	5009412.2794730775	6597121.454996797	2935376.779308591	5254751.445893953	981061.7695023394	1280105.0413279221	3171666.884137566	2720214.39553153	2613647.430713976	1585975.3792321463	4861009.907193251	5634037.270648507	900661.7966723123	804143.3304962023	2076847.2871116607	3322898.9819195685	1664502.57596094	1799852.3188721682	3953720.421518276	7544164.697739051	8350163.181374323	2099419.420063924	2461993.304249626	2608767.251050472	1832386.3769583607	10139398.580588002	5302794.622284348	1018557.6082079394	4836615.569895371	2030352.3486937012	1032049.1453065387	1706941.9986432262	1640152.0969040098	5244005.1643998455	2470301.887072746	2897889.7567510614	6207173.549013941	3121940.5902946917	1563170.0671353291	2142070.4074939652	4803762.475263575	2279093.786153217	1803129.8901313918	6446869.044125028	3154774.4352094834	3020650.7176844464	2014850.7772382267	3100865.8653030633	3659936.395795306
group6_bins.106	61297.88695509736	14994.577816399647	2664505.3842274966	2367743.2668080474	20836.407311840423	109608.86835147481	9659106.844395468	114211.98556086166	45105.58821652565	0	38584.556246890366	71062.34198654442	0	104270.0821349425	41153.778008969246	70000.0267458296	6105.26452327132	606295.6764138563	14125.324957157369	52726.58933285085	35973.82033381888	1109402.408053087	0	2001.2864973409003	0	0	0	0	213399.61256415854	138872.61733577287	661513.0690585301	249016.0868169519	0	401743.1063227807	23380.244485109186	82107.03400446079	11738.14719192051	1208663.8355118479	219681.97560011246	193664.1311025424	0	0	0	0	310970.49696768296	0	150967.8914347609	485025.8065444468	3381472.441416754	0	254090.27631660263	2241964.4569104323	1445818.8858139487	43142.77970625994	84615.47874436891	881432.2290706773	375321.80769702885	362352.798539246	269924.6920347329	385112.97548195085
group6_bins.205	953154.7676729612	669421.5578470745	918868.2818225394	3273334.38359777	1202580.9586144697	3370688.7558393897	886720.9810147216	494284.01681102865	1162301.9714426904	3624363.275954174	959744.4460028576	2423185.363311022	1117960.72122803	827120.3464112077	700536.125981818	381999.7790421856	512325.89993676514	936669.1841745756	621912.5966865362	1711249.0543587503	485388.7176690212	894683.344418004	3728129.0652920264	1398029.9280493802	211875.8528169293	776014.197947523	462619.2062995138	263070.7265804941	457115.0494980187	456010.45120575745	950511.7064776667	1368382.2087865726	563411.0832541406	242382.92738023677	364444.09429428086	333710.2695593624	519853.0016607858	481414.00967196206	1553297.466258503	221151.37514621558	1041558.5975704443	291806.6160078136	432816.8006583267	3469245.6481837863	754305.0560387691	2270434.4936310994	2924121.568485231	744784.4592588311	574809.5985969112	3711655.5700580175	3085749.2086970145	990111.0619696925	674429.3012844332	2148753.4299947186	627306.0762627876	2016122.9858493914	936195.3024200711	2757482.256707511	2145076.735293615	1121672.8707723985
group6_bins.237	305253.90633477847	223359.1088932588	217932.24548227803	467449.6364289596	220588.90000844767	487724.17009520845	1911246.568682926	296451.11926132377	900369.100016446	587826.4519340172	267061.56246248516	331374.0453966775	551528.7902910272	347732.22413987113	312281.228566459	197184.38200552508	224330.1116475256	152233.16332933653	276454.2842197745	208854.80575374482	196453.24236854757	220008.43592530396	336944.3829138331	238209.96974237025	137270.454857565	200267.89954511073	160039.59619084207	143638.38877842782	272131.1656601236	465272.3026208195	434631.7187514034	96470.91140295933	85084.54413237039	85003.93084076373	138309.82018570494	112799.14057449276	153770.50675077958	106297.22374487434	154642.6845088445	147547.32600279682	187752.26207689993	130696.25490190485	192345.06558694612	0	457910.3126450269	630810.7605073252	573987.7126577711	222042.69870388057	456890.2226522692	256521.29172295993	785332.6160170895	86122.83181791232	358562.28860138723	299904.1653058306	294046.65301218274	614876.4779319371	327692.9696635911	897280.9671970946	556547.5836374944	809173.3018754082
group6_bins.257	2124601.2755520497	2610726.4599191723	1352733.1091060992	65838.82300859463	149542.99221598837	53905.66165318772	5029319.049163237	2980931.0294573545	24833.1784770497	106694.23237360592	1467289.6549420743	3495865.0568691026	48537.950426933865	48752.31342489512	96126.63053233935	2373632.548376416	1188843.856087484	391623.8124089103	372263.1626564943	205729.11463975383	9495597.102253692	56893.07132859143	877536.9779576614	10788.782545755292	45865.39459796695	7512158.246254294	169201.70449611073	1653576.7050471802	6137867.48554701	441128.2608389967	141290.01241013894	49153.11644027379	198492.85416487863	19523.033723807224	151529.2613350706	5201174.005841821	77450.88471149879	4492242.796536771	976504.6669912449	55641.5726927434	2516527.142586511	46442.07711365065	44266.140948557775	0	49364.279424489076	1213100.99581198	85054.77110148777	95508.82376757062	56517.810688948186	38017.15885071581	645798.7805030387	53405.63247496903	385230.7433855017	0	34709.20499814772	648336.9441097181	136403.80313620696	498955.8903901509	29930.75180377268	124624.49315955353
group6_bins.275	176930.04753405644	125085.20755929916	309569.2160899404	204208.6480483435	478418.5554702878	308276.6112586077	561127.1146335715	381269.6715976027	639285.2796906405	429906.3437918736	247981.57272884678	313390.4667277606	359629.6599681224	154887.29274223364	543589.6001335891	611770.371315483	385284.3210872594	295762.7832069367	396134.5243349826	319883.01683523733	451190.99131131044	135919.92241248523	245732.80717080823	389338.3002848605	134976.5258029158	83089.88661813205	369815.53662304714	93187.61756045737	225069.64243222692	331418.6359681862	457965.7821594427	268741.6967446294	284251.79472551093	80415.84775480592	80367.51619892093	38097.20901216465	238376.7413173978	536386.3323000518	344323.6944605564	41052.97424822081	77860.18211780513	344658.84534580016	380756.5546620341	0	524384.5093658406	205893.05016888928	277430.1711855638	472871.8267219331	389716.0584620149	354349.5231065808	469687.267972555	441047.89102106687	605966.4656695783	330872.8116485215	277284.6793046723	329539.69153687643	637294.6432102977	434758.5392360705	470670.6084803961	561949.6486455083
group6_bins.304	634097.3243357114	2294991.482147736	938814.1309727108	1131689.663466127	1155329.5416276276	1411502.1849924778	1747801.6720830207	873168.9725842093	1499062.892668529	1209121.1419112275	934547.5421057848	853168.1127308303	684926.9920859486	1303234.633674032	1061224.7805684996	961971.3957457343	1337503.5449186459	932624.3664245872	999842.1269264093	1259685.6202640806	635287.2701368137	855785.2944555142	1628927.3917382439	1256099.6157509538	1067706.392388677	616517.4231807569	527877.5278987072	1017888.045249219	994725.2564154549	773152.3626421806	1024396.7531479418	619648.4047014416	487981.94688084134	534953.2548581859	520792.20170724875	234563.24653117193	760588.491217032	767819.8114356913	986078.2023368313	449212.77540472	494464.00657712994	1216697.3343378934	1374773.0834674183	115779.94480810328	860573.1699021226	922024.9945729298	920476.8777760023	906730.5997433332	2289871.43377746	1578392.6556433155	1591643.8304006704	1167312.1732614695	1330667.1120251382	1012574.4789594897	932500.7702558243	911082.2019500611	1505763.4999790548	1443622.2938696784	953401.90596452	1812336.2478063814
group6_bins.56	342993.0163002718	365347.31043667166	230824.7766981225	322410.8446500779	369706.07202182023	55375.56962846302	296864.82009278686	358923.34970102046	302684.2582310729	269374.8609434257	683314.6623132689	354417.76455457864	452865.1911224544	81004.02064609458	511464.6169883373	407364.49518218	169115.6836961855	374165.3318858816	167467.3298460677	471210.0813550875	345688.5922184841	184568.94362255768	134092.57646620652	208531.29929108833	262875.00939082133	272031.0921693179	156240.62481982005	396455.8028446822	279849.45813736506	340481.42465282965	224611.77916102146	353366.49788939295	294690.7965397484	419975.42043019197	249358.38527945144	292971.04716932593	359799.97756730305	506587.4457436367	534958.5944488569	171456.2450914909	0	335373.7191617475	361651.0424945286	0	269848.650679571	24667.280493686874	279002.15537824057	430872.9194020729	230448.82004853664	496878.9704631001	209555.6979387429	253674.40486679945	312915.1575355217	387321.6031414916	240843.31120517326	74161.46088010295	199538.10007398616	47056.425166193425	213080.2160906444	419273.1159180511
group6_bins.67	40325.48163928634	72172.39584791244	61483.50747147227	760007.2209099879	44230.69339200121	56933.19576289192	33543.2153617844	62774.04330229653	73907.663331155	20710.06077169545	125286.25661111044	142418.27224310828	129217.49026112817	81609.0922231547	263029.71187285567	141059.79132765846	105733.53185596089	196964.7751505404	115033.15845979468	100551.95954851815	98937.25831730149	78877.16867841542	212437.11097675646	45861.891576700706	33612.44521302373	54718.58234386764	167636.79180087557	75379.61726575531	140096.32883373275	132749.01755269745	188905.99689234886	308441.24095271574	182205.94946604007	347624.2201166876	78967.47387587614	304926.99577534554	84293.93895899953	201448.6712219665	126508.15375625488	49175.18346844108	0	111708.54262258217	122691.52937942573	0	203680.24692856567	75728.56481684424	34823.12523166122	287296.1852743878	183918.9231997873	39392.97485538474	97100.33928552338	128221.81281007413	62721.24450155067	42377.80580375657	135816.90384730173	31195.89944258616	75898.807736358	106693.09811547471	64921.27286135856	159026.34651541078
group6_bins.9	119854.66186355083	108598.65650657602	155685.03032078093	104216.35816408135	57779.37062256475	126998.17142995704	117235.52609601067	119890.74587866793	218010.63819965324	57760.314818677056	117482.84698013248	126332.54118046735	90761.05515994746	0	102598.11104766924	76117.69690490302	98911.66117202849	91520.21955679085	51409.886050033296	108537.83538375134	85328.90070694477	41476.919644432506	195598.6827586677	54894.111722013266	0	128548.97193311654	40997.109000177355	105327.3603817938	188208.6209828878	138098.70553196673	183622.14804633084	112298.52448488603	93483.39844923123	70767.615912921	119370.73848458982	368931.7879001219	147816.25078095356	92121.30173904925	111687.02721094659	133910.3006035628	0	124076.03895993097	100110.95899965883	24697.775198203883	111579.14311828458	30604.4532023455	83694.33919500062	78709.27261617764	135474.13862233268	42141.168440964466	0	43936.952961939765	81857.42005173718	77511.39208504841	149195.6628525498	172717.08150481762	141238.20231160393	102392.06107256273	170640.40311741814	113118.82380086339
group7_bins.133	264994.9512748871	301499.6417890303	280259.21609607764	188219.1010922527	551411.7413056605	377285.038396726	233811.64535167284	138599.57043860084	585280.008695568	486865.5849563142	309929.0601719164	28238.527190707144	193268.80271579186	272587.82840949914	453827.3368027453	421975.1074443359	373286.5523439471	164846.15777481085	134346.68162961857	101020.71645079981	69400.36085835325	24615.5958517339	354424.0297316791	222014.73899695236	243162.53154977225	157625.10578679436	186225.5498714272	125516.78792749584	199456.78564084592	112208.37117566128	524344.1745508065	502717.24924102484	343474.66749461927	339186.04067909485	297397.54831983574	248784.96800933735	358498.64171849965	111205.68287183302	930566.0298010872	138148.02183152732	179905.83789041082	593815.5152205001	747577.1995756488	0	346984.7178017307	142527.724364266	87249.94152217844	308202.57219056203	189703.86068063678	787862.1617775527	1000276.7637300038	269501.14814672683	616489.4089044725	268453.69068185525	23138.65380366319	118870.68235896708	304530.4560108039	592684.0448208085	211485.15288459984	985292.9322333573
group7_bins.169	338578.88993461686	1109357.0362415435	697877.652750942	1062636.8422714334	357088.3271397343	219401.22826311106	722336.030370915	482848.56207633857	559338.0237034641	225407.18919106486	273229.1870307811	813551.8085641303	1908803.8635253648	512870.39713918424	613995.2952193207	500492.21603885194	563166.5304466451	751978.4083312948	488424.52774320793	362301.17906732543	942528.127404007	2473191.5339561976	1166186.177694035	126140.2262085447	85849.75325056593	438827.5482504614	278116.2455520373	427563.7016893577	1763394.9744858628	5120914.506303887	731161.479507951	385263.49656289164	144052.3755405573	316290.53936729307	1025663.241962864	600230.8260650655	1692439.2744705265	1753531.5523980525	114600.54436827912	1531578.046094506	346111.4778533026	76607.83799411131	74785.63481799308	20211.26084444247	465712.41300906823	392679.14919984434	81672.0903545747	189657.4005692731	956783.3782728366	120131.75945974424	851774.2789319541	382803.5599836231	232377.85154518558	161509.34954208622	1324592.3219229553	3281269.648507944	794569.1273354312	854000.4828941551	1209500.4838963586	656540.5299422577
group7_bins.175	163426.74633550114	199506.82331993806	155147.9161273287	359260.3975343066	241921.66321449156	246254.69787535214	375140.6692007382	129282.6965276894	465182.94986832625	536077.541325853	371325.569420693	85976.33255253192	653440.4890048952	287226.1088639763	361168.2474222895	66769.66841352684	285073.8130693161	239006.79992780014	249701.97676200536	287347.23975782504	119497.65780622499	95964.43540767662	377828.41240372276	279449.2028057666	339620.30730181106	161712.52716169748	239321.89953238764	35095.28226467117	366439.9327402267	93222.63893266709	594602.2819415801	496480.04093785177	226569.04337877542	183189.30530894143	155262.53921816722	58376.53131716341	154922.51977450546	128201.94278503933	151049.50070659	36357.47359210709	70325.15636495734	118738.9892815708	93974.6525140457	65648.64647377643	413346.69104501145	331837.4352791199	466594.7539556939	590862.3298180375	500943.1164593636	276395.091289399	625961.5081926723	725378.2259438056	451528.33374115167	196812.87384671584	346461.47319169535	371975.1596709011	730014.0660969724	474297.2782975672	573923.0243873252	749713.5463786359
group7_bins.185	55984.909751874555	38152.001594800226	26003.738431704394	157253.31874498882	27389.401992260835	0	32069.325778064693	489659.7879442613	70948.51084194213	99438.63550086226	55128.48046450676	218110.96267485805	0	0	86506.62149044551	42733.0663949521	147060.46090517222	27086.62754114256	244279.4896294887	146371.46220366933	230458.71058397242	78461.93220584493	195651.70647824398	65898.05674486003	70565.61752972263	39898.506594410166	97472.75525533683	110888.55241515659	305755.53938957304	132897.2236822828	193388.41786509726	27438.058155070772	91146.23266134894	14142.413312494587	84439.37660465075	82118.62347917368	112292.32433157442	296900.5637471604	188875.733007566	213827.46580758705	74087.80891381549	18874.5419722227	54691.14940498979	0	32357.285001456632	287561.44736947544	56150.04169899575	158541.97454085833	94066.83739251977	91408.46631338801	132587.36668492883	0	71143.81992030278	134421.23646067813	528201.1451668316	98334.51550745976	316767.56318463996	24659.29185891789	176096.56238439365	125614.01796394175
group7_bins.209	212610.5967897196	180748.3619211581	304407.70464113983	423256.3279023146	373918.9711625875	273359.1528062256	426019.4095859034	491533.1982582362	588333.0979239421	586753.7775405308	717139.6552203916	409753.8103043753	479351.38559958123	211807.23565400558	744562.385557282	334685.4621613515	522807.12028656184	456443.4437442464	329323.9380809223	448348.6415437801	267479.8358030224	251868.76000393074	640485.9177442038	430052.96401158505	388292.06452459394	360134.0924621388	250636.32179190664	300435.0002258044	459113.5909740855	166315.37519565749	619758.3533139966	293358.6144962928	172458.10668176945	425842.0422662266	292263.86887617235	275818.90426549	598826.5102148596	394100.8961571824	528059.9414347429	269821.31380530936	110832.27158130641	100834.42606217074	357641.1413146424	163409.29159632156	657992.7646885937	264875.62588750495	462967.8183609874	533730.968508659	281530.38543738466	512072.255652666	448667.42820350145	596599.2357537545	525159.4795126368	404553.18739631306	330631.9315326901	259800.97258159914	342007.4319915822	426979.24768687773	470136.0605858577	607226.5585818216
group7_bins.231	2932276.55089238	1378066.603641753	1161943.4117987752	531924.546279271	2429643.2495587817	949891.6647172362	1186269.0114972391	1737407.190074284	498064.71579817415	462546.35503423144	359445.09490012546	1208094.4241459097	293125.544618693	111659.1114737068	399371.1775443042	1286551.99315413	1196906.4411274416	1519218.3353426536	1985802.7565524164	1704713.2356467005	2961651.0027289623	672105.3149026629	892938.268988005	1354261.8758966636	2317976.5072369054	1297044.1701493284	636457.0859392018	2423693.291810499	1896765.7570708697	1708308.8781754414	913229.0996520203	262285.022207113	608944.7406987353	358143.3111231948	950153.7728007971	2135937.236943174	305872.2484253901	436344.3500815373	1137298.8787736916	231804.3264221103	143832.57828028276	1023803.0873406905	785805.9739282962	180478.93224250915	678625.6362186254	1349186.7729038852	851902.8366425459	644600.9406090624	1399287.384892701	1584433.21140186	1639022.8902847397	798580.2851119788	1471055.6374626	1938992.2275867339	746480.5230170167	1927706.239506543	1645798.5208429517	1074852.4060577583	1634593.9293955574	1251251.0155264086
group7_bins.260	1150378.9517803632	1516218.7226266726	1252672.5740062455	553843.4982049724	1145858.1189359769	750577.1270711528	711258.1536578318	1454045.805645878	671710.141242749	511301.9611684703	502126.65329963685	957759.7401631314	268180.87308587454	195382.7526487577	704438.7216130564	725559.0338802162	1342130.2656801525	732866.783275193	973310.7422739035	940047.4711563112	1267136.1099961181	719477.304188502	1038388.1441539433	676542.9627776686	1057129.7824493737	604221.6922178247	659646.1538991877	1271991.5459232607	1488077.418819968	923924.149961154	732724.6927955733	479944.56657236215	616636.5918923483	386110.0564618259	568814.0962924943	698576.8950961606	490258.5561259863	587365.244474733	755164.0479116876	347158.79936903785	308325.7517168602	1111060.100141917	930274.4051733722	123466.3330605489	417289.7156939079	904300.2571521528	575897.2833698571	542729.7624836928	782976.2302481685	1256262.317800644	915982.1300878975	740492.9238145874	1018181.8525436242	1010895.5787566134	761245.0175130038	906708.5008110168	1122538.895060598	993538.5134925275	742429.4576607206	685596.437715315
group7_bins.281	57663.41238953339	65143.355799070225	84578.22349649882	0	71475.26298212809	38629.21723521461	0	72929.32939709275	48036.69235521092	27955.831305008767	47234.23531768702	0	34998.44317446424	76478.10982895907	59487.29021173995	70339.74415668836	102028.10440746504	71450.25539765178	90747.61251901228	82913.59977337577	79410.06969972813	47197.42704867516	107150.50900099636	73368.28577935758	115223.18814841278	0	30202.922051020083	29293.90905807043	0	72542.6843659761	24023.334911839556	21894.13564187651	0	28302.856573430174	10803.212648174731	0	0	0	85485.1271651019	0	0	90685.97589900019	18485.098704804892	0	28687.754571383975	63516.6861714595	0	22570.601554032848	91599.74059761653	133377.87389605568	43011.93390920722	28565.28394511598	46581.42873842558	69996.14602471022	0	30740.929208331676	67280.90536721973	9276.544793391511	45632.38778201255	52876.81243955665
group7_bins.282	2819355.6486592926	1757272.1132305362	3512374.023757826	2335523.491837811	1973890.7064935442	2080156.5952145038	2398851.0830573696	2435044.683347584	3385010.061697102	2081497.5913162648	3408233.8809837922	3150794.949682538	2427751.888478982	2380186.3167265384	2373854.6578627205	1505023.4278289592	2837484.6861258023	2708231.2645796495	1128297.927822832	2432886.1287509934	2747885.957778124	2822894.4853321943	3203602.213788863	1948870.9010120465	1864376.9367353343	1152108.9094516407	1848108.570064629	2518648.0684068096	3026189.562925344	3589491.743850415	3135231.2685528835	1775621.376071988	846357.9859161648	1623812.7688122229	816477.0284273584	1107755.8543345537	2030177.5892814659	3820543.1934809024	2440028.1066832673	1237901.0811440821	956723.4874835084	840348.9293498555	935950.0160501949	1946019.4804522863	2355772.0959257996	2122882.4426642237	2405497.072784041	3084706.2526044343	3012774.085591826	2746303.683020654	2171390.6483428837	2480677.595257506	3835145.2988066133	3340586.365541736	4031299.643056461	1831582.832465974	3143184.6069571776	2249006.4892615606	2738761.0011404552	3496632.6823291155
group7_bins.351	488758.3693786919	837804.20145201	845328.8252280527	387036.41527072445	356766.03639751987	299684.8493205621	725532.8608181197	782377.7575233588	740484.544639924	588695.4363251472	700069.438764177	1092001.2043656288	1133026.9087324932	335963.59967580985	810938.4246312965	612560.0734305383	510325.92961064674	380099.97633474675	314438.6233111564	845300.6289037165	717015.6640360287	1725312.65812314	342328.3347403519	413038.24164440145	451202.282712491	446521.9834287915	889276.4517102629	713717.1806869069	534686.9002736465	1121324.5339831281	1445306.7255207777	1273931.668773042	466372.628448852	460155.58932336076	756731.2105611111	1105449.1780282133	1235372.851006737	1313227.204657814	721212.4971182805	1251614.7547131763	148855.6859652727	288781.1859630917	465994.0736126875	223199.849865517	537872.298254591	567850.0722947211	329259.943211612	626231.0104909271	624673.9225396961	423881.8414971484	571178.65520426	697192.34642053	411541.3082583753	539783.64025357645	830448.2819819171	777948.3311300457	658194.8543445884	674237.7701790667	1057048.070650145	511499.4342737143
group7_bins.365	258207.2035512829	221533.50956107856	236609.1928871202	273961.1228035802	266138.8069267142	107686.30839255662	177570.07784251432	201056.51622839223	484479.6248571423	520704.0883882422	413953.4343854049	388208.8642155277	677197.4529357487	279904.27619049995	603483.9817613066	208983.8349581026	203392.43100316531	236402.47044450464	188972.88808990447	177440.63015373552	207663.07681370567	338318.4520573509	294532.488192738	138835.8416715922	149957.53624240268	211708.57047733548	202978.24101816295	219006.60019747243	201512.98889111096	368098.0551741868	369214.5266433108	479502.8223385475	157316.4819033355	291033.32823026367	244016.9328508567	281829.55154245236	671746.1536654391	408480.24421145197	124496.08121134556	615882.9056719292	103024.23270641474	128049.01711643039	194643.52159335115	83031.51981182957	410323.029485681	298898.5926226947	289114.97904835705	531569.0602774902	259271.0029251036	247074.7496761086	220986.3326868459	467175.77179479453	254537.4705890049	217592.4680808976	819674.5351792832	327706.3499216274	196045.95769790382	290975.6439192956	319706.5361371401	158505.7414227922
group7_bins.369	269015.7985136976	107981.47607570428	458816.5975513852	2995711.0119380034	284528.3835362614	48221.989877872285	892160.468735892	843528.8786397637	367702.3582139651	235405.12585145704	487387.6278785606	324345.4051997162	233994.4839833336	237094.98994291289	636297.5661415787	160772.83544556826	119245.86946919875	440694.0796307116	199634.00558329522	666138.3573845163	142840.83751615463	160399.64989568767	635374.2115160951	121086.53334682138	171936.95157849696	363821.6046559742	196025.24779936622	132489.66791925378	535482.38071592	276060.6448392888	305605.21553210483	190885.23167357213	393564.7829097738	582374.2580093798	81265.31332262032	59028.560234938916	521587.61977593834	85743.51621103563	1371974.0077518167	592479.1334876459	21767.833436113546	94347.83240331081	221818.01420096378	0	162393.34511104907	137653.2956483062	474876.99494768074	271709.66226831626	129769.97470133373	219554.26221024766	930948.1525320036	536496.9595051864	141806.93291634083	868637.317922357	1150496.2986186652	7416983.467564808	639176.2130388039	209391.15249449786	592953.6156192563	807948.3492145195
group7_bins.370	343594.6695605057	150133.81675085786	844614.0995582578	709769.2559194629	638834.4602190275	166063.81831141462	1062227.1872663843	660211.0419188878	1144169.6061530844	456222.3022799306	464629.5480187091	424442.0541011006	623054.6253651638	110408.12490945274	983074.7426707597	357145.7840979482	827065.1471434974	778617.5245652761	143156.71306871282	700267.6595259184	524210.44004412263	355903.6003853147	598475.9589950563	890200.5498544928	208430.17848742794	142064.55805811283	126217.95852353648	139308.3467044802	500482.89926784334	365303.7588596107	1193972.2787032991	167356.63502445162	207107.41237965267	201408.8684260795	212443.8166199963	136007.96114273305	79697.47472004712	386447.99238521885	573491.8967120883	142898.32792752623	0	368261.22251808137	1117886.7039248624	23786.35457641971	971848.7446673866	402586.36742029875	832002.5094676598	533714.7836485794	840727.5914292613	1455911.2042975049	2311447.687331561	1027756.9501197016	3967676.3337082155	851076.8970193237	542497.2656470705	420140.6074086855	1420835.7163850204	630653.138032933	798946.0374016118	3329208.1975284237
group7_bins.394	142078.65171201614	136398.43705656464	170566.9247848297	243848.88882169055	184518.60975268556	101969.84509642656	128166.2042021494	163017.53768783767	307967.4399686336	282491.5983288938	216005.0944582037	337170.9872530375	219024.95769428305	134128.1125968768	237017.52422696323	205283.28180804607	221542.98227784046	149277.33557593648	143987.35238745812	250037.17296977362	380016.09948284656	306873.98465116456	292436.19887169823	122024.9604682571	243696.78740175485	270492.8593306238	304055.82124002505	265195.5614841507	163596.04880409635	87363.47831013647	209651.9071678882	301786.9783836664	207357.3896008896	175762.23341513763	73431.89157202201	99668.85527419722	226278.5390543239	246090.74744000653	231008.34208168017	102567.88899625676	363254.9713068712	150577.8783606956	225299.48881350324	99501.43675344283	175548.59240340238	76845.98262477634	264828.9340677614	216439.40258468594	196436.09307125094	406071.9341729473	294585.39550720254	30489.0530662172	340297.52006557834	350282.4872821669	147401.88578250716	25151.182054290966	220079.31981707766	104861.31738843853	290829.0557773584	71304.24199638383
group7_bins.409	454726.11519855657	198108.549147876	542447.3297183095	523543.57371755375	373440.8835526901	250710.0148720775	288122.6606413985	226551.97469343457	451014.84205933544	464966.5511234734	313043.9008694633	341812.3527388442	311448.3848767605	428550.3384256363	478826.33665492054	398737.9093234164	566833.9074811186	78286.48719876038	138644.12853871306	384316.6096378612	260871.5717893013	361485.771078286	233881.426840603	217062.8781645764	247953.5506393266	99925.14210556036	164383.98799371967	156756.69851387912	255336.4926427175	211525.56494851218	314519.1182393313	186930.33858140296	76369.2306237501	27831.97746093506	43051.44473973957	167831.34212083046	154580.0600317786	168151.90602638127	547570.3740789426	144944.8055541944	325098.3239827536	793770.2880512072	739787.9840813228	61876.6138626761	221725.43587756934	263096.88769067894	362309.9555980622	305699.2956227788	215068.66180788545	861866.2370863442	534897.3686377615	271785.92344068055	1074628.3060023978	502698.4060274234	202036.04874776205	207655.03329668054	354450.81709767005	452900.29516284226	227895.53492200313	881749.9473781675
group7_bins.41	34766.45168971686	149398.29251593314	307363.10803400766	114681.72936168214	92527.02661732788	31983.098382102846	174024.00841990684	213292.94611262705	503486.23344940913	79131.73316068595	97253.78783429528	205911.29887326361	130184.01496459467	250748.23642073924	78641.15201060288	114283.73008655434	106077.19817913306	107639.98733585092	28229.40607967278	105347.5856660695	39539.09635737204	322591.5897065933	249396.4345295363	0	51536.671008766425	28812.21677689216	55956.9565285305	87880.36951951415	304252.0524046722	356224.50926104304	326601.24169489753	91738.39470535956	0	27154.214530402016	220785.18653175718	253768.50578193035	246290.49608415767	317438.7889399553	100464.64749254723	242365.5907824358	0	0	62944.176246616225	0	30084.12354934607	33946.44643730132	31117.56911716788	145338.381745	74951.81395965016	0	34993.19186578339	15257.541739422652	45031.16819123265	82254.09761914823	297696.56487603404	68154.76683970302	224570.27185758104	226401.1814667328	236454.14319305582	290460.09645281784
group7_bins.426	592226.9293826158	694387.3183479228	556381.8033982294	342947.10993014864	688785.837115613	326425.7023540665	461521.76344453695	477466.9107024613	492999.11288517027	390963.1969738497	177870.7863051112	752687.7410907369	404952.27380575205	451002.3525251991	569661.0823696558	742543.9200730887	317218.5580769746	441013.9368859448	628556.4484409231	834039.7716433686	451314.39343392017	663871.7830147552	594073.4640137398	605392.077634349	568614.1729141781	459897.7578084311	509298.74493577133	625237.4970585079	657568.2127268661	671960.7844022908	502126.576460472	262433.5211399379	328995.54171180946	503463.1192396556	409985.35425419937	435357.75414872624	423046.292731032	429308.6160778561	650394.2299179116	684264.990641079	159257.6446386348	284092.6976016936	385970.55259117676	203714.0469360594	335939.88782994135	465373.4639424781	652441.8358636089	527894.6751454456	505702.29431252275	638605.5279118334	511626.18531959754	313558.1938603645	552628.8442528512	608375.8706346812	211401.12586820096	626023.5539718063	812749.2071507723	723515.7116440913	452474.08624232357	694771.2266952033
group7_bins.83	530080.2937038273	486252.78971151955	445015.1124234086	615991.2595562355	686038.8130878996	501246.3386933663	688195.1166072711	537114.5141052053	1179348.1636353438	1203032.5883969092	980487.7321893857	449129.2146086667	841259.8818158574	302313.3697159455	1132373.2043365026	622853.0894041249	676031.6836225658	808936.9256033554	622795.1576454577	803729.2345277119	787871.074174319	139903.76833829275	876159.3345747894	770611.2019194745	468495.7007358313	306675.09832479234	334506.37122160837	523917.54648557596	765768.5491399418	258963.85231364527	994296.226344398	747574.219053346	375895.6397057494	482007.1010575908	280971.22415712336	363731.8106421173	648871.4178470081	358349.52121116983	639060.1245674066	351486.92821979366	132704.00728049478	307456.7903036269	584204.1335138239	121022.86520026145	607473.561069495	377680.3901984993	636970.640064845	713826.3839547284	617496.8088911267	2642732.2265374344	871467.0702622825	1093387.512409583	1052606.908245356	703894.61307164	472176.29649220745	520774.279099991	927939.3859175664	913444.6187052208	744093.5716908879	1268404.7891634293
group8_bins.111	249841.77074251126	128867.32816832089	428395.37078594434	399877.9388379284	530269.6352480203	683249.0951995899	1111517.1587909702	399387.2639597473	749750.6485765845	384395.9848814296	707916.4979403389	402431.59669479827	681267.0661309753	119579.24998819987	730342.5890423926	522686.9548955797	1058816.284951162	351180.03397276823	482740.68839672505	850420.2425318607	321212.4610234465	365709.53815951647	217146.20855314404	525283.8236546689	404661.85845752753	332132.6033198865	275706.3104484019	171891.82132593126	447484.67754387745	190808.27286639318	452718.2590978058	728657.5525216114	149129.31852131654	231193.2589975747	208458.36936006456	160605.8046972632	444945.4469804795	260887.24369450452	485828.8591663594	181525.77858357495	96244.51189613956	324211.7007694559	608746.3945614451	32021.345970600974	437539.53918092314	473021.3660830307	636808.8136579688	1162456.8857707693	326798.6952786135	722499.763163617	504511.61315443955	1146609.1710596827	1187246.9263825698	632210.8872085523	299080.4640238759	258819.1032042952	503692.4658013168	501898.2913650662	366842.25335130474	1190653.1421674632
group8_bins.151	0	0	35233.19378640184	34036.54958655153	38704.26176059017	0	0	166735.03601259232	85499.186206232	0	119103.53407759387	57170.91557822024	15621.112305868084	0	0	38289.39007462531	146374.44056361116	68948.29551761602	397970.99746213586	130249.22715775951	71671.89468799473	55138.64870529503	39749.086129423544	397717.1151460699	156896.89484860445	131982.45630568534	190346.73899676476	33347.15779357024	51229.98170806197	138075.40315646224	212730.1634868729	53177.18200716529	31499.927222039078	277090.6480561597	144335.09469709476	0	0	166901.92903555286	0	208504.40978487875	97715.49063626486	0	0	0	84054.64214736194	229160.7650440301	144017.7332070481	81871.05409385999	148015.1650898575	72744.74456070535	77934.09874490151	637077.7014472653	47164.30509424097	288697.8726927271	447293.94837789214	269715.04101626656	237863.62308139144	31334.241740989102	105238.35261853185	214300.97599420123
group8_bins.18	7737796.879050484	4777203.195753852	8552481.23763289	10286666.186739324	7450087.625832304	9814275.865042267	6033075.637409845	7273858.332660176	12751522.082503397	10209043.613660414	11656773.272671353	7148692.373908518	7986141.200806008	8597146.327239655	12324048.57909864	8897515.16936054	9213837.202342013	8219555.021723743	4604583.515804154	8263100.355253148	5358444.136385656	3608225.8924916782	7505279.679664483	9606797.516888522	7635490.002214116	6503696.835706123	8311849.171162133	6025989.108169431	7592658.41157487	3627989.6853390136	11820868.604519881	8254829.086282557	4887567.440976056	8457720.557570834	4245502.313827315	3190193.421490998	7582593.013711576	6388853.684828904	8736428.12980011	4275631.956475176	4436644.491590426	4530657.20005142	6178437.22463539	2133824.5997351157	10269709.714991286	6197124.925537484	8483658.700215036	12231659.599343441	7711607.773937013	9594124.008068886	9399647.319844788	7910204.365065134	8573261.03994972	9601521.812431732	5763680.692567738	7291900.184285194	8958370.8837751	8943064.47286119	7513006.767158061	11187614.66681868
group8_bins.259	796694.5914604096	78010.49826205612	285092.9300585467	439146.2706032654	127047.87486537686	85409.0341657808	137981.9280002689	319477.8047253228	80016.14675084507	135324.3425645347	26674.024456549232	254670.69272034263	219109.87366719084	297603.5616780231	40722.68953418367	194124.08658364456	412099.8231737815	159627.75209477372	109889.6908155507	139118.08398954198	228857.64194599126	388830.67390840425	102486.40787136614	275602.1763944534	122962.9337575835	108587.83334999869	74384.62841296123	1260757.9944109498	363411.4959703048	97903.07275813249	241481.51143227197	57829.273893346566	25880.9529547567	86014.24719891358	490619.40293575305	67690.9806259395	619756.2571598953	357377.31399145146	52482.50677382233	283821.6104588705	212161.84817833532	0	0	0	116457.53189753201	264010.25281975436	537680.6384294224	0	327292.6211585411	166073.26828264914	267005.08935638174	160497.78444120483	302131.4212243211	0	589257.167402834	165989.23699277986	791807.8762999893	224389.8628680719	228759.14887283323	315038.49117962265
group8_bins.266	0	0	0	6610.978369155865	0	0	0	0	0	0	26183.903231245848	38709.839678548116	0	0	0	33703.39956317318	24343.33944212951	29368.32378268461	79775.43660168082	0	37709.02984264637	0	0	68436.3533126226	0	27656.025987082	71920.17815994492	40661.54815851698	0	0	0	0	31099.596257085286	63216.41246582646	31496.949729997075	52424.43591989772	0	0	0	0	0	0	0	73073.40004279354	46831.52180738603	173152.50930411337	59188.8902816701	0	25363.319787773937	0	15236.698566228915	183134.2894767754	0	25557.303729248502	0	24695.946738780873	55029.68333829392	0	20299.377060652692	0
group8_bins.276	221390.62160466533	344599.94714121387	285984.5690407686	213139.38914923483	349164.70103738643	114155.77026025968	268001.21086375666	356762.3761680149	473733.53721756936	399004.20711086725	455428.09503256	333340.9870358856	302221.9225400144	16264.340522420885	563992.0990223006	518534.2686037285	365523.54256838164	404299.2062530252	325100.9477474275	225721.83292385718	261879.01227562202	123991.55662325694	368600.6281191638	413148.0900569817	350869.6819323937	246753.0648884283	255096.96778945206	258061.6593977019	417395.42642718373	328966.99083126336	457905.4615188798	205803.73769007204	300157.52464835293	262555.8036157774	315419.1190607375	83469.39728316932	134959.53575539382	238600.31903708048	370675.848523813	239508.00973125306	107963.94311848024	413122.3971516561	524976.0790670743	0	449368.50880184845	231114.29806914664	355849.4097123908	471660.205279779	407876.0487479539	544145.3127304066	485423.1573340592	424722.84723310376	536828.8823611459	338455.13470446895	295490.1731872253	188297.93566887302	562549.2108024678	413199.3825526896	502799.6963387131	654987.993282367
group8_bins.283	0	70098.29214528458	0	64067.41281122147	186805.45552125524	0	0	0	83163.99048141358	0	46259.904603122726	42546.64113680476	24680.899742645463	0	5318.980569945423	44721.58620266409	40400.18929741207	0	0	6072.802375478445	0	9981.110257719409	7463.032360621568	0	0	0	6237.793622200187	11968.178755505991	6661.465646345481	11304.892797505556	5568.94262448278	0	6501.630816894966	0	5833.585324929679	8132.202515250599	0	0	0	0	24829.9776332698	0	41837.09888079833	56797.43246587602	0	22981.857970674995	0	0	32807.663339864404	51273.152565005264	95758.77405233146	0	84769.4871577043	53605.14891351662	0	24034.310709256504	30951.623628679725	80957.57728758658	29414.311597532884	46182.66867400395
group8_bins.297	30062.395227227087	7163.665781380578	8577.550404476484	8204.46446138532	20489.044398985265	27905.980265759354	0	163327.9797666056	24248.470284332685	896.9849281231053	5861.451113334894	8596.907169438455	7695.618203686986	0	26142.15765952051	14923.144470847034	84076.37720526387	8728.023357101587	8291.552216539962	5815.8006385404915	8848.016396968373	0	53702.461403147594	5764.786763311488	18571.040896288738	6823.172786668617	7565.414231028456	8285.45408484094	31517.445580666576	0	3637.4110443604436	0	3832.5958036413836	57846.37535692239	33414.47911794265	16080.85892549034	130799.89482005575	180186.68319893454	26386.499341588227	0	0	0	15191.028499984375	0	27623.99682087245	0	14558.678140403339	29643.451894556267	29551.848020691257	22572.227892094572	0	163135.3149073827	3743.8253830274443	1350.8640606447784	0	83366.18925036408	54056.28119212791	18052.448210564493	29497.92247726735	0
group8_bins.322	269692.68327048986	170159.13289344317	317332.9790180115	311243.1643595965	416244.56838032574	357918.76559571474	320106.3128210278	472080.01486874337	821514.6764633781	551126.7150651215	314190.5428553924	273693.44928268576	510914.5001076302	1028068.4338068576	445443.9798476901	139855.0299700966	166909.3227371164	364729.2582779547	310647.3648389712	271091.5008901156	183612.79936357748	357417.2833470121	616135.9870700095	178100.76315199613	151156.82228519677	126047.39045682467	308163.2244169623	266117.9254589703	417705.79812621896	315420.64944785996	578805.445899146	301954.0130951267	196167.37683645246	303503.7504104752	181814.2196245712	140468.98200413305	213044.03876280764	327244.07253644324	117950.6707066089	273511.4672136421	419292.1781455491	182621.4637215308	217491.35402487917	0	552397.8347538142	241312.59857839873	241996.4099072078	378291.80726411066	466408.740954722	339151.9086605461	367570.24511493556	278893.93448707735	183922.20736357063	199282.04447840407	437225.09786548215	263180.49637650733	285434.01601207507	321301.13876579085	530817.724343529	542535.2380415866
group8_bins.65	786434.3723446184	919471.2739204128	412184.9317745896	506233.06409220415	1139150.604538257	448264.1312741478	387709.1328871892	435926.58122797403	548989.1981486332	328450.1407592335	575349.3244543026	838632.8338512855	574569.3015029393	110443.19060823065	391923.7835162578	466597.4347165097	561985.3353728472	251890.89416948476	180226.58706781775	836849.5179415513	521683.1575345392	143051.4714417461	483799.4420097829	379201.04886834905	560020.9928837264	407669.18399529357	449098.52946972015	366767.04135253443	842686.7342697894	271114.8262557369	310841.47045981564	453190.8491755123	272341.7108470152	193269.6590997376	154921.06988670336	304258.50973418576	532214.4429375088	204799.11390171826	492999.50695655827	55975.01150687101	0	183397.35888127366	453427.2385465741	195570.55309545717	239805.27171458802	280984.05523127975	287248.2799253018	450190.16771302995	244718.27009644665	639934.4590457418	399425.3266580472	260068.84057836156	465919.6399819719	431522.7535208647	262022.62630872332	247101.45644150738	452995.03210621874	365961.169041721	244267.09736226356	553538.7700253171
group9_bins.155	307594.24594335107	304228.23031325615	518302.4370310382	445898.75505314075	394522.87706680817	292199.6844056054	398729.42049159727	277097.1817484816	308015.9457271901	306192.51409737766	450262.28839943465	700204.2355544724	417287.82424140046	515935.9933889441	460064.0253529018	299212.6841606788	518338.0024990313	666534.4475205444	328266.45917756046	250530.8353145435	582112.010987074	314122.9531670717	527709.4520022031	243337.61997718865	155140.52849038778	235167.9313918328	357082.6126825797	556563.7655201321	637901.5871958452	600311.7685479432	268688.0656829772	207227.38635667445	232528.7432750555	321773.3916741469	386902.3821988383	449742.27587373246	264743.46756477724	654522.3348607685	153421.49873273566	402651.0623305314	321727.72116526216	226236.34648413255	159624.96904191736	51476.508651438446	370532.9703166243	425921.6953520648	632046.858205331	396299.2847329458	529918.7592090241	414910.7872087765	396058.18780766707	356012.5445964248	514697.3060308184	334887.27491496515	686787.2539417447	381906.8784858954	619861.6086921253	401818.38794863084	582209.4703968824	255318.3115590721
group9_bins.202	433863.2929529743	588103.599771643	727172.759979891	1733001.902439272	790646.8598501134	618168.0283803334	707610.3970057308	792802.5867137989	2333499.0849875095	1360719.0577402688	1298624.5562506223	1368247.9089173703	1801135.1316023236	1023282.1892837968	1833502.8965119554	767695.7451297849	654358.9196429903	1490057.68478334	768840.0711848916	1162498.8550113768	771558.8346073332	956280.0570745508	872946.0166881416	810383.24834085	1546675.5481267744	783559.3484678081	733680.830711807	784717.9146369526	1683053.8662365705	1226647.8009270993	2675744.6361838635	1447359.310756154	558134.4118772934	697384.4655742857	840909.9844428529	452897.22268988343	1657808.3864238167	1106471.7199328474	1052768.6723197182	680500.9176276005	157849.07185266423	1036017.4194228582	971250.9029176576	209061.70802349577	995856.7917167761	578977.6165259025	1411252.4539912797	1645132.9515605394	1206453.2131432707	886638.832652745	798885.4924457183	3263678.3548897156	1041049.8904846708	683287.5492102744	895118.1967119913	281170.30800745985	1379425.163036089	640441.0821708237	884733.7243996222	2094150.1261177817
group9_bins.244	70905.3764756445	163899.01183420423	121509.90175057107	442665.41621361766	74247.24613588427	0	59966.49606485729	0	425359.388721243	344191.1213119694	0	48548.32938177479	360804.61954124586	238104.54000959714	406357.8489754343	417110.0882219847	30226.690032340364	1067926.6316973504	218982.42564095708	34260.34121954982	206669.97368815832	207676.5727277855	151470.20527962124	0	0	104108.2402504911	78052.03635652868	71738.89627008667	76836.65383040752	1930022.41143969	9707756.716853358	3164014.930128253	315201.88084698236	45294.434114272684	3049066.3556773607	226775.7583411497	667805.3949184788	4249876.570416999	112568.29973589837	292654.3446808652	330264.1172455857	63080.53119028936	261911.10613440737	346697.22577865724	502270.9856287569	160473.03722392616	1552669.626256752	548377.2981284693	325421.42874718324	0	913263.3416493445	645232.0982633193	14560.506781042217	11621.202826010765	204983.3968218627	164941.57886997506	32036.84042189211	273886.47644887766	300389.86694978277	126652.30596756138
group9_bins.264	6884074.326767784	4953535.898551381	9396837.723956304	6817864.101377693	6588101.973843799	5873318.231705537	6262546.219029934	6623091.105448744	9017650.034430232	7334485.583051212	7476489.129833329	5940125.307397103	4489358.279532088	3371411.4651289526	8166722.776794459	6478456.797700768	9032475.22065784	6981541.628434779	4661961.637934839	7767992.641560347	5742082.838390803	3202412.0862873523	8079069.73573837	8052199.465386438	5065006.501314402	4784832.912239564	6985676.858426626	5363800.903072806	6587299.014659078	4482205.98109259	8392044.393650483	4634371.650912239	3268877.5738872257	5329899.675263211	3068935.139707395	2840889.640470051	5026255.885072667	4211041.983264711	6039177.929791903	2195075.3347755945	3958075.396885128	3605770.6248858655	4993630.178320402	2131706.8750629257	7023379.733171768	5943931.280417609	6521190.801250265	8535316.88025172	7913244.318125796	10000254.74589795	9381023.182097316	5594061.137924538	8195708.048505663	7975390.5066488795	4730532.526509693	7117249.518139888	7007667.568139919	6495904.528943631	5847243.858646987	6850678.379605832
group9_bins.268	271861.07244995487	172322.3294113194	517860.6207942047	390794.00233853434	539276.5640764992	1168844.5235438622	527598.824407741	566360.8503824644	933892.0270569498	1942580.324351712	891411.2950149538	311089.77884118014	523544.822674235	193465.26054237192	706583.7541332396	949124.3547999731	1291096.175921953	540025.1955114657	497561.5463966144	835723.682096841	319839.0134336783	147429.41229147982	1247946.033755818	920150.2465992284	116418.80014058274	330820.4939464596	528089.1553480065	224037.64751526807	566376.8878679478	178267.90229881916	863161.8421836518	476562.02209018543	472973.73546779045	494629.79660852393	565788.9100895416	160304.01671695587	481411.629115962	143285.67179609934	592455.0085646765	140480.3676706651	72263.32172517561	455313.0678581321	1321226.5842658074	180302.59979652707	1168295.8224294172	680007.6007115036	1069058.8714658758	935951.3634595766	996819.268362757	708304.8714011939	651777.4049339342	686605.6911363893	551549.6192057313	180313.98269561547	348279.74747600843	409415.6375378267	1099664.330265927	1123121.5250745055	769951.5016755098	990190.1856563719
group9_bins.282	156815.4939179701	37020.20825623938	75227.65945925211	37655.40007356675	46946.00795321419	0	76571.13284701106	28767.892930323364	36477.28591594794	52461.16066816641	37684.7760115392	54654.05041887736	165094.770706525	0	164590.0600071294	45514.81557587848	0	71042.44555831162	61418.595028782685	0	33975.52855815616	40935.25795105085	52530.37720090912	22624.257853319894	49315.38888490102	53239.01526223245	24146.308062785633	60047.21915638652	43417.283583085096	124678.65986920647	34034.83967455704	29272.28706504037	147223.0970887363	55111.646855700616	63202.39951511778	108591.3447387634	90321.4922893368	124686.16179837189	124972.58920950277	159325.78126938638	0	147128.14353456287	69002.17283683644	0	24250.60225206054	0	0	0	27687.598117731697	21521.880803941956	76469.0732388009	0	22249.354616745008	58849.33481291227	175240.08189314988	69361.60107640755	41902.86082536518	55789.868943643945	6681.076701390508	85940.49530901552
group9_bins.348	1209602.8296708376	971485.3575450563	1095336.4746090733	819026.9144799548	989447.6804288935	502469.9149467788	877999.0473947033	1129161.322562777	1010648.4500850688	1178683.413651262	1407800.672218592	1078577.7423897358	485892.3184414604	247597.11614071092	791642.2034947693	1150426.2584558814	1510288.4348645976	1030004.275640118	1344265.6521798798	1537157.5124980654	1339837.1937464743	431124.0217121678	1626936.297775491	1150506.9669151998	1395910.3733826608	745835.9836500782	1089390.756981012	814778.7971429665	740277.8497149355	577735.5579072473	729998.9500441588	861503.2712584451	782930.7498451761	810914.4562463049	526957.8076659619	615028.7736487073	777726.2131961929	1339265.7249585537	1024200.5741048881	465590.07174609695	139680.6733876295	993954.8517461941	1018925.5930971369	52514.99688218754	944877.5030276274	1003828.3837158118	1081991.5255667942	1160196.269056397	928618.5638347724	2016872.1796828988	1133202.3604134717	762279.8720925392	1770027.458262651	1491455.7065756985	648969.6450365019	829742.6565212784	974131.3444818687	580915.7836093932	869274.1628851775	1078366.3663710172
group9_bins.360	101651.9842501897	67508.60267392572	63505.08930561742	179920.23868221795	42653.171751538306	0	144809.20917290045	151954.4524172185	104620.56944348766	134784.03900662408	134720.01620088817	173108.69259659763	200690.92132804738	135485.90602757645	159817.2199798656	81948.898476028	106609.78895890678	341948.27754857886	115906.7558135963	106208.81765918764	174296.98092217685	157545.68224419904	300982.2053793501	128128.27473504639	0	92657.17998037094	121786.88068257949	266681.51773582585	207072.0489297959	240197.8103841441	287646.1890780382	179483.61871303548	12018.429149614789	105780.37018906593	270942.0223932994	220142.23797595312	211130.48840205313	159533.64880077174	127609.80216123158	261018.27384730658	0	39036.51915440531	3035.044642238408	48571.533319872644	112824.61594039456	118430.41774773574	121803.41292477153	102770.53946987417	178244.7749697365	160951.50775007455	114871.39939977552	123012.04677249062	114295.55850034716	95121.53416429486	171055.02628253936	94066.30815854907	134913.92064856266	132924.4697141004	178793.47705958402	164319.70243160793
group9_bins.392	99286.56274386297	21479.512613427996	28891.041240126662	236015.32731237356	54595.92669124527	96871.94412738344	67655.34786142372	49244.8619225861	162163.60049117723	299070.35370816337	350365.909774704	107820.30766987408	355584.61017686763	157268.75540918036	147509.18674617953	430875.1811628544	36871.680733947076	53758.80315173179	30145.676135533628	38768.86641297133	90804.8545362933	74979.92691928364	403324.37621889845	26361.865682597312	0	117679.43589468504	107378.18605419876	88126.11173798089	118515.60596974767	88926.81177430096	431045.31375828816	61022.1468951602	68672.56058087142	35544.55718884519	87040.5887966024	204409.31241826585	163069.891742115	266007.6390718078	27940.38643560205	163811.44566177894	157974.44552034297	104082.67507487672	115622.60807641031	42874.73907552713	48689.09422160759	62576.12982441282	98177.29486301802	183523.7399039627	142975.77862147853	21696.407099429125	241552.51139219184	60921.36015668377	61743.858126852676	44849.30074285318	161479.30235522668	165990.73802136898	81277.1023416177	108350.91534559334	71558.46744789506	168745.38333242357
group9_bins.40	90425.7581724316	231901.09255161628	79974.35331706854	378135.46680528193	292899.69441676297	72095.94325107877	199297.82142411568	226899.11170126303	701343.398774422	834785.6568717619	596747.3373215422	345814.300635768	444664.9759967245	65135.833526793955	889429.6494838545	232938.9399280624	305048.9144029991	401068.376524951	188268.2072796275	353133.35855644516	177506.45993736672	129120.84869869641	466304.5272841306	191589.25659157938	114302.5675161632	206195.86961786365	279891.4490512564	194415.89465885685	121774.4668665877	11770.244854106142	386168.8565596062	303074.495613621	217041.22711321953	242996.38034863386	169430.20476738593	30483.571567144638	151889.74812238375	331408.1305427405	311259.77058654465	169463.83884533355	0	210176.75630619813	291016.3660202764	45156.752420445526	377811.55931983865	158635.10560938297	372018.9090380878	535834.5387342037	177095.92077070652	329954.6654169032	184471.23545356657	507559.0428214631	301484.91827322386	176861.91757596933	301054.28481288877	21590.134949130967	482015.20946921327	157526.5734690391	317194.6138333093	642366.3961491393
group9_bins.52	391529.2781898575	578617.6594287304	606977.9918458755	312560.3520370284	318437.0894381857	56979.70705522327	697754.8999931151	625851.8870786049	355590.990608335	1008965.6408479267	1041029.4990159981	974185.8758537888	1163217.6023584907	1593917.3466914638	426818.10468011384	496633.9154899565	466763.76847743336	256340.74033039165	0	492546.05110798025	816107.5565193944	1686676.1734194043	484136.3780049498	436182.5472213738	460074.0905692133	1116334.0135172098	1245327.2348655143	546505.850208624	697739.2291135414	739694.9412189472	1437088.4490490053	1124505.1085210526	592806.935659512	973824.4511878777	310365.79134196095	640053.9718710122	716074.6134868645	2503582.381722343	572275.8713929444	914302.8202519832	227372.38987446777	423917.4381491082	116896.28933850813	729894.6134928943	770964.890589083	220126.15211354845	1153167.6480773399	842566.4841641296	789052.7450924581	488856.1130133072	734186.1683683605	788782.5748734375	1011777.6270190473	659075.918593244	2802668.5366263427	241471.23967319806	743869.8376116373	513454.2343769637	1513468.0466913327	1592607.945303242
group9_bins.67	0	91657.44823175708	38992.52906672866	0	39994.959364095674	0	0	19848.0224157769	60604.04602289606	0	0	60884.168081289856	51357.480912167	0	70072.19073298047	60307.3981795714	0	52019.237946562076	12144.280089342476	0	114828.15214295534	120565.2847030281	37533.82704307044	8029.492985975275	17687.49551363641	34784.49122890344	0	187052.2982452074	50944.954501895045	87956.91040865818	13421.544749625149	0	67079.07704744203	29218.717140566798	138022.72134072945	51886.78054368639	59412.66813242569	0	80848.22169765942	66294.41226937191	0	57141.3696881119	3981.069951580935	0	0	19683.497652803526	0	44004.892484018565	17479.6023304164	92127.66077879378	0	0	34782.078567921155	14611.232923663294	108722.32301534833	32332.717967223663	0	0	0	0
group9_bins.7	223817.01716921746	400275.38574459706	248274.6527596457	252814.3114172258	177056.4306972694	39486.67459683084	326067.5677596605	526983.7205418851	335064.5088675335	305269.1621034041	322256.414428732	423034.0226113989	287950.87728832755	158731.60198872106	334064.1610794951	220705.10834897406	295990.47457779845	231419.108418145	199872.19617850296	235315.62496325024	277182.54613817227	478269.9726770423	312957.85867881496	211485.17503604523	280308.54089787626	180767.3139412729	194900.25009524374	216609.7004504915	255621.85401788517	368496.5245421741	420696.6116530742	440251.15167609823	72811.28964546171	215374.20972100305	248245.24083331143	322853.9435194313	395300.1002217728	486686.8940113445	220340.87413882805	282635.39007275656	31474.658717713755	148912.73941350807	106510.76499034875	0	392225.4898626936	186103.15569858896	385195.40908934607	276313.1888972981	306994.42350144696	236876.72629886479	168850.888349297	144778.31678721597	276573.80670468	311258.3227200639	440552.6303663275	329444.9580485794	302989.00973467657	246331.6134401893	336774.6989797214	321314.6070702303
group9_bins.80	319338.2697877895	105388.86605170406	136787.94420836342	234153.46111319275	174727.42514301935	0	184281.45027671254	268135.0673391226	413909.1544824979	389828.31069972884	199084.45759899635	343883.5133098728	392523.0649669885	284190.90294821456	371065.9930943447	144427.4134078969	157461.1687452196	327448.4068818648	86719.0859419296	300003.5601459653	147170.88034167196	223260.1368651451	607740.1934496729	97295.46989653341	24431.052787706347	114935.07062955848	186130.99121700638	158630.52231804858	515684.77211131516	127934.42088620955	254141.4736054064	329100.9898294305	87943.76344158089	293297.21256624756	214307.71603829277	51350.58228070258	272705.6024209534	349494.27979349974	255618.17262380198	156082.01031757263	78291.3388165815	62094.78384603081	147476.35672510503	0	463792.22420352016	126407.80662532055	248398.68940983954	440885.9584645746	247317.4465480477	329587.26923394087	349316.5373514401	149848.56641071182	457016.4272240376	233040.71346130298	279808.1881924359	119508.01757512584	503732.7167176469	237721.58313930273	642658.694764387	315868.68260566867
group9_bins.96	300367.73437034624	70055.26018027354	149650.5637677273	3873.67957742963	303057.6262585879	135616.9727520047	112475.47441924582	198040.14721331003	332273.01862421556	239579.6163811172	406125.02297070535	117717.12221565025	64025.809563775416	0	404912.3980954019	280090.56755710207	364157.6272652599	218747.970248321	331314.53385152237	237847.7497918728	154349.8297889962	76957.51609226715	221439.22899239464	209745.37552047253	239621.1639029214	17142.755828864745	114389.50796724968	111289.98780137463	361535.3943966935	37873.40707021398	259104.09320964658	387670.91777133686	268327.4036854586	96900.3294636936	92213.20121242794	72600.46403143009	72355.69553706869	190800.93514869985	388225.8519540474	38218.83832668742	7115.601966353242	195211.51181842719	210704.41257607672	82353.50162659504	129562.43196882476	156494.21018862282	141464.05300499336	166076.9538591895	81620.43063696551	525569.0006830123	263965.9584189029	215508.53825897037	429498.73537677835	119915.06193743779	135468.96792301952	52765.33013760045	159873.06993476136	102753.31537517376	205904.2974229923	213254.40328389165
