Bin	X932	X933	X934	X935	X937	X938	X939	X940	X941	X942	X943	X944	X945	X946	X947	X948	X949	X950	X951	X952	X953	X954	X955	X956	X957	X958	X959	X960	X961	X962	X963	X964	X965	X966	X967	X968	X969	X970	X971	X972	X973	X974	X975	X976	X978	X979	X980	X981	X982	X983	X984	X985	X986	X987	X988	X989	X990	X991	X992	X993
932_SemiBin_102	520.012760593166	388.941763236281	459.072859837394	319.222771240054	422.286923128312	430.032536121249	486.947430387492	510.878442952226	477.001096351324	493.491465112769	582.088483569913	464.079623588245	409.748571888046	624.282215801318	417.678776686566	384.092359787094	510.981240771173	471.607733323706	444.976382522123	535.466838458613	423.91953225452	470.413551919554	616.541752479957	262.379841360685	637.494112061059	467.931263487039	437.770548232285	500.556477604496	641.576866904837	565.40788848029	678.744733267582	429.200340200639	318.999135174192	333.826270803497	305.660502798643	338.551253960775	496.38198860477	444.13964687653	417.352080608133	515.708762105198	341.041407053808	348.327648142708	312.983060059159	0	525.055407186058	443.132663533811	510.829267974156	455.879458278217	450.90443098132	427.677906330955	428.939549377672	406.211367285043	459.259590228172	467.630215293103	439.931703444363	597.558237776418	473.26541719785	536.607165146641	594.397104813874	463.212606318967
932_SemiBin_106	1044.12465514639	876.963769537146	846.084588657146	1218.77902178486	1205.69952183252	735.477238910276	1050.8043010527	1220.99583278207	1513.69289748864	1447.08861883072	1280.91425846371	1093.89620050197	1314.03152687044	941.072186331532	1587.87962714864	1057.83768330141	1405.07286144758	1335.23352290724	1028.45124374016	1208.46197008823	974.120377590691	674.916354636669	1074.51516664647	1165.43029703066	990.285392840923	838.180916124829	799.490066063511	964.040989985347	1141.97057746249	807.020629921196	1182.47484489015	1190.86856116486	979.655183686483	1094.48217577623	708.687807080472	686.293286790345	1063.38849933065	1022.3927134403	1101.09020624858	742.869855016595	378.860422132905	843.759331885515	944.136352992788	462.516989344214	1148.38456256523	833.396759513796	1044.45623742583	1361.46584247001	1280.6156571028	1401.01445281942	1168.51155794425	1474.82748081299	1285.26192225744	1067.69443073798	918.717676463996	940.472405438166	1266.92923756156	886.064020126224	1014.83913474993	1559.29487306116
932_SemiBin_124	1625.18943264267	1162.64802061808	1371.72691028499	1220.89555777527	1413.56959354802	999.762728492662	1205.60455552546	1340.41576979267	1141.82913522126	1083.09969891302	1119.95842556044	1291.22461647563	1098.20517546974	853.690833239321	1144.83864893932	834.636066504993	1155.52037800853	1308.6698165213	1218.44499398615	1531.258306598	1209.73620481512	1616.17609226331	1627.05024576288	851.910713301128	915.547402033424	849.510047566398	1113.13251112406	1441.34053100719	1250.70126344598	1368.03557083843	1180.20084642707	818.192626964212	629.039153903695	934.849374261624	1009.61158594307	1263.88234819989	1049.28496013281	1410.54193638426	1085.06559540678	778.300863658827	772.365916385216	713.370270924153	924.285337656272	557.815431766007	1120.99252307431	1034.95099747932	1086.2615321905	1211.9562564799	1212.0201100431	1458.47020772779	1208.24676502989	1052.27705632298	1196.51203631055	826.577168285236	1329.8513112377	1089.23887051374	1203.22044677064	984.598381050527	1176.12290797655	1249.39284997718
932_SemiBin_153	1058.50303333983	1801.03477910038	1263.89203609027	550.469147836337	1809.50629230883	640.550410427171	930.578712177896	1267.61841342885	632.750441365986	728.854370497933	568.646057378918	906.261749439255	612.877320077716	398.089482907122	599.629674715326	529.986693100221	1211.89374182779	1051.50774049964	880.506256828046	952.152562329839	944.77410492008	462.271235678924	887.281352897626	890.119800627814	848.156879623984	785.274477205111	606.413982013152	1790.1025959789	1115.90433817721	442.77890383674	571.439450344632	659.907921466486	610.607799907835	634.494717041986	612.232355230969	1285.39513172023	642.631652222193	501.974307585653	777.985430393703	371.305168769835	0	559.990577119114	442.876010091861	674.173291801081	579.588075201186	776.160677708733	719.157046917164	689.81682544988	1121.07642397233	1026.03686376954	944.221052660661	697.081605099824	920.131725671401	918.481981568702	538.464818041752	1245.69848761357	876.369923840964	781.657546570915	582.695354161644	653.625213765344
932_SemiBin_172	2617.93799109194	1475.54269965878	800.251657412293	1224.67534974013	996.637744040222	1288.24554649716	1167.37956564197	939.138913254189	1760.10988727323	1254.38228164463	1326.22596274723	927.253615416062	1196.70031911051	813.640112811067	1583.36646566642	941.707387667802	1113.84006214238	692.776603028979	631.845429065111	910.861077821778	707.091448865598	566.881346246804	1213.06444832776	1209.92562821067	767.505979329495	699.608362716527	701.24472076303	455.086083403717	1068.53759499417	659.991449236399	1019.16926764126	884.774125862877	813.750961761277	984.20099496214	625.662491741256	418.512309924449	802.065946730087	648.175539469597	1125.19874704942	1231.09269843725	430.995275866692	999.492075475891	1037.75301489106	202.557617404126	1184.5773066323	642.596529366853	870.159402860162	1218.80756347449	1060.98749107466	1156.30606692929	1089.85356805966	1302.37525464645	1111.24698027202	785.743394766497	642.971954532531	735.26332818693	1466.26950620198	1161.69398008333	1009.80129087971	1625.5187177488
932_SemiBin_176	792.207069811051	487.110977512049	427.94439883394	162.518860989385	666.496899074507	467.216128148994	292.242058742439	309.234092763813	654.769500930885	438.187624714182	841.660816592238	1051.48912968658	538.500018936818	354.194119874196	453.132115500227	436.896830588368	351.575590526782	419.807475461117	350.037187591977	413.770746802515	299.111678005436	387.516841461872	641.80388468771	139.967699110539	0	309.127384430631	0	231.360685957412	391.530774816147	192.762371553695	476.548895267001	327.556169963984	392.728568942015	399.674307450619	177.623970323673	492.726192441504	426.507209591303	806.76845192584	436.684912111206	510.497166668676	0	259.371293049592	433.062217706805	0	512.775663920762	894.908562571305	411.391867113799	716.486668961843	486.819850580599	148.818452379358	612.461265947975	387.486972876238	301.954705195861	158.278357655247	523.684742836719	188.441561915728	439.425050045589	495.617403588298	523.566246756875	464.788609667952
932_SemiBin_178	0	0	0	0	0	0	222.589482426481	0	0	0	0	0	0	0	0	0	0	0	0	0	0	0	206.183646920465	0	0	0	0	0	0	0	0	0	0	0	0	0	0	0	0	0	0	0	0	0	162.044602201838	0	0	0	0	0	0	0	0	0	0	0	0	0	0	0
932_SemiBin_216	418.010763732215	757.570383671764	324.97470507638	420.789449265564	303.966882875949	0	742.959506366693	435.894667842776	503.948393740885	249.921077989673	233.083436691709	309.988252787111	728.386520431536	0	402.055997671099	183.589953609901	166.10896165574	800.53317700229	94.27788098042	0	195.825363250875	473.575688148057	443.420045135153	141.071861724909	0	329.928429148605	469.052303881827	446.705720796361	314.406339867813	783.424483199088	438.857015556077	430.191616972528	0	375.259918341525	401.676461134981	350.630749148408	705.057787585085	444.951518116879	124.520495312637	258.546860601776	254.006542585129	107.221157215782	191.788081121335	0	513.483725291272	386.528622897461	396.880913093565	471.872359625535	507.142326837222	0	163.804225387017	0	196.252812479084	231.824715273462	418.352498425735	407.517389373864	288.824614853497	262.741253090038	344.119691959887	178.842269090437
932_SemiBin_237	4429.76446913178	4014.46729265287	5403.66051775378	6157.2086416142	4631.92059105304	4184.55063645896	4981.27069644701	4888.46466780074	6593.09904578768	5671.71711035863	5980.11136916439	6560.03256141369	5442.75885617902	4146.8541231933	5934.96202222568	4640.88821560521	5071.16926342636	6830.51160680843	3837.08243528979	5721.88530786577	4276.88565647478	5755.36421981405	6245.94191420763	3693.63513938773	3685.06899990377	5549.03168956528	5654.85342317169	4280.37184887616	4671.1250905077	6133.58978641101	7084.28599128662	5394.12238334749	3619.83209399817	5401.32857675994	4471.88258723028	3415.11181847036	5177.2297247101	5300.03803774691	4162.08519627565	5615.04175269229	4225.9086534463	3853.5573222988	4743.10911118523	3272.26775070961	6129.62927869543	4728.91010503051	5771.10199719716	6483.07655813612	5877.66304617419	4803.41092200703	4858.84140028356	5085.24410644981	5630.44019013981	5329.74085965048	5548.70072044611	4397.71957266685	6146.88129579447	4514.15164309606	5122.64100131534	6845.98844548729
933_SemiBin_193	1257.23137639925	1434.46603095567	1247.53623323222	1246.03203283271	1368.33503385984	1015.76650030284	1479.82581294711	1360.75717192127	1381.30791493435	1580.38759943481	1424.39965007902	1328.05231922087	1156.67393039451	792.141853424174	1564.44756454988	1474.81790574167	1478.73021857397	1448.94587980022	1236.66643276186	1432.87716376113	1592.71229706891	1140.49777223964	1596.58316947472	1147.27624743283	1111.61467812383	1031.52078289242	1463.3529371053	1068.5326987127	1481.34034412867	1232.2828869702	1278.45701035954	1303.40174101489	1277.17693160811	948.334599028606	667.807698733366	873.678771717101	1216.54788723273	1525.15532948248	1498.8894821104	689.472968712449	344.231753550829	1060.48776364044	1107.62897664072	0	1344.83418503366	1165.77399419327	1287.51515694725	1425.93027551864	1106.09943672229	1835.42472182654	1199.58169785546	1117.01581393593	1723.25322374854	1035.71379899681	1005.34254471503	1164.40630736977	1198.67859511076	1415.88999427167	1313.78237739991	1383.33500474808
933_SemiBin_252	804.262580550661	868.345396315737	834.722372100895	543.939695433245	894.300771728177	733.014643261782	800.738335256535	704.077932113177	890.321277020525	829.706757193391	735.162993204955	911.329668460449	598.879845285654	405.506022395069	796.366899316466	691.432793221627	868.908575936117	702.863179625185	714.567588992988	826.034776410202	756.767008720246	572.509362297412	787.032060692146	770.851937384272	723.349300665747	614.8019559585	681.944845229589	803.372949124048	763.298644535015	544.470420957066	965.947424086604	582.524812879519	682.478717204596	564.680683377707	688.65674556527	597.371094596347	511.152065219136	573.313261675958	734.237394301933	613.359233143601	272.52563035485	803.249386392862	786.320421028367	0	770.281099533447	734.261116263388	909.409075123691	641.019043204451	918.420204888811	1038.18281109321	843.773958746747	813.450743580387	998.473362530228	810.166497987088	644.726894467198	786.423898636852	876.344593609025	686.408158677409	825.266011452014	871.721253729794
934_SemiBin_124	367.770492226227	433.762667335744	502.430042007703	480.194390609002	466.104532911148	398.732728597558	551.707905836942	418.116404032112	558.583424307613	601.249141305983	370.759109222573	443.072129415644	424.752840006654	185.4095374363	450.591360851657	404.734825538022	515.78958318338	539.306164970323	546.561816577378	498.280914554049	510.287171974122	385.055701177394	621.451946522091	460.612784052367	302.884691528142	169.697021892399	441.321478046813	423.252701323891	516.049048313426	305.714979685316	548.565862827356	321.037802412185	284.081791566176	267.659208614926	275.160908465906	341.39553883521	433.019525795823	216.985418417351	375.239455698806	319.602799761267	178.900502557893	288.524565114324	367.115908203517	0	631.388069342928	450.988927037359	453.28153930761	489.24443261765	347.995459389431	484.892749878628	555.234072160244	479.70230768884	487.177187253667	146.800094183671	288.757509633147	520.497538339498	457.817140662068	574.408239574698	475.056029507835	438.045319661947
935_SemiBin_113	591.745454720791	903.378901719833	936.318337619291	2092.37656204455	1076.68191939224	835.709559624328	1285.57366889207	1019.96501631656	1086.76857126542	1665.94394967997	1906.65975954948	1400.34528137665	1196.84356418743	885.613015757835	1491.82535245768	1114.12528694544	1116.81669050299	1169.0942383851	712.801418287083	1294.32583740907	1184.63674674752	1371.22963271115	1879.67269135862	803.055779401868	681.280355959952	1076.78301073304	1423.3767761635	984.515635490073	1391.64977307427	939.933470025098	1362.83382704236	1254.56264936234	1017.27214628534	1224.30727425942	888.233299641769	973.15295901445	1206.64654578628	1525.96782460548	1160.3413097623	1255.17410981824	818.152541300104	881.144355639853	1279.28515565501	283.575259038709	969.687010336179	811.792855786924	869.219943193381	2211.73986877297	938.512216128277	985.520137350208	886.814908107309	1585.15474241367	1230.97146681606	1135.47429816907	1233.71179068888	1382.0138659327	1181.99231737682	952.389338394302	1340.96256242415	1561.57807247819
935_SemiBin_192	675.413736791152	1046.19091989567	1138.71172604395	3845.23066847928	827.379244742487	586.046391532053	1283.8819526648	967.594121238526	1386.67687223235	2171.92717848572	919.846938763521	973.859941652593	1471.56773150174	1191.36630771191	2492.07464545245	1247.88281644784	844.947262902395	1061.56092749225	2093.32970307393	897.143556643005	1539.16387539078	1700.04353512597	989.811022816994	685.691554722311	659.516601861014	850.625606291075	922.467564840637	707.207953296076	973.559915009193	1362.65305956716	2201.91039898765	2412.8885021048	779.860303048645	787.783012089287	877.667890096818	1027.54634656685	1491.9639027411	1376.81242014464	675.706638765643	1656.15942649286	711.554825033198	595.889134546297	830.971582719558	914.343511020105	1643.03379219508	1079.1597166322	2207.28339378165	3391.10776500223	1017.66186338803	687.477382546013	1068.47022855497	3132.66655538221	849.398747561018	828.492819069704	1369.72962320786	987.939326715743	956.010407972788	1136.4332742192	1304.47242477003	1073.49352609956
935_SemiBin_210	121.131772689065	124.570880822807	246.844220899747	954.326947212563	0	0	149.710914700482	231.776709792016	193.889973610978	231.19288210832	244.349388463854	258.370758228211	171.548530063305	0	373.482347376719	194.0973326864	0	83.923067283518	255.286025547086	151.247449294636	0	225.313299124316	427.397097635011	109.815748572189	225.719781875787	130.790903337147	193.839033372298	216.330197302484	715.43302723721	0	296.563470649506	282.431776483751	324.732797638028	0	304.267385541641	131.21982953622	368.225907053893	0	300.976647956266	184.915901165497	0	265.623560340013	184.2020785406	246.324453496668	598.277817560667	367.233644322295	315.404635792361	234.756476838206	342.413800519696	251.212138075269	484.45168785764	375.409422763733	251.400975147586	235.048039840432	556.896950598705	444.628075780935	547.39130855504	306.923310397629	666.217528684911	416.309374871357
935_SemiBin_236	404.336386681972	938.0860065503	653.799981621503	2294.92044047477	513.322261241564	338.009835080277	289.179108877955	304.811674221698	987.968434961261	637.452881973072	474.549988768695	859.968715716924	1273.73480758129	638.146889939964	774.721736963245	894.523190125755	721.149428584105	848.598120160027	1700.32442926594	523.594221924099	1617.11896342401	2060.56183219289	823.50445653586	276.316203508884	363.556230662785	764.266154630856	259.19759228883	603.052341553451	486.145491907147	1617.38971404286	1035.32136022459	1572.77429465755	400.1997208857	356.331884558756	824.796575037875	1359.98110034277	1097.94016241939	1398.07004209434	295.919966719449	1853.78175158	626.794850724156	375.462907715647	308.021720832767	741.590099723116	557.548369960579	1173.83526096552	659.275465644475	557.552566278886	539.563160241331	330.255808891824	435.646855094267	631.756237181743	340.462880699109	375.390853649086	1412.60224850337	702.614567637266	874.72882879342	926.29253780339	974.562924484855	718.982975566079
935_SemiBin_68	2702.22950839294	2424.59452886233	2863.93197155479	3913.76262273642	3008.03236691406	2504.99193503585	2468.93507648326	2796.87624755525	3525.86313122653	3690.07749790298	4032.47617039445	3121.59387216508	2290.04944771175	2155.4408066858	3009.04604084699	2897.56465131092	3237.26361186469	3022.44424473289	2961.13271650631	3435.79291711486	2803.15824279334	2008.11750758118	3466.9331248881	2841.35574066996	3257.46233756383	2489.8902421376	3173.34681438693	2512.11584131874	2489.30423195041	1713.48210330545	2723.20011385559	3271.01852757524	2597.03395073329	2816.25974769088	2205.84615328805	2266.81264154849	2645.9476062584	2946.13910711543	2937.16137303323	1747.10985505934	1316.32774592119	2639.48537366732	3235.18854441211	1471.63057776937	3568.84650331712	2729.61779951637	4236.97455145422	3580.39845719917	2223.54022460959	3650.33609869742	2990.31788630012	3028.68015415193	3826.17008210001	3162.49659100217	2365.29277047798	2331.19988338495	2580.2612569811	2306.23883757043	2775.29611510415	3423.44495325992
935_SemiBin_76	514.949891049984	524.877553834151	610.440498400371	1034.54022580514	728.322342644303	443.867568677038	480.958580817997	441.228821923681	670.160114008478	567.644164328906	796.850284087194	554.44470579587	537.232582265354	315.82374026805	737.740027545422	541.915736107546	478.205195365767	511.072409603485	346.700934974291	710.19465053961	460.391848181521	454.839557612936	584.374688837669	718.465125692759	353.160599139355	736.964316838027	619.539887968169	539.893398095287	514.246961840255	615.723947944156	605.560275480828	699.456149945399	553.106003691369	522.926075117834	424.08867041991	441.705972801216	621.301694032322	604.342840203023	729.483984216818	473.813923377469	0	425.922409422315	556.40783479445	275.146354654812	655.019059924067	616.54445218643	659.070887354195	1139.3011499695	582.016493099955	732.81568233558	477.096509246193	486.811468252848	733.939702568025	641.988677066359	837.057557389426	510.590923561907	688.491523122443	504.355434567327	608.295998800817	671.438424819114
937_SemiBin_148	1767.35275930333	2363.79612374376	2421.78013117497	1936.67742358167	2984.38958037853	2068.90063366382	2642.41578218579	1955.37463553658	2437.66051220358	2122.49228747863	2236.41358454102	2341.43355820889	2492.29037986686	1588.69681096243	2508.42940175315	1964.13001303712	2368.6789836102	2219.63876852158	1823.30014673692	2113.84060981716	1924.57468946316	1942.63514114971	2716.74173245405	2304.81266917584	1683.9870894204	1401.64952216058	2038.77196445995	1514.3137802386	2316.02634465359	2178.34982187229	2321.45821284825	1765.85516830083	1706.00424616804	1635.17619235126	1321.49254339564	1115.22124326086	1530.24413678179	1315.33729914079	1993.80421949644	1589.67341959579	1412.10523468756	2203.30933288529	2193.85728503791	1185.29451246766	2105.22970337224	1775.20794867237	2233.90379979662	2328.38894238481	2313.24425279939	2351.27339323216	2607.90796688497	1910.42426933304	2650.80041183165	2027.19199150359	2304.56671348616	1871.91474682403	2428.89748281329	2369.94640077029	2334.38965631489	3050.79704268884
937_SemiBin_159	265.741316274278	444.463527512515	462.445087037417	598.538070465021	594.574562990441	227.009092542846	591.721313324966	363.680716793037	829.539401423215	718.448272430083	662.382596099472	602.901552998693	768.488562159779	301.784395449904	676.773234542006	406.307158002083	507.57788104841	560.858558013162	490.454514350975	497.013935330137	516.213680365875	614.343940659343	507.291142383915	471.75451561342	337.438219647986	302.89740898123	534.910391155564	315.581737597285	508.401019698894	376.081851996105	574.04796335015	369.279369011735	314.711937405892	621.327032943667	381.055276170514	253.63380951348	344.854984390638	410.646282292345	344.703077203623	301.768701238562	491.199905656679	332.021528655048	548.746750780527	579.132110408641	588.433607725295	521.121601072604	571.757577141901	583.384314287412	555.736733839556	539.640260987861	620.589170391311	696.813687140052	497.404858961384	440.185753241604	546.125728754562	572.651215255773	664.138347708078	571.614443688111	612.09897741671	710.414610246402
938_SemiBin_99	788.28952569124	629.994593344656	767.415487834701	769.911004315561	819.718445750687	778.207307450381	887.049889917992	751.669785942873	979.675105005708	921.005938886362	758.669899556682	655.113609999525	879.168946233532	750.930203572408	916.811166505738	672.44252272793	638.945395944679	654.684167483225	606.350081719547	844.444802508509	685.006033506312	591.937775733803	938.082930622519	683.151296884499	514.427351089154	648.495593456876	665.747420754752	619.823372280762	927.552025169051	628.750941272459	905.168896409814	689.057990215572	451.945522156099	662.829476610894	665.232074278318	588.553509935712	564.665650860405	632.979068260045	656.142857889977	508.965235591605	351.432713670159	528.451258105604	613.248105482441	295.3689100023	752.859443535221	736.285694830224	824.889550951512	792.044993611985	809.008960122662	759.56964305333	871.600750070398	855.048895983499	848.345055528314	695.633448806168	717.850745562151	849.984124076037	882.738880051367	760.761599451724	776.557229102871	885.287051894701
939_SemiBin_272	468.71349348773	632.38922891924	467.194500416658	299.680854613726	417.541790667594	408.8294071243	1001.80894791716	452.132494378013	634.204592402916	448.946372716641	448.147922928437	498.04538943092	585.770863225459	518.16747496696	366.118241703575	458.969698065915	448.295900287006	488.887098606506	497.065619578535	395.636910360713	444.468718150641	542.731269636347	595.176630467188	494.414224905559	426.531741399269	570.34775962821	438.5528099628	516.809752165542	727.350678254793	815.73921496759	575.007735786545	649.487261789425	364.099082227053	493.592550864375	532.171021036115	506.690524474223	569.7290195221	548.581244659755	392.100031818491	739.761380711477	382.678604792637	340.889943999175	375.226039505554	323.152511925945	504.509229720947	569.645080259053	439.962599671779	333.42702718784	477.747239692542	491.63746012653	410.332242302226	409.704483405584	385.345081856984	393.923959922338	739.368383543753	465.954781958996	517.359967645039	577.124125866952	477.983711345705	413.487037624227
939_SemiBin_87	937.827075432999	949.685361927838	526.837979336287	698.344137101848	221.219133698867	415.259198861514	1208.8226656519	1001.52388736339	593.377216376184	789.184299102551	692.330085103904	692.285066750811	1069.42684183251	813.727757659364	283.916510597568	463.65635313808	249.985675057279	872.80831736436	0	353.602137651499	1183.53240316164	1623.81031787167	1728.64648187445	0	288.794785952971	327.672968704682	294.868607561518	559.522382131549	1135.24499155949	1071.12629032595	1080.70466598361	1086.66773714628	483.23438693625	283.330615935775	652.060519236561	654.600090419953	1071.844829622	1373.76982324931	691.185192060356	659.99239286529	363.558188679322	367.4310454644	477.59913315334	247.660579358763	935.511621379718	507.291588552986	274.74320761868	481.352846078544	663.114335683682	0	541.478433569052	298.72402493148	297.230569873335	367.309293949847	536.101234289151	557.835647711283	502.763858598563	734.19038983292	1113.3361089657	358.435205267517
940_SemiBin_253	1367.71091429559	1553.25739810181	1087.67553862568	817.314252773318	1384.84514673269	1167.34883269059	951.297683234094	2178.58397819843	1184.67214663783	868.358242241723	1023.83503751007	1367.64563539371	877.172213590134	449.000278382888	820.557337048044	1172.98673580776	1186.90851895272	1227.17499566854	1134.49088585437	1386.41721422982	1141.76653615951	934.949247110147	1205.04808056113	970.680181629155	1650.82753443637	1101.20144414025	1006.88024601352	1234.61267078466	1215.11284196063	1118.86416732477	1105.96891064517	1011.31599544319	1278.1876396711	783.862927140789	1197.16460440597	930.964685504296	1082.71468185078	950.893012578551	1252.17071111311	848.658656176754	569.744709041235	1336.71070287681	1305.74840697561	547.24022656045	858.75720238026	1158.67599838748	796.955551554607	1064.89191899526	1156.97588619309	1471.1573858085	1152.12335443698	879.574412653242	1116.47274317846	1202.00012963026	1410.61383472779	934.756029528901	977.597814370052	1121.95487751618	1166.57146233541	1212.23254395495
941_SemiBin_237	806.440965142897	1621.04320568517	1142.51521002983	966.585495149539	835.352814236907	1253.41229350715	992.172558251784	747.318190184002	2425.57982888951	1060.85558380009	739.066316860597	2058.53580990324	1132.38889133377	734.000156904868	790.906003820334	961.575444191087	877.869666665427	902.018056780234	1011.52654925299	833.642810975969	927.248662916382	1185.42194527176	843.988587052016	1194.99122697996	834.640037287272	1512.34465660393	1261.18266028173	647.484542417132	749.041422166666	1032.90959803602	880.853355777321	1060.47185494743	1135.96414850782	688.916781275912	706.156169809514	1251.79627532438	1596.38310486795	1011.5150103169	1115.2884496976	2021.10772656626	749.553395904521	586.006981891973	942.554053064259	639.833023528182	833.832853652762	833.71787752923	564.723944583501	1872.22479194601	701.907103872938	739.081304678274	800.052878703485	694.091466372369	1072.75686696215	649.946139962631	1374.44523142935	832.908698049039	754.608124309559	1130.25574464972	870.284098364123	1242.54582917242
941_SemiBin_67	462.46797320167	383.949334997708	341.262402149438	1281.69111558563	529.689882921815	389.237280067649	643.165699380513	522.236203319608	1768.11226913445	1134.64595896325	1193.76156681238	512.158484717353	764.346159874715	639.745715775288	1229.45331146755	656.844192757574	402.403083354393	823.952112215664	514.253764060324	632.469775110634	349.782700710515	651.871257654992	557.965951844693	398.570754164783	357.352471786166	798.580550797463	926.204613057135	541.352751994012	773.206307363481	607.968235953405	821.389225122627	1153.98736217342	819.241888507037	851.747566095554	644.563212251148	241.306577080627	858.704061937102	1424.84174146525	628.018056988133	204.828397504605	266.224666077514	565.005297932568	890.621495911439	504.504881464773	600.207173687676	843.530638661472	1007.02943160922	745.790001901685	681.865714939994	332.921696756017	705.324774963121	796.461060611303	717.13107809536	504.927093589995	792.707053497684	912.551212705276	993.58271008284	620.509584063376	1051.87233013278	1107.73550650988
944_SemiBin_44	2250.67336435725	1984.44565565014	2341.95771064301	2763.86866458578	1888.84953069231	1866.12304495315	2360.02351023168	2812.15546197033	2702.25955399693	2563.15077735998	3499.09052883946	3249.66770721257	2959.36614498109	1897.11296877417	2934.23172440772	1857.85388983998	1958.64268214531	3005.60487658241	1381.44338510667	2249.20358446854	2141.92811948655	2873.00653103364	3026.11546197438	1197.6985161145	856.7327634832	2468.37239749056	2709.65743159193	1803.43692648483	2672.59531071401	2547.95163835541	3334.92241672746	2581.53597482359	1717.61058880604	2679.45826223562	2195.54752113546	2288.57118270372	2795.98861023236	3228.61673023057	1992.67418162633	2131.86094686187	1518.52654965199	1336.27599803341	1688.42280756445	1199.13162538471	2807.06922229555	2232.35349185742	2968.60190643046	2963.42247047605	2870.31578697014	1696.3778549318	2187.72006096089	2063.53389584318	2281.7337362792	1649.35028492816	4260.1522568557	2335.93393246646	2696.23660379678	1933.13511825814	3086.18879857285	2623.20015889888
945_SemiBin_110	1031.58809078115	521.812870076741	568.700090190402	860.337794624135	771.982639573741	1507.25477801313	670.592453644618	551.439831811682	1228.873148922	959.816362510319	620.90100774487	688.569305270188	1723.53633113834	1206.24275426221	769.683291074973	494.432065358207	527.713055360734	656.480416169533	547.549227056677	587.000173684234	483.115389335652	503.994502151302	781.247439158399	520.680311391203	550.904290538593	564.663974918392	499.669141316027	483.709479314798	610.510475983739	448.702231218142	904.769657278793	750.463020718626	523.739817758939	505.501752912015	468.588121510427	366.645864906656	686.210478946805	733.818876204131	542.852481082341	910.091222444822	844.164561650361	626.790445272944	557.019300944824	169.082683233571	844.659170322265	860.779886060219	883.174385660495	887.508683903904	840.163510557774	758.311631750895	793.456205933997	771.421105816271	803.920843736476	487.619652155093	768.368598842604	861.333367056261	1056.96981955235	1242.97826847199	821.930527375835	969.634244613484
945_SemiBin_185	203.476293237031	0	0	342.219568842857	175.986566572496	327.177885459342	427.780369878192	301.114632465482	362.434856454538	720.258277698267	397.798389270215	468.385452449467	1222.54232906622	588.217131765157	1145.74073789731	182.682793423903	263.35358982513	353.349834375153	0	211.264086386841	0	279.517133422877	149.412192177017	0	0	375.179300816312	570.371959421816	0	218.742232589882	380.208765772161	406.379204722233	221.481637247279	177.162597482538	151.950840222001	163.973934797839	0	401.040726449068	284.589355516894	209.911146610477	0	0	0	195.982575886038	0	488.720408474703	290.207940081147	904.639964553032	317.489377324412	169.900294191753	202.898682031424	184.425103047641	363.234397827155	144.958373010819	190.535744938863	0	0	411.641554015981	216.208791328905	225.47776968911	650.656794702227
945_SemiBin_201	481.630734263821	1782.66770408997	571.981676936237	2081.38288537158	534.26658352461	223.170854021987	2036.61657256634	750.066965007421	1424.43143250338	2021.42540858727	1767.14817478095	1857.75403089639	3422.62277202203	1409.63800308552	765.912758371288	922.859490353683	409.43888281828	2247.4880364357	1554.3292268564	296.469429839157	908.366178472971	1880.5425057072	2990.36194495975	951.792336973551	186.077047183665	1052.42866309322	877.412849822953	1195.88131665966	2649.88192393153	1429.35952799029	2416.32211307366	1297.19002693153	0	318.057905899224	1480.2071896431	1467.59178500005	2880.67894944684	1650.91650448131	477.358760971925	2083.47662599935	885.821229154544	0	247.16396425417	1319.49818476108	2592.11710188602	1967.59411139786	1389.19248015399	402.471646101912	351.988605850256	313.850744738968	1288.27081554056	475.623862198375	378.068054891024	336.070274888969	2795.44918055483	1675.45521892467	1473.08621311717	3891.14290831787	1430.12503956102	1028.72594980007
945_SemiBin_23	263.885189990974	409.605805511365	0	370.440213354138	168.195442991846	433.776163859491	768.500857232537	273.956108571853	621.649081058877	431.130469959141	315.876033272277	300.897265745013	988.098615708561	640.985909039518	379.979581401385	156.654164981078	290.858602180012	377.52949553881	347.02042304877	263.251224916517	331.191996863792	881.941782764047	769.416524031194	208.277944066134	162.308486369273	353.759772838071	234.663050329779	0	334.607492160057	583.171519980858	567.270406579914	525.368389352481	338.250832533311	347.343692059038	652.588441288222	309.264973826052	589.404007563069	745.787803181009	279.808654580904	551.656465848676	0	183.877728447298	280.795178301639	287.38076435072	547.241473613085	716.457325725109	383.172784706417	411.304649552979	324.821523455099	391.242084998641	235.730995773486	471.254929776105	482.813839108382	384.064632826861	662.747102238769	630.996869904548	407.027522567138	452.116472176821	598.829832960933	418.271102206885
945_SemiBin_50	1274.44806306282	1062.89259305618	1226.03185578716	2063.23993886226	1331.47397688816	1335.80572772481	1163.85359695786	1231.48159646372	1826.57382159609	1962.00083663872	1387.80726977753	1539.91454958245	3932.29659436378	2918.16797946753	1970.35363769521	919.068910740346	1042.27090821839	1497.06313243653	1020.54589479564	1234.63631200201	1077.7505616616	1357.0248858221	1550.69644617116	968.715329620624	1013.12721335072	1119.89391080414	1234.76287337761	802.286891984092	1333.38526586774	1175.63568531119	1840.79801818809	2342.44098217739	1057.52955079496	1407.13197431612	1142.67168879225	896.708058999909	1961.002111187	1676.01937448133	1133.9349989376	1718.59065916727	617.833222873947	806.51854595622	1067.22423609297	903.265831051576	2053.22477599176	1093.78019472976	1644.1630216705	1784.03246013885	1482.56640322739	1343.17158599894	1227.03735211901	2262.7846197777	1245.56122002664	1075.33735003461	1484.78291867425	1381.0663092604	1675.94831516976	1369.10435728151	1261.37305761313	1797.99701840061
946_SemiBin_182	453.928155448468	562.690281344542	435.065792483828	670.036128601517	838.614086816997	552.895059244014	596.980984501099	868.228935844955	860.577086840665	871.373216119024	846.519799220244	579.649822300841	715.911712631952	913.215108624221	1056.99438422517	818.398009758332	908.882455248481	944.947106566121	535.568901601466	576.909534581122	649.058365449009	241.667494075354	684.94728111217	569.552145532903	752.67960669273	871.836548914453	838.973043832316	762.983808211635	747.751539614619	401.233395384065	943.150136764235	915.652191409793	604.150224351609	830.999799169693	608.607388691372	366.758818985976	679.674473477422	766.826162359294	573.661308154913	510.065946065061	0	681.472042298398	733.315278777574	355.940956234366	897.015435316436	492.580079883551	689.43385445291	831.840754751572	696.542170966543	695.031612322295	744.554262642497	817.008404892652	810.290541692057	588.377613793008	516.771368379809	407.8786857301	879.697430115825	535.405995071954	467.238817421665	1079.97254175766
946_SemiBin_296	2863.31624213699	2909.75345706672	2823.37840703974	2493.88654077964	2329.69202435785	1860.28892574398	2721.2158918362	3059.96709243423	2287.49662819932	1895.62307784923	1995.83970244256	4230.01471971709	1822.13739627271	1841.23857118466	2159.76862053134	2094.66982750344	1956.82554734595	2835.5806608289	2236.9839606287	2416.21762067232	3311.97884895302	3005.09985866144	3230.34106940435	1934.16835563106	1476.32487806237	1852.10718688014	2471.32244376627	2868.06928220335	3362.64947374804	3889.2072555834	3067.62615179876	2049.74330176885	2159.82703977217	1513.02829791663	2146.47914425058	3604.46325398296	2712.19152515431	3741.65273241477	2636.5672745064	2406.6986209272	1546.15132629449	2013.48850196039	1819.73022055004	1205.8672272767	2664.44681892013	2209.92321376556	2492.72986100246	2346.57372650441	2818.95957664614	2102.17500593342	2287.64309037412	1895.20937919051	2756.47521959623	2128.3540471717	5262.4590783933	2919.16247113554	2591.13992118213	2436.62712557239	3077.02038485214	1859.84905942716
946_SemiBin_333	814.197554917391	770.491075811929	872.722570612493	1085.03818355002	655.952305533434	543.591210519603	1166.26367814584	946.173553487682	984.379555529335	1391.69041880949	972.615479990999	773.247006871636	1080.46881802796	1181.33913862411	928.972903310053	995.904112860198	707.389659736876	965.858452589727	620.765297413138	559.65342776084	730.489454740318	2881.7065475694	1229.15906994629	722.127434595556	485.026426267515	1027.17552311969	746.726692746066	585.608699205235	1469.08206595401	1132.41695931637	962.753841761051	793.451216006762	703.373467876907	683.993574719385	1149.20766326488	984.227247744083	779.213630832191	823.652782613163	541.468867106073	2221.55021135762	877.621842136435	307.265574689994	437.813342422241	426.948482906531	1564.85830830175	1322.81212278545	871.648195603544	811.465770373439	912.056965579712	603.051460148739	1117.97199157075	770.370445594656	683.344647798736	866.619316064551	1138.62087372438	979.141028368709	934.871941530838	1234.36530233374	1188.58065949543	955.913093325749
946_SemiBin_374	701.962574016234	657.496161016488	1075.85809213279	1688.75339751518	886.95004172928	702.250245083216	1065.09104202334	614.236169346097	1555.74530739781	1396.90135331646	1516.61675721579	1013.1601416693	1644.02780015199	3710.2245768129	1773.7689029338	719.675853466509	646.461874110889	997.092178821901	1629.00388366652	793.637294442117	702.517270612493	1293.63513957	1504.14135947967	813.056902164647	718.307593081975	532.310647102179	914.855175766491	359.311794913703	949.728281772368	1442.21294939735	1501.3751738633	992.772114998743	402.508667531549	536.782808800907	589.109743850829	1024.63282078811	1004.50814458598	820.681330701773	793.363644886619	992.179306302871	546.114457377604	369.391771336515	806.037295838238	722.758344684655	1254.73750768073	1052.94268629175	1361.79813890683	1412.60448336547	1165.68991350588	804.650924962108	1458.2596700492	1987.46108152917	933.008605441404	895.552110155693	991.387755401836	1188.82032141932	1196.27560523472	1126.20997375365	1233.30909759812	1295.89918698423
947_SemiBin_204	1394.59204526881	1422.46377611946	1445.66918478794	1837.65321138341	1483.06013212636	1280.68275761116	1295.14730471223	1381.54438146009	1569.49441346973	1962.63899252291	1588.15558996205	1443.45954904875	2609.15865118439	1460.74465307512	3233.3500980056	1249.38021449987	1351.03214902772	1395.77656929123	1293.74759267597	1489.22688508327	1353.32422269297	2167.47555942774	1315.52689325077	1259.56251321422	1399.59220900716	1189.12034005196	1278.84979452588	1341.59132044651	1341.16862311784	1393.74686217886	1727.10221373504	1213.76612155151	1045.63087499917	1151.51508734432	1014.34153836551	1195.67634276407	1730.16130393387	1552.86840663666	1317.4713313552	1325.3841471659	874.743232346755	1147.43128039794	1244.36144495198	672.305116647284	1947.02005880836	1321.62294187178	1445.63365100811	1471.03162151667	1358.93865349737	1514.19611983593	1273.7188996323	1629.63004451037	1460.6800857632	1405.67770988676	1323.58177927298	1412.46509039408	1499.82156617743	1413.54149942671	1482.7148500054	1562.87519966664
947_SemiBin_8	744.748554716917	686.811785763888	701.782606337996	689.620642504372	667.487629034396	1077.54991326647	897.409223552058	844.528361903857	1728.82992603794	747.228480240971	504.138421562397	841.251379046498	938.576575469521	490.978159334001	1954.67774127928	983.857153021532	913.472980716461	1309.12259501708	1294.84470964098	897.796808223332	1211.53600354601	771.645135307342	1407.03698764952	835.921651004931	1005.42020658404	670.325902804966	884.479099464432	539.785593970108	1112.26475121436	1952.27205726435	1549.21505637328	1464.41129226914	1017.2962857376	610.422383018617	968.530969544464	580.235927030215	1146.34687182113	1422.25556480558	720.95124581179	1083.38632366268	417.453115051509	1089.29968376571	1131.59535319388	190.598667907499	1479.74120378517	1064.09472935214	1272.86812194837	1464.72662331693	1084.6517229869	1120.34844683654	1036.2211520399	1159.00029312592	674.636427397161	676.509123984891	822.248179533076	737.841804212608	914.08991871864	677.586291555456	1931.6513179418	1423.11645620639
947_SemiBin_9	2932.1290106765	1727.56163165722	2420.75805631391	4504.77858125977	3416.01746609365	2227.80067505532	6687.81395535756	8421.37161779183	6330.71851735521	5962.43254047887	5228.32066642678	4297.951807251	3917.6997862837	1903.84639029359	4976.65774664687	6702.31251002664	4752.92841180233	6107.91182989512	14946.8594207591	9800.06021031706	4869.16226635288	2500.42653725327	4387.26439107739	13273.7596492662	9927.79189245186	8224.83634337802	9934.02733298188	4408.67733512992	4219.79276134728	6574.23540035203	9562.38602293979	2979.12650803533	5373.96475957868	11319.6409300646	8809.7206838823	3239.70633497175	4313.22577050407	3847.69113934873	3174.15645293235	11085.2556548867	5144.25502082808	1472.45403208075	2092.94746859924	5917.08957281044	7716.11944542264	11286.7138086367	11189.2192556056	6605.11567804053	10300.1499400016	2734.96925822083	8822.37324544532	16328.4752908478	5673.34957068349	11256.5794145313	15838.3668140489	10335.6336141447	6212.95153070866	3263.23477015834	10552.9765537349	8993.99096950106
948_SemiBin_209	1170.46025458818	1535.52293074374	1431.58462009406	1856.25511757113	2148.44373687162	1063.47715778055	2767.75399792966	2106.47998030784	1730.45221996295	1702.71523378552	1676.70074499424	1604.69715857133	1578.14731258951	1176.92026115041	1711.73383481739	2628.97483358448	1768.99625186639	1766.97826844304	1183.43985014926	1396.40029173302	1311.46856541639	1500.78931498409	1554.81937621038	2323.96283431287	1424.37108392266	1210.88055869103	1572.7026415007	967.781507202929	1935.66364790904	1898.53934480489	1760.49204170411	1245.12347314297	1318.4287249812	1518.35240497958	1596.58696825475	1183.31736000768	1541.83277212425	1314.10161118871	1493.15687702513	1144.00711194479	842.167531074929	1301.75008733189	1465.04585695287	915.762194205395	1788.16025289492	1597.00198406817	2280.12742350034	1636.82531076942	3072.61841284068	1889.47325481541	2777.40427590139	1556.8843392363	1618.9043695584	1523.83684854949	1816.8653718785	1387.09095843627	3053.5035674613	1623.62259227773	2049.46567887921	2536.56376917615
949_SemiBin_129	350.026137721493	0	246.408904433131	437.239087976011	418.383384034533	423.483173834186	567.991551726868	425.954898075236	698.669266560818	563.175510481862	412.917409604645	213.684302921881	728.576699556624	285.530722447941	401.793989857822	400.584719271573	527.023636193455	388.163248570303	248.889463157925	200.810930247566	168.261610099223	275.435246560946	927.197668941127	357.600610215238	169.849537508617	294.572571047439	447.970372722434	136.167144392103	594.903657695122	512.686430874605	556.6074797427	521.005309033321	276.751794165323	444.952920015207	222.520116817079	0	335.977260308559	302.824305026209	323.520695866733	221.254697577105	0	196.682169850542	353.0378582497	0	575.879979645155	267.556961731468	420.855703493328	804.871254926922	135.590181491482	597.955120854966	369.936994051037	377.472536211262	397.540939614864	332.194321010606	243.031155715153	630.321170328047	438.062144494503	462.307923385324	462.185717726283	497.750229362922
950_SemiBin_52	550.604759413797	263.268823403807	359.526799941227	587.551169917202	373.978617857293	318.357550234787	577.529486336147	350.8615466522	714.172887878672	1051.00823542097	643.896179761453	1258.17306670093	598.1156639994	1318.05374743762	653.205521533191	650.691777010092	230.282434417563	2121.82936632318	412.302583716764	345.783067639253	1389.05161273007	2918.83044550951	648.295989760453	294.185749779947	198.449085382623	426.962389445964	404.490601311908	308.979476525481	448.06751953608	1348.68879414274	469.324674476784	627.573205507681	400.976090485094	401.536578925589	1377.34526751239	707.412234686986	515.757835270331	556.0857579233	451.090092133272	580.541582163352	424.585212086797	339.495549257557	502.687013350289	465.427022799183	847.708108022448	463.266295852123	534.114129160222	642.02312942719	453.893805245645	309.144967536258	723.336126771522	590.247706212671	537.693877108061	349.285804464214	421.168130599951	391.540936156651	524.580375313432	843.895357156857	374.208427146335	504.55023358395
951_SemiBin_21	0	0	0	436.110501063048	0	286.749408089935	230.286835671113	120.20283819398	248.304888878352	156.040489082768	37.2541529916707	0	0	260.362492951141	486.001543424208	71.0171217725769	0	39.6310536183115	221.103557574515	97.1575624931972	40.9580816531302	70.8244166008082	128.660365117587	77.3828774431176	133.61585002243	173.823651444148	103.238922409904	69.7794167307405	0	209.493851060422	91.5244709905151	122.215529589255	164.15957162656	162.866446490386	172.89075117495	79.4587540243433	63.8494398622902	0	69.331333317194	172.545867446868	286.886365854556	0	0	0	171.496440676027	131.403545600272	71.3775846444364	0	112.769372143421	0	87.3828560309572	236.060253859324	74.9194404253934	134.788801314336	187.674574686388	115.738678641889	49.6813375688773	239.599949722292	88.3378381575461	114.086070531084
951_SemiBin_94	1167.84692782264	699.883477789794	836.437787594117	812.917065279048	1182.40733475207	638.757647846817	840.988508450768	846.430982685379	912.517691244023	1004.29043189476	803.532491832879	869.157287167767	865.161357482944	533.261226422398	963.177245474455	773.677647450583	1394.75162303024	1023.20854149102	1083.08035572769	1235.77471458267	1102.46216651415	574.368904070316	866.478606752871	1024.30556987631	700.022616424127	551.174195079463	814.617486098641	756.109012958507	1180.70597343004	805.003553671496	1005.12296091429	740.350414677889	522.625214346301	659.813642267178	515.853154416833	521.15629133384	739.474508825971	491.472443075199	923.831946020661	564.939178185812	571.73875716007	774.470337131439	743.703312595979	369.115703491813	1164.14708919326	995.846417746808	1099.37686945539	1107.01953862712	978.847791289393	1276.56862716219	1003.21593296128	923.202622510743	1427.85816371076	1106.60163324187	942.921929113509	951.198308454036	1135.58690446878	811.947622578368	1059.94195112246	1302.07017881493
953_SemiBin_322	5967.75413459342	3742.38767356646	3283.60440768059	2362.59804185685	3993.17363958537	3247.703102931	3309.47704803993	3985.17306129306	2879.60408355832	2783.51413219783	2668.82054283527	4581.45405257468	2078.08948758935	1719.17139635139	2316.02892500082	5385.64109334615	3339.11134996249	3272.46808216038	2910.23573012042	3583.86784615356	6027.01696724678	2548.40203621051	3042.96877879	6255.56363227088	6510.01261276865	2850.37682633563	2955.33890743725	5568.42509628107	4694.3121640304	3766.5332669455	3001.18680053219	2146.56839979303	2811.07946693612	3063.19139540677	2479.16405404362	4977.50821340095	2136.14553607063	2507.30018577403	4982.48038144377	1834.53172693295	1783.70226604883	4233.88158016015	3365.5458118976	1736.9970972376	2438.31535772827	3148.75895578814	2920.84587838314	2812.87914992372	3112.24915789949	3856.54757900241	6752.11685555253	2826.02348563644	3692.85926383534	3539.29441620131	2533.93392158731	3019.66099030253	3507.41593695512	3103.86667315083	3133.94660742547	3326.04381148482
954_SemiBin_108	196.294928368373	140.915422239879	152.356979246116	448.314841705065	253.624525909593	0	671.652666881261	144.469687827132	0	297.773692403662	420.053957232579	319.914804024813	358.94048720176	0	282.424369983754	133.938315536942	144.117723146231	145.443567457986	133.230118593104	568.362967545606	561.177600406363	1127.26738515775	308.458511494046	505.515139118342	363.562912727569	369.078373530591	1002.64550994735	134.714823790729	747.401952731423	0	751.106360046411	0	0	108.082959499329	0	0	0	581.020702466092	0	478.170879192194	0	146.172086821928	0	0	1034.05516076311	664.376640407152	871.383644008398	815.43340652286	896.378304971009	496.48910649461	735.425816312877	849.962135825052	645.349213499382	654.46914017894	812.768507139472	461.767160591565	711.898384890057	553.657541232934	782.101549610807	865.596539803641
954_SemiBin_2	482.264600026329	287.693966271631	298.885876205306	389.055677557048	459.920424203631	0	242.444603367537	642.074887055017	171.522166619965	237.874393302033	350.598620736706	269.2035529282	168.434168000013	361.150645921626	511.078935316608	365.631016739737	275.321496888253	229.767342509014	149.604071287979	532.586207434288	254.580404866904	1656.74585112911	377.797463150723	222.772795978992	283.56477499367	312.67478488331	153.327967838596	483.646141550148	432.037660966306	1485.75061298641	345.35261323067	553.971591656851	401.81272727259	334.096685582625	403.354121149996	454.661165551505	655.171229797411	1346.03439364509	330.750006198727	524.825149530297	160.130190007331	404.297268601535	386.43071742279	254.422958672541	219.558626630745	152.937032478139	264.931799053507	266.177369093055	0	465.924966581733	0	192.648807419452	240.525598384024	298.919097682133	299.637390695434	367.98900047514	422.273316640288	0	324.825833372829	370.091669451756
954_SemiBin_221	522.385785345008	491.327039203396	524.379581446305	706.442884807869	421.032715579213	370.267306816173	314.737021367344	876.412832532156	775.962951772403	432.380298869307	438.528321659541	689.573473684701	633.408307877801	591.769479719852	587.847638431846	320.171462771535	362.955084638051	533.385089778957	505.374831167117	822.846802622382	406.480225691009	1185.50519210976	395.655077601118	409.634682281039	484.886097197328	464.60690761763	361.734538141773	887.129960315966	761.103573902288	457.145495902313	575.34253803879	566.179024355961	524.066806567364	345.743216495572	448.151836412648	272.848634310909	547.203046448473	399.894106459291	470.74130781598	662.40218969837	310.179701955136	503.268805941391	585.295080252713	214.272914191857	616.699848684927	608.359413897362	425.952054120951	509.384583027912	747.278063969945	651.834283812026	544.142938900554	471.71127180634	662.344636079749	670.964343785294	665.399105364266	524.582043886829	1106.48898339342	506.321783237069	433.724001441936	479.220921405847
954_SemiBin_346	595.013994647108	505.656639028402	330.541283764901	500.453534387414	544.271886437873	165.60063426542	253.785698535641	407.936336355727	639.472549386179	625.779046356085	438.457578047713	483.842847173848	656.679584231119	533.448843412922	662.554503442185	436.554064222986	325.333271438036	470.318758202544	563.250242088788	444.146390919779	325.697745701323	1639.32597294568	312.7956859669	236.193510408096	437.84808792705	334.177085133055	470.783256137682	394.88769100844	517.822232861703	223.175648607287	651.748783042932	631.949851027104	356.527118991983	431.75582925575	378.41930607792	385.545891414353	496.416433693162	457.516011908761	502.16153813106	344.066909875304	257.055428483489	469.684203169731	345.191217718939	189.022500773435	538.111241498631	330.978453242338	295.651389252118	492.682453681539	387.514062446683	446.758017596486	299.242403077449	500.542207062289	494.87833852204	409.836606708802	437.299454894239	371.188687644679	339.871380429032	321.099869102749	393.218116166447	321.177627762683
954_SemiBin_8	655.456314630474	845.903262414575	638.884548483247	722.575956244437	513.712428278464	196.725404298396	793.011813754279	961.303824350825	391.730811460603	657.515702338088	416.512893023418	923.25325671557	790.256276817278	665.146712708819	304.795074617423	523.192577746432	718.81183215638	854.805766781307	388.250731356855	676.316598820747	1010.25857915325	1535.28536086682	1028.19758446657	292.87108071227	363.028630179099	504.083701915866	497.6277462673	656.055482240661	1121.26068208751	617.574313175835	831.381144317674	784.442281625517	527.956790899102	274.292836634214	496.422142582364	549.517791134717	650.174072037472	1259.87105239202	667.204658041001	582.359947835348	0	470.420148949822	451.849129745443	365.41679268599	798.885920341763	376.398855480872	342.646384720037	446.695552364174	641.977437444669	258.581992971728	545.414955624687	486.755411936557	99.9633281532567	411.763845380874	368.384431001353	474.248845075381	532.327892486288	556.001974558489	884.675538978332	657.891277857766
955_SemiBin_146	523.421768165542	689.232218462644	681.26421554646	1028.73800991164	489.759418785262	234.725104256774	552.158252725881	361.783143011339	542.069748807277	920.239156179147	664.369508916033	632.080984031876	1236.27933598971	735.202286439372	1091.56123393851	471.555418546613	420.108597739368	604.601229153977	580.60717951841	608.743061434136	616.943675981417	674.785543358004	1820.33967060505	698.755948893998	381.83480649479	558.696795549931	545.900816023703	369.445409579439	581.550424108851	1187.2242230331	506.921035231543	530.614187972934	317.121391351511	477.89961862734	423.806197177228	538.421469831753	530.136305533652	431.589559530575	320.97718909886	473.975397388515	216.996866451537	304.133093517827	343.730843222665	265.78963682723	612.980244756427	691.315261810292	755.267013621834	750.218391790124	547.887973895723	345.187789893847	662.781950229348	627.052822184404	455.548849235473	487.435503593949	310.898974499203	716.920161789779	482.834026699597	433.182863269611	477.22883792451	545.372481158019
955_SemiBin_256	371.415375857799	372.843815665765	352.999358222008	1050.15086042207	515.723628249174	732.850819024492	589.844926803114	622.121306304366	1306.93098243515	1326.13072346918	1349.46743684155	395.987253789273	1141.78407449862	1245.90083821971	1446.67435029219	571.075026746116	714.132269475526	631.521646232106	1282.69170668717	604.610775587759	400.605494690616	1250.94997765355	3024.2983871886	644.359197286061	323.165884564545	987.121716448051	1104.2639231591	365.185494403885	860.063721450287	337.454755267449	732.79577213262	1134.71499067023	559.266599073097	618.450465141441	478.281436917424	546.920451837164	1008.9446927258	965.78130954107	715.450299237043	467.102601423519	526.791713915502	596.988291613986	734.3848803546	1068.98566893033	957.261682630668	818.122766416339	687.596760577243	850.715498893788	653.796437714808	579.77137368251	793.078742950219	962.075064225789	774.747860955879	544.129592246081	932.674405657042	612.145349633858	847.04149650425	739.690015707566	686.86304221682	1004.06354746951
956_SemiBin_125	658.328954228381	690.719623362952	942.529749031705	648.374258425762	903.666274042016	746.299527274658	913.412516594934	1152.5322915515	1263.91000504852	1636.29717036905	1080.90850667164	600.34895122195	828.636817868026	327.546603769906	934.129046581794	1090.715836445	1517.81598665621	1120.91235051368	1454.77307659476	1185.0977620611	760.192966981546	574.060721361818	862.006769830321	1845.68186176154	840.297067342016	554.46279727533	682.597513400228	504.50775673678	941.606980788588	655.297727137893	949.760380314835	898.168502360422	835.017571331714	665.647604579316	821.113577579293	477.296029100475	746.133268926447	665.088584777328	1084.11651010555	606.077099063387	446.784852139843	882.163169064256	1462.39564166301	242.117568608457	1153.85462052658	974.6378558369	897.988551533468	1042.76861897404	1026.72094067026	1423.47282063397	1276.75003329758	1103.1321673894	985.065853576491	808.831668106738	926.075711868791	888.606751410285	1034.46547224172	1262.46101460026	1073.16968543867	1557.72661816423
956_SemiBin_137	1211.21611015591	999.530700443607	1058.37430303424	1243.13254894338	1249.57312550368	1121.97380408398	1203.05125480897	1046.7180069783	1336.29847922547	1275.48835687813	1102.74583120006	1201.25409400223	1065.08601558087	890.024522560925	1147.01709077235	1032.96844725215	1212.60779330712	1146.18245534978	1043.38404153356	1277.54247986624	1203.10092805373	936.987503939844	1214.44056908789	1075.91087085833	898.092636472188	856.349127510244	1035.31459102714	918.206044395501	1195.74763142609	934.691065724883	1330.36870942348	955.768274733389	869.145794554526	975.535708332801	889.43324223365	992.807423128929	1018.44762115847	1082.83883380624	1171.56721735531	744.577217798416	944.380518079205	995.715079952039	958.103643160331	269.782782227494	1150.23767329938	987.533899365905	1226.23290595855	1173.46933861619	1231.51708918043	1359.71224108608	1367.00759261937	1278.75200233214	1545.42209990484	1077.36140685518	1116.66026498216	1048.99274969063	1298.19746962009	1189.53550626442	1193.98785478692	1454.02173731615
956_SemiBin_187	1133.66697264845	1607.77397919634	1458.14831204003	1620.23166802389	1875.78709503075	2179.27496616988	2043.91155844694	1793.87431529701	2081.8188818525	1756.03578674635	1641.65021688866	1245.2952606166	1832.16712864827	1319.05339887458	2260.52534842743	2063.79796544798	1798.66578247842	1829.99838507956	1411.84375249998	1525.09911477465	1374.43254634724	1283.07413056174	2146.29711100519	3226.13281079279	1334.29674605779	1254.74217094215	1458.27240323438	1211.46213703303	1656.37409432661	1823.87095127509	1778.28238400108	1478.95215446115	1441.5052662903	1514.86514410118	1320.04802140457	1058.298938325	1436.88870136232	1494.00408444051	2029.70291370506	1606.83762581167	985.998304226304	1717.46823606073	2146.43908864141	437.500887295003	1731.45289410403	1315.73465230049	1546.60648516823	1702.64960765753	1660.19557849778	1740.89800606356	2076.78582434571	1655.64275967169	1888.62164507762	1623.9275793419	1427.13434950395	1572.48278923453	2150.50217852897	1721.16337572388	1526.42791040028	2603.84353102455
956_SemiBin_215	1302.55132728524	895.385211464778	1460.33636118447	1449.32852828753	1415.11514930544	907.106019095507	1664.78305344176	1662.65817050884	1466.06638237532	1434.22373029565	1526.02054196457	1160.36738602969	1145.0329531843	764.134519627795	1645.68806402798	1082.03617544618	1428.84173089093	1199.61238722934	1415.49794040032	1386.80607887325	1291.45033809488	932.304979293603	1438.83529958023	1010.99550005439	1044.43992980908	635.914053902324	1317.37245999972	1129.5898984811	1606.99653469825	1220.38090723949	1452.87128264437	845.399317566655	772.886545397294	1137.40700482041	1183.22563318337	1634.5521620763	1129.60832508236	1570.58492499126	1295.6901778031	764.109840619299	472.412186454015	996.317604363211	650.004549153727	317.439120678231	1847.76136067276	1260.64110298556	1826.10215956479	1663.87106049275	1814.23357464795	1377.78855326999	2327.50288355896	1917.47619341564	1886.79377296454	1791.72468539558	1031.64670331122	1456.47184895062	1246.0968626569	1168.74821734667	1704.1401454332	1646.18766000127
957_SemiBin_343	206.39907027648	194.965200676198	153.792370711098	306.682468870101	253.380732663256	0	152.239042897491	328.180565558395	414.88608719332	302.067232816511	310.850682079369	248.314737391778	357.181937282038	367.283946956085	281.931185168371	403.307823301435	225.989261505675	351.415070355643	138.697731440453	165.200902146455	281.84096371394	236.851160934978	583.878668629621	635.226711589092	984.239916065434	363.024156556663	560.45531035405	270.992474200098	438.099693566556	194.843125919248	360.735151478846	308.984965639515	375.579022012392	280.042907618441	199.977638637746	716.530714573315	0	181.514388705176	192.738290111998	0	0	276.148818947337	369.642683121402	0	405.410057802964	314.255375976823	345.054689179678	434.108485159431	381.442898185606	244.449286705239	418.408399466586	0	277.973877075518	177.358749758879	224.996069555702	403.047254209899	550.363151893891	346.326826658678	231.011895159434	473.528431212582
957_SemiBin_50	1460.44188276005	1439.20257923798	1226.69364290845	1402.27130636812	2008.86263671964	995.824689382601	1457.82670351069	1151.47287933829	1379.72347934517	1562.79265060579	1281.18145548781	1211.46486310242	1204.27861137213	930.444186227485	1198.69446614809	1841.55406470721	1245.72555850844	1059.11330003477	1175.469199226	1150.68674341695	1078.84998603791	1041.57452908615	1263.48612303173	1437.11465561877	2479.95742275342	922.59940997977	1136.43825296618	1528.66610506796	1448.69816179309	1230.01338103296	1218.14387333682	916.906048594077	1892.25838300595	1039.075350068	948.192835639223	1692.71474107083	995.377672249603	1303.16903379168	1143.8706461131	789.779544207439	1030.23074598678	1068.39395324679	1047.92171373898	297.315580907906	1498.50980595917	1642.68091789973	1530.64592314136	1443.21312748872	1188.9815610343	1258.53070991263	1445.61510318727	967.191910241991	1171.09502456249	1328.51345127637	1231.17605456991	1275.20540563687	1312.1576132656	1295.11081268447	1315.43257041691	1293.66354428563
958_SemiBin_114	567.271517132367	833.710758249477	947.979262511093	3511.32160003961	649.326428732575	1275.60686025861	1226.14718925061	1106.99122493126	1376.6503922799	1108.42704349113	1176.71981634886	894.834959190824	1515.18624492348	1358.51727505795	2294.84522649589	1201.60274532752	777.780426271577	1381.19649400272	1115.72226868862	997.882918584063	639.900537779746	1351.12877926694	1279.84811241264	429.293811874894	652.050362121619	2083.30571854939	1505.47738365995	455.460040234302	860.381341529408	1179.57505564015	2913.48492614332	1806.77195381518	688.925885541829	970.135227008412	1025.73713426085	567.380588310567	1225.59163824355	1380.17928370687	884.974433563346	1089.94700206803	743.811490482266	750.968614066869	1372.34943667527	884.724711632188	2089.94906534768	964.175195782767	1144.3300549931	3200.42637052376	1817.76319527561	419.872110644546	813.851632380076	2340.14643499458	872.310582031082	851.773662179429	2009.46580667902	891.219810789928	1191.89828436897	989.082755660639	1434.61088390558	1502.83544413846
959_SemiBin_129	322.102774533313	206.534569761725	190.636847521329	348.246776653095	0	0	436.205982146464	375.866275684154	179.566002556215	329.802285524134	0	454.610865556406	418.389797056918	323.150503966696	590.65354234168	188.364470851256	278.298700692669	373.605268728483	0	195.863935973313	201.088884918587	365.573556641865	0	0	230.578570965463	346.294281490067	1352.0182148185	266.378401415992	258.63345409413	404.38975883562	331.632086491897	366.884895947749	397.247351171645	271.219523802396	304.113152654512	213.605227474148	409.868205552907	384.442548002459	207.087110384304	334.49182601809	0	242.810311515394	186.495668618938	290.064158951452	279.560950517677	0	473.034400458044	0	0	199.833996947595	0	0	207.310786722097	179.396579345562	226.96955482507	0	529.695479442652	0	330.380010063081	425.795194797273
960_SemiBin_14	1091.55231465375	1593.82598463267	622.142570031347	570.8328146383	1520.45091087236	628.917606586543	645.367531503304	586.720097850002	699.912246210855	764.364852979338	966.631511865926	840.494215426234	516.384571810789	500.571507647761	657.095640233073	768.602387415297	787.358168553609	443.181994145746	540.258966543753	602.077708707037	535.662402113999	358.493874304183	583.73704649298	626.573153726429	785.132185859192	455.407157604156	617.315349508497	874.375338900567	474.424663138014	253.851275495053	603.87011716563	304.652981917652	885.640008565121	637.879972769318	345.16483562551	769.568304579423	426.895626312051	996.932758061385	668.840002581418	285.188294859194	304.115922155076	599.194950473586	448.625107752025	0	670.022444190606	740.740355080609	848.106336907264	1256.09898133094	669.242503514899	1044.06608875182	780.973355809917	490.208965628106	673.319306925842	964.321318524291	272.482449913526	428.765458844428	644.481397399643	554.236131257264	565.819714410187	531.676039343134
960_SemiBin_192	769.758932302751	698.139710252162	634.600595337193	832.412531193891	709.598475146247	757.402666324929	824.452343622096	663.853154487182	808.604039582889	764.315951238225	721.123963886965	816.686292059451	1086.2954630928	716.563416947392	731.981191527086	700.251148897729	720.394249103606	733.79260414718	487.660989017548	779.441070736289	827.826072694018	708.949047311232	1225.62800253922	724.402541527621	555.075112159361	524.87294577464	823.327136338164	910.585147431759	996.536282897045	509.88153103383	719.744560861767	537.986052506896	746.677241009724	716.667955076016	558.569667000246	482.54205190014	436.635663902809	478.233484365083	798.911877348661	545.716745905602	363.410538255661	896.293102882826	706.563011455095	234.431876412853	726.937040821221	669.445761307719	734.342706312517	839.882482527519	834.136482425911	916.766154050283	840.416017227756	591.767376978281	980.356987358642	472.372327947338	606.850253864326	585.76842216592	1007.53539155294	785.407299718462	793.433206440778	839.509298815214
960_SemiBin_248	352.668388475357	451.429745173576	168.217180742233	117.487213293898	415.525173915239	230.2759045015	161.849850468521	169.602091510494	278.592304845966	228.022912895151	367.29250033204	387.257263168997	65.2370158538266	373.106252338657	164.725599783793	229.379623249072	361.873369633448	394.428120869759	160.694779061982	484.023934537574	522.123475340629	373.42940003508	609.827448646337	342.982583705005	182.281285556086	325.010012367254	501.24578672461	676.476898453456	458.290652376212	224.934093082158	283.867405117886	413.449835122494	401.658254698524	326.87464536075	270.644407191362	497.037915037617	342.044300424128	344.414861631806	361.941513172106	260.028722357138	0	324.263175737579	356.674076164448	0	175.517820387741	291.733310971072	294.268521398899	328.78552653223	287.340741212673	368.141679636031	193.926817494318	234.783364774447	486.271114674094	542.184597986478	429.002247271102	411.125467747717	443.868105783614	356.232584259321	521.145307061159	453.929181815755
960_SemiBin_428	724.454060453886	400.988913576745	476.241801429699	335.099675630776	793.184540681759	673.764468749032	434.618808904149	419.341642311442	597.194336970638	558.348214482315	808.219752014904	749.44474352459	430.876724098843	178.710205575409	439.8344459774	392.925598773148	652.812611187963	287.33406416356	288.557036421608	443.114351550963	381.185564091401	271.181388081676	501.883974057268	404.456719207032	359.954515429607	596.195664420891	787.489430782772	688.688422339377	793.283753758387	393.318494172818	463.502869976945	494.463970221787	389.023860621731	433.634740778747	388.710616976813	304.97553012211	458.340420687157	268.192927113157	656.320978958677	196.901040307099	308.337556258366	761.350918405314	647.703345839842	280.437511937929	425.245753731049	306.997228485278	720.665849804575	350.977803687559	730.625465067028	817.679068011915	843.968557088291	448.48687721196	637.021444089098	574.322987586536	256.147776397539	360.260046154206	1032.38403728101	627.191541306437	316.834498494952	1004.88594654513
960_SemiBin_641	726.187186654023	683.319911021774	1366.13779306507	817.941287422959	715.748765508311	747.298636093743	819.104686949387	819.624918877179	832.199192772616	908.85134090805	767.409351740357	927.244348522315	988.683731979397	938.512074098127	806.001838535773	736.970913956422	921.707858572108	871.749069509169	673.431794952893	804.897196630271	1010.7890328446	1529.54865661029	1128.27288178559	590.696497773049	495.59686164119	794.135641698372	803.490555861381	1242.67452810791	903.465266748956	1215.45216337122	904.887298043066	831.921487030008	582.687419193119	564.452275080244	679.21637497097	664.151224439998	937.464893447659	890.527596044889	812.81633068663	1403.59838557199	766.954492172464	627.146308835726	507.155189204003	585.595320031864	920.334704972227	865.470760678892	868.704950494633	910.05854389563	798.634209839701	807.032458159562	774.605738885306	741.46413206044	781.260085999793	729.491912404113	878.019531912987	815.331469293029	962.497493321922	849.61623627937	914.864946378542	945.004307941795
960_SemiBin_66	1125.27458825621	1361.98689822919	725.835443625738	422.908070158221	956.025236728662	664.940835655954	447.291628456677	563.328199329707	612.899904003074	578.637359165002	304.037713078519	544.703820338666	462.999155939868	488.837617959007	326.449968699795	407.215176954216	964.090386878206	612.919294334907	585.297117808286	598.431661070736	651.348449789006	104.256726585723	780.298870305733	834.168340635764	695.121650326159	635.608418076564	432.215516903703	1123.40264968563	587.63126639463	327.466283089881	482.386125901677	718.259279857995	461.627911679566	235.197163440085	607.7978887652	694.188312753958	304.852862727929	289.684656454246	314.222128356584	0	480.25312108546	895.526793229056	582.692297147132	0	611.062924289991	619.657551925404	511.141464611876	444.051000154725	753.078515952836	1206.05033670633	626.777128242116	519.750592256251	875.499551613215	460.301827103978	345.452847500636	607.716533326144	698.924043679771	992.154712116734	596.784581102264	767.488658846277
961_SemiBin_68	989.135852325592	1098.13370640985	2741.86178972894	1417.86942638047	1745.47646884131	5918.74301176315	2630.18288811383	2445.45362651141	1742.11864209259	1153.83865814512	1104.52417129915	1180.48150887322	1569.17615894072	1037.91720212369	1089.16948315876	767.116310096756	2171.08183417228	993.82901035814	712.440903994365	962.356406984219	893.468807401303	976.602357444374	5364.68861967597	5652.4076266982	875.008947342792	961.515069016909	1663.22554217713	1264.411525654	8528.49473707502	1196.1567786529	1703.65409907829	4795.60083598002	627.72096281751	755.16158514745	803.811497273384	676.109171067293	1103.80160551167	905.686538245726	980.309635639619	4202.0522169211	1954.36130318423	2689.51049744436	7378.78213526729	1134.36690498291	3569.7788758287	3921.701704605	1210.75201287264	1638.54661510443	1477.09805453886	1762.96833881488	2331.94902509294	1308.66461858932	1448.97295922697	920.010436086854	949.184615432261	1100.20299930066	1031.10301844724	3970.51508074731	1284.7084168406	4850.80469078601
962_SemiBin_32	195.823874607467	0	166.240009630035	254.227737616623	168.515120587858	0	197.850422313442	139.080996056531	267.696645194853	278.789556146051	190.305079260661	0	0	0	280.181551088652	0	188.751801451632	0	0	0	0	0	0	157.069835751245	0	0	137.389690093052	0	183.725866066793	160.305417824356	210.337916773278	0	0	144.704521391365	0	0	0	0	0	0	0	0	0	0	214.714655346806	190.431485952271	196.464906320703	245.022172384542	161.692889475722	0	216.318225758353	222.393431450344	0	0	0	177.289181088965	198.364949892109	219.035598816992	170.82791747092	232.158346199208
962_SemiBin_52	470.982129635441	577.578639093332	749.577272538557	497.84318593063	698.190614839333	427.566997766688	515.106977708689	581.508256776381	747.496051041632	1197.70600750085	1019.71660418314	676.011178971533	1067.5034758052	442.6833322314	908.378434402547	618.11642408197	511.998809487148	503.94322209436	554.873027721139	726.415431453054	592.228583982837	1514.9029442394	952.442105408931	389.581077684898	437.877768059914	785.119144991637	932.518259261714	769.189619319705	538.159555675024	1595.37041120384	730.220539053381	780.188937535177	470.806042308928	477.618755778137	958.133759452118	795.978018841821	744.746947445628	1183.84601967366	689.943481743097	564.730752067727	454.904861829154	356.325359365732	510.916892630341	425.477351777667	843.552913198323	653.455672202222	474.938298385768	558.657977731824	582.04953426682	318.140889523425	535.392623982446	697.066687178897	637.772136531831	389.55802318492	787.512097248222	416.812683831747	686.866800967365	1243.51659908454	752.628297468569	638.528155577913
962_SemiBin_76	0	224.026359181796	0	261.662623441341	0	0	0	307.171280259563	204.01239654722	0	248.012819259359	329.182241119993	150.155081257641	0	318.010043894551	220.591324054647	195.028877370522	339.662252673243	0	183.837451335078	320.164465353994	384.464827864388	181.756565239734	185.855034959407	168.692777278062	266.83617690305	159.70845009828	150.917575248977	156.84546611685	897.237618639076	230.517731825383	272.248593961485	177.171381023199	85.5839080940666	144.530486214206	282.851743151609	226.737818811192	0	218.413522472536	0	0	0	0	0	0	0	200.154788977937	261.417720680925	211.546039899291	184.994393454016	109.67341492511	0	272.280197260434	0	175.612661070039	283.020922753745	0	165.43350614841	138.978431489423	350.665322332581
963_SemiBin_255	1397.49843956765	1138.10946024298	1205.66023749495	1564.62407208505	1796.72833440972	1665.1544202344	1399.518767315	1330.13795913629	2630.71505222933	2472.79179098299	3738.00406282535	1215.02207021419	1607.00803109159	1266.99755077181	1821.01629372035	1340.38383921301	1569.00022592299	1970.54810883848	1142.11557536146	1262.19674559944	965.855421702913	1077.35925718036	1585.60575862068	1546.67872699478	1134.96332497872	1105.71215647067	3089.56735157253	841.347075148503	1356.71502185172	1004.18380472756	2819.27654903598	1941.25327887382	1333.86557673116	2894.21009796129	2439.24498789924	645.390416190541	2089.80759318368	2616.92806565872	1353.84994493377	1577.58047375168	1005.57235785864	1133.62919367823	1343.15077438984	691.415426274186	3267.98503664684	1546.75740087579	2722.20755242411	2915.47399260607	1591.63582659237	1691.72919370087	1946.11363728143	1677.27140695753	1587.10261108077	1372.40220330194	2213.44759925977	1333.29890105091	1887.49649806909	1934.06632886107	3062.54465666549	3256.24519886944
964_SemiBin_111	847.648488705632	1007.52700416375	939.508556800273	777.461966587038	911.51418790195	1148.29245474763	742.884768902409	891.993755184485	1260.95779831824	1280.14492369924	581.827152766096	878.50598118117	1795.1173496901	2159.83219613314	1083.15604848348	699.873103936354	797.12536965042	868.753893215086	594.643557256648	1113.78961734509	749.230745417831	1241.39986496085	1067.51474252313	554.403734724895	660.952867412813	821.875102488859	1095.25723553009	786.696247079973	767.217821211904	1344.02653014404	1821.59439892746	2309.07773538678	904.374869967205	1009.19337731729	751.8395495509	621.678363212977	2714.86669674058	2544.21794358372	698.174335060795	1116.07419010323	602.142458833158	666.701174039955	838.652867033615	274.86961700913	1509.03076674384	971.695034638086	1439.6521478684	2099.02504181557	1336.09493540294	801.672586126303	681.512493519992	2005.57389529819	811.213735835103	677.40080166177	1035.4787357596	849.726579434525	945.795142721996	1007.32518719799	815.195180306249	1386.66112409781
964_SemiBin_528	1147.22174590299	433.746145028147	1028.35644009458	768.864937889728	847.072183863979	514.131969627146	647.344962063962	509.994681015978	475.515605666575	565.195335856227	642.47561870397	485.177709100158	639.724724559914	869.94865449234	664.202144387297	465.709738148154	507.01997434063	480.99448300763	372.519889276607	701.222854404038	728.132150620138	519.407959507103	1325.64951874558	392.293759201803	553.005172664915	382.517885396518	836.943669941031	577.10802368519	623.3691101087	957.902155936814	925.203620820341	3801.91751604045	585.674819857106	691.22975444322	274.329160002204	694.517811367469	480.94086152586	707.154587905351	396.317982708899	551.420241751226	462.64369971535	374.934476383405	476.223407464025	188.32898718476	843.566804031235	539.451077738816	805.695073283821	1298.14810533315	933.874721468242	1911.81842885499	906.63513518801	646.058675798346	959.233851696185	689.493604522186	498.986350719395	612.525891668374	983.50290075014	671.528122381321	769.813977324953	676.695762001076
965_SemiBin_146	4461.21022832286	4406.13356575072	5006.25695061786	4334.22821649157	4974.86388091156	5089.86039334632	4894.9823672709	5371.94260160021	4003.99788040491	3959.07411514566	3955.63152323767	5214.1383076413	3783.79246716692	3450.22813407896	3694.18399894577	3805.51392853765	4522.94066157301	4959.58019374286	4534.22758963711	4962.80062851906	4693.12543449991	4518.47501075676	5589.78409668594	4217.55649773533	3875.59274275819	3250.06995027621	4843.16945346542	4121.58741635488	4837.92805386835	4292.72404865793	4428.44841785976	4355.26004931759	4248.40503985218	3208.48658908743	4201.28435394998	3420.74892494333	4455.09567520502	4307.0010053018	5449.70007880626	2787.76920748499	2132.16411100699	3984.45299480796	3672.22028101663	2310.21216878492	4622.13358729163	4378.89392994442	4141.70518091402	4718.15078853457	4395.60122569523	5887.48380955174	4659.3688621908	4826.72846565817	4330.54985639063	4192.82271333041	4771.48747192255	4655.7896223149	4743.23622303824	4580.4389040823	4757.65637794031	4157.75605036835
966_SemiBin_49	493.659071089188	313.137901072969	314.599475702416	744.968514786756	613.333506351608	358.037897890499	718.384692185432	761.54524502735	698.323234338798	614.723818734068	482.873903992968	676.246017557565	958.447642203982	682.23013090091	1443.79984898254	434.387801813898	484.995330192861	1172.17714820092	270.310187465036	370.617705706917	325.805804227098	699.956651473432	639.529434717812	534.866146753387	292.848506279592	381.53851011035	449.255097349687	222.056885957269	417.361160650798	383.781958107803	753.008881344183	524.988457755555	242.852298500919	1192.23515103854	288.295857589715	270.288426373682	872.462756684808	695.837166953085	376.273778382348	547.728770486837	0	323.132784935004	405.512287583205	409.135645104976	738.954387153553	485.268235234507	930.743225953301	699.305739653993	1195.7746754309	565.455397932137	561.660775333059	706.735678285271	380.398661526879	309.867805016791	1125.07562052636	393.129944283545	652.565661753744	547.813848127303	518.339671136975	744.775897075955
966_SemiBin_69	982.533153425296	897.183080555726	1043.98070818274	1933.34082207663	1403.42895863756	1055.83922371134	1641.66727159816	1597.39654995422	2088.96028280519	1401.54566479569	1968.55108955991	1811.38781672371	2363.27949899851	1062.8814516171	1747.80139002011	1186.02349462601	1498.17068243611	2055.39597377109	1072.69132438349	1370.80627631767	916.518236878309	753.765437944549	1485.33025343167	968.688872649359	974.454280944949	1149.30671551343	2178.16118009985	939.1354459167	1730.44151990178	781.571393081029	2147.36656340221	1338.12274678479	928.314995678564	1915.90637715606	1282.16851336121	416.054372099921	1102.20482610708	1867.81905793969	1152.36283696637	1121.25897600113	798.87017136266	904.227156884143	867.718673876522	610.302173243094	1988.12519226807	1378.61153652001	1797.26823629298	1898.81190160965	1723.96975900462	1226.09460229201	843.686815135226	1769.22424356901	1161.82237627927	1171.58759180316	2282.67023454042	1409.92229908619	1997.15336638925	954.408530868529	2165.14442819999	1933.68974600603
966_SemiBin_91	765.514002073243	1522.164242325	476.746467049077	1264.60849721983	600.251073425491	434.506327748275	1593.40915767676	782.87804683198	1088.77981424215	1100.56537211745	593.765754695191	998.762083005896	2027.20767339289	890.155105695034	1057.6961257844	445.199201337557	413.893622495649	1154.37431531596	360.848718153278	610.403800547612	1241.10632126843	1736.37753842588	1373.84375242812	269.943609118921	256.982775033308	477.112913971323	571.136981788598	651.05140087197	891.499110571464	1647.05210426071	1184.40149265767	1197.7008336113	650.355705305383	1324.55938748148	1155.95098733413	882.262221648685	1532.05558669719	1513.99027125572	566.312204939649	1398.38673276946	849.863092675793	426.551269134515	411.940372664694	182.582831482812	1176.9791646005	1644.46639862361	1246.61918051731	692.653534737601	1434.32426197946	545.746154718816	905.8724354413	600.998855544832	456.800248283638	369.479738534888	1201.43003096824	1248.43213875266	941.475107414771	983.256577403887	893.511579166658	921.483504310395
966_SemiBin_95	942.11664850011	1002.89929338011	858.829879824081	1625.30323801813	893.996148065051	937.705995770918	2337.14356646897	990.905022461512	1561.40388166448	1280.33954034446	1267.82640743357	1027.26682126503	1649.62785287466	1303.4064344028	1046.60558232127	964.456525596895	912.009802957434	1117.04639476791	807.53485749124	1144.8373296764	634.732368304343	792.884344457546	982.461168183059	833.33756139256	926.601190817036	1058.78871066612	849.151889163837	958.240404736533	917.36650202155	1691.9170443477	2202.38384607638	1816.53296816514	992.317314460163	2590.90329084034	1178.7704330515	566.544621552322	3023.22187310065	1582.25236478964	877.534574301808	1119.67109399717	963.818255799678	1000.10948402507	1031.01109194461	692.394174221536	2731.20378789993	1211.57691468221	863.9383055417	1018.46161128939	2098.56714428523	984.562841090188	895.029402503662	2402.59435919384	1198.23004997943	867.88361338011	2018.41351026121	2444.17515187573	983.263744896222	1025.0486275369	1701.25516836024	1733.45724013687
967_SemiBin_89	2703.39276068069	2389.83365088404	2835.56537863787	2472.55928705387	2872.67811652126	2315.72122071817	2871.88447610987	3168.50501884875	2623.4706040242	3116.56267242361	4044.68308066191	4196.76943641613	1809.52148175052	1785.99906303435	2370.00432312669	2979.57229832173	3216.53394787056	2926.12235751833	2965.39141722689	3195.72199209333	4562.79131567222	2350.20258579037	5104.54068383147	2780.60929176106	3027.8822253143	2585.94126196204	2828.6289189645	2407.80010672416	3158.64627296496	2018.40603167689	2574.88619284055	2454.23806550306	2372.83662987205	2226.27771401464	2254.4287270383	3035.6230471943	2055.47844265156	3717.39579129943	2408.69126052998	1595.93070816453	1281.28859824074	2239.87154387084	2606.79987383115	1131.41196213475	3281.46632870488	2723.16952175339	3317.21682345894	3243.5871602454	2497.71029473674	3401.32954229973	3145.79089661545	2497.09358490419	5149.07576268908	4040.92099459163	2281.76852321397	2521.25299885355	2616.28944539335	2403.70509241841	2908.60061136938	3023.84484152324
968_SemiBin_116	263.491676512672	339.717903059599	313.578980788313	1087.49242128397	429.517937442598	275.641064013056	293.035018866183	403.592261193952	685.066698813996	652.014166233176	666.913489961189	361.53007929412	745.741745275007	1279.62186618422	1141.88596671555	399.7376870351	267.107645002794	209.932169646206	623.709157468494	388.613551291518	342.743554011092	503.053085852157	517.996339551862	491.068137262992	422.166797289115	341.776199712696	268.797539444362	215.217541611661	393.796634064172	534.469934638909	803.363151603029	759.856270707552	306.289520673261	643.373724948402	321.922993384213	1344.24383681788	523.576990368128	205.981826782434	352.237261309029	470.245168369937	308.309064947212	249.811187993747	462.563008284867	143.243120687698	553.295026279693	385.591415101933	526.869914297008	780.317494804463	294.70421781226	271.123765614399	993.71398084934	1138.42866794597	497.133457143591	366.703952925284	297.082787446702	435.964224210972	450.052711003757	471.70938278404	535.528349153349	615.962599723286
968_SemiBin_131	879.342626014668	1090.73963248113	2108.71907786611	2258.86405714443	1431.72131711679	1541.87591312434	2201.77276231465	1596.60676844559	1768.47470924849	2885.72336703757	2891.80525694338	2086.90447756776	1726.23147115699	1647.29479695914	2062.05829632377	1483.2098231698	1609.12975957114	1893.10189054106	1237.92126967133	2071.00553410316	1973.35026726692	1787.66172083797	3007.00489242942	1164.79494330268	650.853932132606	1359.95266893947	2093.96277143888	1407.07391140834	2193.59730344994	1478.93834814341	2361.61242114966	1836.10263667764	1351.76081145306	1651.26976037923	1250.74975776175	1492.34858364846	1803.2735207022	1973.05110264138	1453.68243129087	1589.4411011383	1421.25540700294	1003.34237102133	1587.63904439821	878.446340855893	1839.63279207256	1503.44445877986	1699.28017730256	2653.84169143804	1472.72013942314	1403.02753426709	1284.05918678954	2050.35372746569	2076.01921266302	1711.44613143011	2011.610333699	2137.73563218051	1708.81317524662	1688.44191449123	2013.11046804028	2141.85728629925
968_SemiBin_24	622.057691714438	277.234710741126	165.896900683651	361.558144006081	816.010352766544	436.539973328082	488.175158167621	442.599927958002	241.616464073981	353.371434117534	521.904473051865	488.479557409454	398.674867705634	0	498.532032503928	401.608774475873	499.923303231257	461.636297371791	202.284047824264	371.034129124667	939.4367901097	326.305846007367	336.559264500939	290.648855515544	195.435983726801	530.265116761977	285.48222309788	551.190872143793	534.681967947563	563.261736304278	265.833412700549	472.57968914323	404.972438864464	263.777829247349	299.201713485207	768.898516594486	326.959198154561	293.741747659464	394.937483656459	211.090080238743	0	255.116300497417	271.018099981965	435.773337977215	343.951085630891	335.331856563261	458.537380475246	345.786318143747	546.242546650697	321.66739475239	524.215101042043	253.543320051315	618.998976481494	448.525122227858	277.377234017774	190.470387523139	606.620331389379	224.709216071517	407.831897200002	464.619799965161
968_SemiBin_313	392.328708686516	461.063186312493	679.166415550726	995.946623745689	700.588896601274	544.428513073159	923.690825020193	710.456409375841	1077.83424996865	1222.81881904916	1031.02493518428	842.044462548385	1116.488036152	1015.19728819366	1341.9222776632	835.298095104562	759.685203165172	1057.34787573929	694.984725510293	656.994421906817	624.946281944485	1048.71110828106	1117.38232493158	722.679875836371	468.600793460222	718.0757698617	1036.95075973242	509.335196428893	768.500231569184	996.503965900606	1428.37321008659	1199.73834788071	665.275386727458	897.34760068113	964.25729469559	1110.94097915309	1186.91060294445	1021.38823217617	876.974247253209	1165.82555843927	616.470838258067	698.899710289461	925.994031808373	389.54697609314	1166.47271320277	732.151584583125	810.659056387913	937.841425385676	912.087941071024	791.917492369393	949.09294319306	1404.42503265751	842.994114604635	760.900242228751	1087.26884074857	844.334294512568	911.791449645565	1004.98237311783	1024.30390926108	1224.30950709722
968_SemiBin_85	797.267570825248	648.579238450396	663.442086052898	767.427609638394	574.158841504626	436.099027465409	796.290432205064	839.556689256326	894.259138917745	863.202199367152	900.934723013011	755.27418804634	874.673926789207	562.691555499942	855.665107822737	699.480147160309	739.807382646714	963.739851680025	501.387844978182	634.595821957594	930.355014215258	694.787796779488	833.723898075609	624.702447964317	435.418587382484	623.553251290019	722.471958809453	712.776027253052	934.460855505266	848.040039696559	723.51622236237	620.262501357978	431.767342355323	685.469530005927	888.911323082093	1311.67450952338	709.960675504252	777.031468591856	706.763298852372	671.973220170236	300.310442735948	477.690808201295	529.599645036057	442.224554448695	932.759131714366	592.967211799897	659.863949208226	726.923112420668	620.079249746696	530.959291237946	595.026793647237	636.822258864394	607.800406003816	690.818168867584	1072.63504085386	789.439230079832	785.179846754779	817.532035782251	602.116764667731	746.005377220442
968_SemiBin_97	495.257652857104	607.893616382525	467.437108614183	1061.32631279254	805.215296057556	574.054664811775	667.397116556801	548.986514281277	985.711588825704	855.606103861757	836.798538269503	594.681319567819	931.321515868337	807.353607631025	1035.72749364288	715.317728530747	772.00126343101	822.906043599538	607.218237644824	738.770256856795	603.756485669433	637.455498014126	942.829092708718	802.450225526075	632.885944661068	622.121719085827	631.211888742714	497.853502506716	736.32369847492	697.770476819801	1000.53796274471	779.007220622175	517.589051794396	686.712360518558	652.631264321503	1710.86947777431	804.667420103724	693.881885027	738.36703557038	630.084446868541	431.767247921439	523.465021794816	691.351787402733	390.467194759953	842.689905947142	514.508727692707	1099.24079851588	730.143895162536	1182.55977843201	838.028311637975	876.796785389645	985.900839668164	916.666688595021	819.161981493451	714.015708170391	622.459090879469	933.286193065359	791.701644493274	998.776096347858	1281.24211018505
969_SemiBin_208	858.246301177386	648.12862197967	836.237212615128	4222.51604812115	930.985247306536	909.541489221181	1230.86861343889	1053.81750449043	2730.76376645448	3523.29923835927	1849.62262037436	1704.12904782797	5557.36544763581	3764.89341474483	4307.8545329023	830.224841170997	1143.05460580911	1466.41652502226	1297.17188562868	1058.76701483753	742.129852282944	1285.58289595741	3006.37582346602	922.635063273445	609.390931073371	671.15780867981	792.735605675256	574.941549219607	886.294059966614	617.421453596492	2378.0364657061	2955.11186194993	707.065482425135	746.45330811178	639.030054311212	627.361618067867	2568.31341540825	902.160018656263	823.31640057127	3281.93052486869	1436.63523045194	747.082053323952	899.104559728768	656.123436150884	1450.57245903762	884.710934271707	1962.42561593905	1378.50645601219	3232.27903522662	1089.75291755624	1173.00089369165	4091.389834623	1094.05853540975	851.999598761222	1237.81813033846	1189.0978798026	1436.17201253766	1008.5158190973	1242.7654094806	1948.92916903887
969_SemiBin_225	945.150991330317	417.862421004525	499.913275041194	365.74123457136	542.922029843835	443.852007723603	999.039680158933	560.655206440136	706.540699775518	1041.38215642362	877.372308218808	903.618289853223	1035.60016702048	513.2558608377	928.900422607413	511.7650015085	626.460516638488	659.310754993594	596.66703573446	647.444554005741	643.249307458923	921.898509100794	831.480177254356	504.259841723375	223.71055869108	334.338726583834	753.665657017832	425.632456737676	1117.51356062747	431.010388961644	1012.07704111663	782.477135709559	429.686423783851	651.588888794718	539.105613448082	425.655255496476	683.010238597389	735.440160520394	367.098416952648	769.138025521026	361.309423202473	204.674137013226	219.455702433908	519.884604201795	665.705488258236	906.981067653034	866.61873481125	839.677357986086	1018.83077600517	447.827959866165	706.372223639926	584.300996446865	607.775928604929	563.623194552346	1099.24174088696	892.477406680179	944.352185567417	610.012382334613	695.469845884143	1033.67980787858
969_SemiBin_466	325.442678679471	177.776794188869	255.291916832857	464.383348341238	412.348475384628	0	127.131995710148	389.730606502522	292.471846614809	426.693325947415	315.11818914904	310.187456944709	515.860363130442	184.291718889858	370.333526768665	302.817906695592	352.041880981477	331.092197832929	147.42300332181	307.249835661739	262.119101413939	344.221408153153	202.324033210137	266.141289337441	185.663108646801	429.76674636831	292.366029766191	346.289625511494	271.291487970438	387.867454278083	389.004016452934	560.315851874637	534.890373440648	465.233500511242	528.695817492035	412.325546775818	743.244968355402	567.107394323803	469.399642485539	508.184846817431	0	469.313398544866	330.423973418825	0	413.363001668232	147.238788035291	402.509042975631	422.52552556705	375.862410467198	270.846318624641	0	324.452135673815	237.989669287863	253.21948669093	422.77707764778	264.31363729456	415.654417070882	288.539508329613	278.286619531076	538.826071433878
970_SemiBin_111	610.482318543253	630.136891966686	758.566347744887	1211.57449766529	358.672888306165	329.44846892747	691.929180044379	501.455067137373	1209.49431051721	1589.8161795156	1010.89128187576	1203.33860827978	3433.9735390207	1500.57217255526	2471.29434825907	708.603503273692	597.286860249572	681.828561059809	861.657424639842	588.24632316447	603.395020270023	2023.67404909886	689.461819240699	594.792912157867	525.455664309667	633.413049215773	949.550464507926	684.177333263074	625.257102847545	1223.56587858218	2201.37612906085	2237.36180278722	388.075891159071	629.764855974749	1320.95343817718	517.928289305086	1970.1943920471	3101.43395408245	671.614108327019	4312.05582725369	1859.80208492933	688.603617375051	525.771906654638	605.389038157255	1583.56148125553	869.687570112746	1438.1713906968	1815.41831575584	879.394433535537	831.819058071899	1085.56127912312	3680.52516517824	1015.37299843772	875.750028800966	2167.26909530408	1432.45486810663	1019.92641882004	1047.18554394938	993.131016758796	1196.75307415358
970_SemiBin_149	342.796228840284	263.326259681947	310.368375427131	515.878323935658	498.571791757564	0	584.456865463162	421.336935386504	514.886437469542	611.625390691479	459.284491596713	491.753404621616	653.986405854192	260.444946288926	400.226113164531	485.832948041222	645.678155949722	282.234194014216	651.193906300863	461.724794849308	571.796977483437	303.366879750701	389.14580226471	778.973943256739	699.265093429093	400.838274814243	442.992871697416	473.193681255488	529.979374625387	303.422345700714	543.415874707965	247.364640472051	259.102731245839	642.07018983165	285.044315968812	373.082608721228	327.203594019376	645.975422121831	209.581090652431	325.269707510443	472.34667032666	168.373040914312	196.111392560301	398.302846391239	685.936373823806	826.568123529844	716.444174761937	529.681338289656	810.409107009207	467.573675216693	614.093292216992	1227.81720399187	728.833264584372	592.239618288489	834.186029560979	772.553679826741	838.670898218236	488.019711710059	700.830468885768	694.329613210526
970_SemiBin_53	281.844910520109	278.558222791543	168.158260784219	772.526795725119	562.103362170078	0	510.524614100489	422.857907800541	408.662800793517	772.849506287872	1038.1815219726	513.134559110934	278.726841384238	526.1211081295	596.330533088454	318.470461150154	437.570990860947	367.689374870424	143.384750646163	611.009582670609	287.712123965702	323.200984190187	953.764900927306	154.291018111905	174.747806365046	477.460863551575	711.872044825539	346.634315657149	723.358094992953	346.486889011676	634.465379856446	524.228664359447	571.88762549165	619.944023531163	419.757201456123	424.095639007195	586.231574654607	977.345489965163	563.212253561114	508.331057663279	436.52842619356	472.573221550456	581.869749886048	0	221.182902623909	110.834632330754	0	844.768934790578	378.933666535249	284.630528042055	173.073465349822	463.086062076145	314.549401725614	314.84791556028	463.512942377535	572.672001182408	447.587338389295	233.920202877493	243.924108693741	705.541152243619
970_SemiBin_87	274.318040941527	414.667657067323	319.848122012407	386.910237455028	359.07894786672	199.820985757725	361.696450308351	423.362167838867	390.086550141992	449.38082208326	544.987432817181	594.287286960224	546.78713389661	304.261841114181	592.275822340791	386.852647089626	405.982797600437	393.681775282427	426.437940422983	517.177831597539	404.83925200286	510.305891840759	501.393895445621	525.708435138791	279.853198330874	388.32769143956	476.437970109995	352.262134445447	454.237477635943	458.904630022264	481.788001711174	441.052198194925	496.4345923155	511.621217539092	390.315326520609	431.431093154462	584.460961045349	1060.40384442683	564.650161873977	363.476006719413	0	386.250845149267	458.845186839193	230.398141259721	422.822212435223	306.511030274162	402.690613766077	448.106155397273	387.823881998826	356.493207826229	399.17327802831	426.157915081178	405.554326041046	464.499092893335	735.8850877317	351.321823908945	423.589120009254	311.09757806368	411.586246616823	571.81988915228
972_SemiBin_102	683.39340660395	549.189873006254	802.661269113438	605.296827759284	631.105488076898	496.358476766472	801.685034382006	852.099202621717	724.235170657444	622.954479170285	479.364081980645	787.164322401843	483.734861729282	381.644576362517	491.332266294111	625.4795977537	732.773087398054	464.724022422187	511.996242910885	689.720702404353	365.166124356281	481.711992105592	735.104553410544	484.942817586359	591.908162242848	410.673967824547	302.21798943645	371.883758214709	508.818257253718	309.739835554537	951.998690072111	185.601201623663	208.049947447495	710.654103630819	514.993474569538	327.050773675735	458.172557808075	374.501952624454	562.328834331191	939.919556206515	633.298464819462	388.950752426105	469.69036707817	0	677.09467101547	528.613967943827	654.629879499119	540.035158108897	518.75833326118	639.965723042549	799.205821248753	829.486296730549	780.283853938212	593.096255722893	491.048090929617	544.069296846662	646.842165393048	562.806732260651	600.592843605847	508.86030043454
972_SemiBin_103	523.127934305865	377.090020728198	450.389937667546	696.598842675731	535.073453477989	827.899195174022	647.26452701813	543.163045353587	891.070863223559	811.637878193416	755.460889241563	569.081933723306	746.922511762121	776.921724221228	792.971749609755	600.215385909469	622.813470804692	781.985077335258	568.580223263115	625.838354182896	446.306105582764	781.273086852474	469.085202013388	262.94742924504	479.068105320251	316.437279264496	571.131279193465	345.86341952815	603.956837737049	524.58078860297	790.326363142296	480.128220345826	318.085025366962	669.252502591342	438.935174253783	596.102955904675	571.962787562261	839.687472299668	611.895162098871	457.634932318576	648.947968380197	476.322542305279	487.868108726507	191.671986751826	879.700449731441	663.614484497527	786.595618442026	839.184578757898	736.336579326082	619.623133655071	870.467844237445	881.487753566349	712.953645999156	706.919262830858	484.716981083357	557.443006219701	741.591673687694	754.013822571683	649.59964186667	897.600567645173
973_SemiBin_207	0	185.199033364626	136.633028861583	0	0	466.539741732211	674.508502985594	323.479627726483	487.704733562801	596.147818917088	911.268560639919	594.644349307545	124.711318545822	427.817507582369	544.94246131225	462.749909315498	775.365102970632	526.736752100445	354.699990656632	430.950980782265	0	187.55958193635	849.149570257988	538.687686318508	407.124924231376	200.412627960255	495.167034176978	529.65817183118	569.599281869329	259.520737485841	731.780718046266	726.346091857655	286.057189189864	442.637757291512	308.517570183004	412.437003383959	353.047052795262	619.44934327123	535.324555027256	624.358486378806	328.84289560459	277.22831036612	164.98736770774	0	587.239985827467	447.139884910916	563.088559989952	572.826680314826	473.078904200097	445.130362650077	590.250857316656	715.682374931728	152.37480658724	739.929154162576	827.573536913559	529.304987084815	354.643645606396	558.251017162188	737.807359163203	664.173427949145
973_SemiBin_307	1180.53698200244	1212.70017025377	1009.08915387532	1445.45871361838	1149.91234412799	1281.54284297605	3857.8375951215	1168.37214182194	1976.50152171744	1934.73904374734	1600.65333591076	1534.72196237502	3799.89097378521	5173.77077421187	1220.76321183223	1260.44255748003	941.724747818151	1606.06468508919	862.482976312304	1228.79922555547	1209.5987366747	5702.30315283658	1296.2437995484	815.275918609781	1081.05297575304	1034.92620752308	1133.70590841757	1094.74532287851	1698.02254930628	6021.383350253	6309.25349710836	3289.91138443267	1298.30543784167	1068.23569446994	3568.27198710779	1186.7998505437	4565.25990251974	1540.71789056437	1193.16245334746	6905.74704737663	3194.12977323388	1360.26776571525	1404.26941096574	887.750494049453	3470.35407151255	1325.33573759533	1449.78663460931	1453.78569982795	1740.7897399625	1224.80152402481	2076.63829544302	1160.56440731749	1170.0936247338	1005.09988155963	1367.33692899825	2635.17616006284	1663.65147668593	4933.29432758116	1614.86321567299	1665.59525446889
973_SemiBin_32	201.500981911327	406.459616216941	219.306688464365	197.045830109198	191.611685986989	0	249.225080854728	191.013761256142	320.170735981347	0	0	177.627492837303	281.332532382494	276.898887368374	174.478575923465	218.899326992602	0	182.222975491887	0	0	188.036781542099	538.296665503911	714.320247278997	0	217.935933185328	0	0	182.820934715251	287.590163483488	0	378.926878648523	168.752948790589	0	164.938093930968	125.825229921319	0	286.910353101348	473.108656546457	213.644097227556	219.095609292672	0	251.894897603991	201.951766427169	0	252.615213092999	350.95823842798	308.583223367544	0	222.108582535181	117.917789384762	0	0	188.603505994528	0	210.784921494359	450.65614589708	162.923519078999	187.471078419117	258.085869029477	243.006086258364
973_SemiBin_47	1498.58400370058	2739.94260194988	2309.07487340064	1055.54368664054	1035.03987214541	775.142228179344	3629.97516856822	1536.9947726758	1608.50584547056	785.853520185074	2092.57488755129	2004.75633029606	2245.36539228149	2195.6535512124	772.333819473872	2097.39484234781	627.59269801574	2972.51282057213	757.309055710148	543.181610889614	1786.95873120946	2201.34050164758	2008.98635255133	581.132851639057	504.224592463584	2467.88739012876	1458.41526355617	2222.76139335291	2647.61675002237	5020.44877940827	3000.42689308782	2471.37296437018	318.633075856668	719.864217328286	3074.19292396676	3126.58910176326	3129.20248950578	3409.48894627816	608.855075073675	3340.23869049636	2021.67945184526	551.538625894428	628.178428414074	887.434463784183	1858.11403328429	1153.41664823333	1654.46099715568	668.095414197097	1133.16539512729	424.150636263842	1619.41368671295	518.960799936029	661.330702670989	567.078370058278	3949.81117079103	2020.30155838563	1193.06212242509	1840.74904459271	1960.16906760324	1033.58906149686
974_SemiBin_118	417.284967075609	327.48952888221	351.588217531117	452.933586871938	439.290967939724	415.673362278357	401.492692774588	424.407177396187	591.038481402439	477.69049208352	340.456737675237	354.131729463732	588.383139853646	353.10349634108	475.911190499347	455.974595231453	473.236388562593	292.356127256421	269.123447952521	520.369438343533	415.646102332093	0	476.210207788623	397.756911579647	465.931443305194	215.460419863403	186.607270827436	863.502814906188	349.190272400823	188.335523147352	416.592832453856	202.66617081977	387.994265312866	309.411885931194	145.964104443423	319.217218254909	319.261886857773	292.269965054925	420.149123397891	148.733530278273	260.373163937335	658.668914874892	573.407327314607	0	521.662472356961	286.99479314627	384.370164175974	422.721939186203	510.242676886975	504.254667332757	574.239764941786	399.023691295846	436.652398080603	303.443116251046	333.947764453646	272.375787235559	567.598593837687	488.912193091731	390.850625693223	617.654509833362
974_SemiBin_337	748.099322592596	584.492729326583	562.215493443298	531.504967515816	834.4451080515	586.210069622713	635.150540140239	660.462323490315	973.054101681103	883.13775523396	698.690658356623	526.81756472614	615.855156299569	263.693800081316	742.107982877484	729.764426048861	874.455697169604	581.971658795002	725.227823443318	735.85803753154	646.276785113184	198.556661053083	572.117290132603	977.079696435709	647.889223853245	460.028772092055	462.43138431523	577.407294327952	530.986118052095	461.172902322582	611.979197372841	545.198802264902	540.267244907186	507.139270001287	535.580916382774	472.713593151569	428.314888768134	469.340192883041	832.341044846784	411.735640737176	279.928181459197	1249.99939067126	760.013058960823	0	484.656249290046	751.283409437829	550.031833600842	664.546775667617	662.86430559218	1177.81319976414	1625.32867987184	667.835330244997	886.55151109705	828.945192704072	335.754178422069	569.841233536086	1084.13242468708	1078.06492390043	510.941604811521	1128.28361712417
975_SemiBin_73	516.799529901299	730.980455444009	673.961926568839	723.403387801178	774.217597281127	623.010399277346	820.223121419935	685.355288024684	1027.00207695585	1205.08171318704	1200.47288611365	774.371188616951	1005.42703066937	718.849245290866	1010.94317546462	584.302690746414	1178.99637459887	743.809400084117	527.395063924785	1033.38180490031	858.729741893852	790.217677661463	797.232709981269	836.302461174722	584.896781553395	556.12045241961	735.170458400658	589.989839155886	709.720941663064	1066.56961193844	1033.74785226912	988.748410133098	582.294677534438	740.766546969639	586.659769090347	496.620429168244	995.138176445305	1185.10533897423	886.558444839552	1054.22055360842	580.033028855685	691.799951145797	1641.81786411769	486.739199012501	875.826343676868	843.108463624183	1283.66057533926	1298.0872565845	992.102288594703	577.456478073831	1041.47748053263	1247.47547113928	1043.82890115891	983.188351535304	1058.44995817062	857.087968010512	930.510194068028	970.726203409296	782.548156296338	1070.18454883111
976_SemiBin_228	610.587282386793	666.286288534786	492.499177365638	806.902769526316	471.994313753519	484.066649238463	865.243917161389	678.222803240787	923.902623555293	719.298405149671	764.99247272796	841.674024002319	755.478004856607	574.860066878168	948.6462986879	423.179043082279	703.263070116113	766.46901392549	679.869521518631	582.975288965968	756.616273096929	713.635996772676	1438.3310246046	708.228186216207	411.159808068618	447.582253286661	591.734740186526	522.774705641139	904.402677355508	754.054876835533	1025.43740096454	483.076249387329	401.769790140113	518.144440436318	560.717594312524	858.503324733222	494.478543273427	791.938483899774	420.163767135577	749.30877436468	422.169292987012	415.267045844396	418.574247211077	503.929470783533	1002.59954787684	735.103550753306	732.391238461769	935.869074108727	841.776336700031	758.097983916429	957.988001746729	754.573932233783	678.590014039675	671.946148579979	1201.49752742638	707.136374146031	843.80230198776	803.180090833266	890.416915481381	962.807596037519
976_SemiBin_24	5346.5822167451	5924.6751700755	6437.9477850262	8555.43849172842	7173.43763508293	4864.00814493283	8595.26085766037	7518.2240518415	6833.23813232625	7395.04999159777	7829.91559200504	8691.61548713522	8645.81412493665	6411.92758699619	8270.14568221363	5551.68766086004	7745.03822295268	7545.96173663852	3731.17162822592	8316.86622737928	10267.9767059547	10122.0687317768	10655.8946043463	4296.84813010649	4142.78252765202	7128.26640100556	9308.90397363307	5783.33936480894	7812.00113391202	3752.7813429995	7012.91249278871	6144.82335146146	6133.13549113518	3282.22646604599	2365.67795279838	3783.41237646648	3498.90592075575	8480.39833707618	4267.54713569249	2592.81312367898	2842.16186822081	3395.86200970377	4174.3791751302	2605.75492578523	5269.12053005725	5042.21468946311	7765.67743469518	10021.2057120446	5110.65982331016	6132.42792634423	5044.66098940873	5140.19233259268	9481.88086822283	7460.9742050552	4761.26575878747	3540.99401160002	5813.14808857259	5968.62800613428	8640.12914573959	7921.8112782516
976_SemiBin_36	551.391384300923	490.339564751513	436.484062979913	375.356891420847	550.68102085126	438.01342682976	1600.94844549087	392.500748641055	1080.43495206984	623.410616110569	669.022888730019	768.869734526818	1760.01426883732	683.425121247686	630.281025778978	549.556004994562	284.015483115151	933.164306656691	359.060015728471	340.269020450815	511.732596026058	2778.5774994154	678.262760777707	352.46553347952	202.204844014418	245.497805839715	359.084903679872	428.274418940413	563.432836670677	1130.66522181493	855.866287092872	479.425420670708	372.303473997118	462.270065772752	311.228250519108	321.726457479934	596.640765057586	879.368313779043	213.896264763435	1311.4938709349	456.387015422002	231.815275970294	316.724744171226	432.929968764832	465.211563534781	513.904975138861	464.261897505617	423.986538586049	505.412020320032	499.12280350075	598.261053774112	420.347035334449	403.08160308665	342.736236724543	1031.79733539615	1224.2173315257	670.199259887525	1750.56997301833	856.782251821406	565.019431350233
978_SemiBin_64	465.451395637906	425.713769597888	685.267459706721	810.50080514777	243.099087501514	0	772.981862501744	690.439295744823	506.681758364739	452.41038145887	407.70961297045	429.795430969853	598.640684010899	685.412126553733	550.758032614035	379.85640300538	298.525386818594	876.529656126279	335.252537488073	262.785289601987	470.97155554274	890.694582119993	985.950956312609	381.083455421333	0	483.830241932296	546.560806132104	368.37355373791	732.530070144532	936.070695480954	770.340747822727	609.467536894682	0	393.973278184168	515.955522946759	551.192056575493	590.253063663306	416.079190700178	306.97476270668	632.281033835829	0	0	0	796.626458517552	763.939651601099	623.767258942119	289.300133878521	474.867302959471	727.341063915984	360.750551015559	469.672758009066	518.706238630984	342.929496053131	377.134458797076	797.839609367363	688.46656056145	665.438179922388	497.333757578236	606.058057906746	457.240312865798
981_SemiBin_196	310.275781438451	958.849479913687	386.147656776371	2115.62009396878	349.313421398566	602.736396111635	556.442647936042	300.606281528613	907.097666488817	2448.8288732837	380.208925934689	416.795891036654	1100.7033675117	958.850387719776	1906.99579100164	353.050673267369	170.953351629816	483.43039404618	2763.70448557671	356.950425276918	348.73095752271	2801.23728114129	759.411952193493	0	0	262.724740460725	310.256954249013	453.021861624004	534.608887293555	665.564924923728	3586.36126240059	2001.6751829191	572.84608495244	136.377348249695	567.14726522538	210.115429764596	1123.40246099567	991.70758346418	179.037203948287	1848.66703136638	1228.30797342842	364.939171618585	367.342447483471	1931.22484095094	846.258152671378	824.985099302397	2631.12167064492	4226.52458637584	469.166432137177	277.946197438972	159.076528660396	1827.1873146122	274.067693217294	384.163967697706	583.777034633578	1688.48784897124	453.220387511802	581.18230066078	321.871401588577	347.048223579379
981_SemiBin_432	1207.56125989381	957.2396314033	711.298404066276	688.909819103741	1103.91266377321	540.897914179024	789.200030988739	600.452820667432	713.79240225095	753.000847127617	2254.72598474141	1335.79540131505	625.312420127438	381.76155427077	775.8361089919	827.420986860609	826.854718267985	691.683071573782	514.702756357745	705.233476530063	542.380666888534	603.845464646468	533.472038745445	746.219359440807	701.336238229729	405.487194150359	630.952041918571	546.324932154391	583.691170105824	378.483688217556	786.436051671492	307.477217518641	542.08663986165	477.991881460305	262.270024352534	922.485395858887	505.075642843784	1941.1709209939	630.521644963478	154.474355615432	366.569344607778	438.39036599407	440.382391447798	462.219476323475	829.311422401223	828.057538531922	1027.49084410729	3111.57433484539	830.034651700316	975.114279964982	898.574113823214	648.147493064846	580.475309809079	1104.18822824176	471.300026938387	631.266264827483	773.415822978111	709.639958946117	733.281610596296	748.256066697022
983_SemiBin_12	1013.03408549174	1091.54814344642	1584.21922780643	1309.45030607522	1488.17986185192	1314.71113495448	2492.39648317112	1195.23335749246	1542.03210020489	2232.96610071904	1154.40314368857	1005.9105086611	1318.72636860922	1043.23339066703	1781.28093336126	1928.66353552906	1383.34784533159	1567.20421767869	1016.42711031109	1196.08027638956	1239.49888389645	518.722693350081	1313.49578841824	1548.68339026764	815.858691371485	949.645576522978	1484.94389747625	821.61562832745	1176.64501689773	783.947334654568	1438.19841296246	1263.63834089933	895.531096030258	1271.6583407211	835.761702273107	327.638881145981	1212.80645090016	1455.68173061464	1660.89648424773	718.039082941965	772.266809738196	1398.87951582211	1517.05470138822	814.699454678098	1503.84876509398	1136.54959418575	1616.58086515782	1557.96766793533	1495.81167498715	2828.53769977379	1829.25938778435	1719.68330600707	1715.45449436243	1342.21645572431	870.302400703399	1625.03530738336	1712.13738566366	1802.29447759384	1363.03356898828	1986.20785054943
983_SemiBin_128	207.487489772021	208.468592693201	196.097392283428	0	0	0	0	107.216195932446	284.683604994581	146.650776717835	0	201.220791871309	153.439499332331	0	224.989376775943	0	192.375712522531	0	0	171.893044137036	160.446045702913	0	0	0	208.969910362857	174.870815044428	72.8928316276433	164.991200150617	0	0	0	0	213.317134366558	0	0	0	0	0	213.025644927987	0	0	54.8528950629496	224.469807644177	0	150.720723575439	0	0	193.083426012367	0	0	0	0	166.024379128037	0	0	127.27023077813	293.998161084795	0	205.882723040599	0
983_SemiBin_133	1280.14201579898	1563.648114036	781.118361805586	894.84256451036	1072.16624685242	1273.24175828262	860.955852948786	1931.29568616118	1344.2830538736	972.289584491846	1824.15353678022	1564.4499405768	1037.10662225118	1302.58772532358	610.12743881786	944.345475760657	1136.3199189	927.218357969426	355.024476424039	1098.88629441238	1013.04671274468	1289.24700082593	1025.47180777376	444.637278652478	722.962721654854	756.748851447333	974.587293212745	571.910921525146	942.108361912152	1312.65493685968	965.206512010972	900.478388175724	1197.80937869564	678.373079335026	1234.74261230867	763.228342216396	1012.53144041808	934.432516767395	812.667952635835	670.105209728744	520.291193618538	910.336846333761	918.438734514006	552.129322080189	925.281790271238	1337.47419342413	500.633458623793	721.545800252042	828.083941287695	2392.71824016034	949.885227614459	282.384980536669	692.300113953596	827.202973682737	987.134048132942	1320.80922581028	730.871905365903	982.098858288198	1079.47817499236	1279.73011431943
983_SemiBin_140	868.331052326053	868.577710146559	1129.45768236708	966.166739455266	1245.85334321949	925.372014720701	995.119678416131	809.450172187807	1244.22858287578	1106.4508966143	1046.08428262909	703.861920185657	950.109886988466	650.821008112357	1133.70198335957	942.329621109791	1395.15417560562	850.216398834651	1050.83401074751	977.516063122727	762.004349767875	654.943904325737	1067.78862726084	1202.88102659335	957.878071790373	762.345936977357	816.070852525808	1273.51824096562	1102.96903625763	736.948447803655	1040.58523856165	801.616828755191	692.734672053112	613.986525858138	694.132287462486	470.073783453927	839.75500966181	632.250528823903	2053.3110675815	586.03050156726	397.815037509444	912.296190353156	919.545842281936	773.631625912341	1072.97872639072	948.698649592977	1101.04652876714	1007.91127136954	1045.02379381745	3272.28180814655	1448.05641480891	1175.19059844019	1400.96315316933	1061.3850953145	715.889844586216	879.122689583746	1513.79430677678	1067.2222446511	886.675530704024	2154.94270332954
983_SemiBin_151	2068.7895659591	4555.01545196356	1430.56034919633	1436.97448589061	6486.78373151157	1645.43302876591	1727.96702035824	1356.5240879661	1712.71424638889	1738.99147879841	2365.13033678964	2366.42897056518	1500.46569134176	1228.31942747428	1634.46446512153	2895.58793945217	1589.91293451563	1470.98436221464	1466.52576756506	1329.58833576793	1319.21917702881	1101.42248268875	1539.42420454875	1356.7379193887	1095.3020730245	1157.08214787961	1279.94386167543	1426.20089321702	1625.69916860421	1232.79857756264	1602.20797765431	1213.30014802165	1214.59355346026	1190.67710493649	985.35786520262	764.554787168653	1177.02911697453	1064.39383660073	1490.6198897164	890.287984799194	848.717959156564	1306.41215388431	1477.9132601496	747.248318385021	1756.50762988919	1415.74747726389	1431.84701667273	1630.76248924534	1606.75311735448	2398.21674078245	2119.45477568107	1624.39894589725	2033.03171099783	1728.00250667834	1396.51666265988	1433.47044461509	1872.74293404428	1933.98452360288	1434.50044128772	1924.66253657306
983_SemiBin_265	1402.05932144505	1131.81302625462	1409.62254206645	1553.22936698132	1367.5096355928	1187.8826626627	1747.18968614715	1004.57203062057	1696.41925536878	1708.84833894452	1780.85600866897	1194.65563523095	1643.91141322251	1423.92960797766	1438.50894504037	879.600754869643	1285.47189085943	1366.52786008498	1434.56614552244	1340.22518765801	1651.90594707119	921.345203444154	1994.78537860478	781.748652209303	971.193401183648	862.779277705583	1213.94364058259	802.442592147641	1576.4230596666	961.325105528799	1483.91737119311	1443.99341729349	1415.45904576852	889.472005747549	833.336327973032	594.83123133405	1527.64714832297	1844.96498619249	1222.0105733249	762.45054770151	458.660580599386	1012.40919035233	1096.07126575572	625.969843520278	1858.5469195516	1409.48594149793	1382.81879157801	1735.24681877739	1176.87078529345	1767.57573785257	1029.6443120835	1162.71614051039	1624.91958214173	841.47008131407	1284.5319540011	1654.19810067383	1126.69888451039	1638.95735247612	1235.76120699104	1361.9285725286
983_SemiBin_276	2985.35046953302	3248.60973109981	4064.45210581828	4245.07876933478	3218.52279141917	3441.04235475128	4913.64442566666	4456.26501235994	4527.80841124689	5176.20591263195	5229.03628538596	4463.0488066948	4761.55267455801	2981.87310312663	4935.73326260979	3553.39291750208	5315.63690277864	5649.26202160084	4589.34714442631	5533.82018763791	3774.90916372002	3725.74039054967	4717.45825056568	4539.97386371872	3192.59407201817	3956.98255221786	4223.28555215584	3224.06142501445	5205.30969984319	4249.54203436345	6009.24844280641	4081.30678072286	3386.85215995635	4181.41598373571	3869.42621536964	3709.64962871685	3584.56589926784	4599.14954205582	3995.51670080377	4039.56265225406	2898.55295001201	2925.23930664005	3093.59759118039	2928.40276519367	4462.67869405328	4207.56367622807	4405.61154792681	4819.12475122845	5327.34068030866	4332.97582009426	4072.53454259416	5913.19242034249	5316.60836380372	3366.47917667711	4772.02349655815	4191.1109232349	4592.33193193254	4184.58582937495	4795.32899334336	5028.35156411608
983_SemiBin_309	621.81509428378	707.747260582091	746.97691847418	1037.76399545795	850.329907386971	571.605875912974	844.51267770794	770.888092532148	1151.81964500192	821.176926055016	929.788822880642	822.79939253212	995.753005392206	793.196094709677	1057.97583525148	632.057562031891	1068.3583139718	917.974479334236	719.753109089836	883.834835996794	977.746071265115	753.712139380807	1019.53942151344	1020.79659474732	610.030759873397	524.69626776598	549.804975590994	654.746527451556	920.634750459514	649.93203233413	998.211693871223	907.740636451902	663.193914059055	595.276050754256	488.714092033611	518.966843284563	689.25482765719	668.988564231142	907.771491567507	570.549581732409	231.347483978997	1135.95158594454	940.988840903974	479.991598084332	879.296853142718	752.581945883096	1018.45471641674	1058.86021948102	789.211315619156	2218.98108949465	934.707996183559	943.306655087808	2709.72927870792	997.890216540076	831.389359599166	621.403453928869	1016.5499108905	872.318204524614	710.554102045107	1213.308924236
983_SemiBin_321	386.43528572711	598.255119918686	350.050272209255	135.693358173788	1064.08916876848	0	0	80.0209404670312	313.270340867477	257.342929038682	414.300657683515	195.39768254143	227.493264731645	492.675615005183	460.268386174011	203.883107104732	221.309702993914	259.611548099574	507.906113059519	242.064327900679	190.648786885726	0	298.747074767806	245.724596352544	332.324889734981	165.536990803469	251.019775461139	257.10346092851	243.142965637745	107.819107542853	372.990177617522	299.816420576884	129.382282031093	0	184.565110859305	202.263924390887	101.571060271555	122.347893113561	108.585681560916	159.173511506915	0	301.615127730763	246.363186016282	0	173.304265442202	212.21081631082	463.420232931456	314.520331643351	0	823.277836385781	513.516130363906	355.536950832825	360.398676834661	0	226.054233590343	233.769705003442	129.019432738618	0	150.491992963667	322.339642135823
983_SemiBin_75	647.387098306724	1044.36216306484	933.660796126669	979.687666797881	1128.73103690769	913.057597080298	1091.63890087016	632.472664812851	1534.12916514182	1293.96728744751	923.592928581552	641.884424989582	1089.34444156449	555.566564608517	1458.74160066454	1258.05803346773	1081.65569083785	1055.48162638146	812.516264837637	979.615399672405	665.950845375062	368.413444409507	1035.51769059117	1857.41972120167	1127.89013210363	694.591713165243	907.335187124357	537.978570491485	748.510000634725	499.132942121026	1042.52541729429	749.383344907908	709.72366401857	863.39690419475	725.786584151477	505.104680493306	807.426219670483	835.22853420753	907.189570081673	645.159041109778	242.299420533333	959.639107993006	914.42231021586	402.16346462485	1381.12276864664	683.715537642159	1106.34565656665	1212.49067107577	903.768618486416	1616.93379499178	1171.89595113428	1295.65838489805	1040.42485091223	1186.97502199069	548.657168143118	820.390852548091	1357.48838644076	846.419085312605	951.895979520322	1440.70259444173
984_SemiBin_54	221.41292492923	428.504189394163	344.318140262765	257.397478920906	480.485154120802	593.137604332894	315.482664105897	338.536903778969	465.41788324652	515.050433485505	666.424122509076	368.932143065316	433.129971758892	322.854888576503	374.966154069253	541.858600188795	833.443617567412	324.39768713448	192.747329519612	557.905826568689	383.152468794815	324.308467831575	303.849020894069	460.711220688799	512.912569330538	438.848855764137	287.630408081179	306.037804476625	322.230974498038	399.717232891941	560.670691784753	481.833578369808	352.094637843207	387.69474928766	322.894596025638	236.811083097062	414.815094668629	257.78650560465	449.166159317855	356.307652272742	249.217284298061	346.511127160905	505.627093211594	0	292.746560033444	368.184587814654	319.563119573834	384.56144271298	261.487895397426	511.75692734937	939.514163349788	316.650080361617	444.759517903283	186.960026912648	259.532590984862	337.167887793771	565.795365023709	414.686407024215	479.383797839073	555.399462320819
985_SemiBin_129	448.087264905968	513.490958324499	447.332775011267	2857.48851532966	595.910088459765	479.786459725929	547.434582690574	786.188879309538	1687.56773754746	1949.60235184937	1004.33273792066	1204.69426228614	3953.52248095108	1924.81793683763	1460.8896555913	757.53524276799	508.631835239462	682.551376383706	1083.93907259381	505.176882794958	1047.62055457404	1434.54506610513	1165.42937256448	202.137122357526	326.45519045886	595.616212996762	458.297087186304	668.871335215237	606.119795039583	1706.85599081592	1600.15424676377	4041.54397261963	613.896005098992	456.227537873297	784.5227171594	820.084293963967	2436.87123299502	829.863814539414	543.228144969935	2714.14777558536	1723.84095322751	459.215168242635	610.083540683504	0	1660.80900514708	713.604680174101	823.805207468564	885.033636091654	661.713280500451	471.294531943263	702.274500281871	4225.7762908149	651.000133760393	381.636985198804	832.726956471335	484.616778363694	707.220574299745	618.100177278071	1731.99331233096	768.564172846959
986_SemiBin_101	882.127483286535	1082.89911720313	1050.84406013276	960.177217887683	1499.57809115609	1173.72382694717	1028.46153558117	988.549073601308	1586.87454147873	1223.16306703608	1078.03782367753	1002.91256470185	1032.39219945042	783.330195111113	1305.4901846655	1578.61017661219	1571.23625510351	1045.43867816216	1097.00452403169	1240.02237318556	986.525135846264	786.236399803041	1199.61509845584	1433.58228621546	1035.28465289948	808.136594319105	1024.60818514521	777.059115736089	1151.19172762561	920.063300287502	1063.98649850897	883.626480910493	749.630268743831	783.561387132216	880.334606545158	556.775430620004	916.674522682021	963.836767099014	1135.29957989704	597.895407750326	600.951516771679	1145.73915262476	1688.7784799961	454.016648412021	1112.12853652812	869.509758306786	1053.16430322013	1507.27473455448	1135.8181580794	1552.53118510655	1678.87856627988	1379.96090057167	1809.29839383511	1394.07659258132	951.873725138941	729.405508095149	1711.67831680957	1353.18291515353	985.18231974634	2158.78896488177
986_SemiBin_166	324.652036197208	0	548.839120320051	313.214132873903	187.567703048457	227.674612803678	448.881886672976	914.480263645832	789.668489494952	670.343017429345	449.123813196382	543.693701935885	437.032920125141	91.4480598524145	332.790960230034	335.069427365156	313.300343477713	286.981639100352	1138.52244449181	842.267253398035	355.369029627663	0	527.535882954237	1363.86479192202	1502.89554982732	445.554051836599	1070.42122677872	275.47893089119	673.807117938546	139.042479520666	637.928794802033	97.5011284758649	328.032030755013	796.824936084824	473.632705353145	197.334881304025	182.635521991491	0	167.223982124953	745.655322588907	519.821513196563	261.443877660682	263.590363693506	457.080059611936	820.200049755296	1413.78990614513	1119.69206583017	469.050302143586	1192.24966694228	281.603854806883	659.366956089132	2277.49147369597	3408.38659779077	673.304749948489	1061.22455987741	1112.99720020133	937.946548353532	596.174496181569	1684.53540202636	1375.60439378077
987_SemiBin_26	781.348764420087	560.745711599814	1200.90443044604	780.257979684516	664.349884739509	351.067953742421	670.224237282375	1060.76529949517	930.171457895336	946.154697693594	1551.7975728176	1007.18441412939	1053.4208469754	514.349752745631	1029.08371652753	654.800444517253	1168.19561795766	980.044830703062	560.414562778673	979.183306628873	609.435375789908	538.957347238636	1357.09846066723	784.223073366627	739.589041369493	663.334409143756	881.451746700919	985.761003806042	863.013791826142	663.059082579465	1034.85173546095	980.903427216806	693.954653004404	965.004931697489	560.218100991095	570.890912249361	1048.40031570943	928.574714934065	1270.18789112157	569.300074536094	149.02601953353	537.912719293328	499.227362539451	260.984548919919	1089.33623643171	782.715979895822	638.52714430981	1166.01084111279	782.07977081326	888.060459438684	872.87954122658	819.835138873038	1020.03790159748	1272.94346651248	1017.11747737971	1028.29516671848	920.662196520037	871.082009077352	1209.25556868764	1144.40906522443
988_SemiBin_105	1341.83852406512	1352.40184114176	1672.19523975516	1674.88759599593	1299.83627304067	1136.56036847978	1634.5085537517	1587.68771562319	1825.51271014155	1743.5198053474	1866.77680473738	1956.43928105469	2151.85682634598	1822.11586297958	1496.99491354101	1505.99552313777	2118.41146018689	2207.29403152536	1379.20280700674	1395.74107733693	1957.18611973045	1671.47552954124	1692.03380632318	1822.79740689041	1114.32078423513	1552.39950345886	1958.40153237902	1481.22493242623	2416.58580862943	2566.46684282939	2088.97930706266	1527.58684551288	1068.87340235244	1451.95120533905	1978.60428828391	1633.64709952495	1599.33812703446	1646.44854655387	1202.88175018475	1993.56443306006	1260.80309730298	1018.76622370611	1075.22249338952	533.582002198596	1963.04551871588	1730.76626974595	1881.7328559754	1248.16347772166	1595.98702269687	1236.33841453507	1634.93266824178	1562.89171496358	1298.98061494141	1293.37601724109	2674.74456696182	2078.74962938964	1737.93961828935	1869.52244537359	1610.43849577749	1903.9033540457
988_SemiBin_31	286.741164252988	311.747496844364	506.392415482614	681.291214450105	222.037986938894	414.691053288524	406.352255634997	440.566158577237	509.090299205872	368.470117595237	560.921397984709	605.270210345813	546.237290535542	335.77560476545	685.580757731025	364.87828312799	127.427567460716	568.335059827514	376.180519687169	431.067240669684	571.44840728714	530.342803128419	708.925679102087	202.763121129802	321.85646287894	390.979013344785	538.53714503756	430.419349402737	505.247957706916	951.720686060645	813.346638068295	449.107251517574	407.84155365084	390.348693574669	623.331538416918	632.939370458406	434.889723401804	659.886792971822	259.320054938533	674.551223019281	0	172.608393944058	361.054366888191	0	638.183146577334	529.454444117215	424.175566010546	684.273163592508	387.882629123076	0	305.302276357212	439.558210538997	467.769469723804	364.450016741287	1060.45114535424	631.942899785306	406.336326364605	519.35039204245	773.355141658299	440.404154658518
990_SemiBin_269	432.435618645027	627.939524930868	611.85675956363	912.231351043402	632.449701968384	586.405672963505	1499.18265729603	876.410111290367	1203.686589497	1143.29045481179	1354.90814399064	1251.17433238389	604.231308494988	741.532587009095	1274.64032871909	805.063981097267	773.35634576968	827.441438669717	1054.16628258084	1385.24104040006	756.964087225191	825.226891369832	1382.74468911752	798.024285131933	507.820537398238	652.146662098058	706.779477690628	699.244603243039	1152.36188693471	537.650861981868	1234.16083646718	954.512680448327	663.346142961953	574.138891136108	559.456233711055	408.880061744229	867.438818241966	788.211440070632	954.877258263978	566.033559500128	294.114369137905	646.896554703362	1017.87212755896	608.872835418393	968.674912169728	690.541796195975	1197.41511288982	1140.52753269812	1035.04587652048	1098.63380833737	933.348262818464	1247.81583017809	1328.95126950376	872.649416934623	618.786060233616	556.282124375827	1505.14954053092	827.749054938051	1003.14455956545	1350.48648196629
991_SemiBin_110	158.022697078216	269.541469544826	183.715603867823	388.539423921627	194.752730382978	0	283.649817175219	528.425207765341	515.912663604803	364.370655173626	484.357685162447	466.262298468436	291.214241021569	197.118590687935	344.006385408094	396.99428776376	425.906108105994	487.005563647685	255.474659445441	510.983699379719	430.433500929042	431.280756881711	325.175055688859	420.026935237088	364.898958744493	404.009247369756	579.298394946286	385.96595356049	433.512102732952	630.723332403384	419.845512904959	346.761373821035	502.400837989437	497.074799029585	477.551379871879	280.713724901119	780.494504752888	646.464751820967	413.414192419891	241.638905402549	0	283.23375462904	327.657656776263	180.940377333395	533.797848067692	232.209859094869	453.486861029092	770.766467207921	338.875784334267	324.49128188072	324.194539392615	521.683639219684	432.662172582618	408.319395367484	432.74969409718	435.535265960131	462.466940098467	663.103857292397	307.962769977756	364.795995416406
991_SemiBin_113	486.96697786628	779.236749164391	1327.01155191872	880.010279575161	444.977615388087	318.861857130487	1722.9883042441	616.847716285336	1072.05325693177	1055.05044245818	770.637524609184	823.461337754782	1366.5436679118	1691.92544400608	665.855566370266	715.711660494712	366.487888681832	2443.63218547481	533.178000622066	322.086961993187	1571.30904963914	2469.4950099371	453.679718281971	345.363680227708	492.297753037018	816.723302735236	0	437.539849196624	649.194066665667	6997.669306678	2399.30937175026	1032.82014077882	414.071569783367	312.162172479457	3953.16542274015	462.931051049397	1663.57890013362	1476.09005386956	222.744798225768	3384.16831945333	1869.18829185879	349.685797157147	340.731842001952	519.963813871607	1308.93802127226	1670.62927751184	1393.40440579339	666.908085511196	2886.59658357079	402.459779437278	711.46905904447	1618.88026326347	632.325267541956	525.604607753573	745.79018922277	933.474767063488	1527.42913241375	3639.70792522263	1185.59470587437	713.956700595259
991_SemiBin_141	4229.46869284329	3661.92816706238	3335.26239218806	1932.5194140535	3495.80384957209	2187.70877090712	3025.1647801424	3438.76980553689	1972.85270968368	1995.05698439464	1968.64712024652	4039.93771218808	1563.79596627996	950.198624777706	1755.068689839	2879.39908540437	2740.94854751519	2806.6578223463	3164.46760867078	3179.61486984873	3531.78170701921	2367.02132086912	3223.97379842823	2685.08368287941	3410.84253406584	2330.29078188313	3053.35395733202	3857.66332184728	3285.86541559859	4273.06327665644	3044.0017898934	2308.71952078469	2399.20321766688	2022.28849826285	2271.07723615439	4014.90194385517	1835.10355730135	2961.2411293211	3134.09514445388	1500.33863783108	1147.76509644355	2581.43843573223	2731.32059239812	1642.37358986062	2043.94488903328	2907.43136152692	2886.87941336022	2339.92382098249	2637.43724577146	3133.29697671674	2842.72396011807	2260.98181788653	3369.4926470884	3255.81073760143	3101.40796484705	3304.7303632586	3223.52092068504	2761.88096946434	2623.03816667762	2690.24448813138
991_SemiBin_49	1447.98666316886	1047.71869041872	1525.04402563017	1473.31849917845	679.816760950335	568.48951369071	2373.84328446469	1240.95843130296	1223.62373037772	3228.21697631407	1332.64201197636	1485.95771372297	1959.04518969713	2393.04856198311	1066.22552943509	2251.14893807454	1185.81985897274	3344.62584949345	2155.66077736477	1345.34110866673	2121.777712042	1712.81698146559	1401.34945220946	593.288777583383	437.193398228774	500.096427727024	1737.69201790665	331.085200178341	734.907899455933	600.377153758766	1571.5826983912	1140.28124806915	1250.27555889882	1390.08228357446	1687.39501139426	1402.29699073272	1210.70149317077	1214.37035785348	980.318420424776	1742.44354152021	1331.83563992714	391.187351562129	913.011657177847	1205.77119552954	1449.1044143403	2768.07078754169	1433.77550101671	1081.48879693973	1403.75000053162	625.999077410736	2562.8460483819	1066.55620764352	824.565199176165	957.878299932963	4185.40331131228	1007.02975943151	930.524458233279	3776.76659047584	1373.54682177181	843.583572030856
991_SemiBin_80	366.641311534092	0	0	261.517759825947	0	509.008327701073	303.929837339326	412.661352492647	331.63241773845	222.990079741925	178.550913845889	0	220.746284652452	308.90919594484	183.115686783718	174.27328206778	266.000954573915	0	0	310.849045700388	0	0	205.880202046555	294.383176615474	267.28820743593	177.045700759441	220.078048362903	0	302.918214005194	264.616853829451	175.075655475623	226.375311442541	306.817845431812	295.01795888371	178.678548468168	0	142.608976275579	256.036669590167	230.384383836068	0	0	240.760110073631	299.732441734114	0	327.136571558314	464.12474851099	185.224499172335	310.307959529504	167.449726501423	229.380088629376	113.505409127369	246.105255089728	260.464019441665	157.296657901688	191.46824098699	0	478.953926601625	751.661661841398	287.815882657955	305.333647178092
992_SemiBin_141	378.566812382823	322.819535347253	360.387549142495	444.319083164575	501.897217171335	291.322621898784	176.115692943528	390.952359166628	476.650196123996	545.247851110757	412.377583950052	447.781604629465	517.297594891784	0	603.08646200897	424.197890749781	299.660679453871	331.862860674339	418.157444343731	270.761340371312	398.328868465047	387.909626813296	459.72810603236	0	335.213247932265	145.647452632143	458.762362356326	359.007922813448	308.139764955056	399.455457316701	730.275351466418	405.525669716853	387.299616718115	495.637026323389	419.957301974114	317.931008293605	509.899977311355	526.953243729609	655.635531906127	381.237703936705	219.01945526433	397.491325099091	469.105633353143	0	630.088645281618	285.178603191608	880.396981915707	700.00433167169	750.665954353004	453.993630052959	385.8664545553	503.915829351754	803.368249608551	396.581623438094	616.522145017713	301.125969417757	452.769105557639	305.216534652902	742.61555100405	463.793609951266
992_SemiBin_233	1387.08123475252	1970.18611364579	4024.66838489091	4986.15986749459	867.265469257488	707.118088978925	5121.14621942746	1585.79914251051	2336.71490946333	5340.52261379813	1616.1877876659	1768.02469763416	1938.04503399555	1537.19758509448	4302.9664804814	6313.03278998762	1255.09026572823	1991.8681259037	2763.4311299709	2770.89519811915	3822.3909323369	3144.2504620447	1563.71122897074	1160.04266983477	605.345988653737	1412.08949854271	1637.0175836787	872.602677787888	1579.72333552812	1997.30189513049	5522.88435406463	3075.21832905803	2141.85132892729	1545.50008797932	1881.46002695608	2009.37032526485	2994.04366237878	2301.24199831844	1385.06360430403	2892.32921445838	1383.36527523415	826.651623557974	2814.50493249613	1441.57788532432	5663.28620929673	4935.59107818818	4688.81235515241	2538.43974640684	1796.58206260364	562.677047116252	2450.98287138374	2081.37778563859	1088.48423557946	1395.95288817607	3042.51760985881	1601.35918445636	1687.49501595199	2262.75998313067	7119.64080264146	2689.66725817751
992_SemiBin_359	431.665572575553	386.839638124206	349.34085581418	516.485460105085	416.524296280607	307.334234277291	559.239735509192	403.265811583201	603.350869127405	699.816988233897	464.781375309808	688.486783143112	622.01846803607	233.665111365021	458.327817291564	470.017345024717	384.529392943151	695.315989061549	459.761671131772	509.096363666105	423.432703743077	419.445064558922	776.626986293621	470.733994556194	210.295791546496	376.573115047685	346.702321822949	412.626061914249	631.575524366959	338.767216629845	520.847212898468	534.197424260148	383.507228263341	426.848639156105	292.495087695575	283.644651095791	479.206972821089	559.032201892455	469.607491854563	362.858191780599	0	278.344787662811	410.311703326903	0	695.658988209473	469.509808966591	511.015965973962	688.096134344339	446.356067745473	487.089230389487	374.541798342093	599.081976897355	595.971268777883	726.7522673402	993.706210935798	429.047002314398	424.459634110563	343.085803565121	874.858812545253	577.829546065141
993_SemiBin_0	1286.65373906169	1585.22554204852	2090.48039981386	2102.4098277892	2260.0386182807	2096.9779446984	1918.10050522109	2156.73429328278	3767.7642378521	3596.67449166222	3323.04568171034	1589.1801497911	1913.79738188203	1637.33724731896	2538.17947905864	1916.58765369725	2346.38296660863	1767.10858256462	1777.66844592202	2135.22148064295	1658.35722137366	1379.64564945878	2280.99060065905	2644.18660552148	1812.6468662968	1395.31997497022	1780.8455702406	1262.51394924747	1781.98799210629	1743.59044047827	2337.5243672023	1290.31888015212	1320.66204455356	1679.2213035425	1475.41280241387	1001.91799441571	1754.55205564875	1607.21954505433	1893.21712451245	1185.58715712988	1016.02201812274	1588.48224431098	1933.76662125143	984.985073330293	3444.32919681001	1865.23672686376	2267.86969363396	3641.26925253108	2385.72794425516	2223.93907305316	2690.76736863038	2311.4160384564	2242.84362871869	2075.88860419716	1760.85822238712	1617.67781486242	3084.35125477573	2570.34378675215	2247.75103240944	4735.30587450803
993_SemiBin_156	1205.28680682787	1588.30024128247	1426.278790708	1404.40766438801	1816.48314769892	1325.96334537282	1924.16577649273	1351.8726063197	2445.86967843675	2054.09506212944	1583.99238717237	1172.32931631037	1567.56142592229	1004.7144165594	2296.34532691902	1818.14387031588	1613.43055424317	1756.0750578889	1339.56333889909	1637.49523085002	1251.4363569084	1192.90667627883	1924.73222286019	2143.91702585959	1375.08585730808	1356.55543748596	1711.84991792676	1190.03067279361	1584.13333810996	1653.95475560484	1673.81219259627	1274.42124829167	1193.73016622936	1373.09084017206	1307.18467816869	1082.37791298739	1321.14718683138	1607.45685488293	1533.51881319669	1241.56819503093	912.583478175913	1357.58592711364	1591.16245977247	751.525551262247	2101.23813692396	1250.19144469455	2063.82233622477	1833.14715941801	1452.25900129885	2008.04349031812	1849.87531442422	1874.96407825072	1759.70257009631	1844.28176340044	1316.68884686373	1347.68918969707	2262.29050274405	1601.68846253998	1831.53678429786	2708.671691601
993_SemiBin_2	374.005080253626	456.646109492107	473.049783740091	585.974314899964	487.198904694325	399.600158128819	578.98785175992	792.290742334216	749.120238971442	551.074895289783	664.503234382581	441.523431749679	552.527220857307	440.755417531188	493.306427106556	649.015824590671	636.222148392132	541.054454101722	481.309018475774	749.770543275178	483.420000391967	402.996774188583	624.694583567351	573.20539942026	479.105560554912	478.615814802447	475.735536255514	433.839845977206	566.161854380166	606.124332758771	648.44298272801	553.394254676122	356.203208514497	448.219033956806	569.04107760977	399.202225179208	539.018588324753	470.060779998764	914.664565245418	467.050873281723	424.913406487036	742.041669722523	727.376799247168	0	403.805714675564	370.501191538424	329.889714229769	664.271391961995	515.602258024872	628.908330232371	609.812326660538	623.691408874314	650.030742732875	682.440603310456	498.90443947189	564.842692072021	829.591859941659	730.752365324057	516.270960904614	1229.72220872305
IsollateEukC-trimmed-reads.medaka	622.499861132661	515.000903432998	524.872071597163	622.892823532327	587.740831669248	361.462973184824	548.187399473324	494.7945428552	657.280566315451	605.926756898869	537.879517677095	507.921682112097	616.365837157521	206.127569175905	747.087002149647	531.384468361191	515.392146592268	578.102517992173	346.634260158597	471.915468221043	486.252733014653	423.447357230433	480.339334739492	444.998298310965	537.341196615122	410.709396564399	376.006559865105	524.704512319136	511.842543247268	297.319772476479	569.542663926942	472.19216800322	356.407679910204	386.675055680604	367.447510506743	400.313334725344	568.832227449962	294.52562861137	459.926321013792	377.646797948948	0	541.258647847148	446.936351518323	0	498.719321499977	416.878703541847	441.306809538792	652.419271844976	604.601103919011	500.860924886183	585.562114194735	543.720459530755	614.640149774641	461.982697885425	497.038458032407	510.180995647244	558.959970278994	464.551450450287	511.564703029802	667.582924493996
MEGAHIT-MetaBAT2-S932.114	1089.15417197129	781.489845259829	391.368691534174	593.828612165728	472.506717035497	280.566936669261	962.687941659258	854.117947903164	403.861648147648	352.637865969574	441.038052157993	1030.33025373791	448.590983836934	166.792742850166	132.994861478814	638.868561793057	448.287023754486	748.343223689892	286.271453191465	768.914218092196	928.058977264681	418.437597100557	425.628797548396	646.518236789707	634.58503755679	866.328435459689	544.829782972079	986.83371245064	1280.94776352055	1027.26604710377	735.681961359743	231.614745723358	493.754452938677	927.517936698698	630.893716963552	1150.79908019658	558.524526944438	548.386172840733	956.597391941336	475.701257770766	244.020027845649	492.435597708904	602.758349008936	0	509.072505750594	524.000907646561	393.841068971008	469.269229945408	449.919830008651	563.117983714488	948.22915802424	505.335856388176	759.383219822111	1146.67999840687	910.590125561867	583.266680795347	1428.90621267888	576.464848512147	1543.03512381478	663.175220249042
MEGAHIT-MetaBAT2-S932.132	1657.00329647819	1220.62255073481	1529.64679354657	1324.11540248541	1617.33785275485	1286.94626931973	1169.3456529329	1407.31545393387	1603.28110603215	1696.84022566673	2060.8430012181	1886.29922826145	826.169069006961	948.099127768651	1215.48780065894	1694.9589239345	1713.61566781345	1470.89866835943	1625.0056466641	1733.29098176343	1825.9895662617	953.532864742144	1966.93468791695	1256.28728525751	1790.83981776888	1296.47386965326	1300.18676688782	1264.64617167521	1198.5502582255	693.463328624415	1046.54491430478	1276.29505392118	1340.58100170888	1188.99596171769	1074.77409530326	1361.72299027418	941.07538203863	1554.71574018507	1317.14459144084	699.013647600917	507.740961598492	1456.41296697119	1648.80363037254	663.347533258505	1642.70643386698	1455.97599097061	1637.10725071542	1601.7717925453	1069.82885677101	1855.52808338755	1688.50735712551	1202.42786032271	2017.83347504824	1707.44964078034	838.08614486747	1142.11583154461	1305.91079442543	1111.1916788556	1327.22193922317	1626.20433799352
MEGAHIT-MetaBAT2-S932.178	1353.02933552788	656.622440316452	868.783259431347	636.525446108397	861.651460083004	679.952508701403	861.636713107476	660.797810709864	882.774035470735	871.728624609009	591.326875471992	1008.27960625971	715.475175434849	679.797853409804	543.262071749139	657.014850148557	615.546718520058	808.15912960734	1078.59504441306	938.197309172109	762.628448001121	652.078748409435	649.465106932064	544.085015813631	471.227974565021	557.04995941795	744.976422722759	1068.70378205955	994.250862265651	945.334975759075	870.070056640346	469.221543958202	547.671079684999	586.330807441857	685.261357001109	2101.74740870667	481.538670900514	715.764648872597	690.122200303752	737.498643013664	676.685826553962	492.897556262046	581.016524807029	635.875869565191	715.334163300155	940.837058532359	857.830164178404	638.413652349408	828.636595649245	860.498801745453	847.264678065614	750.817387039554	861.081470798957	852.187625839641	1026.76907407964	859.464696913538	995.693093972288	785.361300902793	745.064088697151	624.196962563718
MEGAHIT-MetaBAT2-S932.184	1120.63280159294	1090.31102627186	405.887490277316	217.954653242689	684.118955444361	266.228009799545	325.902399848069	358.872779942301	397.728163791035	243.025433525914	309.486787441954	501.384206060616	448.21511202377	305.766516675443	220.514901722027	272.383526992323	535.224417289344	409.504082861586	329.258348292686	371.263361324009	427.255483595029	177.373288193608	405.168261890999	416.597620526474	587.507368582951	422.366792267354	301.44065009653	886.359929693074	466.432900548133	412.128574212588	415.067625728248	467.818420837754	429.409867487489	334.839912671111	386.099471940206	789.494357950094	332.780481493801	203.180765259506	330.917993964358	182.42826929634	0	918.699259670165	405.934485330124	226.191982087746	281.24230261853	293.988411709805	306.290058383932	207.887390149153	539.640390033611	944.383800306734	448.801279880952	327.50822986621	670.465275405471	328.395620384546	251.417677321183	304.668919438378	422.963137247636	499.729318687926	256.721407023245	451.736245327329
MEGAHIT-MetaBAT2-S932.23	613.584099415761	577.26433576164	368.324458231303	334.617490349456	442.815644887951	238.081520060971	505.32999411467	564.607859805331	501.672676683913	715.835377922001	587.479531304519	499.49122487687	231.285707304879	329.916749562832	574.098966456045	510.647002456496	500.210154135991	400.351955608385	801.842246915906	444.223267859608	623.821151804176	377.140630207838	518.84313193357	459.602148151779	511.429879352911	393.401005161183	410.70720194055	559.727014569288	554.180262745762	461.332882057338	472.689936421635	448.506351543062	384.553950222404	397.640597863428	399.240998598592	327.704545188029	419.925878726765	526.930804713279	473.090882865493	365.529354204423	0	390.733799487443	497.862418376004	301.208959106422	389.261328077824	389.302238806118	347.048787126801	327.947378263191	206.691758365687	620.141019666424	485.279195740841	449.744741092628	490.816662679048	522.624677343101	254.807996034323	416.739623318286	459.862334581406	497.39346418248	331.831106801798	627.945856117482
MEGAHIT-MetaBAT2-S932.36	1507.84374310759	1261.71573019235	1289.65726468047	1321.46525834001	1719.98701892448	1232.36486441591	1317.43126639176	1345.76712034455	1509.27648627795	1696.17818093402	2060.49970572684	1681.48978260453	1374.47159978949	1484.68765449699	1752.29755177877	1136.46397683624	914.870614095651	1318.20053097588	974.482038740008	1334.36366268337	1298.21076829646	1408.88959299698	1850.12514713623	945.176189469401	926.179161496818	1026.30787889149	1378.9319037129	1183.64511413954	1473.47273909835	1191.03868577916	1892.67914489412	1420.36183315682	1109.61660923288	930.796800013484	1061.07870086266	888.439430400031	1405.14094523136	1632.50466321462	1489.71648398661	1134.29007815728	706.616959063826	1086.92029578691	1128.26540622255	571.353079564975	1630.40143393673	1285.25253489934	1593.86014632264	1833.73940749788	1116.47375920678	1489.14281750978	1446.20487902113	1251.92934254129	1449.20926661804	1433.49954719771	1572.91271974256	1078.73640274534	1684.13118795577	1461.08124879837	1811.63422995709	1656.1235167723
MEGAHIT-MetaBAT2-S932.53	1671.26634545358	1473.65352667603	1391.70118692434	1120.67206076075	1592.32768662863	859.920270538634	1481.1034981704	1718.76541774648	1119.96828239593	1421.35422322921	1598.45825231807	1446.22375622868	1137.2565750819	692.287419654496	1302.88502796414	1362.20607806222	1911.0297224901	1343.12290666816	1576.07486834021	1977.38902216777	1901.2660346297	868.469217044186	1258.82210182657	1451.35144375687	1492.83731526933	1019.51534423542	1148.04844304515	1777.56639810054	1724.44611263946	863.492420932087	1273.04104543579	1230.3542562972	1317.16599591049	1136.44231696246	709.37427172693	954.429642258696	1046.02199036418	1322.12347748478	1547.40493178874	654.676729315761	485.276884801019	1292.8111611658	1189.9771916304	251.946237798722	1249.776260934	1024.09250184367	1378.03826283894	1471.90664310782	1280.71499558065	2221.65631358816	1554.59012082301	1591.41316899014	2127.68942780799	1493.49509120952	1268.63282041379	1079.42333718165	1204.72196467393	1138.0966730723	1324.47702478265	1374.6129761312
MEGAHIT-MetaBAT2-S932.72	1703.91395328942	1389.74251561143	1384.86313576479	1679.03371767147	1618.98342457679	1418.33145899955	1569.73529201025	1613.07129271237	1952.27021414799	1746.06002387331	1888.33588566411	1509.59097816549	1828.94108115302	1543.37636374781	1742.3593833112	1322.77653603655	1786.31422813863	1708.65982241241	1531.74646272561	1651.07120355137	1718.32000995395	1190.50356659517	1707.62913676536	1395.43335614948	1433.47739687144	1095.78908537176	1421.81333815788	1266.52239384884	1562.98946788832	971.457125795349	1783.97284971165	1483.97121947299	1110.87799009684	1378.69443200716	917.890603448102	971.313189750884	2051.94781979679	1654.99822320077	1475.88351750226	821.44185340434	845.164134601859	1122.67195845307	1222.8117861359	586.20933114599	1587.42054084339	1424.7162504474	1927.00870250822	1854.47549125085	1697.99987311723	2002.5689464015	1759.99954810289	2012.37593495285	2068.91111899145	1611.45698429435	1517.88493731898	1359.50295395173	1530.90014685348	1327.58315389877	1593.14988334563	1908.34204470974
MEGAHIT-MetaBAT2-S932.87	807.605814757278	660.839017762384	602.889420379533	427.893999086013	495.385566111344	213.283098485603	411.278251540153	629.346739087632	448.586890363204	505.114503856937	666.19586015126	579.093474668647	387.581086632702	105.930554172535	452.106371025238	589.537679022602	518.513219516117	691.138093905908	787.971576641261	592.762816806867	813.526350035371	408.324398114427	558.888640314393	602.033731206598	677.916000912946	543.509745597378	465.49604296746	725.019977637143	513.68232005708	774.051489405393	437.913695031435	559.779760356455	556.689253963978	566.524714580447	637.460889278926	805.313915654122	592.60438490415	705.226756128907	459.117632228188	590.183036874533	335.820887655654	593.710379103652	553.303083729347	173.063798151752	478.188069061106	487.537790299645	586.743878165578	481.563489082676	537.63934264343	385.510604374163	633.656360044906	252.54192541077	499.56558220381	615.281690008397	796.479158433647	550.237215261177	389.367973987301	300.597686593479	446.9793837639	462.712140046666
MEGAHIT-MetaBAT2-S933.133	2568.71526213094	2771.03765830378	2052.9291606107	2456.58458394172	1876.63519233926	1916.66425836426	2291.92298116002	2324.48809280391	2608.01764984365	1973.86619910721	1751.58319353372	2308.94907065995	2693.09304629545	1736.98414420391	1924.27071657389	1748.05923369196	1629.48628598771	1573.58433265716	965.021380658801	2241.01524350867	2502.90794280766	2421.96653690493	3391.51063934706	1244.76926359623	1143.79474692718	1374.30768447388	1979.04826733527	1606.83504865488	2659.57192387591	2058.4881789491	2008.80088554219	2262.36655087011	2128.9123049949	1252.16284863819	1082.6232903861	1345.5256400177	2412.74876847583	2801.14021090285	2726.51141142486	1336.79849286197	1102.7168185682	1778.74654011979	2027.90481442406	625.257432500835	2389.71651054479	1270.4696190913	1917.48808535838	2213.80549864599	1382.67922210927	2173.26206392926	1480.68950251661	930.173080053956	2383.3680586375	1759.00162597731	1315.79412891551	1553.1080041097	2169.4247452519	1985.06641988159	2370.55983268211	2392.73513263482
MEGAHIT-MetaBAT2-S933.139	220.840469029719	224.952549581499	208.085501639371	0	167.210308434361	193.71510267676	268.854475245031	247.782449629226	271.49504758279	199.473497917346	241.840891245699	175.813082446741	0	196.061164725548	0	0	187.137211610527	0	151.473823531779	196.445124394231	151.548388478102	0	168.569601387892	151.329105088167	0	163.613762349591	0	166.673102763135	0	0	190.686568083639	239.741752481088	0	0	0	0	168.985248006632	166.624852208654	206.709157573085	0	0	0	204.68544264163	0	190.375539536778	198.161938890276	172.155724407827	0	0	0	0	200.062392017739	171.757596611519	184.608448883285	193.987726635357	290.092434848479	0	215.797139762409	212.856449206052	371.742382712163
MEGAHIT-MetaBAT2-S933.151	659.594287565821	718.804586413581	697.803936463302	258.532720302411	538.074692249165	0	572.836741075819	744.160691473709	398.120935304202	458.578812269955	549.462545180331	567.963048864123	486.756782356433	314.636595981931	464.343722535248	565.708345674376	635.805901782042	973.400798290825	645.623595861833	622.037536466159	800.35064821214	778.003240786242	510.894864079827	408.664952043761	612.054987230797	334.798653012716	332.370173208511	734.19447009488	638.77802748183	828.14397521062	477.72101709544	159.427819599733	220.456425373862	388.873459580374	620.085249338842	738.625824227665	259.041989364534	366.371890722405	541.975312632612	503.629262356948	394.35577458985	266.937644034271	227.665510716044	0	574.466221890509	634.157654249408	645.603343165022	371.962791100773	568.511727031773	386.132757263635	539.205791787806	400.610199058622	469.968291037324	522.25740771965	718.453517354901	574.898561674555	514.603485722668	618.60875148013	360.363384658923	546.421877482439
MEGAHIT-MetaBAT2-S933.161	2024.46238169099	1881.83383812918	1739.55393110094	1500.41808845554	1589.32263290055	983.635904042319	2235.77062530188	2122.58926321468	1517.92612864183	1599.58524407414	1919.3033359446	2745.69907565923	1177.74736499624	1203.99488116077	1391.41655616471	1492.27247748237	1547.8038466413	1968.075590558	1549.42063625734	1778.58387322844	2587.19673641002	2110.38239834672	1774.98584456569	1421.43741163424	1105.61749178644	1519.84841573106	1714.73729721518	1945.5668973583	2294.2493945879	2429.8533447993	1894.5358294636	1082.53401230908	1283.10603958704	1542.73031817245	2200.45014985631	2765.26716147415	1710.48173349724	2643.97078260437	1540.75726115399	1509.09451231306	1307.29140193972	1103.45501054484	1229.900972447	788.506710911806	1782.38491108673	1622.96737690615	1890.03427697261	1701.55835083025	1805.07732407603	1341.30571096209	1803.55962854327	918.93375045697	1592.05849688056	1803.92854253757	2933.24900312762	1641.52562132028	2094.25820572121	1507.62441265193	1802.52904983919	1527.43560631211
MEGAHIT-MetaBAT2-S933.63	212.703767718399	225.416934527414	220.789419021258	321.696513511469	207.037799908423	322.214948397692	274.38133390676	343.882551118956	497.457623520836	378.29851251073	399.446725058175	193.475152437716	467.104858606818	321.626765245355	475.023330797342	319.146275080186	201.552637323719	358.599491865197	187.931840156291	251.463214503549	220.408133587593	277.560246879573	334.295399219604	351.375986118917	249.507622963947	328.354804136596	201.406033018966	253.242392024647	227.550216251951	225.553979507638	346.480879889101	309.223608694875	299.618140138968	394.578912429124	242.525283663209	235.434345506835	270.252889416574	327.087999310223	414.678876491086	316.069651787654	214.385620234459	338.26772292143	386.183905099549	0	308.00930375887	283.886223578606	308.608351286899	400.087287746679	277.634476990439	201.139603011906	325.814185092894	339.121314327927	275.257840525347	267.898777542294	222.993895276891	244.180015351736	368.163682981874	296.582906335677	235.729281684574	406.237539154532
MEGAHIT-MetaBAT2-S933.74	0	599.700681969778	419.799545313242	523.227232880168	345.982256244819	426.913120145626	446.070941362832	465.924100644547	623.68125092138	394.238223798182	590.583742158335	349.512623395458	349.336703344174	143.620858664141	556.64515041576	260.204754718877	379.591540082914	661.699482386626	404.728942386961	361.961137849365	468.009914698712	443.236999582673	473.546917248331	358.154798528396	170.65816489985	350.19761076964	435.494815425216	257.180421094485	636.527640024006	334.711070920308	376.931583424596	406.4433098138	478.368537024162	384.410236960144	327.553340585155	278.041197546802	390.828245356025	502.676875605922	677.078450047166	235.48460658135	336.187148617329	0	0	0	334.940078846685	315.675304580033	450.154522044307	676.28626565809	673.752917915739	422.276136322194	594.865395416688	819.345816420146	461.403756840628	432.07021557139	445.496016848205	383.561237012388	599.370159691661	301.757246391891	572.822397538691	741.402480767969
MEGAHIT-MetaBAT2-S934.132	964.537404488937	989.394028300475	907.481858952217	934.750370071987	1018.77198137491	630.391379550431	971.905367008636	1025.51109904256	947.544960002186	837.807002468083	856.11502414412	797.396760158256	797.645529959129	415.422776786755	1011.60063792361	804.196653542618	1156.32050457297	920.464686383336	907.130239104794	1108.86450969119	967.787031587517	475.506881285992	1055.38550337859	863.11984505196	819.286262278194	728.70706761792	509.724356511806	879.891275254827	1133.43284783648	721.405668149543	1102.25276069272	850.604265089615	589.55804251128	733.916208540827	427.17206159998	619.391465896609	805.377166996178	792.336402840935	798.253781710237	483.28447288516	202.684257545651	602.418546208016	940.283045170992	564.905081693877	1023.55095690063	865.82071931995	1011.19989911591	1112.17039111835	1133.2209121558	1227.17991134962	1026.61994284402	1090.97543610299	1187.46582603024	892.453385660448	933.216224841321	777.983036401158	978.133495021604	820.315606065356	1029.10890147398	1185.43648214004
MEGAHIT-MetaBAT2-S934.40	522.311570167632	485.531619470847	672.748821678192	593.742171347981	553.041373705365	506.859562471644	648.760121929061	580.943065452051	725.445517809761	652.990405018084	555.46276449962	519.324255605594	706.804806353822	500.48226682043	719.481840726843	396.546047407096	482.408870762536	439.558568387095	483.51693931919	618.257384370368	689.685287345755	775.09081181485	912.230315784869	598.121387477151	350.263024762929	394.13423476944	372.07165862822	498.549868774556	726.239207288755	647.955207354841	436.321719545951	524.037363554031	580.869375217469	400.958667101913	567.744435455436	795.117368792531	362.646818841847	610.8021901289	692.59151947899	435.560410910525	0	571.490002448188	540.078807230311	0	583.93470629801	498.915701865963	570.869401128454	714.695459229395	617.555292290782	810.51930044187	583.474220743108	445.504896361765	704.886568338887	453.324598609553	611.992004644876	430.175196503703	543.935764678317	676.280847528342	518.71177435034	576.991999402965
MEGAHIT-MetaBAT2-S935.158	281.402027791333	0	271.622779040253	674.527286609771	209.579081820675	0	0	0	0	0	115.631159055896	0	257.938332194119	0	294.896003763421	0	0	0	64.1498126166583	0	0	0	263.313204882149	0	228.274849185016	245.253389686479	272.394873244684	0	0	0	0	662.958670309043	221.653257520329	123.514767714176	0	0	0	276.129723980538	213.267213845105	0	0	0	151.203614370129	352.645367996551	0	0	0	268.587434498445	0	420.730619297143	0	0	194.23807061499	0	0	0	0	0	0	0
MEGAHIT-MetaBAT2-S935.32	243.490083048277	186.254626276293	244.406621720187	369.69913520233	0	0	240.404623344606	379.42240854744	416.336223998033	367.409890951792	224.310079706524	301.265310627609	412.87983544182	537.002787558096	414.853525474229	279.842889728966	355.029542150531	503.400734760788	343.545586067631	0	197.392938130881	478.191818044509	674.775630536387	189.639763798933	0	224.422107651602	285.107144954662	259.331213494663	478.538110507428	495.462928812834	508.352251996133	551.11004881491	0	325.336288717336	347.240695679091	443.059799514794	378.242224848386	330.980788874529	0	450.46962964307	206.608165085665	0	188.637919111432	251.639647313213	441.975787590809	477.895739331496	197.686353467956	0	485.82167339933	0	174.515487582744	520.92214010568	195.497681856069	0	516.51809027122	444.624924529438	374.25077470904	311.053159176556	429.630311715482	325.841645972229
MEGAHIT-MetaBAT2-S935.50	316.392524708439	328.397861841374	268.715897739055	5138.0483998159	342.655744692168	262.423456770651	424.689004247032	307.654704690244	961.735234161023	1051.78503332157	549.747003960947	393.26128351858	627.451122848417	640.651470986736	2022.07283251407	347.31062009779	485.510657880834	325.788532939721	308.88471698792	285.10113775554	364.878881219242	2125.11590145777	573.018619132315	247.826618726661	251.920158127883	333.321950971522	641.223377131753	403.96488077152	301.826403033212	322.758632583294	866.395243847103	351.009457028345	479.211998872646	229.305112583976	278.135404892678	354.910205689429	351.653392996282	298.772309889768	298.737895124972	305.305482432773	0	310.804492832638	334.35890045664	166.899891070498	555.494819233337	395.315953427045	348.499146097233	456.961409747296	332.277297375745	292.502441107175	307.710619229237	374.029685128317	309.312250012079	337.20971595756	273.44751123692	427.140735276025	317.972823054288	452.358620384977	369.142140970016	321.345966032045
MEGAHIT-MetaBAT2-S935.60	2123.23223663311	3200.84732598233	2757.65504414451	2895.54317215134	3930.78282919353	2598.93620678035	2868.75528679582	2782.87477279943	3042.7019348011	3214.07698512886	2886.86362639404	2357.14714453296	2606.81765432277	1651.68101279324	2940.59854230575	3432.15715279942	4485.05674034835	2560.84816348591	3130.07254481172	3966.29403841801	2497.04994792795	1981.12587475476	2838.2085854463	3892.08889009649	3245.20917232024	2400.1475717225	2690.86140681129	2422.80715312115	3096.66692718709	2208.16746333741	2822.97209829988	2409.44913165473	2607.8066042034	2247.35459639973	2237.0229901702	1891.55720415875	2272.03067609488	1890.43980479964	3052.3167199552	1627.99863963891	1453.57560192281	3388.38676086308	3183.27159017473	1439.13384429995	3055.3458703426	2726.8845544771	3032.39204577531	2919.06773667776	3029.18665511479	4341.54865846278	3934.22412846666	2926.78594948425	3987.78977989579	3311.75951073558	2083.43036227031	2193.06826699384	4130.12363385355	3166.59679180559	2744.89058283399	4379.20044374839
MEGAHIT-MetaBAT2-S935.62	461.837928293686	401.370524039339	425.029399133611	765.268136617889	509.648891222121	524.794712751647	474.409064984256	660.981322865715	902.742262373164	717.857989096395	578.819858480609	640.976554592954	938.308058063572	739.826545407226	748.156140255293	514.072125297397	476.179448162753	534.907112829476	384.605742981142	525.110085293378	325.338053111395	560.008821556907	603.427601712713	458.353535667801	215.272826404906	451.934669614355	445.969323675628	318.86450670101	511.851794564688	758.483739975293	601.912823785343	642.566885295468	400.226634440014	542.31519935234	356.304161819537	348.520805787663	730.431117309489	782.034599363385	545.776732272175	587.216562739265	833.0452977488	393.243369154722	441.939392503647	0	696.194025158646	633.164441241713	669.133804390028	686.290007193293	565.525913671233	551.475508540306	538.774642937561	636.343760536065	498.05274806536	281.39704819322	521.403406534138	559.204851384113	778.868032464354	609.441493989117	560.849128164242	637.761347426329
MEGAHIT-MetaBAT2-S935.70	285.672317251888	653.419749562234	468.536574479021	1623.1845581219	666.934406324021	562.627764815967	610.077630980705	423.623250778084	826.71238434434	907.471960103731	650.052764860926	659.196571895696	1103.74146195604	430.442988635002	951.602941851303	569.214347571125	632.277634559391	630.255866463486	732.281649568624	858.729974861125	516.426517931921	987.500685832413	628.131010455945	529.199957673868	534.601028118912	619.154294598938	686.030749707145	518.489656318428	393.423390046094	560.30996132192	858.00141822745	1538.73700184388	892.586649151099	623.897673471924	871.625701511569	419.42156426754	1067.5362832674	1038.39175559144	514.595566288322	843.367643625484	333.243915382545	527.359595950954	561.524598665962	579.386201661681	636.783174078424	464.936971420678	777.317121148905	835.776697132469	1014.75063006894	370.566738754675	680.279931003143	553.436189432055	656.209256260931	640.259359125023	557.303413418388	367.533112331425	627.963965972537	488.455139447816	650.113681221911	846.780276821552
MEGAHIT-MetaBAT2-S937.157	649.563667873164	1447.25777295289	721.259741519198	822.107413280098	1662.94034866428	899.928424641636	682.372289840875	817.662020184114	1084.32471985242	923.099857460403	1035.22771688053	785.044317859171	990.41915445524	712.207175369851	1041.29020629513	734.399100972405	828.737455056071	814.704928865863	668.88726371107	920.476339919621	638.212392691587	742.745376311983	937.340353335996	818.816889726746	656.312652375388	671.299419352157	880.700608165008	610.625023759588	810.472530074659	509.246140285115	904.24768234438	966.88354704556	542.999840284243	800.936043863351	566.785986863044	332.693825540559	818.0738471902	790.588491734163	969.606652218898	555.31806852667	226.344844376662	846.828262084167	787.162792738143	0	845.427227467603	643.365315875746	828.430453588392	909.780119573524	774.010981747133	1165.12417284869	928.847180285039	898.488711598345	1049.61716769673	851.586977264135	602.953292189284	563.355017165605	878.137034586718	839.91917909638	674.588177155339	1214.12322183041
MEGAHIT-MetaBAT2-S937.160	277.914063287332	644.872227190234	0	376.935817678988	706.237861467325	0	460.752323364398	187.169377559698	308.269722614783	434.607323522008	264.764074530172	325.405362919498	360.514308379793	474.244650072488	352.216262883097	242.918107973448	79.2789278671821	400.292336787982	241.386331682628	320.073781154706	562.475744278102	237.68815777411	722.510735380548	147.10273459623	251.557191931313	434.865051449782	229.446625485518	741.189832414779	503.256393944099	0	454.628005462017	393.911572025489	280.685086390997	273.702460635122	235.187195685708	271.032228046608	195.370107752948	354.997297064929	378.619508415911	0	333.668960024154	335.833614021459	222.287574207693	0	403.378816525148	117.606969388202	397.404222804386	348.307272770931	208.322845570031	650.72129189004	288.367421429083	341.139026611945	505.256932771533	139.045443388865	266.297181468934	0	281.173890828225	0	386.420786940684	349.709026021847
MEGAHIT-MetaBAT2-S937.179	1370.7733260357	1043.26282123696	961.597022291994	575.911248792961	1166.67531312751	503.316387177226	667.176958633803	852.817896269062	744.529426922332	679.174538016356	767.239539049859	892.436566828246	738.660099282199	450.853634531797	725.64446030446	855.705734908739	972.70703980638	644.321738438946	920.122518777916	1127.35298967012	957.142763085177	462.340971466404	688.203956441494	751.7090055357	943.630470564305	629.685645601642	527.6782400259	1252.65873804448	753.993348816247	595.195091769044	659.438291594759	642.526689124752	707.226055196682	509.402620331436	522.87848474259	526.53384363201	617.583514399488	493.31163742117	799.553359692691	420.99986972432	373.914826912785	1072.37965858104	799.351543924598	325.351920775499	657.057629663482	752.227741879313	675.029169757591	710.847146103617	664.41165941127	1273.13090804328	1092.42586280738	774.732756920556	1207.62903435501	727.791087607787	680.805472185089	786.304630945344	777.96154064802	654.942526326144	726.822434287975	785.865065442762
MEGAHIT-MetaBAT2-S937.180	1490.38251406822	1792.65244248597	1961.18801609167	1516.28007526732	2818.76901918476	1948.16084587018	1664.97383933039	1642.19416442777	1959.07147953181	2006.09717407562	1687.27022603925	1504.40133590298	1446.59007536162	1202.585212876	1737.27481992396	2253.34352514639	2925.58820189062	1352.70036794273	1781.78447995646	2686.61470249748	1728.76932990452	898.592138832108	1710.93433408852	2369.26717175162	2678.17427511335	1232.25270201943	1517.93782856905	1548.70172912899	2341.78605531619	1620.97216469698	1823.71729199733	1264.00394506311	1277.11178691836	1099.76702867019	1193.04352232616	1149.13945441205	1290.49093090626	1041.28496486307	1982.34046075339	807.781751184172	650.62278837542	2198.49887031446	2014.16551677613	973.240668850233	1864.82999605378	1531.54032126596	1756.40954317518	1764.14479098156	1855.31430417479	2661.14861891191	2539.83436558677	1666.66715728912	2076.06954713344	1885.22427060452	1202.09093949896	1435.38471141215	2396.8412530711	1993.0577347901	1778.13716620101	2736.30927784773
MEGAHIT-MetaBAT2-S938.116	3038.31497872199	2506.54372776955	2676.91816905807	2156.96000236717	2728.77223693285	2639.92109507566	2579.21659659954	2832.83837315251	2446.3709352806	2281.95124459321	2350.35800645378	2907.51945373266	1907.62831478221	1497.22410395732	2099.1965022363	2061.66514670159	2420.75077824211	2480.6752353882	2355.77842941978	2554.3296039372	2558.09146567711	2431.3834880544	2736.1667337215	2160.33476631849	2369.57574765154	2327.7025151697	2413.83142355463	2332.99901842469	2706.86781706836	2975.76791303842	2535.53803580717	1784.2755903412	1901.63336639561	1972.57596583521	1918.61955123213	1836.74240497427	1928.28657861859	2931.47266590866	2459.04189217941	1935.35109621615	1456.11766024784	2139.82938537763	1978.91864947741	998.00636613938	2219.66028791486	2469.1097910062	2157.76680163878	2450.57508095736	2669.2328275201	2740.58966050882	2682.64263806703	2209.22533282855	2940.25953259948	2681.26659492537	2420.42424404166	2623.37629742697	3015.06256723648	2604.24014108141	3182.33652840633	2474.02977371651
MEGAHIT-MetaBAT2-S938.148	0	0	0	0	0	0	0	0	0	0	147.136189063306	178.376552617135	0	0	0	239.938101131009	0	0	0	145.542340387804	172.141727423642	0	0	150.121436560802	0	0	0	273.640394919475	127.12897034538	233.973387416339	0	230.693795934703	182.703746489642	0	160.28973536324	299.154250321983	0	177.482657753746	0	200.970747419787	0	272.7881314475	0	0	0	0	0	0	0	185.143094343006	0	0	0	151.459405533872	143.741623906705	0	0	0	0	0
MEGAHIT-MetaBAT2-S938.161	1938.14014137416	1700.85575599346	1301.02875432478	1485.27392494807	1529.26274281944	1364.58758528848	1556.92326650963	1462.83742756984	1689.98936302829	1311.44062663637	1035.00655434454	1496.84774646594	1512.22666123331	707.925026916973	1249.20670571992	1252.60396074597	1290.688438374	1027.88710928428	951.16640215949	1575.48481388136	1720.04310601369	1298.58974980598	2448.11605554799	1096.21332932136	903.911475111099	1015.7459871172	1322.57642348768	1511.12173759329	1810.910188451	1200.53264597095	1591.9584020052	1560.32460267987	1627.29371459794	860.264463362522	963.070514028487	1017.67254908355	1404.61892648521	1696.16295906134	1717.66544661869	843.404995648966	673.10938855621	1364.78290445403	1506.09717524165	409.337996038925	1520.16525963445	1092.73162091125	1348.79119654624	1377.93545780018	1017.90272910685	1515.99215607466	1333.56784175821	627.685154093902	1592.42611007179	1335.85194583788	979.630782504934	1263.50651461306	1611.71101941545	1478.19480810487	1558.08009482952	1596.15867641046
MEGAHIT-MetaBAT2-S938.190	2377.14076927085	2204.28735889431	2043.27732278054	2135.59252694364	2538.25435383537	1718.75695009567	2197.39659344458	2508.19074697488	2256.97120673023	2182.39538584251	2491.44677840684	1999.14990294634	1856.71953387258	1384.8715894097	2268.22562564369	2121.42611005213	3219.80683538117	2193.16590301083	2416.08320145968	2982.07525640122	2262.21954114474	1197.00112851793	2195.92315242116	2200.8781802531	2631.01637639037	1628.31348016165	1810.17056231342	2219.92501224866	2511.66710352441	1448.0667777025	2063.23864885865	2089.72386746959	2081.87243825269	2053.14737612726	1398.47300168985	1318.76724919589	2007.74909597706	1991.45291922073	2417.94155521696	1235.21058859465	1195.35886133729	2116.9685073742	1909.07720730688	1054.36226031666	2183.91761598343	1768.78910217658	2170.98848178299	2626.27241223172	2303.04195205527	3152.32328412095	2638.70383409915	2542.99292780078	3200.93413475562	2527.69051868019	1763.99229064553	1667.25757980508	2199.44605536208	1855.87943596788	2014.96977143947	2500.27171593477
MEGAHIT-MetaBAT2-S938.43	776.42888380381	771.983981358992	692.74859092004	953.834031510264	714.848305064178	321.370795269629	375.317812467459	411.133838155722	190.686063881056	815.908829044259	678.240798529408	610.780711258417	588.766866938463	237.335705095011	866.716700380615	604.902865261428	988.847273555677	478.299286368725	812.43487969395	652.949510303369	407.25372554539	222.983355915416	498.319151974242	749.421245771926	467.83998870924	269.709225749027	560.945824065979	396.09115791878	286.042467610222	179.641679578884	497.122957321654	510.368106156187	428.798375165212	622.99928865614	328.719976899993	488.713840983893	482.276980269319	474.541294069304	538.395029605089	228.435346365557	0	1014.57627042331	576.127118515165	0	410.185420897679	442.359740370859	677.256921237719	491.458154152755	439.52299799375	513.107536959556	441.615860199113	676.256904246667	796.478990797462	412.409145276404	514.4222009411	247.671641724257	457.507417016179	172.558824405901	378.794675784932	682.585665705333
MEGAHIT-MetaBAT2-S938.66	463.114210796857	449.235229641673	595.634989244543	1217.96653801794	598.820942675696	1078.40468406387	411.038750761226	681.535309420739	1390.97112006929	1183.12312201194	1012.80986476565	632.081621623222	842.940294099884	456.225568816589	1447.52434158577	708.013226914398	904.918216368969	747.516570915337	625.0758197775	997.865913184947	496.084813271474	448.919076568355	743.737824502325	451.317046731507	593.174773356001	375.973956295262	581.289094429218	228.868946375962	507.164676211959	433.109168039501	884.607120501383	1127.38557314451	748.455278999032	698.962762240322	502.321714293007	179.325025932345	983.442939652851	674.44461908937	1093.58534912591	482.801486016075	336.334927788267	609.915950991494	1117.63799552861	284.833591139473	1045.82539714389	706.699791601134	763.823903994852	1276.28131729939	590.913143351678	1242.09217554419	675.893915023475	893.522621698841	1064.50648831375	965.683425906621	489.660141301766	444.219686470594	543.423513924937	451.671764704786	807.310384769276	1337.47716893983
MEGAHIT-MetaBAT2-S939.26	177.5405658741	219.651595046715	143.3867410941	229.593402773159	519.174639622073	0	1823.77017489424	0	934.378509343597	818.313669061687	615.877141116455	734.354140595236	672.743854461479	1440.18935355072	360.014194825024	642.889350477415	0	321.385943446406	1302.42411008049	0	152.130491913748	412.741403117039	1851.75695734939	0	0	786.876222696517	0	276.133634751342	377.158247019305	1405.57812396608	554.639580045478	256.946463518457	0	0	213.837829736822	540.246899429407	791.206812900636	107.907628525096	0	92.7136855689812	0	0	0	0	585.39770234993	692.273269383286	215.06935784947	0	0	0	862.309185783362	0	0	0	541.00523614899	1786.79003349119	226.034432122584	692.890455361851	1280.51062738357	317.443314996128
MEGAHIT-MetaBAT2-S941.34	294.015425810378	0	0	327.350045603232	166.657623609002	368.672867136995	245.512202680722	383.674368860258	577.727031325801	400.689468999425	0	317.412110275275	453.300840571126	0	297.354126828245	0	0	280.473157255342	0	245.23853110292	166.214297185249	232.633970545238	0	0	0	260.307268474496	0	280.254967791037	117.656719232996	227.391503675272	323.737770571799	608.252904808771	276.149041905434	267.386190428008	262.701587252241	202.652037501934	696.94176715765	531.699473749075	0	619.560559333912	130.540675393652	288.125736374269	217.38278368554	204.197575440893	170.415454917305	149.354523417899	181.379812456664	295.661190426848	368.533440411211	0	148.438573228929	132.488965101572	0	0	675.752816622412	253.000227528723	283.469681394274	396.724604492104	231.713629595005	331.767870266448
MEGAHIT-MetaBAT2-S941.86	647.114535079363	593.423660663943	546.028005644682	300.427849243161	1050.07140830747	360.035371765501	1645.97621082781	273.863269275706	1104.8074045735	361.057605248313	819.943861244121	538.000611651745	490.777538099908	405.981470556246	585.847313045219	316.33198228623	834.959233236113	427.905368579186	508.281751980162	221.208974876511	357.195418674916	625.984044643621	318.953981024173	404.031038807057	316.059008604167	0	374.458036016059	327.649676635624	872.842132450383	1244.65227364302	821.433884434991	157.249978322198	217.223983588258	0	371.472711134635	1401.46438252538	106.029579324535	692.596563725282	0	127.48865196015	280.620912184734	242.762269373347	0	0	322.883596340489	442.737608719852	577.837702712635	612.56033806181	427.063405277133	353.086823790545	581.856601841156	350.355594760388	340.914507025972	307.728729065876	571.361815011309	807.192903207332	519.574654572457	1110.24103023397	1162.18710267322	437.457778597516
MEGAHIT-MetaBAT2-S942.110	138.481021739486	455.80030735232	263.609046715873	700.815412563438	313.826449132627	376.071698600726	341.181223741625	235.227431090991	440.853220916359	819.01927460729	303.778502061226	329.042232019385	1260.93116572766	661.762332434943	481.154131189036	280.375197248422	150.497961925529	408.281273404943	312.942195527067	352.498829900719	262.194927407953	551.574420510081	390.185893925659	233.062867124614	254.522805685004	386.627809161542	463.011454649967	476.458618149403	287.130098015704	548.944742307089	579.870141822792	655.567391079453	301.90634721671	497.236751788564	424.426789122622	292.278227684308	627.406301401535	571.434456430503	394.433745817701	585.92744911558	275.18582584245	348.605055605273	360.208819008356	0	486.032061791944	219.660390754704	398.531623960311	429.435323961904	428.842435172316	194.508280405263	170.16060411256	297.065986256953	172.214683546819	134.897235470229	560.521579768548	366.848126769575	166.245788163645	282.326333506978	311.494166356644	426.653185252893
MEGAHIT-MetaBAT2-S942.153	335.316596267788	309.937236033339	228.101400162673	699.682339981741	414.809308839856	427.357527850164	747.534925838867	302.190333914061	626.427065974432	2913.79422749804	962.557336368255	821.315124409087	930.566432479973	935.496815368563	761.373256993138	336.493925405667	501.047813095699	462.818486905504	354.889357358818	886.98565839635	797.432540875001	861.691495552187	870.344420130013	420.865550313198	354.450813870266	274.201060242578	963.985242668077	390.533037880998	564.252311438179	662.613948668423	1017.3460605908	597.507161634463	461.203152080609	1312.3045368713	318.648744824677	209.744979176101	2202.46771324968	1332.23193896803	394.226281356728	777.672426150404	742.790557301794	382.979144589926	376.687960238694	0	1043.26038258383	621.488477624381	1540.53033818681	1122.88494533452	848.52446926478	614.007074855876	913.335138760187	1287.10637504777	797.850226982907	468.387203938082	880.235193795076	717.720757233384	1010.17336343957	899.049988716346	963.527318178457	881.951892709334
MEGAHIT-MetaBAT2-S942.30	412.281698623569	465.203012166551	860.866242028962	818.988104092405	894.723394726498	1187.4256215388	762.373194072252	803.204920435407	1603.66972693641	1798.55885310422	1022.65743958944	518.681921075334	1285.30325009411	765.742679941092	2068.69110256581	906.354927086001	1163.49026354682	1030.56251715423	902.793585544481	944.01431443709	591.855077483362	423.484601832868	1361.98238023385	1250.93666570159	625.166119089643	610.727983231878	782.499561524732	350.185892434532	964.975988626349	629.237605287426	1271.12831735702	766.696498562692	714.252238306797	777.296211182046	649.257897040859	347.720593911054	1426.59540563223	692.487778101663	1090.75744266987	728.095065930164	845.879197878053	901.788884983302	1275.23224977486	469.566624970938	1129.73325686255	700.746065664322	887.423838224723	1449.63935769109	1058.73348019542	1164.79942454015	1128.14759424053	1966.10802578803	935.072807375377	963.9017205463	774.212684303264	575.287304180689	1316.95298532551	1244.2072566076	687.785289650069	1694.70030961616
MEGAHIT-MetaBAT2-S942.31	747.084674700182	745.540568378442	749.217231465623	1197.40044966241	947.930455640144	1214.1521628338	2090.86290787547	978.328672038426	1823.90152028238	2303.4386564615	2434.27933352706	618.037714496993	1336.45802961375	835.357376165343	1359.63465151811	916.850573479204	1041.03804131662	741.681899847989	992.438321542903	829.361396705174	559.987444553169	759.678711913909	1203.40055424817	961.34594150656	798.20835117904	680.246940469812	1031.7274899879	383.44508567226	1106.05008601682	731.002747548597	1145.45755393277	1179.13239328654	804.468281456328	757.843610401139	811.67453636576	244.043491170951	1153.10598128557	1190.63302587635	920.180668420116	849.673636110598	366.327375770873	982.789991346065	1079.87347869088	321.457440905149	1306.35525159234	783.225180597446	1130.96825312284	2908.37841315994	1019.9805463081	1119.15525688738	1079.4578755545	1943.45544818872	994.671631662829	747.99489390564	783.375451213721	1280.02896494118	1605.38353919431	1282.53354854307	1092.07067078978	1620.38228740192
MEGAHIT-MetaBAT2-S942.43	923.121262353968	990.769357432472	1122.59675626093	1107.22563592624	1337.55827097005	1056.83464790584	1287.25988818884	892.65656937388	1307.15052041279	1332.84079596177	998.652467679515	1104.47697800417	967.275491323934	762.997743262757	1269.49145037163	1291.52822243999	1467.04920170163	828.108803420556	952.75424424205	1309.80009354336	970.391591560135	1095.68403665422	822.384084956379	1016.54430078053	1025.95255322544	830.084284901122	692.981141620661	714.40508525438	1142.41467829424	786.128764941006	1112.59826823163	1198.3954850035	892.418119487815	705.573615164217	716.174001796885	730.386553567162	948.137461351159	861.050921747537	894.987878150726	680.229481460347	430.06462047834	1120.69804967799	1425.09013488486	0	774.981179848328	1000.18510694644	1235.02379749939	1303.38876730677	1201.9769144264	1223.43481021802	1155.37953566835	1014.20952358682	1483.69715603772	1256.54905172508	767.081546865011	733.866767448749	1049.80536040584	913.257229181568	966.697679819361	1272.95172203292
MEGAHIT-MetaBAT2-S943.132	266.12668064838	519.626550750495	487.82207809635	810.038468592333	667.156996578289	840.899149123171	690.70868757217	443.895707911907	1372.87925662395	1400.60598306482	1636.03180947934	483.21524912556	1277.5216265393	708.947352478771	1125.58815744607	654.940338834155	697.195030349064	564.537484480015	480.184766386691	454.242852488918	440.975971160765	328.623025526799	719.381423271502	671.390941286079	359.365344430708	707.481498925778	931.062688623025	301.805238997015	516.387615835369	409.169105238382	884.083482859598	690.779299998264	597.407924854526	656.684965361283	484.653580930036	421.860323361468	758.532209827741	500.062870954792	731.376923575462	547.969765774259	408.979029678452	591.690757140575	905.418689474525	225.193596149795	1087.44719234321	724.038996845686	1234.99830477614	1374.49344423046	842.144048797105	861.617567124985	1148.94936106362	939.5103862214	840.363077518673	490.537292207475	605.891916206437	771.781256242953	1007.12556305092	927.177913376792	795.607120540108	1263.46917373231
MEGAHIT-MetaBAT2-S944.121	718.866157484582	505.552736271633	465.679399048101	504.369906655786	739.903136434527	327.833567523554	475.667669154073	495.468365359488	545.383247784918	696.16121818777	673.920975145829	1456.9815606758	554.249674923914	234.925966957169	470.501683267051	455.263153577292	362.454910749027	481.215223439683	737.25736809526	726.312397478183	1125.38326934065	374.200866637685	823.245647340868	512.904049697376	462.732442147148	162.883621700496	287.60689753054	566.990378138508	882.70004150754	392.302001216449	492.95086817537	225.41789243395	232.28952567928	345.695366555906	184.537690375438	707.294467377661	193.341804793476	905.838151997038	489.843543480221	0	0	378.398721111356	358.872078394628	412.163664892968	689.171419155067	620.947375415544	497.799654019454	476.799333602253	482.715937966486	613.928958234716	623.257815681706	417.432099084126	1057.0793377697	567.567722966746	781.902341709166	409.264726344139	711.976241558231	632.235430277357	560.295022694107	559.927789494233
MEGAHIT-MetaBAT2-S944.127	172.77551789685	196.297379898324	274.383921738068	539.97486719187	355.231947363543	279.35901412405	347.742015052245	285.815830274365	620.289715056649	592.157448962301	589.611812123429	343.97972248778	590.264517568118	591.330836081736	572.884353280305	470.623174861506	311.319582266574	427.118990996418	226.298796137819	348.447367942056	213.455785228899	499.038396519705	558.526214561479	432.491493846773	212.184094819074	302.616481582825	332.186144607231	164.529193497691	480.85806058637	352.73017279124	510.763234599791	516.401528040298	328.032846214086	373.458239867453	407.023497773014	264.40586370822	652.733852996762	506.47657043336	434.216270449078	417.288135974323	0	375.365831981041	484.310501648895	0	435.957771096629	264.279839031202	456.412557769063	601.282439382121	358.898002063343	495.827288517149	424.566588849049	562.310422347297	413.702449014606	400.156941415007	351.416220053713	270.754682591103	465.693977534122	508.394087610356	369.203395365737	562.008208023115
MEGAHIT-MetaBAT2-S944.143	0	0	0	0	0	0	0	0	0	0	0	0	0	0	0	0	0	0	0	0	0	0	0	0	0	0	0	0	0	0	0	0	0	0	0	0	243.329165442518	0	0	221.119428819501	0	0	0	0	256.01861546924	0	274.406183560608	0	0	0	199.838356215891	0	0	0	0	0	0	0	259.223906111768	0
MEGAHIT-MetaBAT2-S944.7	219.62107719566	283.62302611721	221.812161084613	0	133.644117004231	0	227.594448841887	276.806192318269	282.263953220112	264.44298203196	271.236824526162	104.058880058864	225.95467328122	0	365.434511418016	229.487582482534	296.765117353697	304.490114609483	0	376.051877773895	184.823880218258	181.435993699554	300.992416498815	286.779383722654	183.230837894254	264.532920477234	296.574100116948	198.922626608215	159.947065113206	0	0	296.028707547346	282.290915675571	346.937329320341	235.256544595075	315.14762520769	178.755988363069	85.6435862809544	424.563297350016	0	0	259.175968368262	282.381907180065	0	0	256.598793245939	195.029457516955	206.68896533212	84.2848842670039	0	258.786985136167	414.668775075346	309.728511175307	179.344111955073	116.469596202065	77.554147636616	290.293674455745	223.659693869257	181.393200343753	0
MEGAHIT-MetaBAT2-S944.84	1308.94257373717	1211.9721299022	1293.55691487062	1200.80074149417	1298.00415363145	589.789206666636	1138.74797856444	1754.48203665018	1126.5743822278	1074.68596055044	1041.01121848146	1692.88585263274	993.080595900709	710.977390067294	844.314706181953	1144.0097550159	1295.03960382158	1564.72665707304	1308.18460417642	1185.13617912314	1644.11233433363	1001.91008631846	1171.50567067749	994.335447650715	1305.84164894279	923.141927855767	1302.88255592127	1605.81846854951	1336.2845244002	1804.16117948234	1122.62635350197	982.673211291566	794.603722798053	968.984213871049	1156.04796719148	1456.95276186978	955.22042590673	958.994041202879	741.758513444547	977.762911550664	595.798102875825	736.060621665018	636.340797623448	411.566853917682	1024.20130594891	1335.48318768713	1056.68002817519	805.459628418564	820.134590783539	1085.61531206399	1417.55542258998	956.213389411532	1164.66447418964	1115.34393414059	1673.37415997101	1208.45309600434	1153.715072968	1053.22154272057	1001.45853519255	1215.11303950466
MEGAHIT-MetaBAT2-S944.97	168.89897757963	239.263536392041	284.894188203254	197.473071549026	291.383851433173	0	269.319429924957	362.43492442539	0	195.753958160144	327.65620599831	395.040047389924	304.95808516291	0	432.417435712768	359.765417367787	411.532923645797	404.146972169712	352.135282330978	442.113053619027	222.211580703166	370.216986670776	469.984579677056	375.182772934209	325.532833080234	344.96004323519	356.019377966543	449.931323571485	224.125304903577	313.718639932234	220.045016430347	422.190486436655	359.14565583865	409.399706173735	314.681710248837	340.499201909401	556.075264909768	391.537429196757	377.25977325054	334.628084856873	0	321.581483124455	345.587699454172	0	90.1825704227641	0	159.298350795861	218.995423121171	222.319938490434	343.201930123573	169.701501676823	290.397791830619	368.324531817223	366.13975306949	327.28252411953	0	0	145.734162766221	325.132470851643	282.740431028458
MEGAHIT-MetaBAT2-S945.103	958.987356479875	679.491188662361	805.109868764507	853.470514822161	805.479138172534	646.142884094847	1024.00308691583	818.517982255212	1058.63277109247	1155.34325835797	800.399760352278	826.1891423776	1561.78805819329	1081.7083659344	819.725609124045	883.218180777043	530.563993564496	1191.73392867296	844.096013325669	561.970450866908	977.082367670256	2172.5416945975	872.283078220653	569.312000210555	352.028942400204	542.980803224386	665.510817394843	636.906182872191	1014.02394733801	1129.48201056191	1243.44848550551	698.142809593261	352.882532679659	595.272544321399	1211.29233546638	787.249286383942	758.709697495904	894.739038947688	430.180618486863	1164.25996949877	769.254222345466	350.558156115369	458.657587849228	489.435195687299	1288.98471618034	872.85895927572	907.508306578962	829.86451504611	845.981423823637	520.721030094874	817.780439928805	657.396736732386	605.81695657801	496.952689662232	1156.48555354903	912.593781424626	831.367495617798	1347.35360555499	903.578560553871	976.196371327361
MEGAHIT-MetaBAT2-S945.11	300.432773151821	455.540403266516	405.666440024484	856.509274465705	462.37463350516	510.685039627922	649.441442599003	744.247644035409	770.808855225368	708.54296760996	1003.91378555433	624.62148800091	1120.55194690704	588.981402098367	999.678074272843	723.392950065576	514.487355717663	729.765668357051	235.198260161825	653.476008178615	546.282656710009	764.18950424284	537.927952621152	636.803476368663	196.71109748868	696.779933991789	748.371948769134	384.708362141495	737.480911348729	640.783956246271	769.148865004123	825.212255554586	682.519822321463	771.90906094911	657.143130483427	380.815763109603	867.025192153724	778.82717383867	931.330202121733	858.678338862276	349.743034786881	539.841073610526	706.811171013755	311.017475593722	632.132154443594	377.133986517504	534.340093832589	962.418107745195	545.741138179822	598.680847179585	376.835307964198	718.127754310596	736.513844057479	763.139154758004	793.946890879514	477.134972194266	740.544579733278	513.357236052747	735.389104568455	772.758811849074
MEGAHIT-MetaBAT2-S945.128	600.485165010904	692.620799022481	470.358150860767	813.003762808378	214.805928860369	334.375054098166	910.512274080296	689.7527418667	970.573865678283	903.847425798	955.625381404492	1008.76495450562	1456.86483943196	807.855956976269	1227.58594756621	565.386799034643	540.650998415435	1113.10702630959	714.176973869197	639.596176409443	517.265526485445	1582.56483310984	1390.45189798291	517.418461546201	336.149735554187	925.478255222015	652.024853720257	354.826336121657	920.416541505685	1505.08974291306	1125.09182249602	1200.44205212636	465.97427638661	866.20864522383	600.872668324535	745.491818800384	966.0000306335	1082.24464124491	482.247695136607	1826.48946580498	467.093782591567	381.98768113981	361.758604790275	275.488859773641	1052.6094457747	590.835123703137	763.433249389569	894.692699221645	917.063363988988	478.56923471289	563.330093487939	795.633116210319	545.198787184526	343.877720782943	1107.48309196385	433.711292174109	742.595660325747	717.114875129457	760.224453313279	650.75966651038
MEGAHIT-MetaBAT2-S945.135	404.395062960924	373.529840665609	399.115480405716	1097.47612235844	466.121229259677	635.889476759943	580.286553014133	390.137237649606	1848.56754149977	805.437184154826	580.034506411757	759.046240433536	2584.21710918093	630.077797309724	1850.96905837985	406.564441031202	320.809525251885	1569.67810049075	948.094360567061	1486.66046970441	406.983443003599	1849.13912610362	1399.6191260143	243.026989386271	764.428623475527	1170.92946339019	2289.67889140129	356.115087092083	501.062640221353	2180.01336170051	2928.15958683513	2696.64499276702	939.633224028849	2233.27710556132	849.238218309392	456.75745037432	973.296090272068	1950.14030599407	380.120787236856	1450.48282943497	869.751210586024	462.110923350986	458.662681484749	1041.12255943991	1219.14086027258	564.450151867839	1082.63838484663	1259.19178259356	1968.16053531153	494.541519934015	376.791421303824	2181.61903869028	458.07631174082	335.376436615175	2254.633148597	1711.34436766965	1140.23826256086	453.816843567265	1094.40624185352	1567.14536888751
MEGAHIT-MetaBAT2-S945.140	414.956333055247	628.717203727063	648.993664309948	457.448716167895	858.288937046873	683.187956860093	751.237251184994	537.553514928958	731.270319690253	618.324429205545	636.661039841273	544.575930201578	824.473164179357	394.359564295543	709.45070256693	690.157249738875	691.791239920713	618.966118929186	452.60965592096	620.898388920443	470.067117863702	461.504382667847	662.264160774282	660.549161415596	627.398404183044	462.313733454822	612.631498923353	401.577839052748	565.342566689401	522.84917094205	617.895465404581	500.50862284776	406.226778322012	465.474937288932	515.435841901565	357.092494905298	532.344174895496	518.006737334079	613.874582461255	347.481419439828	0	524.669085063253	533.722032909022	313.481124471399	605.57930431136	506.315033275042	558.083199393246	598.36291462495	714.4288703988	721.856066842402	780.905872791933	591.429799109603	722.929182194586	561.979379449753	581.346121698409	433.352364377924	751.805741430451	738.374018344975	577.180828754723	778.958985975792
MEGAHIT-MetaBAT2-S945.141	3696.0948919575	3991.09874315161	3968.28213377894	2755.34474073071	3644.5984226957	3144.51325496632	3200.26401172611	3345.03774517642	2968.60920643785	2482.98453646394	2588.84965458404	3470.9879900196	2448.73792000163	1860.91840466235	2636.31390717812	2754.20995113642	3398.53468765282	3039.49745165426	3250.08105224589	3604.17259643748	3155.43007045524	2943.47913510599	3530.40623440126	2827.64165238055	3231.61577693585	2715.27001960956	2925.76074575961	3761.77342828773	3730.84467313802	3464.25452261392	3461.15479136354	2700.56359790571	2644.10087814035	2578.96829827842	2752.50999099657	3273.81919727487	2621.27445935872	2908.48611419798	3146.55679161634	2258.97578615681	1807.27030016457	2843.06533408821	2382.49788624681	1285.17157286474	2749.5831551166	3148.92261963414	2793.93868361052	2764.7197074112	3505.2983738043	3454.9627726508	3244.35912121304	2836.61919518142	3482.36045418391	3018.23472378673	3605.18236100048	3699.38457700538	3447.92572833443	3400.71992144912	3290.60658579598	3101.12339286146
MEGAHIT-MetaBAT2-S945.152	775.819883117343	454.362400889785	635.319722914525	1192.29713149605	767.535222637911	778.410487824055	961.833887441857	893.445820987713	1011.22075583107	1087.05964319137	1000.04207607734	1153.02912291464	1205.23326264413	648.821457100607	962.991023378063	622.017013632551	898.255243799102	775.041556771557	606.44475511814	944.812426768493	848.368324302246	794.362037820032	792.303982696208	661.910070810736	506.177630104964	618.890216418289	658.416561265465	475.484992670945	1063.34292920349	791.872090622507	1216.48530246039	931.915041554263	590.230406611348	769.177325689864	447.580351919427	355.139057174466	794.217093433911	986.134856354312	980.856112762073	581.814936398014	564.172480254716	465.474515561012	357.916829388352	386.398196319165	1037.67601784973	822.744830163221	920.990503516775	973.49317822932	1002.76238731447	917.681132003343	729.254849287158	883.562059807457	1245.66771634587	656.857808000865	1198.95141118628	689.702778095881	1155.41684612532	864.350352065823	956.356716698631	1109.2819326157
MEGAHIT-MetaBAT2-S945.168	394.433458726622	418.173301463725	326.15400862701	853.611942309263	395.828311981281	441.822811015446	526.010482177428	307.231814076595	909.256789755684	1167.1230642298	793.794216369284	455.3304156476	1514.85981001541	1248.74005897264	1306.24725258175	461.296435405191	364.668657909938	196.802339598338	567.951235773748	304.781891543273	359.416046523358	784.905234224166	1346.56176073314	620.68097840867	305.691946588407	1036.00110239902	972.353700002428	165.07443791258	1329.7216084412	1250.40646598247	1500.77715142476	1300.23469291112	414.981259121892	556.311865260479	361.074348752225	353.622335335553	1658.01077878822	1030.54701758122	426.300446965111	887.14338649484	889.094562799194	313.132814779862	507.901425234182	375.437813416595	753.361621280438	638.435930996494	1556.98417235497	1436.71954456773	670.505190983119	406.374497212116	475.64722119463	1297.10141636897	476.931059526825	328.564380783355	816.945285874132	985.228802967472	262.973409947844	992.892807072327	738.935381572335	593.215690428179
MEGAHIT-MetaBAT2-S945.32	377.888588269264	289.871867884631	325.566368149847	422.864267902391	377.1167501681	324.118555906677	382.726212736628	351.187508290176	616.268244462612	456.2700335354	347.342191855072	384.291064764557	599.056390398732	392.439174659257	477.816937017432	412.503818194408	336.653040540681	378.760456163577	225.277122782773	470.667658372709	354.173116199847	313.851064635346	520.915366122221	402.109685030028	404.593868621113	414.309313628727	448.16833427472	319.16127827486	470.869832098364	296.182784057028	452.759910717052	693.902994228299	524.679302568459	370.805183511312	417.546483937944	331.520779377277	501.004038456121	388.927484197238	659.809914966411	276.58175717824	280.402106692918	493.414866660711	526.938719624559	205.686226156847	631.027042368052	339.996791170177	418.08532786822	482.322350507201	462.247620704788	385.998212790705	430.31417513802	317.207230257283	406.120805076379	366.367112372304	295.655964859083	383.1796620825	445.380849430698	397.30244293636	398.652998055367	415.446646584482
MEGAHIT-MetaBAT2-S945.70	343.361846510033	350.15974933711	350.542950475317	513.073347038639	337.072572493668	262.152529674196	326.8836654074	298.808730189489	624.027318698855	561.675128608721	410.236009692168	435.383019296965	684.655197785145	476.638881384081	468.244382792909	389.122395779213	362.133427800581	330.532462350326	330.075381483676	293.022358426959	204.065605626191	421.580494652344	628.163001634934	457.177332049234	171.404289405228	262.289965400866	227.547454932434	279.452121352166	426.655303651301	208.90071529854	616.747291402141	360.43730926737	398.709155657693	318.373706918936	369.783017922512	278.735726013493	379.493387746164	381.613416374211	304.800889026761	264.739706305215	0	239.343454029219	223.259962081965	0	481.605265870425	381.765340001306	553.993054982967	263.729844292467	400.662009748727	153.481851840082	390.019169484521	363.788813205561	147.36313122257	343.82533864079	666.68331412491	568.88489665128	350.044457974656	499.517554075924	438.278497036457	457.140557862702
MEGAHIT-MetaBAT2-S945.92	2263.71630440996	2365.84785852502	2034.54180641511	1863.25788114396	3126.46586524767	1831.02616469784	1705.7257636368	2042.12931922291	2733.32007246989	3204.00004387393	3997.97925806589	3181.28230271332	3362.63065031701	1676.08524385995	1903.71976512544	2177.67595166227	2968.00692569273	2313.21917260767	1808.61153030479	3325.63782811079	1945.52056105536	2466.62533084733	2263.53103932307	1716.85646492321	2035.59723962849	3240.16633370872	2461.63485288687	2079.37961095142	2956.75482753553	2567.60448032751	3493.69932891403	1633.2966088224	1606.79819903835	1670.54607552577	2600.12388933644	1524.4220129668	2466.11414549125	2944.24614816697	3386.62374887808	2934.23116516525	2035.03767687215	2651.8939152921	2370.9247712679	1477.61968278366	2299.20372794591	1977.83693641905	2561.17075560786	3144.80763107095	3225.32355700731	2353.47458158281	2431.92179614688	1830.15837049444	3421.22292698474	3681.93363673327	3143.16784079902	1969.59342443363	4282.92073718541	2741.09006950015	4368.09578658913	4477.66847731966
MEGAHIT-MetaBAT2-S945.93	623.810476164914	513.654847943561	443.424603840821	2258.85765767243	686.375337259623	447.331528943689	766.482249278103	778.869489861386	1100.00183641831	1112.8416869248	923.412448033664	840.029140857881	1770.49150767802	655.629662233471	2077.39056628208	563.079554030791	582.929882975004	741.893653079898	499.511280479835	588.261634487642	461.628202310664	1232.39303778142	826.152890977719	548.049933173355	328.751688260992	459.934354984654	813.595144123474	378.475182360283	633.104847765391	704.464095697072	1085.45900941281	1122.29757394104	514.785817706763	707.545622858071	763.466244465849	517.043380124093	1395.83079736236	1603.49567725289	840.755059485301	864.511636573964	533.734103530854	437.234595168808	614.257877729142	289.087797569476	782.403054157122	565.066203524323	1446.93643250483	1187.03369345245	735.988913316379	459.215514906328	675.349581501667	546.331696405547	537.87009310865	371.171272830981	915.472491573278	807.38522014933	900.512851580854	552.366309769103	1186.16540127367	1103.55813073933
MEGAHIT-MetaBAT2-S946.102	500.893583723453	550.449480365246	478.815890391236	160.484656449553	420.671503037371	196.377522908944	450.116367646268	651.811291912056	326.422017360591	392.272306652673	654.182912139996	821.897544149725	442.087978573702	319.215920312937	595.204293955823	412.9474619422	438.970433469471	489.159862392626	415.353279595318	562.162143774004	496.191547093061	397.227224591058	646.004116083625	551.750583851982	570.693236499757	504.585247989019	418.546979076685	404.316987536359	624.48330134479	570.730031551311	685.83228365165	566.767573685283	427.143728629108	467.391911909079	507.175958102922	447.640506392051	451.231239478501	577.43603488455	477.550819984505	581.315710866874	521.89627927329	409.277907501313	446.742715421182	429.306829718645	278.273074953616	419.206795924294	535.546944861572	573.14912592388	590.034081781003	575.58680078348	369.162446133389	474.718959443041	584.471827840314	528.173295870561	506.038126340593	366.466856506167	533.160691068445	479.445360676152	408.525962009051	655.638221463028
MEGAHIT-MetaBAT2-S946.13	1155.23503113813	1265.75788742313	890.281994943558	1114.26142592393	1056.94601714796	754.511850538903	790.498127838336	801.273621340851	1203.68658699709	910.691921653381	845.864189540624	789.19082814179	982.82867277595	470.937727294325	1046.328129952	766.197213397166	907.66410406734	645.099503429834	516.37462817327	963.78952568564	908.553920387837	450.645451172889	1618.39952511717	604.783766306411	629.85866082615	629.050938492699	942.953619000459	888.230982146997	1022.09595287938	247.125553333082	826.702365367683	1050.67068294876	1184.85261447961	553.867450113184	392.493822023421	496.168151862279	941.419108411464	883.674410547341	1076.54237597572	285.327379355957	458.810515779732	1013.27632114459	937.484566840188	370.085150178213	1036.8060478343	635.334265829251	884.93178778314	1052.52463208253	687.102340254471	1109.91246899715	884.599072828531	686.043816227763	1006.79746657696	905.816730314397	582.735460936458	758.238233616526	960.917630224487	868.041239331204	934.264900668124	1111.32359345026
MEGAHIT-MetaBAT2-S946.155	0	0	0	257.563298438449	54.67429884373	86.2186070330385	416.364797677535	0	458.271710822797	735.215983715748	294.45032486517	0	340.695405957954	852.762723921859	561.943639194775	0	0	0	0	0	0	238.589456219479	0	0	0	0	0	0	47.2416327753848	285.88332928652	0	0	0	0	0	0	334.622730679855	0	0	0	0	0	214.420485390936	0	330.965530843888	0	567.297834212979	450.126612294154	150.7627242825	0	0	272.920197411433	0	0	220.974696753813	0	281.411142774773	0	0	991.738895253922
MEGAHIT-MetaBAT2-S946.20	526.936507803388	835.68104255157	636.484199154544	1764.82460626482	747.741698761943	690.978108498944	639.42118795487	686.079793713205	1520.21350321605	1259.98175735174	1371.86156286384	602.616899281818	882.291668005001	2618.0412017366	1608.39225651824	792.759333035567	742.307495046315	597.779963752678	753.837525518812	526.215840915311	548.128722461345	1053.84595271802	1426.28520039334	702.796430579461	899.269539251474	610.269653681194	803.475521227341	683.838490658597	926.204399050253	765.439983009687	829.879459978995	1081.84125248907	1164.85271723651	638.972902005211	557.939561981395	546.864243488326	2361.04799224966	2016.41056551287	889.865588379098	1219.44705898527	380.274675704005	627.281933556432	739.796413820203	363.150030168113	898.073828778047	1314.21697258584	1044.9684163244	814.574189955849	589.046982568313	722.099768007164	607.577671687651	1168.08645585635	624.12924688971	510.473113177082	1225.77712679122	599.459781639655	842.918350175523	505.152689478366	826.714621257426	876.599904211114
MEGAHIT-MetaBAT2-S946.206	0	0	0	0	158.790290558683	0	0	0	0	0	221.545773008918	173.405623809504	0	108.51102106905	0	161.863995830927	0	247.217887001329	178.243713656777	85.0189650286763	0	173.814293053116	202.510959321636	0	0	0	184.347888119623	0	0	175.509780617118	0	0	0	0	0	164.761287381697	0	0	146.341713921726	0	0	0	202.143493071893	0	275.9304711011	0	0	179.067800077631	230.485121898416	279.970744536689	283.32341721832	296.81827829164	0	0	0	0	244.629153112113	0	0	0
MEGAHIT-MetaBAT2-S946.235	449.022958812305	536.093406487162	433.515326216731	560.076986559233	452.530005773026	345.991370912428	830.73883125198	504.051212148581	732.506844676586	624.399899290525	573.106196771884	624.716644733297	853.119074181253	401.040216257711	691.801481092346	680.078254766231	563.77351881176	683.353078393154	374.114571937275	633.884735857032	561.042526964244	711.955364957503	634.301461099559	776.184766241365	436.410723552972	484.198152530261	692.123154706754	485.007549177722	861.540035320024	675.844978631966	753.432684422967	668.689428681684	451.090917024591	660.311514055629	456.096880234736	405.454075434319	811.326729183929	563.738702936162	721.738819365977	784.046955493648	337.471108656675	398.74327483289	535.206332036903	508.676701000136	823.810062498008	458.70599699675	611.381459649796	723.809660139727	489.360740987776	438.506219646243	538.609429616854	557.40976945824	559.896315472253	599.8631525425	895.338159155021	589.299619096987	613.086539740886	573.070971420246	479.0621051431	593.138288725762
MEGAHIT-MetaBAT2-S946.39	0	0	0	0	0	0	481.876686987744	0	127.795020828199	747.910653871076	185.266990789684	359.532121318917	0	411.133269071454	0	205.435182046248	0	163.940878331564	238.221472544852	0	0	396.64808400537	307.002533206818	0	0	0	0	0	98.4837813460015	172.062375803265	0	0	0	0	0	0	0	0	0	189.299532088413	0	0	0	0	0	0	226.843707603647	0	0	146.327010600191	230.085602060341	0	0	0	123.622671550253	508.046501962846	163.06768330911	148.773944596159	240.075494878995	0
MEGAHIT-MetaBAT2-S946.44	0	0	0	310.418588531947	0	0	0	67.3170836715835	306.73332825944	157.802129718171	82.56603173172	201.131758486409	397.455249507675	371.543147924132	106.923956864836	74.2436497312458	0	0	86.322882947699	0	0	415.217964572995	264.035725421011	0	0	218.063610957679	175.850450791665	0	78.524795208336	142.606006808993	369.138790508969	266.166256473049	202.795358834922	158.043381273511	164.239440855194	149.906001573099	362.477429561936	213.265523772154	0	371.415912377889	0	0	165.747441275771	0	131.594390807656	115.092508813338	125.616301396219	122.468822682205	151.85750146622	0	0	241.51397907429	0	0	237.386757209821	112.244771710247	285.156716403753	0	328.358516978433	0
MEGAHIT-MetaBAT2-S946.49	296.078894865732	355.520429717961	161.345566371685	828.836004465349	220.500391564704	160.272994969554	136.364277064191	307.081481320737	823.449472533946	710.797513744872	375.120969169754	541.390763676014	1563.11856751065	1496.90017500788	1096.15527943802	324.082653217302	160.49214124838	267.921966435984	184.169996434483	188.241924905337	354.256111185242	1403.28791091064	384.074325574189	181.855353530061	201.071054573961	396.480139068933	330.379418261421	381.792374967477	178.039037711246	562.580351837062	412.03132084305	883.876123228858	471.706854864389	176.30124066763	400.20318149263	403.840818642582	875.394605203213	490.955666206041	295.889085907279	1427.65309493811	597.189305717354	284.58264796747	314.953573196011	406.848414431479	354.696878956069	312.001823515738	286.22096702154	496.962649703023	362.182487032026	0	315.64569116764	1095.09180508909	275.020592534751	92.4208287941058	585.237226009655	291.406036964939	221.3408873393	344.113282959396	327.80032557667	207.170900832602
MEGAHIT-MetaBAT2-S946.6	396.550972353477	244.175737972726	810.878609106001	1166.68407588316	716.759854082376	828.019001485994	949.16197100615	786.784684292549	1115.14219523632	1465.78108787868	834.098427987833	154.790259074172	1059.15843347176	649.329439904517	1130.7782764173	433.88769559666	1004.30267225994	741.02129510485	529.247237877277	837.853300874658	468.848827301761	227.101924453317	1168.50331985952	777.604775311516	371.740688668719	255.751710152138	430.766516777643	155.878578447154	880.881962591065	0	1125.00880620782	991.095961259774	481.695769522156	662.674526127548	444.393960416015	0	1136.05536695468	606.905724912557	681.591995860293	470.681618894726	232.824196732691	485.620550189649	696.236485090399	189.99938277214	1377.3732540119	808.112271362285	1137.2332046584	1205.80807588613	844.569001859995	881.223250198989	890.039519093708	1134.06314572031	862.902727453143	268.513196330965	459.191656443451	698.90934852029	805.95225481927	1064.6365062471	914.868224864213	1079.50660897644
MEGAHIT-MetaBAT2-S947.111	3115.58462974598	3307.07078164773	3347.67144748455	3746.3376288691	3974.6772488355	2444.12544485455	4506.88487431855	3650.1999561357	2891.79345516419	3398.95678748967	3551.79346821833	3597.29235208244	2275.24352159821	2809.9315330665	3010.76885704013	3164.69998934555	3252.37241545244	3731.90186568624	3181.31468824542	3288.83897402786	3275.29803646715	3958.53888133186	3329.0351789124	2948.85458568597	3122.69172628365	3422.65450790222	3683.21925501503	3026.74948310559	3509.92990357982	4141.29133423073	3031.28179414364	2137.17408289455	3023.47742538102	2736.78697030876	3457.24823484175	2780.57742004266	2931.30885460445	4575.26806500774	3764.07473803822	2489.07323987447	1774.52688759725	2928.43608507034	3278.85530156342	2205.14220653767	3574.59559295518	3265.93174371602	4188.6217195253	4378.43822414619	3491.71327221932	3238.02557150833	3799.97020254719	2923.56428424234	3446.37408436312	3851.91816243152	3849.35899958012	3103.89054909896	4132.65426063915	3796.89050433075	3739.80720170616	3753.178879543
MEGAHIT-MetaBAT2-S947.28	226.648257026561	132.986124198133	250.505836882239	1330.4991751275	0	409.555915007024	173.771326654559	370.513918587968	295.277599355221	519.575137955033	248.603944994807	301.622706000036	1891.57066879806	385.441745049231	1004.14120621676	155.428012350708	199.387412378409	0	110.900151274081	70.1726208935452	196.965609659978	535.37078711837	297.322960818242	0	186.325434386005	218.724953974388	86.7527178706296	265.595020380023	214.20771626448	229.968303601728	279.025306346032	168.318137193652	181.166504675457	929.694224072721	388.773243600673	270.80359463031	825.411059658168	396.239201455235	0	193.00992479194	0	176.830606552111	149.860920872714	0	395.830466638305	315.461919508722	0	290.443390560726	193.836150362813	116.883036784263	213.660974470601	290.875550681437	145.099780566756	0	208.252969954299	328.584828942053	0	271.620624417411	205.97528914277	77.0105133790203
MEGAHIT-MetaBAT2-S947.47	168.6605533562	0	0	0	0	0	0	0	0	0	0	147.388947778347	0	0	90.6418395896225	0	0	0	0	0	0	0	135.847574191715	0	0	166.067570662596	0	0	174.653687234305	0	0	0	181.062957461124	0	0	0	0	0	0	0	0	268.601500967276	0	0	173.372728844651	0	0	0	0	121.623733807391	0	0	0	0	0	0	0	0	0	137.448144951832
MEGAHIT-MetaBAT2-S947.49	305.839756056589	413.759554158689	629.976957202231	1177.9738522474	0	0	676.149761936122	0	1348.86357993334	1254.66065370337	330.436097805966	176.818859345149	932.050775237081	1567.14783583082	1492.96772418944	736.683642206023	322.456446801354	292.342999036923	955.258737234267	258.702069866956	746.917825787735	1381.31686058263	542.823668146925	0	140.075808616356	257.127455249212	449.975497934706	0	486.259189358862	747.493356604375	695.643112934286	1168.41490055706	589.379269117624	186.592019130573	410.18107892418	614.246913291044	806.011383300148	724.631388925658	202.754580865126	471.663966592725	236.852491760778	0	0	150.089337220327	1301.49134145667	623.396761946528	556.437768888221	600.516537056634	158.52720102544	180.478741247617	542.237654535766	387.674873681124	214.225398485371	406.947814971956	252.688347994537	1149.6518166993	213.599081741936	777.561362415561	292.373878963956	138.229421197475
MEGAHIT-MetaBAT2-S947.59	195.447869600476	123.548533689886	324.031158448428	0	0	0	293.605118586466	277.874447081182	259.999252039634	195.063484847447	456.304045726674	327.997104392015	516.316447853916	0	609.086120488458	256.055474078616	218.087994239949	529.677417983864	217.573554577806	167.698300095416	410.6141378287	292.379553908321	283.979496550488	112.146243057247	156.521281319596	142.027718350993	334.639248369652	334.324312091518	329.771513336811	524.197346315784	395.129498388936	265.608290533959	193.317395384334	146.437950734855	395.63822747946	334.562430662845	0	428.496552424013	148.173190861629	413.443826074806	0	0	182.040034389478	0	542.724259032346	0	221.573087594962	248.849864016484	335.406604078702	0	224.21215154779	128.96665114784	294.140329478816	135.481055989286	658.250254359705	390.497622380183	282.593900897937	229.159118242823	505.8983177923	0
MEGAHIT-MetaBAT2-S947.6	617.187587292406	456.019612863271	437.077959187127	1029.2928960278	421.495265633738	278.257346647475	304.196344470656	482.574613968231	1096.47971716802	938.119740583569	596.245382094359	699.65038674753	2052.96265787333	811.825574413287	2209.17583717144	362.31465554433	294.356525973036	523.589848347838	431.900567741561	490.790367016159	421.543213248352	780.146812458837	616.631674262038	469.431701072513	505.659708199687	354.877111216046	455.568785865369	327.605244074024	422.517419159156	660.421924153406	911.218496395452	815.40454976079	428.206777552892	552.797510406474	459.191183184911	270.646581802429	689.489566067662	729.023964111687	348.908762881018	1523.97243845091	0	424.115928012355	209.017780236543	367.482315270616	722.110204541439	582.079266887508	694.783033533124	1117.84491715537	770.897238448105	558.333548947909	521.096707691161	1834.7154282505	526.448244856317	424.668787110753	1086.79109758002	638.96732096794	399.892272115227	509.895192991007	774.540072073584	685.643914594645
MEGAHIT-MetaBAT2-S947.8	354.944450910166	523.264983503267	407.166031042479	1692.227586303	285.719522690094	1166.48366866716	1110.91795981449	694.246212535371	963.244201062372	600.970133297228	588.233333453408	1061.6091958764	1541.26510270272	883.583064470532	1025.33563149	713.000667942644	531.164849515247	1550.40282766399	477.599353937639	1245.5628689607	774.963980619066	2125.67653479443	709.729410239348	566.670302941811	382.492016594363	486.244903691555	1009.07276701145	500.314033606246	966.924964645529	1687.51352035825	1028.73715653768	1241.16500355217	1010.85248319659	1494.19765503701	802.954585782003	413.541728019171	1549.37352370427	2173.7538680189	1262.47823526135	1265.341653705	785.817130335263	477.515064717807	454.634993405927	0	1626.29485309835	895.859420243483	1231.00262240043	983.723149442119	1321.74417829646	1463.70086667907	616.901864964635	771.056180911878	1332.64453653642	539.725855794777	954.316274885807	539.815870846352	1236.06520654642	712.024453406734	1710.61991852633	1132.6405173544
MEGAHIT-MetaBAT2-S947.97	0	0	196.901951420859	300.211683212636	293.479689118092	291.665976884436	427.138684110485	257.339016466872	260.768987546584	451.144852263904	165.577866467815	240.167274071055	576.251467839414	455.255232074585	1638.07378749991	227.734595458407	351.840424095228	184.475032668768	172.322979632257	0	0	0	0	151.166487083261	0	0	463.483762135457	0	175.311559183033	0	263.812414931828	0	164.502277641848	0	0	0	123.455750466206	0	0	0	0	236.33226215516	0	0	380.292145008445	205.83863264914	851.233883826284	194.076163441118	281.24446912269	184.666158074914	253.140527445384	346.16600920828	195.266688544941	227.156125214278	0	0	394.252274751411	0	317.830407403979	652.116918225567
MEGAHIT-MetaBAT2-S948.11	1195.17081785338	1204.92651082337	926.386390971159	1106.09040214763	1549.80593028597	1162.31366326181	1217.02017623254	1341.80194985732	1239.70307885291	1203.02574515243	1184.91639310765	1114.88325561859	931.392673803057	950.875745268673	1130.51477299076	1279.23599828198	1360.89356461272	1329.21145968662	1124.38463337876	995.373306811006	1282.97258948435	1323.42152735878	1494.99056310104	891.681053706242	894.527614429275	808.428857462795	1052.30948996897	976.30685422633	1236.29636649213	867.739415312093	1133.40183547332	1074.49684634487	574.463467369676	884.113657913899	1021.74548703829	907.469328547011	1061.00798414649	1064.58274719876	1398.73071002139	944.801229906617	609.500636505283	1109.89155803148	1041.08189861801	336.523497651323	1095.77740783967	1058.29105584073	1119.69333104347	1139.09671493904	1101.65551351454	1204.41495364495	1232.56160142359	1250.44314769613	1362.41158399502	1117.38631751637	1058.91979855076	1075.55531915561	1264.70785767846	1213.37851586293	1417.83379825161	1318.52104091084
MEGAHIT-MetaBAT2-S948.142	974.53835498018	1065.50980142198	1818.66424763908	1609.33789763743	585.04650843073	354.10175273741	3375.50163577322	971.370989914418	868.856388962337	3376.20447289425	1116.91763140025	997.820568728717	987.076594885085	1769.15184631736	1712.89077060896	2965.11269442957	652.312501702613	2095.89433643958	1733.9185245025	806.610633020819	2234.76642364804	3758.13807358489	888.513430359727	267.323308743091	147.624525512565	371.680101259558	482.01577499047	177.528595473679	709.246963884068	656.552264788733	1687.58050408815	1243.09423168533	785.176489770362	385.589155157077	1836.94082583302	1871.96750042216	1552.04719089361	1310.87168584711	612.47083785756	4038.67821790045	2058.48373918644	434.19967902429	635.343326131642	821.161450347899	2815.77558459425	1796.9206096025	4752.25625666762	1418.35624718133	956.597146551102	273.586868146973	2169.84761416171	1182.5276433256	458.067974351882	363.532124070338	1875.72159470258	1074.78198104077	1022.30836455045	2052.62578308173	1366.26844342201	666.23581396495
MEGAHIT-MetaBAT2-S949.157	4930.06362573886	4179.28158297891	7811.03618704183	8334.2652876453	5586.83995654322	5325.52663818604	5887.52898570961	7392.69562361916	7918.43649042534	7163.79300722991	9072.72911592475	5587.9066736694	6109.55951185077	3782.33097004724	9052.02785441142	5881.32160358587	8326.36797899048	7657.22374283639	3315.91825304423	6396.41811273732	4701.25063904521	3383.9198566358	6377.43054163048	8995.34382076202	5441.81898929676	6301.90441459659	5904.78441898264	4306.51637765856	7010.91189752332	3811.05566429585	7919.52175715883	5517.11291038812	4662.69576300751	7210.59814823927	3923.72140989703	3256.80546642668	7034.73923418635	5957.55003649273	7594.62783215494	3528.01328036993	4114.82293804147	4073.92791768368	5075.06274883325	3476.4051294264	9230.1237679859	5022.1513048445	7190.38568244507	9212.09106597916	7889.67423892401	7007.07018242486	6767.90949145362	5386.91580284383	5473.14234601933	6903.98765106978	4986.0712351719	5718.44260427249	7252.51525555762	6648.14840745479	6247.65970760712	8836.14327300402
MEGAHIT-MetaBAT2-S950.132	1321.45495068191	1573.95094143804	1222.82041351598	729.494288946043	1080.53600117599	473.008782423777	1047.2768323927	1380.2039598556	1088.4762228655	1027.30315383525	1007.03070423743	1070.74531962879	1012.5965072207	683.603359178158	741.656868293074	818.648159878958	853.029057807125	1429.10821296979	1207.6873596524	943.947577611043	1905.45816427028	1132.0873950922	963.897989232586	927.088916670618	980.862532772341	961.71767763704	898.972083039639	1609.60819641381	1352.9207010771	1934.03151514036	1222.50158586013	695.078387221492	341.025474976924	1044.91067535912	1258.76407867401	1785.38571206325	901.858041141742	1228.99289627832	514.451529045927	1327.73328246738	1121.1907924558	426.336446809062	476.499341351404	280.824903576277	1035.8531333561	1418.67373120204	1423.06119113348	852.323284013564	1174.66606592461	741.823710710466	1043.68675369156	735.769937277653	929.053154254812	886.547971720439	1823.10423871336	1106.202799468	1123.87919373574	1041.17684163253	1079.2612942386	969.05869434473
MEGAHIT-MetaBAT2-S950.5	12076.0078191016	12204.1108835275	11693.4051849524	7491.03417544421	11865.5386487772	9319.74149601993	9021.43552411987	10449.6768441668	7975.71321989804	8041.44418015933	7794.0361006883	10566.3502904817	5763.75982391029	4753.53322329575	7101.59727298141	9218.50239111168	10912.8177510368	9650.55788687055	9774.72090988266	10894.5271813098	10236.1650883581	7625.53810182537	9043.91635734998	8736.79081744984	10904.8445951032	8310.31747309104	8568.72642052438	10018.5658839203	9949.99429563472	8543.50369101407	9040.81012238954	6828.11508465335	8718.40848112657	6480.56138783497	7277.81404448408	8126.62278025816	6464.30729395987	7573.92059886064	9751.83922199513	4920.77662889821	4062.17556503782	9120.83312102935	8875.30157045398	5202.15889978343	6992.50378635795	9682.6997179545	8124.59178246827	7234.29803770367	9291.30541508899	11903.1533954204	9819.21196116653	8091.80369238693	10850.8009857826	9766.5929372119	7680.545459033	9680.37349363209	9283.29185736701	9629.3016855061	8907.31016256134	8148.92746277233
MEGAHIT-MetaBAT2-S951.163	1418.49888350238	1820.84792392728	1276.07926432573	1006.27018157157	1469.34497598021	1945.5329160478	2561.32194427506	2073.90565928517	1787.64135117017	1127.97599130971	1052.32829510527	1842.55893781152	1359.77012760085	1067.40982079834	2030.12787073201	2129.41479354184	2165.06301729337	2271.45846501858	4122.77207306462	1769.90414113158	3299.25661332062	1567.63777736856	3692.08214329275	2035.08462904062	2184.48771323412	1304.06496080076	1347.92976611313	1014.25256683417	2849.09733760723	2756.19697108237	1933.69565396328	3001.30223940569	2038.02173269389	1052.60393565665	2190.4990992197	1458.78672198056	1762.1207941446	1711.52270426381	1376.27066819351	1723.60892131939	895.338660341659	2470.26021869562	2439.15116142009	1065.49907195537	1845.31910430649	1967.13747412691	1592.83387321111	1849.07415659696	2156.9237833753	2523.32170493887	2371.63799491459	1347.10042749355	1124.64665681388	1454.79858606017	1587.31516637099	1968.59729514651	1201.45522800021	1600.31624823902	2038.79818930008	1539.04442667313
MEGAHIT-MetaBAT2-S951.173	5740.91738517222	5533.25048624889	5177.33967607432	2988.68178000023	5919.39088576037	4737.69361079449	4016.18373372228	4578.82716979625	3716.54823948176	3671.36757941788	3537.49857360611	4898.88584030432	2445.3513733216	2058.30543174	3012.08315568053	4378.6825623907	5052.03626005701	4342.18313228367	5222.2026123369	5021.40854926575	4788.05156240864	3622.39146172301	4516.64053292538	4251.93670899068	5498.69546531112	3971.45292712359	4119.944855551	4885.66621882353	4704.02137134387	4059.20943029532	4227.02112989327	2904.24536124216	4042.39216915247	2904.06901085539	3545.52535730279	3603.07199564235	2673.03754095281	3118.4383404322	4322.09373188116	2265.29015043626	1839.02740499642	4735.11459899092	4247.80120139726	2365.49927366977	3640.33822709007	4893.46035814945	3772.36007383251	3588.29543867203	4425.40577509768	5934.72259015539	4860.91080834305	3698.6469032468	5545.92439763773	4970.85770340384	3514.43776365254	5007.65918083439	4622.85851262948	4603.16020506432	3986.66192840888	4209.66755812597
MEGAHIT-MetaBAT2-S951.45	518.817229421561	802.980252567788	957.056875816296	1637.21837835641	851.814646156524	1181.18066251968	1148.44867906885	1080.33751679338	2128.16146204862	2278.61652705858	2212.6087246179	942.899267071793	2554.27139880068	2102.59445428668	1839.93650968664	1086.18059871206	1039.29189392238	1283.80813001791	1980.64547809983	1021.99962300177	722.585010542808	1508.80236487006	1554.15528268826	1087.41196244465	612.323149397192	1128.93599948648	2268.6326027097	491.17809963671	1092.06092831183	1089.1721438859	1669.14333653186	1263.55542967489	1152.59107102612	1758.42859355879	1031.57064876583	531.406554981298	2407.95493846569	1406.34479453978	1020.61924745819	1309.47574120595	910.533616041641	918.358059108365	1076.21501886701	880.687979505201	2199.00042532712	1283.00778668102	1261.01990843267	1798.43010149916	1886.46706061889	1053.81758395582	1169.37971089923	2395.22540003646	1087.71648423166	887.01096876806	1653.39006805028	1514.03831244811	1249.6966531461	1347.18845038897	1579.35177908503	1680.94733674545
MEGAHIT-MetaBAT2-S951.93	1169.27096313636	1378.53913575198	1066.42954099167	1827.01206728414	1469.92209742027	990.120357216273	917.205165264305	1156.64305753234	1004.2875717444	1133.01900447974	822.824132868241	1772.66728401671	1825.72153115656	943.216926325562	1440.97687645927	922.75236028166	1065.26993929207	1185.19670304948	3017.12558341419	1016.11887074556	1510.90740549033	1137.06344865379	1207.98057402613	817.38997239465	879.03248630647	837.819020760346	1745.2204623599	1135.66212735763	1292.2371327535	1429.48027652224	2514.2884428642	1740.315460238	823.444455423394	899.134966309671	1149.6264396588	842.13303400364	1057.64298824875	1257.94842276692	900.876107751585	1095.00079171882	671.784269376466	655.116361704322	794.923892697127	709.943648046514	1351.13637497659	1166.35999473499	1238.50513991835	941.433791814773	1712.95228204957	1202.15043237544	1153.91745472441	1739.20804982127	858.878254046912	1264.54186649547	2108.93134512387	1697.49173580608	767.889356217863	771.711945835444	1024.20691348658	1190.49464794987
MEGAHIT-MetaBAT2-S952.67	2738.71032781129	1981.02499717708	869.285995413926	865.106733708489	3026.89714331059	1004.00412560017	2131.4945213554	2195.08290513763	856.375606701705	1569.24899829075	3300.03102539399	2553.05611609852	797.996080235846	829.413589344707	928.888590343492	1499.92158880845	896.810715782047	1454.63367336365	1911.8497444922	1494.46178604471	1398.20868868606	1176.80074279342	1058.20630218032	1818.6598254792	3546.24088705758	1985.02949701961	2363.0368302385	1817.46776996645	2575.19472484873	1412.57353901676	1518.50727945053	889.088306157468	704.084455302112	2064.23880140602	1729.59832991056	2734.65938798718	882.79623976378	2092.21904628123	1294.01214256541	1097.09038884825	786.711557887211	617.974627484149	829.840338811301	702.619658206022	1993.37881984968	1459.88577183614	2850.51929948855	2548.07988314413	1993.50872039013	1058.22318841305	2531.14673511753	1155.78525936791	1591.68398924534	5084.14991303941	3358.83747010804	2070.39851129138	1670.72471815274	984.121261501872	2167.42463131931	1865.4913642041
MEGAHIT-MetaBAT2-S953.154	2021.93999325566	1811.96081215322	1781.85936870183	2408.39762485471	1379.95555125517	1312.51961022853	2655.77153972153	2915.74872508778	2259.67293514825	1698.98372642278	1798.38522646163	2675.26725176415	2116.91508940719	1973.86638079618	1968.35559906279	1841.65654664465	1931.07664716037	1978.26632525801	2458.01611213121	2453.07713863734	2192.91614639009	2179.35869493916	2533.33821694376	2391.70848435723	1396.51223579349	2135.89175461768	2590.64653676648	1825.23186710686	2178.64112822506	1899.781739636	2487.50489509855	2081.48576821388	1442.03786219874	2486.7509620952	2290.35318024556	1685.83094949872	2399.93624978032	2584.57535522845	1801.27229131649	2320.72812551159	1337.60116317222	1268.47345303532	1352.45159805411	916.159583364485	2124.54837833388	2339.95936776851	1979.2601192976	1956.862837052	2547.48115768719	1942.44053390505	2224.09214983825	2412.81007253521	1987.30113977553	1820.13685863949	2697.19341385242	2549.47391408815	1911.82102838078	1974.26625087453	2842.31960169333	2157.90325267548
MEGAHIT-MetaBAT2-S953.167	964.252781126913	970.713892784045	1160.1541733322	980.474624001563	1208.19777208854	598.799578701788	1055.02899305917	1502.70289997093	1253.01566354813	1002.2190092833	1506.52045411021	1308.79682972057	1036.92683687109	625.472014374623	1298.42253710219	1065.94970537706	1757.56887238398	1119.26335954434	1207.34107759468	1300.60984170541	1063.84969875743	858.152303281148	1188.9164909585	815.942427434079	886.360987252848	924.474505351043	1033.15850287345	1184.42732706149	1434.47097966299	945.253253396436	1437.07684968021	1790.58957855522	922.952581378059	1040.29576179249	842.824443530122	805.919275675289	1284.34087170491	1008.24899547226	1197.64268915822	713.541145551966	450.549897211249	1061.89537171665	1003.80003603933	542.609059164347	1083.24119545496	904.973302792652	1049.70536552567	1392.62373338223	1385.76046578786	1246.2934118867	1294.57720620251	1556.76417688087	1268.80667651042	1047.12876900324	953.435596271304	1274.84269637297	1357.63861379469	811.344744086799	1106.52239923003	1514.40734178845
MEGAHIT-MetaBAT2-S953.28	620.973057301539	262.656601485184	267.940022950248	529.845966652758	339.714052325111	195.321812818347	485.413870885544	708.123832779982	518.390324914271	507.385024893683	570.640390512777	437.504349791761	588.095563078666	405.467777497521	390.758088649957	1298.25756933735	401.521895235088	592.731818430747	314.734945962759	405.252848278066	1179.29546868759	845.456266484175	840.501859129817	202.3977393581	1221.05808800513	244.478567371658	349.697180633294	559.631409981877	584.018842210856	414.830140666589	364.559986843515	399.513645600377	292.149549015823	636.043139914207	369.708095326077	571.830613589537	311.850633305141	511.781733739598	259.30608877096	484.591878278123	328.542617480421	245.204785083349	291.711425968694	0	405.588795639333	463.092689969177	1058.11820300968	464.236960981422	432.829681354631	383.334698330285	619.159568977162	473.149199036179	1274.81673029108	766.638615916188	880.103413389366	295.94434681856	503.198339174467	330.926817749871	556.193784808972	515.22426047213
MEGAHIT-MetaBAT2-S953.47	796.110322344092	608.763627919173	674.890774664517	379.530770185598	389.953218637155	0	1053.43134687704	601.728112515231	318.970164719523	367.803818797927	436.959239137646	1017.38227974873	433.91037370951	239.393347269677	407.734734081532	412.174945492195	302.004143179173	959.008910871961	531.64642301966	292.475046075645	710.072561709945	565.458698983971	250.088053463184	515.674756960802	295.911689156888	458.265138372013	245.621170757118	724.062316721092	574.796790575927	670.224678115002	336.917460728436	288.00599785001	339.480844007806	241.355070839932	681.042810622541	1171.63749841794	241.957141537775	1241.54677169367	292.597392370426	721.152182899643	448.976959455411	271.606515634928	252.224522693886	319.630229147671	365.912603627604	390.98271385171	592.254106668563	267.467025061985	922.720325905664	470.393050886998	581.096194115215	382.383500433156	529.201500798642	511.54167972085	1672.75585248651	828.359673968373	706.90840543849	1179.27382757831	743.603849778963	485.950141267118
MEGAHIT-MetaBAT2-S954.101	0	318.03655267976	355.601065799889	597.085482091665	390.36984514205	0	637.115382281931	279.576089802476	651.47901166875	567.816562968195	336.093036083022	293.939591383534	841.287306940674	724.585571322136	412.944360556934	418.943885399724	0	543.075235534383	548.598973817391	401.490182517702	528.88237150799	878.241527435571	509.411835587755	363.63063705589	182.864869455859	354.029221243281	577.293995697673	213.20681356358	398.140864769859	818.042057639112	1027.39927828138	623.195211214128	212.59763004851	341.608858310518	512.081695832137	232.7134134984	716.147843153749	557.033476345474	0	987.544300999008	517.108759649863	0	0	0	817.839444441015	635.295092957112	764.428115884732	744.243714842022	626.999895206359	0	729.349194504592	678.247947147912	379.251999227462	320.225372774645	880.229486187584	819.5042506635	602.937197359134	395.022578053119	885.559436144245	0
MEGAHIT-MetaBAT2-S954.181	248.992811108405	358.755074949808	65.754997666013	39.7673182755095	398.866425557084	181.017900064436	610.269023442011	154.566872110093	324.19965897513	33.2669871023235	214.461010325803	63.2018120098086	284.871438907819	213.500626298434	263.957634634564	52.5697602799012	0	207.223269145094	38.5477618344516	150.750106429039	173.572396924013	939.707858697455	167.133388786884	169.515884599869	261.552382306566	34.2220144297931	0	31.6538944573809	152.910647488522	1250.00254859719	394.751914104127	182.989464790216	0	176.140973368078	0	0	181.310880870262	316.337397990272	202.133697111081	655.944308528199	278.478805617973	0	184.300323273216	0	131.854003416248	0	160.530067784739	155.523290602168	279.573629909512	119.674441886663	193.251339301412	157.862955913264	158.314570571825	48.7981690223853	857.846249505502	340.901117868556	404.220028907572	411.670870204449	600.311017622705	148.415957522252
MEGAHIT-MetaBAT2-S954.74	426.593026256048	480.698817503098	521.723131183661	1509.92569547197	405.829033258452	292.15736204185	571.302047272321	593.290139787558	1138.46227565629	708.826941371875	669.940061019632	527.607233379234	1331.06477692032	853.011511636848	720.113968873169	414.724136870252	414.553541555718	754.046888030484	551.322290966262	560.643874903651	507.557831845991	1321.45604589954	664.762249637576	365.812878011753	386.665147711776	439.340519692077	369.799574105722	400.163179277637	435.606744967853	545.728351063836	764.328213549548	959.200221285637	493.881892479137	522.425691885324	649.779366500185	700.888754719034	1134.73307084339	759.296348818645	392.497382933034	1005.68924409874	379.771503759286	290.264334148754	465.159936602499	285.184669153031	809.253680301874	618.574305531649	609.696729463974	764.723521847585	681.933886244074	391.216522624946	360.407719243462	1067.74944881743	364.725063070248	397.85584344605	1034.91575140157	667.881769426862	501.624975273697	502.387211722234	764.434521452582	536.923846407172
MEGAHIT-MetaBAT2-S954.88	506.970851439203	480.309380337156	364.595897392792	830.334629681979	635.365578749122	367.670394336878	567.878017228258	510.919786373274	971.975313723568	967.923735048933	750.689263358212	520.65246787257	735.903582051166	868.801154095615	811.550780578651	758.286334858709	512.86505697227	687.426679212555	457.248124023479	599.025571268456	622.952074385367	3267.49022919873	639.721274849552	517.050198009071	451.4796817138	541.281926452635	573.266936880452	524.542518630966	577.971715879366	559.787472292042	786.201257322843	745.481979861541	585.347576926501	605.077265619101	2147.12981382108	476.177109589531	614.763704072454	645.388280305506	629.311091944181	467.734686146457	0	540.957101002716	623.498281218627	532.600396484302	1805.60426069577	759.283411699236	884.316041124244	860.215763510329	538.296136924064	617.707053932764	649.382221087134	838.6167564224	689.630160248129	623.114052493948	641.949967151937	540.052309948616	705.920549034539	1402.28714629255	678.026068958631	992.890860990824
MEGAHIT-MetaBAT2-S955.109	403.897373297904	597.332047384144	474.232820644143	514.00407437346	474.02878532855	0	610.337772280809	492.086513598358	327.66494264454	355.431212859321	450.248137633994	462.905597542378	1431.00765791847	331.976593158459	217.196938749059	355.636795334446	367.675119690478	599.386723203067	270.614509530626	441.665969377781	386.11892889329	436.694336214852	682.327750895874	306.209211795201	332.995630980973	404.170700343661	486.815255903709	500.628623522613	416.390371687819	849.938494097491	638.406645925956	505.193287803394	207.979278961515	437.241132479221	460.236812116155	353.67183809272	805.553471263114	448.511878523118	379.126193188252	604.406406789069	251.561810814389	393.481531886713	301.72173726113	299.324270385383	503.73739985943	400.07889960979	316.164777581206	291.90397719777	497.863543244763	319.80720797678	298.475351500382	262.811509083554	369.283848911841	392.053159014507	421.685577623951	483.989822728939	395.937965736344	280.900694158845	385.885991129291	249.49537209653
MEGAHIT-MetaBAT2-S955.122	270.396696511666	305.89786265729	314.595335879096	438.601381697422	480.708784847666	397.796619802362	430.585531892356	360.971125171618	488.573629241235	745.71140337255	832.937572432708	367.855453742423	602.059797903203	333.04519466028	669.664906083625	399.324220267109	540.577738689038	420.731432620754	441.573299649307	482.635239653515	349.372037786801	476.374065194843	1043.21881255485	492.66398224569	319.864632672561	393.666966522134	331.908589152001	195.199291022344	372.420116491745	260.071343769585	512.982700201161	492.461343467944	399.21992375474	399.030032075647	327.743842524046	195.52036323595	441.166037517741	329.681573971263	549.962343223663	365.54760003998	0	404.900625496483	513.825812847266	178.520937072661	475.048945810333	364.5113654251	439.428895685345	514.110017657493	354.933084876599	521.298371346101	654.296869675691	654.310954232479	547.960856273662	428.914332201365	552.983690860316	325.98452051554	476.456100417957	500.643526592611	391.160859935702	655.109721297209
MEGAHIT-MetaBAT2-S955.14	567.325844828575	677.179668786913	602.342262805234	438.377922893528	368.066051024462	441.915958064159	749.762209168644	609.14284833024	264.868402687146	480.822261788904	358.093295587405	517.097313031113	422.778281155619	269.064428237708	284.107371445408	328.656778018564	518.071824277659	411.108797372419	438.772030646224	431.971177550602	824.488770461267	710.192527131068	860.013101658659	266.239977148834	202.961588306081	204.811111508207	363.338229535346	734.315090392281	792.3195426232	821.734329275731	504.581608406288	465.087910797451	325.324612414119	343.853230141956	553.666530837022	641.163957192471	503.185613383671	661.38464690458	391.157923466595	419.093874209846	0	168.262777987754	344.20533709895	0	430.999383383885	549.947777708469	340.417422221722	274.94277903081	548.91548995017	324.911903353539	352.003560754253	260.131280972033	337.681994782513	350.914135928256	447.275967461847	627.483924411045	412.297742465546	449.288704998422	501.109232224085	356.900737199466
MEGAHIT-MetaBAT2-S955.19	401.201508280237	370.870928729396	317.980123675074	781.924300412922	405.444489848361	397.859980945753	519.299457289003	539.931424727804	622.046911897322	796.710466912247	742.472473189403	468.507687149548	746.021966924848	793.073117002694	708.208657661351	453.151434925797	383.838051393662	453.870698755637	437.978081516586	406.563034706268	391.607105041193	622.955667347571	1037.48851070418	389.875244979363	325.483960706915	567.100564920972	652.628902984661	332.133378885404	734.807278181355	534.462365639395	679.972560034727	610.882575396698	583.160523149303	456.563926618234	482.776065902093	297.925379988686	1053.93965991011	732.621253168764	356.849642660971	575.335233356219	409.847570035144	373.932325603262	369.561465101876	0	858.75400982261	623.622547767056	983.271143598016	730.210537448377	468.388057801104	437.545055365461	537.469750181941	878.645386359902	500.918949962009	440.032040504693	693.256830259295	518.923077696576	583.168798409584	639.255550489386	690.969318176552	582.192452126674
MEGAHIT-MetaBAT2-S955.226	3635.08590133692	3532.92779876428	3779.39309450107	2366.94824250944	3055.93291086684	2763.62629750718	3170.28402021933	3130.64018592986	2669.7306542088	2269.94354444018	2142.13646830097	3256.0413838629	2104.2036154087	1730.33881139636	2157.68380402109	2216.7971183276	2846.70281376868	2826.87664397887	3038.7373780438	3280.9677665709	3496.22410771579	2980.36207656913	3732.42129222102	2653.57641199033	2931.56640573163	2570.66788040777	2968.98149588227	3641.5268592949	3446.70394325395	3494.29060106624	3230.95630184108	2629.36098469632	2406.31192678112	1990.47791741992	2517.16692013034	2878.39620760206	2379.86830642944	2576.0995455831	2889.409302974	2068.26083457837	1518.33625603993	2559.82843015667	2260.91223000954	1462.29428888503	2564.39046818392	2815.19065507923	2514.66935599526	2357.73734613055	2847.20125261975	3378.53458628194	3121.72440426195	2521.87965231972	3516.74948686525	2868.31654278698	3224.90946235816	3414.14146445789	3129.20006088693	3126.0569459648	3038.21982299952	2695.10228136105
MEGAHIT-MetaBAT2-S956.103	2111.66929022982	2107.29302950072	1401.78375044458	844.241353613548	1498.69458091625	846.210591821101	886.82747483488	1003.81080490532	686.311374567682	709.508314559626	684.084291953513	877.359652407021	603.767752512678	324.784373557449	810.269153529757	751.242200389668	1902.53766971311	1117.42744155271	1088.59354375995	1150.10517665699	1245.61728623725	728.540664043492	1072.42636109114	1403.23234325328	1191.74215039711	1051.89846669447	662.941291735091	1502.29830002684	1301.53660599682	673.825549647334	883.82689252681	1232.99374265895	963.385233235274	671.617793315497	759.415439868581	1016.22126491923	779.486115931649	737.332699090778	777.047684829073	435.460869690282	0	1610.33512382021	1020.38575104414	313.266233194404	532.525584959465	681.04824754364	537.179223956139	686.580115054017	1087.39421073271	2328.72673016597	802.305551985802	505.537057074246	1621.82678036934	1114.35365009126	402.802729988359	640.84717012675	1016.63064253703	1003.32573736249	928.091150671296	1750.97801286894
MEGAHIT-MetaBAT2-S956.75	1932.99392310862	2708.776335624	3130.8711186895	3408.94229097523	2297.63988435397	2733.57004296483	2379.83060531308	2907.73686548694	3171.02547646786	2889.0671422672	2686.46645904602	2673.94149740284	2912.94885960931	2386.51844902814	3267.41980950397	2056.08313428746	2469.65484506752	2769.98500806743	2784.09877670047	3234.1896031878	2199.92432881479	2786.77709949631	3830.48360879276	1934.03737995173	2139.64190558965	2338.15193823815	2572.13493597723	2355.78379053937	2923.62191131571	3250.79835300642	3560.54355824891	3306.22650862885	2241.00611223521	2522.26826052778	2345.46142028974	2243.41323789964	3266.11373076442	2496.37662380338	2754.32256017977	2790.93542343991	1758.42854690202	2318.8621976111	2381.77501230207	1528.66473171627	2928.24049821984	2391.99068284605	2583.46432442308	3081.02880282241	2453.45329354587	3823.7078248666	2119.92713662452	3168.41373736533	2854.72675840956	2532.14596370365	3106.52774331827	2808.09550247309	2619.063886145	2279.39182640103	3213.6344041678	2889.60502241658
MEGAHIT-MetaBAT2-S957.114	648.171813424103	647.782777639355	835.619146247602	450.602865623769	992.249083154103	606.803242735062	884.606895846653	533.516770387095	1041.18360562579	983.649018524464	689.895568947642	648.86102108834	646.237661850819	524.284660475729	859.720630456349	769.894583680632	650.97443126854	610.859105316783	589.121274107499	725.592103566668	541.128723953526	475.193781206762	723.446347931592	1206.48593242087	953.737484098451	563.956585176163	631.137327060552	601.884099384473	550.044511287477	609.535763979547	724.022963544148	593.385617739231	482.681536627477	637.477143981166	417.689121363324	357.529293172294	553.444600939662	594.851679008575	628.41956491998	518.412060562374	316.509636302828	735.486835237001	769.506778793512	399.939414483955	659.532396832904	705.574182130796	635.081808119339	653.835122198679	575.835993940778	935.04190350288	1030.78802066435	812.024855119129	1000.13926647871	623.897038220129	584.061479833773	720.396733781078	850.177214423071	878.655382764378	789.028564032242	1007.47840682213
MEGAHIT-MetaBAT2-S957.37	379.600594497322	576.678279144682	621.221866275965	513.123341479471	880.219832362073	652.19952076697	748.934217587524	720.174583004233	750.03185893049	835.279392301526	860.896214990614	532.918145838761	611.351645727474	555.405548829395	726.866614150931	809.243935629207	885.740119162913	588.015403619635	622.711291753075	734.489751984434	536.418725687492	429.210588854655	670.824671073556	910.852590490467	1276.8449867538	569.21433657333	563.028199793952	513.144935243189	592.236413743082	356.040159319238	682.174074524382	634.003674903691	634.990567518414	569.649498065645	572.234472221931	491.431357245993	743.420042868792	606.265007218548	711.925005416056	392.0752856335	336.295987134736	666.988680453557	777.78567556855	222.140277049699	638.26260879122	614.060022318898	642.48352665744	694.991657685319	834.398017325187	837.690917935297	929.846030002704	735.301820870045	736.610544270904	695.832609391997	446.669956009102	433.79188198855	918.823565769699	652.946236979702	543.175270332074	988.159357134873
MEGAHIT-MetaBAT2-S957.55	0	379.744643120246	0	0	0	0	496.274391688889	173.374071118592	0	173.377485047696	644.635672336934	662.813374180687	368.505722528005	0	488.182348485911	184.422055278956	532.282676172268	510.519246732109	643.922300552771	717.835091118928	741.364176144128	811.213341096992	752.920415876725	482.692563946834	349.326014590554	446.452955089418	409.650057079813	477.499973229819	485.435088630801	199.020680400702	371.253690875317	519.343408560381	611.152352385358	212.973971077785	166.710787567623	375.74124466817	0	441.311663858311	0	0	0	303.513708084581	370.319356878613	0	197.520853849177	0	0	625.985546115408	178.166024589587	368.508645689107	405.168710345777	608.098942151804	0	533.860841279575	594.143658821807	87.1591369381513	317.449264128341	0	509.256554349811	386.731670838164
MEGAHIT-MetaBAT2-S957.57	4309.47767351472	4302.99231010192	3773.08713870959	2522.4961211041	4545.30140200128	3444.30305069761	3298.64527912639	3664.61367371929	2940.52160025075	2740.54829561078	2994.09505197713	3890.02344984106	2025.25743052637	1932.79296544999	2610.25862880723	3687.90333538389	4114.9360784627	3544.40087035404	3630.94659750724	3972.89519438796	3474.59450963063	2738.75876759132	3655.06831071456	3393.16279510562	4320.71500592886	3269.5627653548	2973.50255426663	3868.7487475001	3819.2677840124	3386.61919871532	3155.28981194319	2199.63398244583	2995.38981581208	2658.6114396629	2840.40086367675	3012.70864748397	2328.20748741709	2662.49812916674	3382.80465418319	2031.54770928429	1791.91220381388	3634.5531449234	3178.35696791793	2023.5333060402	2920.84166391687	3257.67380239084	3056.90386759325	3152.20503426016	3487.04856087958	4434.11476992522	3672.87757642305	2906.889207598	4119.80622102199	3855.42472229729	3028.28404226255	3419.23654424783	3736.95762255062	3467.09797400556	3310.21716674121	3436.59613232786
MEGAHIT-MetaBAT2-S957.66	707.33513960798	638.996950987656	616.806339462036	937.459997288171	883.996971361555	772.425721556523	861.833224120945	906.385046661073	1104.84813630628	1016.85115558524	926.762008627387	722.164878605402	970.769424458833	685.711336077939	1063.97917859712	871.389132324188	1073.25895751828	962.701920741848	845.438263119363	766.447387951089	805.09392951649	573.571428052765	1003.02317566059	836.475079624479	1177.90109749571	749.742571467807	733.578427741365	921.34531831163	932.036004370409	743.814132216713	992.484874016397	898.19874815715	614.64882736974	788.015810436927	593.826495214055	664.486780008595	717.725109035137	690.703396422199	818.890664885318	560.107261098502	500.546241046802	945.601760706858	826.769714606649	411.350362411182	992.804751149689	657.079277416318	917.75527825504	1025.3100695404	885.646251744844	1070.7710284108	1007.32762704254	1100.57195052948	1014.50699989635	790.117406980201	856.924197818357	725.887758801584	993.421844523069	890.322507226995	852.417818389954	1221.77851055906
MEGAHIT-MetaBAT2-S958.133	5621.9764794531	4408.85260074169	3995.24156328815	1468.30323310594	5172.06017510682	2178.96931602569	4628.26401630686	3194.38085818198	1534.82845049292	3591.72653379126	2872.1949524956	3134.05507724878	1405.86480274888	831.738957591471	1723.31633865038	3948.36061399441	3789.66952826076	3700.99547365836	1774.07612007953	3228.70460852197	3300.63263867225	2413.66379414516	2551.74162090985	4019.56839354284	5522.13747634424	3375.93350417125	3239.77970889228	4000.95442303675	3869.88896309559	2511.74362957431	2655.70053471245	1151.94122401313	2278.3300380698	2094.1187252407	2864.60576609958	3461.96861402805	1430.98921327106	2396.08493590131	3903.22591049324	1009.01514981707	1154.30205188965	2885.3113974815	2967.60064416222	675.772142812425	2718.88696009128	3814.79251126984	3693.56187207966	2557.1507722294	3201.67305192635	2759.89715774285	4886.08332528618	1603.96100099487	3919.89303027146	4407.76923690333	3187.46941108718	3751.12070283136	3533.70781903271	3305.51766382782	3312.83738733061	3108.63896695802
MEGAHIT-MetaBAT2-S958.137	459.120479312883	559.330038918709	623.025223759515	500.979999877129	600.23890567869	287.624749709586	621.836443774572	359.013603898063	616.414561966853	490.003575197204	465.573525902741	528.624247717478	593.176457555386	430.062877403349	380.065490239811	464.550684795153	355.695795408912	539.811327650673	273.339913409236	704.485052127415	631.72343863845	730.857931623629	996.302558777704	584.85847106723	554.393906135269	999.743097268567	804.939670730451	553.183622739167	615.264552187908	615.248919469195	510.145168659217	395.693230556311	529.672133349146	291.474587415317	415.445727126538	615.991646589217	343.97847457634	514.262897077244	522.095120902755	461.768527405833	416.223271777437	465.959223830155	500.766841944121	325.985352275783	528.329392895992	526.348566785512	243.074736757821	516.83371437814	460.745859383793	567.693264848123	519.091242897803	374.890234659256	477.447540323828	513.558167223027	520.134792221635	441.695128141532	516.264256707397	428.322923091657	579.636760281885	407.585239894299
MEGAHIT-MetaBAT2-S958.173	1078.59200229564	1423.63020659383	2317.15872154599	3928.06248582791	1957.85980993821	1903.8441750104	1783.09545507863	2265.52105905386	3422.68220663876	2852.16368163656	2581.41635797861	2211.77452094724	3227.13422850617	2613.45084696209	3659.11386322122	1742.0734996328	1859.09468608798	2380.75526218929	1707.07965408931	2282.71122622258	1050.13299300799	1887.23910267947	2819.02904337271	1247.11167723266	1200.03197928757	1930.03293090745	2195.49490864854	1229.46529520228	1696.40128989491	1816.03373323515	3339.63725002526	3248.96834763898	1958.41264421334	2446.02583523967	1970.97120756736	1108.30346158208	3191.68541318773	2397.93484486924	1880.58654752326	2636.60051526251	1662.91345875613	1652.07058330453	2193.43461534351	1016.22642371506	3184.34210402372	2104.45313978923	2594.24024235666	3308.48798785677	2279.19931316736	2581.20603079096	1487.59025313278	3239.72351515586	2380.91679720158	2031.14028572391	2559.00787457372	2072.09816509486	2374.14876835093	1682.57127970308	2716.34662526921	2835.56502054806
MEGAHIT-MetaBAT2-S959.110	588.390924667775	342.677131215676	495.457243172378	760.485751425875	564.975844762734	801.868012505154	560.119925872105	591.296254824677	781.071547331299	835.169926804766	817.185778379313	946.243508335894	651.718763526974	573.003194804884	826.643270510272	975.198248119902	620.332970909004	692.91779546032	537.167168832175	508.254054458345	430.132599925451	332.677751050142	750.859011958532	371.979323171402	915.543618241914	286.699782607415	890.060137822126	386.613720224578	513.649801579572	267.902443314085	851.769131744437	524.412886625212	412.053391065707	729.377656148948	0	191.359224394691	442.341682839234	651.001038238551	476.046061151514	391.097094124103	255.572217589956	446.512772050968	910.47235599946	348.059144109961	772.879332705255	563.988628211276	847.573593300075	715.190526032934	567.173192850594	590.05508484853	993.378796886948	796.446262276017	683.938547481802	505.850831748449	711.258464543818	887.655509948551	858.320555519145	565.409020217942	1092.08108834953	877.747555200092
MEGAHIT-MetaBAT2-S959.123	1025.24647854858	1112.65376755753	1003.24442137609	1739.52022120684	987.338815520976	1945.364060146	2058.35487293544	1603.54963592061	1710.53703488472	912.636403873741	1022.4652970063	2001.12821811151	1747.43242960885	1312.34511306274	1262.67456839429	942.567558653642	960.681889178992	1857.98509841624	1140.52671082901	1333.76427382191	1537.52548753523	2341.1315236332	2009.09544744887	919.812816580277	744.252915959595	1117.93977120098	1805.6809164974	1213.93381565024	2302.7784397413	1889.53571448219	1868.25090771207	1562.51460497473	1080.93345458364	1495.1028064344	934.849005022036	995.390115141717	1713.18337965972	2357.56692363063	1356.75864700846	1284.50436868967	1719.72019296246	844.713458474881	904.306004677681	895.557285107431	1928.45497119536	848.885165080677	1762.74227570304	1630.40446553984	1811.25873301061	1846.94494713331	1676.81525333143	1277.0917095824	1693.2553525052	874.833480595887	1720.6793563194	1721.47971299066	2587.52493636792	1795.69431731446	1748.59154101601	1863.48675422735
MEGAHIT-MetaBAT2-S959.81	366.369358837707	353.847356189644	328.353002942257	535.018492259276	304.957199685941	289.719659828717	654.367268526821	622.967935024193	391.583622702895	454.952904574986	466.620849455651	842.820440930804	565.565229185478	0	667.917917113159	318.318734059854	529.962218922706	297.808570260561	386.670414483538	657.556006754014	616.939302446646	433.48264555268	699.586119146311	307.36764706657	318.759013382798	395.219860314055	255.817640016373	570.688382263391	813.452258303532	415.692866955473	904.651681195235	427.530217439107	310.749401315034	340.624807738608	401.730673094085	570.342405810338	421.22533150391	877.67729445434	533.331671558462	258.364882326654	461.819956135105	358.40711099124	295.228217449334	0	542.772609706052	554.041591301364	634.269345580269	507.233249810949	729.343204839087	620.364871774922	719.578247542051	539.808177777303	746.383773266207	389.28297046145	860.648831584828	501.405964588165	799.75772540792	513.609915704585	750.752504890268	700.114024019034
MEGAHIT-MetaBAT2-S960.129	333.669482242033	0	122.626262522282	375.15237614132	218.621310939512	0	154.366459648359	124.954006750813	148.992184618903	128.697664605536	194.075842712733	159.719957985229	121.980579095187	0	241.745783561862	0	159.921321717235	174.338037073618	0	143.088482465941	383.552191187748	333.325094049489	146.452762014557	0	0	221.325502605589	149.18919486006	390.487299415228	235.750120320635	374.02869508311	0	360.760973256966	0	263.539405513468	0	414.283848366582	0	442.846612395107	0	0	0	0	0	0	0	0	0	0	293.157686493196	167.472862394954	0	0	109.563743848628	206.89495188988	183.27584035487	239.766410116969	148.037399368334	0	201.555734358351	149.815061461205
MEGAHIT-MetaBAT2-S960.192	4659.50673020706	1709.71778928747	5695.49268958375	1512.12683388809	2676.39491755334	1941.36792616161	1699.80809384008	2240.73598489634	2185.63036176403	2630.59189897232	3828.65389199554	2534.32382241712	1520.50913348993	1087.85480178644	1767.69482255948	2177.05044855587	2655.47144649354	2663.24535185956	1477.79768813244	2984.86355505916	1799.66105941117	1757.17996451334	4807.58710788857	2758.14430564694	2285.87810038943	2912.48170871664	2244.50926872783	4136.33116257161	4023.89514271877	1733.03304897074	2475.28195916229	1797.96282212053	1754.82794908021	2902.99721237157	2375.98422705217	2459.26030399285	2270.40138348833	2391.49619870249	3917.09440041492	1492.52952166981	798.958155237119	2110.93308497973	2273.46884694126	971.21024812843	1585.48076081123	1413.58735462287	1915.35895799534	2219.53684031779	1802.78315442231	1884.92818195846	3068.26454965488	1253.44767621563	4160.26389002009	3040.66224792952	3306.7742063485	2342.33421488932	3751.97051308509	2103.68948391905	1961.2709869225	2399.12911400161
MEGAHIT-MetaBAT2-S960.199	322.733941114049	639.80092262371	367.765318453077	571.638763227103	408.067759849778	71.8199950384426	487.257602609781	423.954983812739	200.599669274222	229.563368996807	174.698534576553	355.818928334402	379.200446568372	0	422.613308713776	609.908039515881	464.55952893134	155.770113548645	290.898937780031	534.525510262818	226.104717590242	327.44665454479	361.918397852705	624.506561772944	460.244823321025	349.06584514021	550.127361602843	341.764860178156	450.873008684789	238.283794228389	539.836975298581	203.392583199635	415.591573720366	539.613715538763	244.572561565246	0	218.830971596018	217.091774668723	206.033647577445	498.041236626694	408.90286386615	450.891687856643	357.16672758198	231.891939764555	473.242932099261	249.005490216779	402.36223720352	345.343576795272	596.916685773821	519.481923225494	235.924391552168	696.041099000187	674.027548994209	420.68542317394	684.437219571733	270.36951159434	328.21446890065	0	552.661377973273	642.092122843461
MEGAHIT-MetaBAT2-S960.200	247.707323751999	287.178305308437	218.859713283945	106.677988807665	252.046018426593	0	199.744770682141	207.118025899302	228.56445887714	249.766864201644	272.179887760682	321.060746674306	218.33680430457	93.9421951749412	147.69036142204	307.881614717463	231.087950234507	304.154815493718	196.825714629229	173.658733878555	270.885998417324	295.396636757989	360.631601676344	236.112419011507	245.289734616032	189.063301613537	173.322997091843	346.147845964099	177.663896235514	495.894606668863	83.3150971666989	226.398464544587	259.938761176145	168.370981862968	333.062290114359	434.926682663581	210.748505212738	175.346212930665	191.406033440222	128.162051188209	0	297.137090796732	293.07925213902	0	0	151.444188024943	95.9702332703157	0	85.6044469568686	201.43093171649	199.227600159808	0	202.73601615829	205.917221586455	211.773074072173	142.45073806567	204.754144769901	250.041033570128	244.427873847102	114.497619516226
MEGAHIT-MetaBAT2-S960.208	1998.10092479899	838.768404398682	722.047592013741	764.170959526078	752.80784443128	629.11522568686	979.951437249618	867.252590083036	805.737606765884	868.512569425749	797.333764712385	877.082508309829	920.011535477127	915.025246731676	750.142030116436	623.147375997922	617.003044831995	899.604637852399	721.802246139845	669.978809611723	1010.87455008564	859.005807621651	1085.3924861121	552.679841387385	431.237437621931	544.930185940854	528.356681135422	818.871340278474	1129.21535891484	1048.10418478512	895.186346303044	464.029754992457	564.356852321669	518.234610891126	501.582745769812	718.996431844492	603.728613659139	721.787217273004	697.155332647071	563.99856605728	636.785326122832	442.506501349361	300.342559910553	0	822.701989467915	748.201045091241	745.892580655511	887.34106414456	740.272375705822	820.163082579006	950.31708655432	826.355940912099	728.956280898636	568.978496607289	941.012740955019	857.364863658349	922.570988498251	953.056586579851	674.829686206622	654.977019561957
MEGAHIT-MetaBAT2-S960.65	167.001974703405	0	0	293.996962667383	0	0	0	0	0	32.5189358279532	0	0	308.939010627965	0	301.518970754843	0	0	0	266.586866581178	0	146.967098326613	0	0	0	0	0	0	218.185653182274	0	0	0	178.608757276534	0	176.064818292209	0	0	0	0	0	0	0	0	0	0	0	0	0	0	0	0	0	185.207419554041	0	0	0	0	0	0	201.502114110572	0
MEGAHIT-MetaBAT2-S960.89	232.63632815838	538.138047472443	213.567636719207	247.918406491649	0	0	402.69576085528	363.960368119474	0	332.173415271422	0	318.068323371869	211.058825977499	0	0	240.309610195646	0	366.338969095541	0	0	432.450418291721	554.391234077555	371.370218508822	82.1207246904387	0	391.409143749017	201.558798803444	469.68635721515	292.749990631204	665.488326731763	234.537611720541	394.848284444517	266.569642571746	0	614.176301962926	342.480724004678	305.868403577465	463.508918050558	297.602283664232	402.906417984384	0	0	0	0	360.735191331361	201.741456894575	0	0	154.251246351055	0	265.165672285208	0	0	215.479193790134	307.321954787672	304.831677398193	116.659687148939	310.409244893489	219.924238776658	194.45569947775
MEGAHIT-MetaBAT2-S961.20	1545.75817874624	1460.69791168038	1465.90536825958	2632.38454488111	1592.31831733197	2080.33511173088	1944.90460150127	2086.02312439926	2535.01792329564	2091.85047901198	2490.35447327363	1777.57150681811	2407.2138139968	2197.10036203599	2822.73369609152	1667.84420685157	1898.52239582922	2349.16055693473	1389.1302367094	2141.7038245728	1756.57256056221	1631.41499214828	2261.9343708591	1920.14293952275	1155.29408853771	1708.1704661577	1647.67798123814	1193.52368952475	2348.97090140872	1404.52772246209	2187.2819165794	1990.17684796719	1497.72756889481	1713.20835583947	1449.94915064868	1062.34674108786	2125.93013167707	2514.65142051485	2520.26133095956	1431.12240737732	1489.94702363714	1225.72364978245	1602.81172173199	974.155626637072	2265.06419280007	1730.94957613344	1980.22919313357	2800.10415790783	1861.58174118993	2010.76798796692	1499.63836485756	2329.46813965763	2266.58926315207	1902.71262289759	2110.27445774041	1424.22673969325	2481.29929003686	1894.92589247655	2161.08312558529	2435.53493450735
MEGAHIT-MetaBAT2-S961.221	606.243117192472	960.995417823817	1232.86879541656	769.937371697073	845.458028015599	554.361566623437	699.076605847435	982.587239332225	983.117372890447	910.355475979998	727.287935525874	1069.58664405546	949.681563173322	664.972786882778	611.293842370594	599.857674100482	643.915560543945	993.32387765844	891.15655348898	965.522241378781	1087.55920865471	682.820317731189	1523.98177440057	670.500002892271	613.306544236612	991.282430617333	865.066592328025	518.906097810408	1513.02165067437	999.253076099311	1057.8762367749	528.689630130005	265.455918748025	486.113572174326	597.830094540063	647.636062822966	659.962811074635	667.346170047107	483.887455471572	584.440958609259	438.672177334195	506.064279051078	431.467617750258	624.052707002113	1010.10123898881	705.368093052473	1086.93566190303	1176.72669108133	996.744517741137	793.065150607481	590.962208732995	856.977589273744	1193.29341838107	1156.83230493397	1091.38915205377	1108.35624846932	782.738104267101	602.362701115181	630.793007124235	953.227999481821
MEGAHIT-MetaBAT2-S962.117	1574.05607951279	880.61201106641	1769.11751381541	2128.62567485942	1666.36592090222	990.358808441164	3198.53164889016	3393.82309606135	2307.264450965	2763.34866904827	2374.50623645406	2980.36404537539	2613.54701855937	1048.96349614237	2170.5345079423	2951.06313418512	2863.70413352327	2390.17070775681	3780.85716307215	2714.69659256066	2948.23558506039	1081.740645149	1339.63057916821	3009.57402738267	2205.93698941769	2245.45849882798	3566.8277776754	3555.6491288166	2736.02019130621	2255.38259956405	3555.68058244097	1689.26711766657	1978.24632410005	3546.18161627717	2195.54369591385	2952.98349843189	1845.34639053018	1799.56444753169	1270.37896220484	2145.2220310506	1908.30762834644	410.383367121222	541.895828773013	1334.65174663558	2899.13993371318	3497.14163711379	2442.98899730161	2086.27688064872	3412.45277776027	1512.86148830598	2304.66367691826	4050.576847648	2165.2476463229	2749.69412166321	3821.94910526323	2841.62262420543	2997.63094925603	1560.70557930996	2923.38757017008	2368.20909354976
MEGAHIT-MetaBAT2-S962.15	498.852985957979	596.120610187665	539.037756148542	927.089708906933	543.168162296517	482.488218584489	1323.29211615611	838.068483548024	1226.42819330574	1308.72740578036	927.142291824996	853.140884562373	993.063248540067	1041.49442661935	1105.2440021283	890.052969292776	427.994796758993	1084.97840166447	994.888928601398	756.017104407491	450.077829952089	759.335622985894	941.550033303899	447.187185399974	301.177919495656	809.125528753375	892.079003079086	295.906208633406	625.963658490731	454.586822724379	1254.01676925131	1079.00309350126	806.021710230051	475.797758416628	630.301397531559	282.215594861661	713.441710695988	222.976598710323	566.553566202069	708.417284953423	466.177217551426	312.938000631469	545.097084927129	372.699769653787	1005.69258386166	880.991539389925	847.830721335291	789.966689081988	960.572733548709	498.889816619109	657.198954537303	1189.28510403098	715.352929633125	619.697980922047	886.833206480477	1166.47135431081	946.092637189199	846.107896611604	1000.47771853321	1010.63697481485
MEGAHIT-MetaBAT2-S962.187	918.225179703394	589.022816075718	885.677033781383	734.883392828255	809.882478116134	501.807967001891	685.659910930043	942.217823334761	747.779986003389	782.279089475573	774.241573065407	1109.87504853219	771.745770500629	715.545778660199	490.327795871799	761.358129579521	903.35501302574	980.497592208963	660.456847789689	691.623692513922	1162.13395301748	450.264327134169	795.494433436609	955.817697148615	478.495260376128	568.505923095305	768.194944381963	943.778771041902	1270.22623906347	1343.82825113174	811.996945732575	527.56548451401	573.174505585314	456.214332658957	1025.79498319055	841.547087823358	541.375238277221	683.703941662672	575.222762262277	849.473570645273	0	539.397363881775	346.396162624656	374.263401230689	626.595372396907	735.780572659829	718.442196150289	507.790299835931	555.187122194641	774.180990601333	830.57109120447	648.89640876535	752.316011570591	655.5688735985	996.680776103276	858.472365589569	582.794864428302	731.570475632658	681.483287140876	597.332634301607
MEGAHIT-MetaBAT2-S962.24	1192.81638355854	1774.15860141321	1709.20748633343	6033.8733041403	2226.89084732915	2066.74708351583	2748.63125424535	3171.99331219912	5398.08790077082	3864.01226862301	5669.93437889081	3606.11618022921	5647.89017678455	2872.75793037138	5802.44957842814	3131.90455529739	2612.05918131086	3255.54673953631	1815.60531489343	4596.29716632194	2104.5718984135	3349.66272885829	2620.46719543026	3246.51483121872	1309.44816405656	3317.9911738172	3616.59293573716	1372.63205166545	3000.99999689022	2961.67045310795	4318.91195597444	3884.22790644942	2660.06311490758	3462.04323425432	2746.17926033364	1458.44912990634	4888.60456671551	5966.80604783568	3771.87192671827	2842.53275330874	1686.40409501216	2016.14474147373	2781.54972476437	1406.09427897935	5512.43261563388	2693.66547404311	5141.18894782517	7344.02868974568	3559.10971557348	3078.84723282498	2508.80743495258	3878.05233647702	3411.61329389709	3449.03109992879	3560.095050175	2023.21371360893	4341.98636210809	2479.98680105926	3587.95121830727	3878.14969723685
MEGAHIT-MetaBAT2-S962.33	532.048026780674	441.957395343892	676.436674748772	602.294094142879	716.971590428691	472.414190017189	915.002091297856	529.672713564942	891.795730267443	698.998005951283	742.505249355794	540.651328170699	691.608835498691	517.128350322613	712.288837239222	603.456957402109	665.261217024887	849.809378867709	542.460446096012	498.143440996069	367.073003434744	480.301130212973	793.290671102102	610.144224674034	485.612875617518	459.224696307589	532.230358152104	317.715591567164	810.591981185777	834.072569132264	913.303504172858	546.699765189598	345.417059326385	480.742996321506	692.095455788359	265.647054768735	574.404008678542	519.867151551249	485.342915343532	802.177822338197	440.491952393302	427.722666931746	587.194700928214	0	857.566361882235	733.672189315106	858.671203994036	730.490768744442	691.289843750038	651.374537398764	722.915354258276	522.560071017662	553.949519275788	612.56828395829	609.430732720825	477.754174985856	695.799660894229	714.401150556179	784.092786966221	1031.09984390603
MEGAHIT-MetaBAT2-S962.48	1043.15743317564	671.86900292508	817.020778086539	817.187822080844	865.25030912834	562.710370744213	837.332101169511	754.682850742731	977.620241670316	979.466091913541	870.205361741386	1143.81158176466	839.552946490268	820.764661529003	761.925364337617	430.306416903025	548.394246357415	965.825202863947	834.000415070566	758.013339705804	932.865587207257	1499.58156497147	1066.5476049846	611.50840611919	391.349368019682	603.903791615736	974.563411842101	851.575963682469	845.38870252778	1814.62598058135	1161.99020250271	1080.02916392456	355.462387314123	600.913431316448	1283.28330305907	1153.96880836892	1028.41322128463	1487.97903500408	747.317652498435	1167.56209414411	567.051628783199	294.581319191649	343.378189191278	541.142639616065	955.003715399516	794.347421008414	845.853362443512	1008.97504486383	833.754042747877	751.412028760102	1087.79678474019	738.052063263189	876.484321489586	655.88317216003	1500.0211817918	862.952647531185	740.191028446633	977.455486465072	1089.81157967367	770.284017934134
MEGAHIT-MetaBAT2-S962.71	371.62422147937	515.6467244498	346.50704516519	472.123442573311	476.205377389085	305.027745201844	522.610380751105	589.693672182798	662.141699878461	653.143500587369	662.079941649048	588.904542592407	608.436311413683	389.333395826574	580.708357942835	627.634332520994	514.45285587186	422.958962461977	569.184987049842	574.667421345193	504.909489054708	441.998324298456	509.106154457916	627.217863191648	567.886989116403	449.856481634979	468.40403313196	579.897155811783	530.369750163629	491.457712953323	653.405935749301	580.416194811475	402.235875545425	499.090177379189	527.166869718543	373.921959830051	551.186199270415	393.352638603835	544.263136838924	559.602456558151	0	327.493463196404	425.715872844956	0	708.450673488145	428.527336257197	514.912106485922	586.705555572024	547.972479662487	658.137867145147	549.440440756124	748.268288500389	650.538354321066	677.197861868087	532.947342498903	397.191898373292	604.898697997354	415.374738326336	619.268539749507	746.013377046355
MEGAHIT-MetaBAT2-S962.8	1020.07004468442	1018.57206296324	889.674688501488	555.080450184486	768.920259004643	428.388313557416	1147.23324787461	1025.78105462717	692.82548793901	679.663905018379	788.474397042159	968.544843174438	675.728902237096	608.285940770097	503.475649796465	752.129114424474	756.716603844507	1017.25431449418	816.456278124621	853.825015330302	1106.12554840936	982.920513951908	1400.50520825559	411.966395758562	639.861228625261	695.458098193809	621.450487145915	881.848530766747	1336.614906277	1135.74518467057	825.746558088606	599.839335591454	535.57488746578	686.745744934356	909.514845832057	981.308845290033	653.066768279822	920.483764338624	691.294384407502	712.752374946904	646.693991361342	531.31538776059	573.547330538168	282.818090067762	620.826109402696	674.415810207818	604.731414604773	480.893677629615	677.863225211303	639.849410805208	678.573566088997	485.475832741611	610.609365879681	752.418022349464	1052.00044448602	923.788898925745	1013.66343912801	925.565505694317	655.444792668535	683.828475095904
MEGAHIT-MetaBAT2-S962.80	1884.96360969837	1846.32651484435	2845.26097637265	3674.85674055719	2322.3681801198	2020.18755432718	2971.561982076	2784.2930987858	4209.42433113011	3365.97316738371	3399.65474643158	3737.30871540891	3177.72186497058	2202.54529035105	3665.25487874499	2588.71347354469	2897.50905136636	3666.06653514244	1702.58528473994	3115.26289153902	1988.59484739563	3017.156626818	3756.80784574568	1933.82394989259	1640.34166011704	2995.53949173649	3144.15255273335	1885.26629049128	2734.03058498253	3713.02834132358	4113.21327740529	2858.29551101397	1706.3968815612	2966.33257810469	2393.06809925036	1476.316101989	2799.00069178167	2684.98312898058	2089.33195044752	2933.89175229677	2126.12111072055	1942.82186346612	2362.3389175266	1626.70671604425	3847.0923527528	2569.77789989948	3819.03929290824	4078.97862973761	3422.81450923112	2362.37831268002	2746.0853738912	3130.72675044225	3079.9179620958	2877.21248777867	2960.79298612495	2177.8209029279	3736.18907489795	2479.89796739142	3179.19643183664	4507.55780464836
MEGAHIT-MetaBAT2-S962.93	419.055938007774	216.365848094255	172.378121767755	244.813327920923	285.173926094957	276.280536475654	181.067505709871	219.363409571445	312.425787596446	302.020876340675	0	390.332406724869	253.754805954943	256.869090453944	234.2225306002	216.012862719871	0	169.462175923819	180.468839364868	318.587964137653	167.344658935031	178.977387938888	303.336318109212	0	191.982785580345	0	184.473996141218	0	187.305154008877	187.48663168391	187.808210036558	193.066323649853	165.981802286133	203.229222637988	0	239.787312436691	0	195.624434056836	209.850101544414	193.877285356411	0	0	209.926896343716	163.334205255809	204.965782582419	239.501534065568	221.862843997259	237.575450483382	191.562927187184	210.153906925948	443.980784829248	0	226.236543792242	458.454387792935	0	157.005890156579	213.668601444565	215.040641683129	182.674280040564	266.823509101714
MEGAHIT-MetaBAT2-S963.73	0	0	0	0	0	0	0	0	0	0	0	0	0	0	0	0	0	0	0	0	0	0	0	0	0	0	0	0	0	0	253.141782462272	0	101.999118386432	0	0	0	0	0	0	0	0	0	0	0	0	0	0	0	115.817546490192	0	0	0	0	0	0	0	0	0	0	0
MEGAHIT-MetaBAT2-S964.110	602.118140846894	496.155649780985	561.140179185021	410.68449569006	580.358071553193	411.48967182105	582.25326169008	617.155913139959	626.98487116855	610.260962986746	541.414716106706	553.81937391532	619.507347584525	411.381397549427	623.66793969313	382.873757135267	582.635968818029	590.748754087798	554.443551116565	446.359411289061	540.949278623754	659.866212996715	605.098820452355	428.4700564782	367.6016314248	400.7359959778	552.864689994787	404.06202550112	556.660577763536	508.530526983096	581.21559348929	614.205160816761	0	445.668623202473	309.270842011348	454.160315410481	468.391374397902	622.040243707585	430.189671952045	716.668617572074	227.294237949784	244.114490896165	283.557810366679	580.293082147537	645.66092867094	582.286077191724	656.869960129199	508.066720445976	600.461185041937	645.124425377701	657.793639207866	549.973848596016	498.339851083632	516.879535260703	470.447726117219	632.274359486928	545.395608148819	666.670994519845	653.925220175195	531.088342947094
MEGAHIT-MetaBAT2-S964.113	336.459603690502	475.2752129853	546.339682647702	1224.36131877287	495.320056528796	285.391324391441	641.300943955866	392.339369199424	703.720975346064	934.815819005615	790.528439613879	626.288004288374	1641.45062243795	626.102014510329	1638.61723890006	1022.00012222452	501.992973903707	498.972516732039	520.681978342476	486.393769549564	483.963438016573	1947.31597865949	584.934843106146	520.35448007355	435.415541851612	360.728041125162	570.984379351043	303.270600925654	405.663896880076	395.540651907084	1238.1377636888	3833.35413766949	528.404672195452	382.107599974986	481.366738086774	436.036037375402	618.574782288652	873.690438044256	573.871553631939	1982.66353770278	889.558465685031	307.757308380895	526.15446717487	0	704.267328034435	582.846906884099	703.640300309966	742.187088092227	625.680560134644	499.158766483356	748.971371791952	881.704681107252	566.629851884888	577.396251307326	602.810669575399	689.086721624727	548.457694399492	780.293144729663	763.900371295183	1217.54213383021
MEGAHIT-MetaBAT2-S964.152	512.516812920418	613.613985090901	703.961059700006	746.794449386138	884.522574169773	602.834259059799	796.902882541463	705.470423360365	1023.83550557628	1061.55707333324	1217.88197713301	665.399213582005	790.624831866458	548.094643378974	1035.87493403753	986.641197226492	944.5377750125	812.932330982539	756.440404266603	869.924623074901	636.010027912863	598.098601822179	937.27413748893	817.086798716682	689.045639391106	585.331042588328	1127.78860553996	405.271601088376	621.884607219108	605.629448634996	811.540548800402	982.620070993504	645.377053143938	605.25233510101	622.868662056361	315.977340941804	804.748395930206	737.838067886064	816.478708039835	597.744967041125	0	715.122332047042	876.959062627786	351.57235442307	815.077662673771	615.566200177558	837.013151144962	894.928707244312	818.736576690428	832.703608098557	995.598175074156	1052.6271773265	826.596236833012	752.301437526307	814.435423779068	682.267006002413	863.695580094099	803.46411616211	688.99525003415	1193.40910883131
MEGAHIT-MetaBAT2-S964.154	2081.88291991356	2173.35263541671	2642.60745950599	3201.97470528491	2140.0395878032	2316.53177476441	2435.56211247417	2476.90996633974	2710.26376086295	2498.06223580385	2355.67176721987	2604.9017169432	2618.07221032869	2624.55955557936	3075.710127579	2231.74065056323	2118.24237614651	2475.91492482606	1817.55229496097	2533.68415860235	2119.57287721774	3162.23972798032	2198.78659530091	1785.55044697293	2157.3238383917	1935.63945052805	2139.96291584705	2170.06116309804	2253.38631247951	3010.91704055265	3292.65870169117	2780.07799590869	1961.278127406	2185.4806458482	2032.12285479115	2015.41688908756	3509.31412579757	3399.92907902316	2616.48366943521	2842.0986590088	1463.06091972416	1999.416885962	1869.54113629848	1435.13979607936	2524.33559993354	2191.39970734771	2454.17665629536	2556.60620456657	2695.88227426216	2671.75210106804	2327.32264692695	3181.91222731519	2758.2432853011	2047.72037963517	3216.48507444541	2230.76475930194	2974.44814573704	2362.64456867988	2707.6345789057	2237.98688171364
MEGAHIT-MetaBAT2-S964.185	806.12398661449	684.942274427608	781.262821007076	1244.33734653045	901.470463122725	774.050392761697	1130.50139455168	1040.87695755867	1744.44997934815	1327.36631593687	1574.22760761174	992.723744877139	1365.49469536297	760.574178258277	1770.21023111997	1319.16939275127	985.228238899305	1374.62246454957	990.94909451601	1044.60333579778	807.8203831196	1160.65965706695	922.595879148305	845.507593901925	764.078898731309	855.683161273891	976.344028898066	616.172209286459	1076.73356701131	980.109045090421	1314.13403910883	1000.05570240807	730.391091526876	1283.24687670978	821.69837447187	837.032270220999	1228.64380107058	1329.34843091172	1051.73535952903	929.313599773936	399.30815644391	634.590048177674	851.738678069338	602.972272991553	1513.30390025136	850.993495849193	1409.15921199771	1439.64737038738	1048.89097160529	1028.32920861586	1269.63224485634	1323.30573203033	1248.92680267702	1164.52137407453	1082.10189400417	794.548984793383	1313.64371382941	722.086472102729	1086.49977589502	1367.05136274858
MEGAHIT-MetaBAT2-S964.207	477.492106666236	840.203109213306	608.0843064843	744.101806745923	542.623606272139	428.808354010395	655.386525247887	592.16374127132	1125.76572007338	906.227030351647	1028.2653146956	873.980982398522	1361.39158235578	964.456402571926	1067.85657764061	740.259776925358	803.050506635268	575.969388611326	840.536156727115	615.614240215676	607.046499384133	863.265161513243	1019.2482583649	899.570110192839	550.752769535858	621.575012943698	749.912213828244	617.149655112823	600.703304937332	610.525226494821	1015.07796523878	1984.77629677321	414.816172892203	404.88625026228	455.379309083405	463.362473913645	451.197854120328	682.358869864817	602.148750371901	578.425193974387	223.215927190689	505.069816211643	471.992694028962	274.137491438851	726.010278870978	624.1181648332	751.229074617822	797.850422282511	550.642226853022	816.395183725307	685.876468992993	1076.42791409301	920.94349331597	641.544866110765	650.075897745585	649.263302022119	688.670149187228	669.422256557237	690.901926706821	765.505176068959
MEGAHIT-MetaBAT2-S964.217	777.368648876047	802.183856394681	703.055798232897	1421.64958544031	801.33546333944	918.560427467992	900.819454145192	1094.98477664257	1228.98846768307	1204.93616189075	1149.78231317842	1063.15869605478	2849.1210829888	1282.39400859604	2239.41886405638	894.241805410471	944.366846644771	1568.72921695643	734.937271239546	978.039605795065	794.388864271584	651.754387153584	909.922448759399	819.730647184614	797.269258354563	867.357754882681	877.941682126998	817.790907795553	951.075738300465	1210.10581262826	1320.77602287665	1204.66525022373	797.071980888933	1142.27418832455	679.026830363261	535.64116423934	1198.31463493114	1034.83187020099	800.616287091465	939.486747954896	857.012756859318	742.963288712648	839.138817335097	568.728038725437	1399.2624804641	709.320957678894	1736.60415441954	2087.61560703119	1488.01851470554	965.771317497514	917.67864569512	1097.37316560416	1051.93666485511	955.592446711319	1429.52117241598	781.227309223001	1326.16904940028	729.373426095303	1202.19548771265	1524.8669203564
MEGAHIT-MetaBAT2-S964.235	918.366198855384	764.01556742327	785.747821833295	980.1897931575	1060.12423016816	870.856089208815	809.726492469794	811.848255900579	1145.05439227495	1068.94455424253	839.365620520686	1056.91786547709	1047.01039810302	686.808270069801	1263.89212602887	806.281979832426	816.795519267087	936.777766156732	643.421764843864	1020.70695380609	580.450520777096	647.25365101062	1216.28222428992	705.628924454243	919.399886247485	816.406238530459	977.035297315867	662.76511778924	959.972582312002	706.909356834204	1194.29923602812	1076.08611439937	681.749971884407	837.477386331842	568.329629901338	479.245179778104	1014.64910554314	1008.30807245288	755.855418240892	938.698313021527	320.610199842802	702.186612029028	792.562685286792	447.379350233561	1059.83890001827	858.394515970776	885.627372595037	913.520744680451	1029.05693144333	1039.71249353001	753.123362298432	1021.98915052407	1089.67797722653	802.13318959305	626.721779305627	774.790233136961	1058.73866444566	962.765929420715	1040.75969337327	1226.08947224782
MEGAHIT-MetaBAT2-S964.264	377.010426664132	358.290449668376	387.893311605914	622.968759066722	383.477541895204	273.222722828252	492.734884522385	483.052293223333	614.776326972243	524.754523242784	376.846841730431	403.477681605491	890.828705226737	554.611987104449	761.761604153265	192.152853673998	452.646430142796	397.66814613112	195.587144114837	490.202098268732	563.860312050805	377.592156629913	556.980990972944	162.297650253122	275.816489851167	357.035463850102	280.554237987063	395.599394624719	402.359289512722	361.103255685392	556.68465680375	448.759479995364	406.234855992262	467.780765319344	340.009097513006	339.860172320222	546.408941167569	509.568719374717	309.042359247018	413.426098544994	0	589.166370230581	346.816714829549	506.048049207745	596.388785395057	379.058264999412	458.921996930129	520.16700433044	555.90084464506	153.815348128812	372.467484990113	592.328786746981	519.03836228567	250.022264017483	302.05741250494	351.681307476181	481.355651076035	401.551058240813	488.870451042151	633.245067874267
MEGAHIT-MetaBAT2-S964.51	266.091297679641	446.311286703287	335.159210854849	1206.37515564924	414.479146186829	0	720.689804109829	772.647618197522	923.696405613651	949.63881229001	667.012566538836	883.624299681079	1196.06313176313	770.655054796602	969.22671054892	372.45680437075	343.916052992168	897.068228512374	508.63744964419	779.648088112043	410.528965517556	1011.21758596805	1023.63141248501	319.308699926177	370.496531992204	907.58863677218	966.463313913347	383.744078718217	886.535413615105	1155.0370127112	1971.19829447216	1481.60418732501	579.969645919393	893.995107695238	867.974256446397	472.653594930604	1109.56021984967	1665.70664726147	573.437171874999	1005.94808488887	321.983895921363	445.140026113781	625.624927277337	594.311363280406	848.459865878887	681.134015658078	1333.72207801069	1540.9219092625	1147.50534693367	311.270475967226	606.363677008637	803.848042596378	437.32218071654	438.887206909901	1116.15404286092	711.892264723046	748.804586321844	560.170507894123	1025.79910366449	729.393866719965
MEGAHIT-MetaBAT2-S965.107	581.815886941732	213.538697592264	526.519543127822	660.199550723254	486.369091634627	1263.76502888496	434.825156086033	210.313377455153	1342.4842464647	899.01745375441	437.049372159177	0	726.694119158546	633.435347540218	763.179363714536	237.441511237639	487.633798841915	333.973082283251	335.032325506795	322.54979672808	363.661062456349	0	410.517036403763	555.944062258052	291.81476219773	183.633570594191	0	214.796496040593	497.979431862829	244.121056148834	697.777599588476	163.936597735666	143.187596379865	383.964918076649	185.249601111023	0	277.263574105655	0	426.418653644415	219.7115809776	758.582637442364	280.817510197909	234.593182834637	0	857.128852175909	588.834085771079	616.006014545017	489.608129991901	613.397999657356	633.456953064621	737.350167524169	287.863287668487	369.413424495605	422.422387466696	159.32078171169	584.415348484094	924.560728923481	1049.64974072894	590.533059715824	760.139739093351
MEGAHIT-MetaBAT2-S965.170	1256.67399919085	1016.4380506492	1136.16254615169	1172.2263418275	1276.91484541141	991.860174483767	958.038578673985	926.877419210784	1422.50399874849	1429.78509790298	1056.17628652975	1072.69888189453	1027.00037815177	1019.66602229495	1382.54219683071	957.002780254476	1138.8275665212	1038.97858486304	1092.87125020717	1171.37362567641	829.907929553142	646.192144411516	1337.48984287016	886.487067947729	1172.38281885972	1025.51971714143	910.824129978685	820.758021635358	994.905343511192	845.299206762066	1125.3832789271	998.522026731399	1155.04164047948	852.583047432828	732.572639193958	528.361323100174	925.295835389676	1050.47614193726	1032.35834557008	590.764418718327	1015.52552701178	913.148616234703	999.558223098978	318.204747057189	1350.47066588427	1123.4028108069	1512.20581219062	1257.7836311805	1102.37452524017	1389.66998202208	1297.47706986555	1111.61266028392	1375.93050144201	995.643292086681	1373.14751083086	1094.66433278674	1231.22037560625	1149.19889957445	1077.20602268248	1364.51221799009
MEGAHIT-MetaBAT2-S965.5	267.855834428052	404.809315022159	369.895636315124	369.018826995058	257.102187523165	296.948678496232	318.588993290405	455.005458927239	301.376655869077	374.509624305974	374.458417061487	384.206706271264	386.35831297919	234.368320735531	337.766966981322	362.719046154083	339.02805179807	418.624696627132	391.062334657049	324.562829280203	420.838888991403	384.116177193515	542.836199736973	336.393758954799	192.491469668752	305.96285946631	351.377854196441	311.60888215952	452.56970871735	456.318269440236	409.517150459599	345.819848292741	374.012100848986	270.504960611513	280.523355771901	274.430884117256	484.041744357597	397.28422569023	358.230994066222	344.370795984421	248.937627439753	167.633573430659	119.379609704684	0	373.482081631684	335.318597534422	296.392387295196	315.158661280058	378.414803693006	344.889624124566	333.755474510382	379.321756925784	439.778287472273	286.694118899563	424.308506841505	329.323649182333	327.90648823452	316.110178640692	393.078720447117	359.013202171245
MEGAHIT-MetaBAT2-S966.102	2214.93327167945	2340.83493469129	2427.02628384322	4039.27367559163	2987.6043668602	2353.36608071565	3031.98432222397	4704.10079443385	4999.70796998463	4720.18754646448	5126.25237590024	2834.22057684586	4415.84817105978	3461.65068467583	5619.19830095936	2817.31438833479	4183.0266780147	4621.76216123976	3160.21225820589	3777.407080143	2353.48219807407	2974.05713299919	4001.29404910949	2656.43267954346	2321.1171493093	2907.18753114669	3078.00996366955	2106.36074619686	2870.52343276542	3105.2164268827	4674.7191161083	4638.77122256159	2256.64950594969	4493.44502852188	2623.78230990864	1761.1545940921	5017.08875455852	4212.94886554993	2874.97222147244	3818.14817850092	1543.25129704031	2178.96782710459	2631.26905798954	1695.01661715142	4676.45547627955	2683.96636148938	4019.80819753928	6012.96178475787	5464.82019984999	3309.09829519496	2961.13387669542	5326.27028152091	3274.23797522777	2800.88999248296	4309.37306955461	2215.89811524227	4836.31580620835	2576.25001348723	3639.08800883624	5787.71624670492
MEGAHIT-MetaBAT2-S966.75	1190.21095390916	1362.2957710362	1107.86825144464	1241.25043996991	1398.74420338696	704.405076823189	1623.93855981302	1183.29428883879	1445.66568144404	1200.7492189057	1826.2057730874	1094.63229515838	1759.31804455061	826.869180625253	1550.18243028354	1171.61658362903	1231.40301501774	1351.88504715988	994.715061184393	1156.07348782308	858.720952382071	1412.22324790033	1848.85126825705	1216.07660261185	1182.96002509964	935.770864794055	1407.77089137376	1118.94968283063	1446.57401159458	1475.8523693469	1190.01873563778	921.801286378639	1232.01423052107	1454.22794633721	935.292432118304	1025.40456061332	1025.87647098676	1309.47117764426	1338.04171072515	1213.30328303933	569.91195146135	963.67585261352	1043.99510246862	945.715422251419	2039.74539684338	1100.0681071427	1623.0302601867	1467.68142675784	1355.08625248228	1323.8733172969	1091.63403073331	1179.63735406095	1156.32608827163	1577.07175139814	1766.09043837306	1071.85253263323	1655.41683155658	1350.2163586566	1328.8986672691	1622.55770175752
MEGAHIT-MetaBAT2-S966.83	745.618682381576	269.743459364893	1627.43480168474	321.050333836246	542.355955019967	283.132749205792	373.430046848142	313.87382649148	535.977783738694	1488.18690687233	1120.50540994008	399.985217871298	183.417158099856	476.516546433106	0	285.072619665349	462.334942629804	493.007320016889	272.67357318118	644.232598378839	368.814962918719	435.902503832396	760.488971421141	386.976822828528	299.670491753197	457.976295086601	432.957724550409	689.508724791699	710.298697171436	253.369880465544	665.169356012469	243.986720391786	146.653442634421	1340.70046993082	557.509091833314	346.988572061169	299.933850868173	428.338342880013	533.641602389916	187.236820279968	0	286.906238485683	292.652752613538	0	468.590200750777	0	581.705688915815	186.057736596913	358.015144389173	210.978618588986	514.214788664707	0	975.745247709528	693.484066906847	970.247622140077	658.075083838369	1016.56239535317	0	288.042160667482	448.186731606513
MEGAHIT-MetaBAT2-S967.21	751.618303937211	2327.80330806537	1113.38894858005	1308.91358116747	581.59311178279	333.68146865759	1727.33562754443	2086.49701518724	1246.25902017529	874.00004132566	933.835113322162	1853.82910408318	1626.81636355359	542.331146535436	2123.0520943415	2078.03323015854	600.020304261246	2452.12831490843	1110.79615517756	1223.16022918155	2085.78056951852	819.241850957436	1185.33177020625	380.388607071221	403.846601797473	1948.05967836912	783.922695532734	674.588528325535	1217.59039404305	1184.0957950652	2384.06969158016	1344.00160169635	613.367448285056	1159.93484231496	2618.37578682673	2180.20438707635	957.007435448058	1097.49739885206	668.369378034415	1428.87708798912	527.444265877785	493.384333414757	764.680088304109	684.066482761774	777.426398887036	1262.60146625058	810.67437720138	3581.67973907804	4590.44389460589	536.357439749373	1095.76638825624	932.638101492803	798.048088356093	797.692046515006	1015.80677702988	1093.13233651101	861.145289776674	1368.95986296808	989.674394441847	838.058280195535
MEGAHIT-MetaBAT2-S967.229	8098.86197996678	5583.72108755738	7367.65177302069	4816.71049439183	6872.09651182472	5140.72362757189	5580.04735916769	5598.32894465664	5352.07038818954	5748.551522599	6178.79122416544	5538.64888642933	3738.05079601419	2910.62696444913	5363.7545061911	5971.15165952235	7378.63908859262	5497.18305572136	5651.48997020126	6488.82661419321	5584.15615224053	2999.93606446641	5174.12342988981	5524.12616745172	6402.64814769122	4028.43293855056	5005.51959395813	5795.26420768889	4988.46939243789	3165.47313428008	5589.99396232725	4164.94849710689	4125.36187182869	4024.55043912027	3750.3526252087	4277.46850301236	3864.6029869172	3504.27274911704	5570.31561322207	2438.7475323919	2717.81905383386	4768.1957211486	5132.40361297247	3206.15812929972	5693.94489473365	5297.06741669746	5039.17695128981	5582.19345078633	5222.25004396851	7067.91109220068	6430.76187088599	4921.8720011295	7188.64929129308	6912.804667007	3791.20595164281	5416.35688352366	5430.04833050164	5283.3659855848	4880.39689901469	5593.10899147638
MEGAHIT-MetaBAT2-S967.46	217.883788386119	698.613319984839	171.448880532912	778.140486436634	393.726758549211	0	262.920121935108	752.098980049129	421.580420069377	426.25415850891	433.462575511619	587.484845245773	439.263399605782	188.838412988634	309.52250728622	467.141664950038	266.072812598849	594.907811059565	312.412893971908	429.631427011708	265.253600867946	403.208419209572	293.906147740636	244.948982234296	0	347.30437961853	475.187776375691	278.212930227709	335.822989974809	523.03088037938	386.152385484962	396.899026324833	178.289023369336	511.246368303327	768.680429482374	295.129322824588	518.55932139306	244.731994986934	138.951470307288	508.027400663338	0	272.727763906935	466.541592135127	268.585518338913	416.744903843382	276.637929953972	309.462251250301	390.22177887215	423.715138804605	185.966561128264	337.230877189567	323.793152216765	333.567217822469	315.255737461177	862.036921062723	314.201897065236	373.420192014021	294.158338214702	406.612598145823	423.271462052172
MEGAHIT-MetaBAT2-S968.115	657.67394459857	437.492666117572	274.07342110207	729.744272683211	396.33250619047	594.94443845444	328.426877542075	496.129392727456	853.604058134642	497.82298591904	300.676573846495	0	864.280907524067	487.405469743665	864.469689516304	613.487569985794	276.396055024801	1178.714516569	1036.84515445373	244.661739613411	498.366889298513	465.709293253247	1725.0004905215	218.552124993166	219.983924537178	0	923.784722564565	211.460819998475	538.552627312815	432.369973568451	385.641867025021	389.81423570411	404.772309634653	126.978927018613	1173.92179919093	635.268489104095	738.224681296638	224.116193553592	293.093732595639	444.698876561943	433.211068690477	379.900893945461	415.850962391547	683.542258557705	338.16148714437	402.984471135359	483.41143420198	376.796108326101	487.859816673826	202.343699192447	602.603470813811	533.140325795489	336.857918693439	207.569428021995	165.335987911038	1158.94004972107	650.803996233089	673.917684480473	225.506265956197	609.530204811194
MEGAHIT-MetaBAT2-S968.13	1421.75615830363	2093.39502849518	1607.43121055871	3997.70543088648	2608.47391369131	2164.63727151313	3181.94303949236	3446.09765391698	3915.20837919574	3309.36075516704	5180.47357924762	3516.03819725187	4013.49448582339	2602.97350985942	4403.16150331502	3074.17707850881	2359.47044080318	3690.87763027961	1975.27503685138	3240.81331693109	2432.44122184283	2668.43161921286	2542.20443034865	3745.19657477292	1247.9751448482	2628.18649250563	3391.46958894496	1677.48424478285	3116.95470660675	2398.12083697234	3293.63437988842	3012.12680998134	2161.26649959472	3287.29451218421	2134.11720670412	1645.8080003276	3362.99528384974	3740.44844150953	3455.1080915934	2239.01094134156	1607.88338576231	1895.58508063073	2451.44887116392	1313.28702567486	3661.53836580228	2225.02483043051	3145.90699795591	4702.62330322635	2673.21730519083	3113.34077001431	2642.84072007167	3109.67009684277	3065.04676430353	3812.75804939218	3283.13581553444	1930.81675185017	3350.33279922529	2321.54252776515	3132.85269864357	3931.65160712105
MEGAHIT-MetaBAT2-S968.138	727.042402903467	361.074218636292	449.65200368536	393.102398974786	390.384626657353	431.583334745412	383.920586119051	427.291112589464	299.602531319986	775.74377261513	1708.02841606277	1426.93549955792	149.442220342927	965.555031283291	537.599215328779	395.79251219427	479.065261233145	440.513421066673	0	402.301155800006	302.302482064783	1649.48677185126	413.192439123426	333.996874272405	350.129300451904	310.31534932072	167.560564266858	440.278253147247	490.495488239515	566.156034686369	558.204513364217	224.511494383943	336.370779650543	363.806033315398	489.952690464403	1387.53043247249	347.365053971347	1544.54600580349	380.348090546864	464.987243726777	401.273653785956	245.012367575611	315.632103648438	0	326.428167007559	915.815751890788	1233.37955869205	1367.03163650251	434.888360310068	1073.06859872493	437.069762830346	0	237.740117724921	467.603100090382	305.945984844865	295.575117931577	454.025325169396	294.231691263159	427.462082034272	580.127412468801
MEGAHIT-MetaBAT2-S968.143	809.647096141871	529.911400645015	509.576879410555	469.663529655699	482.361962172954	331.029086077036	282.028892886964	611.185365993142	346.490965907224	170.672097297395	296.835178546029	683.200795242205	441.138698797831	0	410.310389227243	491.360572780466	393.152665278709	802.775115353041	405.878683737301	542.034196762143	738.0058892121	256.078833879416	474.149911917132	576.25939939494	541.74154825148	620.81383808481	385.788954417195	762.253608468299	499.438556305795	577.056885606425	412.384195931102	287.226299528173	272.787251541675	199.692438484182	399.345890807892	970.199276624047	206.039486209685	281.423376624916	347.375817755794	250.456589902278	220.095051519953	315.627734686856	242.848566708721	0	383.091218538802	425.522103860724	481.082214109511	503.290960111574	606.409882258551	545.640524427365	625.366566172686	377.398441186301	454.049796243998	620.447499587473	535.325276894678	324.005632476236	580.470560700203	466.849002659409	459.953939989577	421.923899634195
MEGAHIT-MetaBAT2-S968.150	286.211392252133	76.0716320283149	351.526811778515	488.714135410506	0	313.578251660337	489.34094641961	408.705188956276	415.812078113261	459.017187707221	374.656370242993	347.167578114092	567.663591140925	499.441332443589	471.763456979498	0	76.3992456494399	401.082879981477	334.306788136661	367.099697226613	133.405978226909	0	291.117784495382	0	143.517317934273	139.829536816974	171.64636533687	173.808375926387	428.488030474677	0	253.440988580197	0	64.5663288385324	121.096425819588	0	0	0	134.204326565016	145.479241082033	0	0	160.387775921551	135.749188786935	0	197.491282291844	240.042170464187	249.89801920073	329.565162596616	231.178940994175	186.881441826131	211.691018387248	269.75541642335	415.167598834853	192.248015270973	187.480435009439	236.561219336989	312.799193149418	289.990347272471	337.262960164383	259.522066416914
MEGAHIT-MetaBAT2-S968.154	286.771207383791	367.965579711076	326.447255085642	290.19553267793	325.054266762385	0	308.498210171205	374.608574603731	348.069958031156	214.659095273925	391.240979982875	235.206599320722	284.559955622963	0	345.412982337545	315.478170221494	407.462815618985	296.468449954959	266.280106892919	389.956693584504	352.740490322499	192.66039642918	415.425588803838	294.185535606096	225.841029350843	0	254.300554408232	248.232350199177	328.797901600442	0	334.739764827044	385.051148119692	267.494419254504	0	313.362126123726	315.260470578124	389.254115225174	417.902580435585	296.176980272192	340.049784011495	0	256.447653633292	312.067259718661	204.461568426273	317.486965064227	0	323.625289841912	379.957823272139	326.762897834818	0	183.532195484643	316.432651060555	380.027151426563	361.901567096115	270.9545892156	0	299.048274064457	240.795159114204	322.002448597344	389.641818906648
MEGAHIT-MetaBAT2-S968.183	118.432117332717	156.646422082213	0	160.498501301272	149.817240208511	0	273.686637406856	262.673790986354	160.882016200885	177.567913051903	0	0	0	230.386490480487	0	170.445028334784	0	0	0	242.535864888918	317.526125846691	0	172.626422760882	0	139.737550582153	140.653355098073	0	0	0	0	0	0	177.366722301328	0	0	765.583972775724	0	249.548305400153	0	0	0	0	0	0	0	197.678316938772	129.283152128139	0	0	0	279.29057084604	0	0	0	0	161.707373032134	0	0	0	0
MEGAHIT-MetaBAT2-S968.197	218.573625629139	355.606357416703	324.555643799996	0	0	200.083751302895	611.824055869413	355.199703281662	251.544600224605	192.931089680986	274.402011563714	346.96958429531	0	0	0	393.635122267419	316.235461837017	387.75328911501	190.62096992141	182.894185298408	836.472723457011	0	559.450893146593	367.233759690955	178.963013776363	736.551055143415	0	513.154062021154	575.355175395124	252.783101095275	214.137051541773	0	204.435552437414	303.841118098218	504.055470789766	725.946522169359	619.193949777147	585.893666971792	318.907599536231	0	433.322509474096	157.979926990148	319.052036821777	0	498.693427120317	300.980708502846	0	135.40651951096	339.27036076979	0	344.132304276406	167.322702116033	363.21100068859	192.174194232612	129.282382982295	411.123784387936	686.342922021655	349.077108056515	249.708664888018	698.834580758827
MEGAHIT-MetaBAT2-S968.229	402.200017914699	441.329925265364	643.17572645989	1094.26132774566	770.956328754649	591.4178370231	1054.86968627082	816.089563301129	1076.77258759625	848.611708926893	1178.04526319965	814.521802576712	1057.58978657736	629.914134405385	1140.85386419104	715.906592502498	656.380806768469	829.141858745442	473.456721947322	889.831106506511	604.735403335672	796.246175248577	904.93958291045	932.445887826831	339.37026331588	617.749376041967	889.57783857285	387.416548198895	924.317075391711	789.081352267898	1067.56417141308	699.561869888259	500.542270509544	793.05729901628	683.119606307049	757.961791542611	929.44622342674	1136.07844279181	791.658448783683	597.396227422945	434.311001032799	442.405036113636	607.474011401276	456.109957246504	1089.7950647133	597.018739918888	1067.68281139602	1259.06006397211	780.962457414238	610.775861072836	711.348983496425	861.290832106496	752.262164124498	852.361744907118	1057.48014856736	630.863940414738	1003.95078284647	701.546338177483	872.525142440172	1012.58577790528
MEGAHIT-MetaBAT2-S968.241	938.973948600428	973.433981909581	963.323597524686	773.707000206097	660.798014108529	609.251430625404	728.194398797442	818.877328875215	856.850225685947	795.772926830434	867.095837957238	818.917429105207	824.44843001508	503.143625726348	808.470661388803	581.979573831756	594.797602635371	775.65522647364	907.738295595024	679.974155218382	994.97361387718	680.903694404955	1023.0042180002	555.734295902372	444.866139861659	560.49708746071	798.292861596522	931.090087804396	1126.95428857614	1502.2288024931	870.866841006254	609.97212057143	648.992081134535	706.840281373664	499.683187062891	1082.31800560599	570.830560016947	844.525899996549	730.023641385734	326.07958882407	0	537.290055283766	616.141312532215	246.795317376925	723.318994755094	690.590101221405	849.930403860756	859.790533549503	743.957376682815	744.251746743955	742.608660193473	560.211709338164	783.320606481188	698.778612206974	1137.96935145268	1043.58222510779	986.085487103502	670.106626528522	962.057246956819	786.453388311579
MEGAHIT-MetaBAT2-S968.88	764.388827770137	445.632446769424	750.282381936791	680.601130467675	795.585453570801	779.089799912694	748.653558734592	679.981954852744	917.01532989201	835.111995593083	625.96203082156	540.61469884854	686.50290894678	479.448257775529	700.645134438028	527.915308597175	676.43671140996	702.452881169368	774.359891323668	692.515411681353	615.862439928039	732.330076338851	720.5823855883	674.178284310228	566.098649122072	315.89128571544	633.616407578362	295.247723048398	744.688555553012	825.240965131269	875.20731829314	342.527500698608	336.54334259052	507.217734373374	250.484697039666	591.824761423688	543.679825967427	676.304584084489	347.178191997397	422.347680166192	512.019955233852	244.39963626959	341.709323056441	218.538879705306	810.524378495584	765.887408832563	754.208578499383	751.679822516126	684.693497483447	741.405739025373	1014.95352107644	750.207301064998	829.396311436682	671.944211736338	933.111052600575	769.6633495902	808.542780119159	849.673548278702	837.960757257928	789.510993082065
MEGAHIT-MetaBAT2-S969.165	172.733550469831	171.103560073166	0	148.087853839974	162.695358339027	0	0	0	0	0	0	0	0	0	0	0	0	0	0	0	0	0	0	0	165.854192079871	0	0	0	0	0	0	0	0	0	0	0	0	0	0	0	0	177.176827037103	0	0	0	0	0	142.9253188631	0	140.045486955841	0	0	0	0	0	0	0	0	0	107.110787513369
MEGAHIT-MetaBAT2-S969.185	0	196.112300020143	0	174.190817647902	0	0	0	0	318.211263988626	188.141843711632	0	0	283.28884820366	285.249404995386	0	0	0	139.375968542382	0	0	120.658709424964	0	209.217667282895	169.531418866075	0	0	169.887491297271	0	0	0	253.126053367025	197.22175219336	0	242.883521519856	0	0	383.709818052622	226.190038320581	141.403581420813	0	0	0	232.96469532645	0	121.890141698778	0	0	268.938666241487	292.953015958076	0	0	236.062711457287	0	0	254.238192783749	190.525921005311	0	0	0	424.699342746332
MEGAHIT-MetaBAT2-S969.89	483.009753413769	563.161704904964	378.40498104827	581.254786852539	391.092360969555	304.6488175826	435.061522536512	531.969828368469	390.491693498584	151.37692893681	356.506201665044	509.78104429246	476.749648400275	671.261739695075	359.070288689911	463.52962163489	368.172545520653	460.115729242097	283.45171328553	364.921290485947	207.884491939915	412.375920796249	235.442980500924	293.460365939696	380.609244682757	518.653821994987	293.687433344788	364.631820806695	431.145528337011	515.616238162899	401.693998754781	588.08621020179	418.200887876122	453.405788416536	364.007215398521	281.61133959553	1178.08928755688	524.412298091239	363.804606313684	498.275238326348	0	551.164546967399	349.685829077303	0	512.121375988687	362.512289537539	620.807960577775	501.044492792194	541.01523006206	542.251341605186	390.082510026028	342.876857101053	637.233573183761	449.000712293805	519.195010877795	416.237678341162	547.619059537176	332.553531479238	731.243842598469	401.080507055663
MEGAHIT-MetaBAT2-S970.110	516.686969079103	940.11886446238	498.044250385838	868.884174551051	313.719483003635	240.832488410898	462.394289554449	575.439016321655	473.916595343454	498.385495617017	558.39172945374	668.955668094459	1186.45159547146	394.169653265811	737.101329577187	485.718722402352	253.624672140101	421.994161730584	223.798343213066	328.076448635549	673.366396286292	906.915653382618	471.470123138818	217.699652925552	357.352490556239	379.017251380672	380.097930176485	450.620995114555	503.644520178829	376.944656359548	627.040522611057	1127.58829170475	502.785545810152	373.811891866776	375.221445480732	486.042277320588	786.405041282083	1173.67916719095	620.584715061336	400.754886579685	0	358.560920548475	347.288311104337	163.846731035935	459.674843579879	285.867575724037	286.213288542402	513.118442165215	226.473930354615	281.692364075312	329.576200109854	281.123300363695	354.243448803602	509.762558427362	296.397514944075	234.730690151631	305.735956606952	306.8113791302	528.167158195993	352.988563194991
MEGAHIT-MetaBAT2-S970.119	1323.00744748008	1271.87712905242	1415.94758295497	2724.0472128834	1336.41036302079	1213.54941489044	1326.56581770192	1378.71516059486	2837.93864121357	2202.05901436333	1788.16603921873	1972.33948212457	2135.36685619704	2185.95102091966	2943.08867353831	1363.88679066151	1155.22380243012	1986.15018491772	985.899419258872	1669.33563972934	981.372090230811	2097.78979350977	1403.60179404622	922.848586930385	1287.3072780107	1697.55687860334	1672.99780368727	1284.30426150063	1229.97378297483	1818.36229933674	2657.55036083213	1955.69784857838	1413.13243497977	1468.59577959981	1366.26387454342	899.825544016063	2190.33308093444	2795.41150525839	1178.81558038302	2525.14374746855	1334.55927058231	1377.79590426489	1543.78316809052	913.748414107841	2385.60786003905	1397.18874542359	2104.10804115039	2343.56376518349	1912.20672856785	1353.06046362302	1215.49969943061	1947.80321102594	1667.95398415108	1379.42575073084	1931.84933083144	1309.18252706578	2066.06993476669	1379.54791901196	1749.60044579	2375.82510657887
MEGAHIT-MetaBAT2-S970.122	916.206942885225	1100.55814906918	993.608527581065	1278.44312718885	1318.13255142146	996.493480409225	1307.70238898634	1450.21748464537	1531.55660344304	1613.36365725591	1566.03986588023	1481.64029722832	1133.60989943035	980.022066165089	1506.68292972365	1309.71817788093	1520.91314933219	1468.20236108985	1140.00567930129	1503.82824682729	1227.80374810491	990.448933358396	1309.90418737786	1122.00454465353	1137.55109033304	1015.54280426909	1217.52978333791	1000.64848161353	1194.22595196098	925.667961436967	1526.47783495071	1283.40205384586	1009.83173334393	1282.46106844893	1056.3178946381	789.988848050984	1462.66811125964	1719.23856336487	1245.13594836019	986.147618114798	635.801601933619	1029.51851014926	1255.76329308946	746.758937952392	1407.85747482923	1073.06023889236	1267.67127120911	1437.76756953831	1652.44110010525	1513.74776533651	1403.08723124285	1494.26588102359	1443.86896669166	1208.37952394316	1301.55283635375	949.045457851788	1462.83735623434	1125.87759200682	1242.85276876861	1722.83402653128
MEGAHIT-MetaBAT2-S970.191	1198.83975134851	1339.54633891964	1311.73692850085	3098.01415263517	1658.0409466962	1509.60987271648	2060.21003893646	2393.36183885108	2636.85425728687	2495.0789855803	3501.31179014753	2293.37850034186	2703.86349447118	1838.98156227641	3898.15692704093	2066.75408278888	1706.7643908966	2389.69070820979	1445.99871500356	2341.70265223705	1623.59148956135	2083.28314947929	1938.51149016143	2187.80849805275	989.277297026918	1908.48968494896	2538.39210771824	1143.98759845858	2204.81442085572	1940.42032889787	2614.45039210929	2412.47785650792	1912.7257729922	2695.34356853478	1790.92516428681	1241.52444488734	2957.8609274271	3249.34534931457	2491.11997325124	1829.34875698072	1382.11752482326	1434.6722736859	1829.13352533025	1884.92279974542	2699.09944071461	1562.46308242293	3487.85935569145	3955.40818544174	2030.93353142217	2080.37187473426	1727.91901752626	2482.10900248695	2101.41190964643	2211.71483264636	2603.40720633821	1534.79177386629	2346.42097666305	1636.72852421724	2378.96065271282	2720.50571784949
MEGAHIT-MetaBAT2-S970.199	146.486649660389	105.435559388608	0	245.782883856954	425.227950885393	238.912596476493	200.705423924232	236.573947205981	269.652724679913	425.565241336732	484.336541180091	322.616928012461	149.399846819943	189.233973263404	384.676652741117	179.088930437272	143.652191837129	333.769998514346	185.065884645157	276.312947223061	275.113991105455	0	184.396645413287	233.804626389266	0	0	0	0	470.686211199489	0	219.313498411397	0	234.858867365076	55.0626226655374	0	206.976359077013	0	274.979165120945	342.584679873898	228.916537950181	269.18210901807	91.1654680486823	0	227.112358220533	355.571985265867	129.071894645603	443.00079206367	443.427374704141	175.411424583844	477.15866924162	312.822238951578	268.700359666157	654.270199423636	481.955421082231	196.941523857205	149.64125996924	309.487541318366	0	314.222530569895	491.442706788869
MEGAHIT-MetaBAT2-S970.211	456.510322923899	551.174461168336	580.886400334522	909.389113794121	724.755667731289	846.922109706659	840.321742455802	906.107143170922	1067.45783448908	1179.97943344606	1288.59536895481	739.525663414413	961.047798032856	653.660837315732	1064.2688382527	900.578088831203	835.782387947234	869.050208941997	581.850574095403	876.233740747604	559.59836752236	564.29966252731	1084.35794737405	687.460771336208	536.583321819847	673.279338616954	793.242024218488	551.192482784018	948.955780612453	714.097508199572	1327.56459376547	869.935647389447	438.652918818494	673.275049692506	791.903132064727	345.635224794322	878.367690431815	789.964055797415	786.430028570858	689.946130465395	431.380625582953	562.062921757822	900.058910540217	327.089489084102	844.745126681242	638.878785515192	732.977357819041	1019.83766830503	946.102234266736	684.178276498767	879.539988595916	1079.68551693284	803.479017257194	777.730349594862	737.818642524195	752.975420539696	969.226864013332	911.904291147616	799.161672893954	1175.26235712985
MEGAHIT-MetaBAT2-S970.215	616.018288449661	693.374129708843	654.325551139269	917.106617284653	596.361094118124	581.367147483779	738.169942325219	1205.29769664166	1198.32527653099	992.315036152414	1084.07846746452	1055.18235780827	1159.82224995128	961.282476246044	1919.97457718447	758.535715923115	798.696533859223	1617.30529622086	673.48826855649	855.235961269132	751.722295142847	680.09520467418	735.047067250065	728.423771337261	587.280977586325	624.92464683604	825.930475036576	650.02779545179	770.42048037774	834.330630644783	1015.2781403779	926.006777123017	691.065929330296	1475.79682127568	670.332819207197	573.266691103495	1187.23886316579	1244.00350034811	763.488013998224	827.308508002594	482.923694907143	605.466582289302	784.860487617254	0	1072.41547828547	721.060164270214	1522.18644356378	1164.35103128537	1576.33134206843	888.76924674175	731.528984287286	1043.95501685497	856.638896667003	729.8658996326	1559.87983648071	776.37402694164	1095.55425474816	845.003050365654	975.604179268441	1306.71375910838
MEGAHIT-MetaBAT2-S970.241	885.424342916342	1149.92823379079	951.030171794968	1857.32697925222	917.762236102376	907.036658994564	938.668639967594	1151.48699596469	1898.9249442814	1070.17800409117	1124.50083738871	1550.18883936024	1915.83573011185	1311.05087986421	1522.95488702871	757.735191802002	574.869649139104	1300.31318552271	836.231476613908	844.921873027807	1127.20564277372	1718.4927773482	1464.54409275966	743.728468126973	454.438675388269	743.934411282845	1054.2024352438	760.71102473097	1021.12335274157	1810.10953277527	1642.05731636079	1450.35752948933	915.502324578956	1059.97579980685	1074.48761318425	1250.77220689431	1574.60159049911	2043.39430160791	992.002143490162	1532.30119036497	872.024157160504	323.148068852702	683.219795834324	674.175798312634	1294.89044532578	892.51730423651	1228.70493457372	1869.8200240806	1090.33797982504	809.602423928216	1074.24788099261	964.499121312759	1124.29673813588	669.789030178039	1981.10998470395	781.283283224289	1484.00804598359	1114.99251612929	1643.94640908627	1712.89194827381
MEGAHIT-MetaBAT2-S970.243	236.901659272149	221.017466953712	151.298797795177	403.412693956202	160.258057233765	0	251.348798390596	329.871826685667	372.110189448915	256.074300724732	242.93364809823	282.490653727246	538.28630698563	229.609202012219	649.580161298574	311.7017794999	195.27065474566	396.03265793693	0	171.314009487021	308.970821034221	244.068908514809	285.291492444464	151.281646357398	170.184902045168	200.145461364687	194.747709638586	319.955374032575	296.514704020339	260.661689251526	278.006109574451	284.180213431928	191.302689275625	196.436271960987	186.44112498658	236.242392157545	405.495147596949	700.687689359603	231.685949012049	264.652917307849	189.270690914602	278.941720361427	246.188476448203	0	229.494864183932	145.472221052225	264.932392483528	185.58819702418	283.167075585919	0	185.763160644977	190.560244005277	271.379235389787	144.132585579961	676.160647171902	220.521096967536	388.941568501243	292.691189254675	435.640573752417	292.42525335133
MEGAHIT-MetaBAT2-S970.51	984.488389459382	644.256854706593	605.47669997022	1371.90034344135	777.475474218319	406.878965365757	319.297035549999	326.202039310808	343.043086035358	482.243282260144	649.027520033706	413.845596396948	372.349178131598	0	354.302796319454	436.856354935626	464.293378893075	509.302160415523	553.774742291026	465.685623144915	627.804635163554	437.169783310969	429.197469159135	474.121341538209	462.491857385381	392.002861515993	511.426961744997	728.197236510575	385.372396968868	405.317015918709	434.47954087638	532.529771418509	611.538350389995	475.200746305659	416.189463826166	782.442872591852	672.449923462409	601.250638754407	432.003742295461	317.662545150087	246.710824933423	548.670212360579	609.931343910926	185.118190391113	397.415468912941	513.412475788032	728.42505160255	525.912848613068	430.638699073164	759.540677975627	615.608834340014	270.724529410365	520.280793082054	515.997431829397	372.65838310623	401.682135836555	394.694968093162	381.757053617866	337.499316084058	482.035734958376
MEGAHIT-MetaBAT2-S971.10	1407.7065183065	1472.88501626638	1049.12357379584	1404.58595231856	1425.23144411561	1190.53039909659	1044.13702571118	1033.68422894047	1694.5349060419	1277.45263233862	1104.55355125022	1299.10804912528	1470.5249184676	1001.2783027486	1099.97634927415	890.736674795498	1208.12660727648	1007.97232660881	700.288125808992	1055.66073789552	1295.6335352346	1223.75657378242	2348.89269812303	643.904122874613	502.697467140324	837.126292671258	1297.72132632792	874.873123758613	1584.27457745495	709.920711376294	1121.6235331832	1504.96510369209	968.992331314663	961.274939383404	657.345908909454	426.745586551057	1182.06747153212	1402.59136280922	1781.4305492484	883.903262109152	631.419054086372	1403.65856228648	1531.69066511031	546.781820922572	1236.77187695295	793.427078417575	1156.07965615838	1290.41053706957	875.441782327591	1471.03015309754	1068.33207820922	887.419084050927	1216.23484846992	1062.69411477198	975.993167649765	906.339511619992	1357.39162283026	1172.1928579802	1202.94069185814	1412.50685757976
MEGAHIT-MetaBAT2-S971.164	0	156.700742963866	0	281.178420160975	0	0	0	188.307575715164	0	197.841594429538	0	0	219.480847352888	240.059625533096	0	146.224563673421	157.925945634065	0	0	83.8098889560297	0	0	0	0	112.061170911146	269.87331052183	0	0	0	0	0	150.623016341622	0	0	0	0	0	211.252286011988	0	0	0	161.409145474827	195.3907723344	0	0	0	0	0	0	0	0	355.025205875637	119.357673545232	0	0	0	304.132164718501	0	127.481825894373	239.245138194319
MEGAHIT-MetaBAT2-S971.50	588.831775974326	775.57052720022	473.584459917717	394.133686800139	568.118535924064	235.712920554111	458.106109503298	540.625085061469	417.894488254994	518.879566259049	607.442950791653	617.174315136801	415.265485692835	205.01930807946	330.886300494754	589.65620603583	474.438220294613	327.15043815651	411.300276498897	512.416586261134	455.175701947001	232.620207679626	574.620244372665	412.932719530749	587.800657928609	361.860797096697	319.113751044464	616.175356071205	508.179820304439	454.666909020674	427.72680747186	428.222261390694	424.970245400666	400.983646408785	370.624891236967	560.028136807061	382.543873511516	357.062315018552	388.645631085965	333.917762092548	0	402.632481559155	366.610518449863	190.596274061091	519.569947289194	394.231572793863	527.368407055549	457.069854263191	457.498901123766	482.77394899373	448.215615176249	428.052759673734	635.129318126818	494.477062330408	504.421676605519	468.635892241006	488.830728315612	436.463054322739	597.290404322985	551.887149861907
MEGAHIT-MetaBAT2-S972.107	299.788880185187	0	527.093260485408	431.473666392013	148.435727679369	0	341.577266507181	267.400455483719	672.747210680955	488.559551595602	516.962780098575	212.769440384432	520.600964564544	375.796132141881	566.44143755563	395.478646881486	374.567621576297	404.775779536356	206.575867487554	0	262.635421089232	328.709887658019	919.878629561229	264.592033504377	0	425.644441985901	395.334160879773	332.072039900384	493.949134238225	466.692378195933	541.236180073782	364.084758520252	422.93302360203	278.203132159423	256.529689728348	188.302223228138	397.173078615072	412.196647295635	307.545477647415	1439.596289758	530.455580503151	0	168.726959202627	199.333710137823	415.052666179671	507.448947062999	276.938502721281	384.886539873003	559.817329362562	376.824660942827	448.055136225231	392.389356044183	366.292575704799	225.961061187488	289.351573529689	260.76629324538	329.934546949415	566.308068362513	324.75240737119	360.446188733136
MEGAHIT-MetaBAT2-S972.108	386.676384020657	257.350754360771	338.397411127993	504.72223023137	358.730935985679	0	258.797066147397	390.823428548956	0	191.945834872869	211.754978582449	682.864082922577	0	0	142.888287941788	254.50594111617	804.490807883997	0	333.8473862397	207.257370588181	412.075056288557	232.357408706987	450.78267538007	174.284629738559	0	311.143566639752	214.040322301277	0	352.946082939354	537.428726380803	537.781312695414	351.983023777335	163.064719008828	0	354.096389776848	296.195813657757	145.404874834579	220.263230474912	208.917286546207	527.503166082023	0	0	138.281240371614	0	273.364433298319	324.68917152155	175.956147972378	212.021103498507	216.812842162263	926.7267756875	0	267.544641876247	850.94420096633	753.550805863963	279.794612440686	0	174.548080146688	201.799594216762	538.12858256998	260.071770006127
MEGAHIT-MetaBAT2-S972.40	1149.07875148186	1700.20257400639	1832.90582551312	3368.18765987869	1736.74475241318	2809.40839128211	2601.21483852195	3197.38673096304	3296.06988687679	2802.73113618754	3069.78282364251	2403.46507519265	3064.4792887334	2617.33119257649	3454.42375613315	2495.43586873364	2162.68664137457	2966.09711200784	1563.56340446561	3025.04310472892	1985.61613597125	3036.33637864441	2893.87234674729	2469.51325756306	950.765298458867	3109.48395882999	2801.86419110753	1236.12134113169	3250.73683995462	1958.89149295983	3559.11407105998	2609.78181890897	2490.82374398434	2482.89712072577	2615.42171982636	1188.28255325445	2824.51009179462	3469.83282586326	4128.94136102489	2214.88413538231	1890.14873430966	1690.06554307638	1748.60184226281	1202.26323056501	3380.59787436518	2294.64349911943	2478.47713234384	3674.33229545411	2375.89730634497	2209.81399690881	1952.8112748836	3741.97547780111	3736.8047458742	2934.49110267652	3600.39332461211	2123.69374550887	4031.55888169348	2314.12464440222	4277.2464959905	3045.70740431549
MEGAHIT-MetaBAT2-S972.52	0	182.820693012727	0	0	0	0	173.862326894317	0	0	696.356231447309	0	0	0	0	217.698717529123	0	0	0	0	0	0	1120.45058091927	0	0	132.24182600061	254.02417349892	0	0	0	654.579449932043	256.452061225008	270.972670510735	0	0	233.256147475393	0	0	643.879539849849	257.682709231726	877.672831579506	145.142181754282	196.164486024077	0	225.399267362875	0	0	184.519547876266	101.64910947383	0	189.357540551656	0	0	151.604248585885	0	0	226.85275587024	372.974674995271	457.57132879465	367.475294098486	0
MEGAHIT-MetaBAT2-S972.76	531.104283087462	376.944884698562	485.590738774676	1346.30197073886	474.97707133985	432.030798758701	476.341104066235	324.294085632046	628.690340126014	680.456251629243	444.965163069246	575.652632670606	1013.09524202665	699.850112397518	1128.85737608821	383.640698148098	460.883144900152	609.330972789056	481.082846104395	534.666661078359	538.0530780655	1402.88317830209	623.154990120274	532.736708776449	390.401462392181	180.933521001839	657.581454286898	358.989092142208	960.388973131493	524.195429703913	612.076920824984	424.940946663128	364.046828377906	484.701792890988	446.438697254421	428.060091226741	577.274742873366	1128.22649436908	508.806038593544	1726.79767109101	472.476923999666	354.58785461152	409.272595438992	256.862807934974	984.424121831282	527.775019573571	707.172032410508	1015.18066756514	514.575009112061	441.285430374395	419.485000119471	858.665199157715	418.074090951504	540.494815212286	1366.91515683449	504.059133679139	391.717398073186	525.97657861003	601.811899414166	559.587021767099
MEGAHIT-MetaBAT2-S973.125	5335.30700831688	2761.51972449712	3079.504842777	5075.31354602345	4740.41664983964	3325.90011652803	7711.29250968002	7368.61773987394	4878.03773225718	6719.5598122959	6067.93114941014	7467.39589287325	7289.78841369792	3039.42865927124	5683.12672069966	5797.81258142345	6250.06936998114	6269.18177562309	4620.92504277022	6242.61529283957	6770.26979893786	3469.79698378272	2947.55539985128	6048.26749378305	4171.77924970967	5964.44587307867	7520.61894646666	5832.49224968536	7579.10295573729	4198.75439022461	6442.42612661662	4273.64410351195	3606.3889924167	6711.57328240956	4598.53184909622	5709.35519362857	4644.83939308077	5861.23923026044	4704.55698548422	4152.85844895372	3448.5098362867	1185.13585446147	1849.09264443198	2992.958792703	8170.81863624161	6208.67614562845	6790.76983877979	5090.48757893443	8623.93905073574	3415.01192725099	5313.54689027563	6205.14014933551	4838.92724550497	5054.41408778006	7106.22222230898	6368.16594468676	9374.83930722254	4470.49060641321	6711.06964309601	5123.63656213077
MEGAHIT-MetaBAT2-S973.168	230.068616972632	246.806492009791	210.10072055618	352.238755273196	203.024516779301	0	221.539232195199	278.427753572432	362.222035689742	502.002597896597	270.224843400615	247.876173035822	162.351194147479	366.586649179586	140.976367291676	182.254417237818	192.841899903616	291.985989111412	0	253.79155847126	309.018713099016	864.872647607177	269.889698160391	225.462986846723	0	160.650023955341	163.408289402142	0	266.544133897241	341.30716438846	157.431836479621	263.314249669035	209.192843807151	222.913499177837	360.609765529615	183.372787626914	254.649682337357	226.422825163373	246.140195026897	592.176739279178	240.415350432157	192.491660534721	222.899943022443	0	283.476214249559	185.283845821757	173.427576360411	271.250104152473	107.595188737739	128.644674493621	133.388694842996	124.971023340417	176.65704943569	124.513252013391	344.546932666275	393.63673611703	152.901197795578	607.31499168405	121.48159331646	225.416626202705
MEGAHIT-MetaBAT2-S973.204	209.768134857439	323.961955576242	159.662215756052	192.602012741216	0	224.633830505618	601.503615515512	350.398504444867	350.979007209191	519.797472251303	0	523.217810151339	454.080967855353	110.809541649905	0	313.581526187771	0	526.140872494044	126.738589230736	122.48894199555	285.599811942399	696.220390394998	181.721125108093	87.7200916900218	257.142783777411	153.453345033868	0	413.549050318985	238.278824413955	582.21183753486	175.722455075994	303.006128482031	0	103.861511966934	379.653432011201	742.906139054654	389.906581868278	767.22284812741	119.232367587156	444.432848341315	318.566547983813	0	273.265850280016	271.366606571865	186.178922166525	389.355172883298	0	0	267.815628563294	0	246.501879988135	0	0	161.012133508748	950.496695063041	966.790323623798	259.598639566602	644.213865976297	332.972414881147	338.369444985468
MEGAHIT-MetaBAT2-S973.217	207.622415851404	0	0	0	209.863956256246	0	247.870919329059	0	266.242897039234	217.855017859328	249.932359367028	325.578866806624	120.28891249164	0	205.445231505906	123.158196784265	0	0	168.449132167557	0	172.103440676334	528.850845231473	223.504655438277	0	0	0	175.585847511066	0	312.957628326523	411.018853246585	0	0	0	183.199712106706	0	203.878726989992	240.229640785977	290.435035154584	0	623.726618169744	311.477215979594	110.885197232929	111.466659585673	0	0	147.28405355213	0	191.233544530318	0	223.371207891532	276.303138309279	0	280.361898196289	177.082277568263	495.970705787877	0	153.257339391028	225.195174526887	0	192.404963247896
MEGAHIT-MetaBAT2-S973.219	2541.72048994856	2476.52224421914	3018.48990641451	3575.6411989331	2779.33109379845	2370.46441872727	2905.11210120338	2840.63537533445	3760.25327894201	3097.0524401896	3101.32204624677	3196.63171890412	3637.04449364233	2812.32214720585	4562.26515892735	2583.42440989967	2868.48154982385	3099.05437928345	2405.77966546825	2929.3894696354	2502.52303120115	3734.22583401493	2931.66037352805	2323.59225466508	2312.11952055493	2805.60789637711	2773.32689350639	2265.83138846807	2740.95140250011	3224.17991738768	3810.94241959479	2946.35151233119	1873.70503394866	2330.34234889172	2387.83900738027	1930.45860750499	3246.98857887321	3527.68357648304	2531.85421542019	3831.04483920424	2296.85550360805	1931.56499921771	2279.70246648971	1696.44473683835	3525.19205144709	2751.16062584553	2919.44641614135	3150.37117111119	3015.24801934586	2644.13452998397	2720.68597211638	2880.0738089415	2943.02198622191	2698.45278468683	3124.82363642813	2873.71054873138	3262.32054769525	2849.16159614662	3037.55704679315	3193.17309857407
MEGAHIT-MetaBAT2-S973.238	0	273.058115739108	0	183.990634472114	0	0	157.014764165907	171.287682084619	366.244857789655	223.297152222069	338.866075859613	161.732869380731	181.875550444948	0	158.753714049877	402.55161796577	129.280417408153	371.219811045027	59.9421324875129	266.44107303194	275.717090470921	234.697853441922	605.052717849775	176.69671184678	194.083027155576	352.580294114953	348.883755491115	192.626043806544	289.585920006017	0	322.505499137662	457.123790502086	320.012926946604	164.555733036262	164.96126446037	178.93728513379	164.63706421461	202.10000305418	226.099041694605	415.980368874926	0	196.771054583588	257.938478147114	249.447452390938	615.10675557667	463.517277538495	374.004960435212	250.308198304952	372.447236211151	129.718966508023	288.164373992229	0	122.34574990659	135.447028244057	417.068684157445	338.44211296599	197.901828038974	296.054529598067	175.935910593348	338.549644184958
MEGAHIT-MetaBAT2-S973.28	881.4861212046	418.44312758936	579.139109677354	584.515236349946	1044.83749756364	564.923565176803	1114.76816239703	640.361949793799	950.604595699799	897.912545329375	641.12690782363	964.099104663526	568.006821488348	204.716226748746	731.915880723441	814.363993089311	994.353899175601	492.825278378776	623.464566141454	895.83958109352	636.748707596885	496.207318184534	658.25477623596	812.340642251127	890.621785080877	476.907776479086	637.947153700221	593.2330076861	717.78747376885	805.762094857789	711.806629730627	421.534624581929	421.657703290586	385.580725996953	420.378796568396	545.944975991165	577.876664860194	745.330991369409	823.783258180714	373.297954206198	309.468110947455	585.59438488125	572.516848511703	157.602705081015	683.101936142206	494.124880796413	563.428261850872	732.08019790204	590.375262783451	894.229629729599	782.099453542486	755.084529568811	919.571766532099	729.468435421445	830.763745472785	639.591480505754	1169.70619941835	708.069130192351	768.596108823333	782.083272235058
MEGAHIT-MetaBAT2-S973.44	0	479.3953786959	0	407.533596973418	170.86829239864	181.52242805682	0	0	388.474458117521	238.931077659962	246.507965585716	105.860168454853	322.36725708799	308.702679256488	382.738705505211	127.348832730049	0	0	0	0	0	844.033699531604	210.158977739619	0	0	321.33909085091	0	210.313707472056	0	1081.27941226147	640.335359793912	220.663991972987	0	253.622192478212	406.826364192214	0	151.480582440756	377.466059520622	0	0	0	0	148.282541060895	0	249.006997836328	191.774389483128	439.078333687708	251.248297271998	203.174961920502	280.065263737348	298.685222985968	0	235.905712511557	0	442.335281391667	481.981010154179	267.255682045292	0	223.572037209213	150.979440396864
MEGAHIT-MetaBAT2-S973.81	161.07409055164	191.279043074055	270.469012339112	0	260.638185565885	0	196.306203760664	288.336559471804	134.687843907162	0	0	0	451.60197193885	0	512.115563467175	259.27183720277	197.925311687547	0	259.090111220661	337.401102095076	395.601757596087	185.366768056766	213.193636312619	294.516510739121	0	0	236.079204375448	0	303.069707563155	540.893292425857	274.7746957705	308.122002359755	0	496.495296899667	219.055456182598	0	0	418.444061380943	0	261.142506624495	0	0	150.122925104786	175.935445393615	129.418336444829	106.472345050678	499.771555620401	237.238433287245	157.696548149213	281.255112680115	0	363.382072911234	233.016657899433	277.200702177159	505.143406528668	363.742904854969	422.058269149402	0	462.393118099656	435.390731976071
MEGAHIT-MetaBAT2-S973.86	316.313949210209	227.451904674801	354.563586322483	139.750806541809	458.345561226427	0	426.060733199349	273.680456465289	236.646615845956	503.619262394917	539.158338821202	390.997223516515	0	481.110954719974	305.099668887243	194.833241059921	290.149510371989	210.251173034209	563.837720907242	292.644542057053	422.210237019276	903.911086472175	578.699844624113	290.156698234557	0	176.407541002685	573.014159583018	362.186108245247	527.708039737759	857.728150360992	820.868531311464	164.538873407226	148.118301226345	153.571548673892	307.321447347616	269.966976609044	344.302623239799	331.049888999357	83.2068638522001	680.56648387666	468.958128297627	124.654242773455	147.689922093344	197.134357934982	595.338349705507	543.620346456328	328.547853812972	220.431246512257	424.351952930941	128.052682239858	442.191474081551	216.415126078756	246.374127645065	193.774079960431	159.337949287682	479.874564064562	413.047882994452	454.198288103096	407.194906625886	354.070385712018
MEGAHIT-MetaBAT2-S974.62	371.483051471102	340.844398055389	719.491417984603	364.546175787371	974.696571241233	713.484483032166	867.18066380518	655.552579009685	687.525130454184	866.798954450609	683.638785795319	607.305494360038	548.640496728981	488.497612028585	708.33242476344	814.591371590418	1370.85967646394	592.83038450862	498.731053778679	725.068883459263	803.078246165857	256.490303253212	877.470271822683	1015.44427221531	791.602497776133	588.880838299932	280.818642806854	425.366356307888	783.89101109636	463.683216021187	966.726713567377	463.186638034155	466.016225903706	289.051220972591	512.786648987745	295.71602861136	353.191249552364	431.155414327715	816.602380438847	367.964308213286	0	827.69394983883	812.384245556475	0	502.079378815288	458.152604746483	320.528111976261	492.602632297923	678.979642676822	1157.59296287395	1442.51167960435	605.724470226064	1256.19244949861	1134.7805415011	447.277046609375	747.82212042246	894.833519944582	1165.80043137305	499.309684363419	1196.70375616025
MEGAHIT-MetaBAT2-S974.91	1769.34201523093	1763.64794696159	1915.22075418528	1338.88846162402	2611.21581967161	1947.87969450802	2061.86076347309	1795.38645488149	2162.43376887667	2059.38173601223	1626.90519393368	1369.4466812339	1431.68398102775	1120.70743512152	1980.51574059324	1971.38694705188	1961.02598716326	1457.0714687196	1487.71209993031	2137.93097118116	1884.52510305973	930.573051069837	2029.70923045912	1926.10233880369	1634.94078411138	1325.16578999603	1521.46691001563	1583.99289701358	1873.08136709463	1277.06623013115	1718.43156988314	1513.46523000477	1294.7632452628	1401.986148163	1280.65773519188	1226.14203919113	1403.21981875852	1498.44745693562	2468.87766310436	1013.17414974105	705.467739760052	2100.97927831165	2391.76260465041	643.910990703746	1897.75990931444	1399.37341457016	1562.22753097903	1643.69330453423	1554.12451484419	1987.45246565023	2604.53654574987	1675.37981832406	2488.32877639199	1705.04081522029	1324.72301008391	1395.45068184735	2073.57154264498	1962.87936834671	1403.49948604994	2276.35048550996
MEGAHIT-MetaBAT2-S974.98	465.154040809896	1160.98519728755	273.767549951861	390.968859119842	568.728020937447	566.973833902412	284.280789028551	396.845560785657	576.019463630795	568.295385480853	387.013937785429	754.188216710906	470.30357401406	360.479989824494	360.128393467857	368.004972751296	509.072651606654	217.826040342073	181.145082908241	302.013960366148	308.046860748069	280.248386366017	523.106226366835	400.709374697985	0	349.218006781278	383.264457306677	690.294466462575	398.67566208123	0	477.224497103697	394.301240682189	469.087866000129	0	252.070220132591	0	219.248979182124	797.797048839542	323.275560607033	0	401.870825367658	936.136060723919	414.468401698869	235.26615577068	499.755422736271	292.351807127083	536.50955748329	510.663163865039	314.947468698272	381.768497900982	323.273621826945	245.535676675063	411.845295651844	239.656024343343	210.5115116303	290.556781187517	587.648504622443	551.328837583428	298.499514408776	556.893651487752
MEGAHIT-MetaBAT2-S975.132	1946.94737731496	2005.54611127173	2540.70009145212	4927.85167365112	2711.17906165967	2305.8968908423	3556.99568649972	3141.48643677386	4005.81671823207	4379.9434212858	3811.63367763139	2450.92319518201	3864.26746576264	2797.86948283444	3709.20027697624	2463.0822096874	3206.06812435171	3479.21672606649	2461.79223280796	2692.3251797169	2078.39031490377	2365.19668855982	3841.15796794327	2555.40285471466	1804.3685723039	2492.75551110973	2444.56528085815	1657.49192153201	2604.28358558392	2486.36419333064	4051.57394103908	4630.69723400759	1888.11369553966	3533.51947016494	2323.10999893507	1390.33012494688	5915.34640659389	2888.032551167	2733.30586963922	2546.32001529477	2280.85459145956	1852.39417478304	2482.77996464878	1648.48441485818	4260.86042257462	3454.83504395727	3254.04929320973	4018.87696565226	4042.44691093604	2921.68707532267	3011.26791921644	5431.11119428163	3041.49846845536	2538.47993925698	3096.10910686844	2422.33686702819	3853.39412099883	2641.05226768294	3208.90865939897	4128.36626645278
MEGAHIT-MetaBAT2-S975.14	952.455633120918	1094.17780049985	864.766783444711	826.455415300196	1101.15521924675	969.903886026049	834.437300420132	1330.64446512625	1147.13379000773	906.525282682129	1032.94088204227	1036.59119827503	863.725115426048	666.432307136082	1003.41096115928	818.101853209091	1266.21450495682	966.043642237753	1025.41870837904	1859.06767980481	1007.8029739329	852.14355384626	1151.82109302796	821.152344066847	1404.14445541529	765.973697904449	761.220273751455	872.230442050458	978.356178807698	945.776053756764	1129.64843688501	869.085835302073	763.553933254365	676.331622841308	624.497618394324	631.508088266395	787.109508446773	854.769364188544	1017.83404470298	725.065019240253	495.802627160816	1206.4523822026	955.610116075081	548.106146554611	1038.977584199	889.662487594369	874.380433363649	965.350708574593	886.702203748872	1748.07114780987	1061.12621984102	902.997615479024	1834.7931196022	1319.98155243108	894.819000801774	888.661124141335	834.111467060004	846.173907427838	1061.4205785649	1182.70472304842
MEGAHIT-MetaBAT2-S975.160	0	136.328630647436	0	152.87967069873	0	0	118.195728167683	408.857953555687	145.053939830042	137.270767886024	208.885663918321	192.593991937746	255.846672560629	191.168248357729	186.245146190035	334.557483663277	140.780232950959	164.138340620897	0	383.222238424465	196.869674533179	163.172816059446	399.421311740606	201.644622184764	0	217.374233823277	148.575272884682	133.121396536956	399.836716829738	225.592077634332	297.214081592026	364.284737330688	246.397981985653	198.240942996033	224.793292378716	200.972806590337	434.600202441134	220.298978683954	226.272588369965	233.836239783995	0	183.549059949335	195.298315323785	0	372.866225780158	141.149610077882	233.052226656252	263.001780762558	157.36311442662	0	249.291181932228	143.169282340604	226.488677030475	139.108120304227	199.397693229861	0	213.501647118493	118.609964429631	174.434811121995	123.237354757293
MEGAHIT-MetaBAT2-S975.180	424.126281232062	454.327808969606	472.669308326172	643.642104055529	339.827993790335	370.484695160917	519.910067048572	558.116897775262	622.386207303879	648.934313158156	656.419849974955	586.151325922633	579.171529347719	385.091891233685	650.712506444923	467.52500837802	544.714916078162	578.522925997321	493.560660703549	500.638817409201	551.054822158944	548.85570782555	691.574296105377	529.234630820252	293.692613854281	468.747718065414	799.893040729624	502.359505045794	534.986626520553	639.384362279325	724.599302046534	639.149566498722	480.502282730849	589.524636996598	542.447051639508	576.173008150571	886.520163756719	656.043831212562	548.097349994044	601.95054397511	261.478597559976	446.086241666678	402.10003404877	234.676698735878	574.819138707633	401.210898327234	543.211760795452	581.833800440483	507.974507344903	442.652845073243	566.891046296886	453.196220389016	526.101604535151	519.500355503964	702.356431359252	478.278508389138	561.597586246897	446.289310093225	494.62098175319	673.89774886834
MEGAHIT-MetaBAT2-S976.157	431.921179179536	377.751634128033	368.787838852708	1108.25739047117	343.433112225669	200.649509773331	492.730728254064	395.115325338554	1333.6435242894	1108.21516688265	851.779859670839	692.489362035928	1908.6251161489	666.616360879232	921.185120463314	323.292691950746	768.687727095734	481.382682432655	337.162149148058	252.194393336201	385.939741555132	1061.31007187929	523.591890016674	267.57572349116	336.842528305083	317.616043374914	601.615375561546	418.402708879991	372.959609692331	745.056191371953	863.177252042694	1125.50281437131	242.982219375906	403.752967046459	403.634995981581	382.214569909131	601.166718093251	955.661827525912	225.550859167245	1463.53895770477	456.916801454167	207.982638067178	307.934457766798	404.335834239329	720.686098565552	616.161484661854	662.305616036015	617.819444998311	607.375463727491	442.423241372124	593.044018439425	859.326584430101	522.030466331706	428.253398077529	962.127517698186	672.481404637707	535.214776462431	639.583283654875	753.677051655201	789.623050141125
MEGAHIT-MetaBAT2-S976.24	414.681486196906	583.365857344565	409.804271596039	338.962239851939	699.108946966724	472.812230491218	662.545983499285	674.884530506642	870.538722844041	630.267784299274	305.483569843299	449.821824747188	474.304360454097	160.427910345015	416.22079552402	587.387742954754	548.182869681895	1332.30281955183	389.879562137476	558.054270272138	400.525366138487	988.640117846678	611.635501667481	530.170560102948	515.3150172113	493.118093362897	1033.19984758273	417.75186000361	721.173348699645	735.094247131075	657.044004975024	860.739028213204	482.884859547417	369.462791215047	876.349064573091	301.553000821864	1468.68405965967	1084.18586708305	339.487163947453	423.839672449994	366.228882764373	537.050917311643	705.600803970012	637.470930682517	681.628902163151	359.45607997336	527.506897938785	381.928394052255	1020.69036274813	521.230044416231	581.885595677868	754.524644965419	281.167487943118	347.918060680643	1209.8563544944	441.55761613175	599.381560962375	731.656486925169	880.808771329321	616.044754977314
MEGAHIT-MetaBAT2-S976.28	2661.11788273665	3396.85889717424	4211.75202267665	1435.38313032472	1222.78264130944	1874.1322085412	4682.64531590333	3268.69270384748	2369.62244701267	2082.7168197717	1630.54804572986	4141.18774265599	2417.61140691273	1389.78855622891	1437.09894989043	3198.30188541728	3681.70365577237	2529.15074727305	2133.7549760683	2775.42582582691	4601.97355184127	3357.76753474708	1799.10473558895	3342.62533362891	1015.05715990895	1989.86443357121	1142.93935409589	3773.18640724935	3597.66656589048	7588.0725785654	3334.36445314367	1872.98110391112	610.390583325718	1769.40888069224	3525.29144273833	5260.39979516864	2099.57664831696	4020.37971121681	2657.49677734057	4803.50157642146	2298.25936850344	1067.4918164512	1032.76049547158	1630.96730431636	1726.39886960295	1611.68034263022	1358.47174568029	1352.71518531302	3349.09334495078	721.63216618183	4117.28757897741	2550.29008181377	1874.72739042475	2471.23926470634	4069.73594515121	4304.79315206377	3029.03865878006	4580.74355049476	3174.07252887971	2519.60945785497
MEGAHIT-MetaBAT2-S976.34	725.122151655088	541.651686497653	505.849920601648	887.24361755223	671.305643518285	666.800727525292	1043.36207003474	485.555398109868	744.794014343493	755.670055427266	590.363368183089	611.715567135407	1081.6572847678	673.164336357833	883.090101598689	361.8518915228	480.440050204536	497.457123141702	533.367221863412	423.496770671027	533.656377435444	1329.41304171919	709.657881515803	392.324251637447	399.945495146345	348.829566661372	451.942643496132	470.968350686129	620.354995578883	721.504430772571	894.93282142875	464.791562736652	296.338350103331	399.407370432823	511.773331693387	440.752562412686	584.980608265291	671.180865220519	424.587229608421	843.955127019647	564.225364138506	268.952754427121	352.130408694975	0	793.497757252447	962.125997375866	694.219451385021	532.23332546904	598.959976399665	494.296106478852	1055.51740124429	495.983413342928	619.752633941068	458.52261828818	701.526269438423	737.602004084033	767.105701426693	808.973297155241	669.642146287263	762.549426872089
MEGAHIT-MetaBAT2-S978.143	260.644266150751	250.546907447209	199.753301612092	319.022350201056	260.324358828609	0	507.813748881238	277.715674263976	176.125989391421	511.234287544884	253.215092731135	236.969947009894	247.796252498424	473.577277687255	176.653195843764	233.782531374016	167.942968500628	283.240551686406	303.659216909128	194.431213702436	273.977706452802	323.96368709593	322.994627835832	335.633728948563	269.065008207515	354.960016538381	267.829139391889	292.702969417927	321.177630445416	412.990479360251	272.446283130481	353.154135468971	216.918560768671	335.174053534979	281.363524894737	346.636484767092	265.676512236526	266.902186233542	174.316891112545	327.034322585004	0	0	240.065935205534	177.598962485495	1020.62065060588	423.902796331756	662.987361290557	402.536787357967	342.716601816298	167.905948592134	261.438642654726	160.292702197668	193.474576914807	278.9359827237	352.740891685273	220.214604751351	307.113777894166	151.928392405696	424.377797684178	133.782092634165
MEGAHIT-MetaBAT2-S978.150	881.143713307102	1170.93293127695	1002.28428471824	4000.9836512796	1195.22112064749	1519.7447211636	1697.80001606275	1820.52588912643	3094.99131771296	2768.89181690612	2916.38547220364	1895.33732913102	3235.15357578466	2702.97940298051	4541.84141953315	1666.91919739045	1399.18755333635	2481.70472815217	1172.35533528714	2016.01568548425	1217.53643120623	2045.7240036055	1686.76705971681	1646.68459442142	981.617473451954	1816.87561458579	1949.69020079576	884.176006639447	1878.35215986517	1371.19484942395	2807.4465296131	3148.41479330735	1567.4216473014	2598.76173129007	1409.22836624966	729.389893105951	2857.05867640229	3268.02650192298	2038.41155974202	1618.72042822738	1188.28098427332	1134.98097030183	1488.77831091023	1203.82138722578	3219.30485049157	1583.30141917201	2074.85802787241	2846.45486423704	1959.73914015728	1719.67518016332	1367.47465883458	2777.99265937255	1857.66928681611	1772.49190083567	2134.73082856847	1317.97257207157	1961.68693644858	1446.21686141269	2162.32392205748	2875.67395174725
MEGAHIT-MetaBAT2-S978.92	380.685893053875	347.262380530446	462.007125348718	693.173062626446	244.515615466486	365.135508886923	543.022410157705	366.938246251336	660.039511904745	519.444490221214	596.865835517182	482.490141131863	620.002499431625	737.576217672737	355.070169732612	284.695912404815	417.434954907685	605.841295152687	408.367987699678	196.715151881453	494.841379919195	815.560785376675	777.919785605514	404.719868738741	108.092227866472	281.553889331792	477.032538086452	295.798409295418	685.687371101031	844.117782779732	573.218465833859	293.021679901371	189.194670716128	225.90272549029	553.14932651721	405.501352070844	450.153199340438	392.411285604666	89.0457739658151	687.373764720338	287.850158083006	132.542445061663	205.567606103966	216.43136380867	699.556713653218	568.388390190552	863.355452542445	410.317600599598	449.424641058378	566.371781636737	454.254353591294	540.174235946252	277.070815579269	223.183098859585	847.205316811028	628.504663457701	627.319998459362	698.769752822396	639.139026742952	724.709089683723
MEGAHIT-MetaBAT2-S979.51	1082.15788821941	932.059210551079	771.24953522797	790.038077366314	914.795028328702	497.882744674469	953.292230766612	966.864289174455	801.712777291578	792.355676246125	747.639320858907	804.372509874038	599.066551607565	333.38192288272	956.953643873117	857.114699606964	1025.43230080283	876.605924846715	891.026055729408	892.969436431213	864.54124102485	339.363757374656	926.248764054439	812.777752766868	815.047948331825	487.616455333883	645.68212021765	1153.94437117473	982.043139871457	463.021771825502	832.123365487736	705.97306881621	882.078092969582	611.123639562489	381.309254637864	773.421021465285	691.359835070255	693.381201729645	785.150933459677	364.606314689812	418.088758697927	655.318285466884	346.934257345691	0	679.499855511809	868.445462568812	660.478131536176	661.18778005985	778.291510617798	1040.65498547908	843.033003490684	640.893155682616	1256.2838028417	901.461237328247	615.078360356131	732.284733519007	840.323952745963	661.654146403223	929.774510045593	829.616465020648
MEGAHIT-MetaBAT2-S979.62	1439.396069806	1094.13777465409	987.034690579614	769.659565700612	1140.18116395693	500.864712467124	1266.80673334857	996.114832416636	796.362549310592	945.915031715111	614.74343868522	1234.24682536525	589.74596146646	296.751951377181	989.188440397496	763.049374746621	1427.81032500265	940.355197519687	1184.00136869599	1150.98396913282	1160.18001759206	520.119743088407	783.108855702951	800.711454697997	1001.40962034734	795.443214332076	771.609011905825	1334.61682030446	1075.61977976308	668.039353661468	956.833401380011	928.004306332195	1134.29231724093	750.210342244699	593.937681891195	944.95612345526	654.765364417316	720.973790222928	1088.13894056168	522.696703696989	357.273359083718	947.172831649718	606.687496782525	0	894.312412247092	1010.02671250885	920.035467281986	777.976598084074	1138.27468473894	1316.06659782571	841.733139795632	1344.20230435984	1652.93467532926	1149.83149761167	916.876018108389	1071.70981055436	1029.02356027318	854.323677663298	685.950236844694	830.361313008193
MEGAHIT-MetaBAT2-S979.94	1986.85854110986	2078.58782290741	2117.71290323646	2859.13149698294	2372.20870055622	1738.01055204694	2884.05251526299	2367.48505290584	2949.0059162756	3117.97578399711	2870.56294008182	2458.13028602425	2184.72770446274	1795.80554774647	2883.60763981309	1789.2040812293	2399.6035711165	3734.57465796649	2117.24303226719	2228.90408965028	2143.78200164982	2109.58190178851	2476.06350114955	2043.90919808469	1213.91740857065	2017.32515205663	2311.12175406155	1919.28359152473	2644.6168271222	1836.09146331776	3368.70404445409	2432.30889886146	1507.8867657182	2149.46060115607	1838.71274920934	2035.85064557437	2234.85334016447	2854.5823830298	1941.93541866118	1703.65529306087	1488.36143704594	1402.14629764266	1299.54758121816	1019.41410976688	3000.28901366117	3136.97829346803	4048.1096722049	2705.61171657343	3218.12150939561	2243.97742717073	2443.27747392015	4102.95932152159	2734.67428561526	2308.25056417366	2950.76855373468	2946.27762150593	2511.21704897344	2053.38569189401	2640.52125044407	2627.81596405207
MEGAHIT-MetaBAT2-S980.126	384.254374331355	450.733844484299	425.463246786094	459.185406459806	431.229712590349	0	707.759047709711	175.16143346968	457.91903213393	620.84313363712	793.631873953057	568.670732326764	406.284277841621	619.029224918836	264.796703120902	411.150254637988	466.490616146566	647.581479697677	437.834771222451	0	314.588775515589	1005.2368797428	529.663757466237	0	256.596197297573	485.517215740029	340.056821583731	244.791034054653	497.444511379311	632.026924936536	744.031253865943	575.355105063534	166.15360302556	250.904561583363	471.979023815657	448.623659783136	517.446010916949	498.018829872585	383.921189386511	441.694439587015	364.317206193	209.044720409039	205.398156732684	191.708543825359	519.006294538183	987.014088333244	905.763748088739	389.887236971577	415.611049364029	155.529607603174	712.420028646482	445.757883258287	289.738738852075	168.575228731508	596.819543441762	314.056125785525	763.502793691553	827.470789001531	529.521581067058	515.031767983509
MEGAHIT-MetaBAT2-S980.201	189.062301793985	0	0	0	0	0	0	153.777986154872	0	209.03829925343	0	0	0	0	0	0	0	0	0	0	0	0	0	0	0	0	0	0	0	0	0	0	0	0	0	0	0	0	0	0	0	0	0	0	0	0	0	0	0	0	0	0	0	0	0	0	0	0	0	0
MEGAHIT-MetaBAT2-S980.38	335.388955908259	552.144594483555	534.034888854827	350.299425972488	280.382256953719	199.037455003329	612.744106129598	672.790498425215	435.530575751325	385.439250072385	206.961126540875	349.283692043827	428.622961538992	206.448024033966	312.596761125821	343.156891609099	272.806872044693	638.475028080854	621.470684030541	76.2070220779236	469.867572727372	371.343873543441	367.672867661461	352.144180299062	0	180.790151997429	271.510940791253	499.605057692649	423.90386014088	356.618090145465	538.06416272658	428.393571922069	165.269933400434	0	323.35457890637	797.344862105077	436.94892712338	152.745573632142	550.447140178514	268.132274044384	185.915367533099	164.206222317631	0	232.340590469783	538.864336113103	531.390555690819	789.778345280726	444.661778054884	557.989429316059	359.641795644881	350.380311531286	198.301625899969	278.208036068089	0	613.242421958947	628.319908070285	387.976901997549	479.664489868317	334.360663549537	373.641727577647
MEGAHIT-MetaBAT2-S980.41	98.6014572555772	183.162012297759	251.611516633009	646.143458743445	264.733040417033	0	384.220401101833	216.437375998449	871.291038369525	1115.53407568032	657.224606428395	719.070336950393	748.402558050468	477.203009910802	819.41557978304	480.861802287076	378.638114092379	500.236190820966	603.503772276848	749.77891037314	213.432683864552	994.493802644658	375.434676900273	587.985712369282	186.916382796957	334.982884783739	1465.01664402819	262.412807569692	448.334992829285	285.986799683375	647.316649207178	780.650682593344	361.475097137029	442.555162658974	324.346645229362	184.060156036562	605.523114676282	364.270139981116	351.66865459513	465.044452188941	0	403.755125855666	584.797686640034	0	468.653426541121	423.477997075453	1959.58752924582	1730.90156519016	404.321247671935	669.119482899112	744.522707483455	903.604032742932	840.663014420639	418.621955217423	365.293335746699	306.584029043423	519.573712734832	455.25252496931	510.779075852477	743.664449767705
MEGAHIT-MetaBAT2-S980.86	424.218397238485	627.428539232516	446.871417989962	944.09320707161	589.912879775115	205.735791784798	631.030263183006	595.079120511939	753.276754466659	970.967631086071	1201.10395044072	883.778032097209	1084.41942836398	734.226664622552	1403.74268826596	665.040769071962	674.200309347558	719.364816096063	969.654797558319	749.559736209849	757.082255924188	862.084893839393	899.253310914966	835.797808997007	605.11356505484	633.575719388518	625.990889781729	504.456610826164	710.936955919376	467.424301519088	924.138997410899	852.462919173092	657.762630253082	589.45432737123	484.092132659431	501.659828733031	822.526107606278	807.189488696331	686.968893079179	644.239302694318	262.491361871229	598.147983506467	675.484861552518	0	754.656703395481	484.558840209295	2838.58509169072	1574.64718770989	611.671247409233	699.270726093679	707.638291463754	1252.76971723705	784.499453157457	709.574638104335	494.095554066564	608.581921156197	689.137518022076	651.395331082805	697.845595300963	1035.12862701903
MEGAHIT-MetaBAT2-S981.125	1011.36117233734	881.530996345121	1095.6286808103	1948.36419115469	907.832101679956	649.485735189761	1169.11693834459	1330.93922587291	1007.98876806785	858.381136258373	923.361332916776	1602.38346148767	1345.00978802809	811.997967042414	1757.51949848703	736.747471098735	764.140817969366	1331.84828169926	960.700500036853	919.364027248873	1240.41781380668	1823.56402676761	1189.18867984829	777.169297050115	686.909095637313	825.57961632797	1083.68521022377	1054.68227664718	1470.2181245425	1654.014210522	1361.46784558786	847.268106682472	783.544144593378	818.621774024583	1047.7362221741	1275.94657888124	975.843753997719	4430.99877350528	928.965117256345	3012.11041703632	1188.43807295469	651.13762694948	687.714214809253	893.133413399334	2721.69594762879	963.717027904151	3430.04660614918	3538.40217388892	1158.44460629559	688.570718222766	853.436322946196	1019.73718046484	1028.6145789475	844.650358385295	1984.64137653055	1178.44421604481	1077.48328693491	890.553417978415	1545.38156525003	700.180019492101
MEGAHIT-MetaBAT2-S981.151	132.979443304462	88.7989822965896	0	272.895900759309	207.992193435033	0	176.67456682213	256.223983113626	177.76598295556	252.750783505786	286.665827897498	354.040027452091	332.404320333387	0	126.069044090104	249.03522880903	209.20041159375	260.392958053566	232.168177788936	352.514383655745	314.112054223774	267.044908322095	293.415481475568	0	429.436691338533	409.209769239528	258.315939637844	254.156864383526	332.044440440739	0	260.245312994684	306.518325917686	292.317409713959	389.426294514744	194.374863148333	242.378236399143	291.679280519219	342.50154783366	283.997327504001	207.653898576847	0	0	324.046146060161	0	292.815213622554	374.506564934432	199.129444421792	133.630998614427	335.408491511329	270.263209100856	352.762975834052	0	369.43914380993	364.646565531908	0	200.120753490582	319.362429100885	362.618080945218	489.144025955064	294.205176894336
MEGAHIT-MetaBAT2-S981.154	1746.75838927545	1445.83941284009	1888.46508575997	4087.86021880023	1824.74030711345	1804.84050596811	1947.01977193316	1466.53743339966	4655.82662076405	4825.25798205949	2753.64216918614	1884.12626237403	4118.292126815	3363.54647937543	3374.99985158026	1355.91419608528	1613.79278897937	2819.20009255842	1525.35370662725	1616.71024084482	1560.66023319532	2164.73716746189	2629.87859231744	1263.68802621936	1385.15335663078	1939.25511835872	2662.15439591455	1338.56789410099	1638.08012607238	2502.97702843117	4953.43897560097	4191.83573469744	1432.03249820993	2315.32850660797	1232.34481693372	1285.96723110188	6233.41374831052	3454.5870219518	1323.98279091798	3280.17126040661	1706.19940346206	1340.75222480304	1440.81113987129	2238.99959185787	4399.41106709221	2143.64632460889	3763.10210868703	3918.58240085693	2659.94628256188	1776.27932329381	2170.1174094207	3845.62564692683	1853.02899676214	1535.72886588404	3537.0440354556	1751.04125325423	2955.87794735284	1950.55203846034	2051.72504325066	4102.71897829309
MEGAHIT-MetaBAT2-S982.27	614.819459895212	594.305557687412	751.099027302805	781.287463240904	663.008815473099	357.538287334795	709.737171289201	774.361039780093	1037.58502539305	1511.68503060781	794.404335211802	857.993226937466	1183.45215091937	923.177018533288	914.589970922456	751.225576190137	784.888737509304	1054.95824476244	718.113015082518	654.071090640051	786.775780138663	1113.25776310699	1740.53809541423	702.808952402874	443.88066147102	1020.88720095894	793.665661350424	702.070457953828	975.306968628652	1109.24919423428	981.156291434512	704.326934666198	479.365045184081	701.838956464712	902.77188728496	697.941996897991	817.548589993313	912.831242683591	669.606671941536	1017.00580471344	623.081782964793	507.488062073137	359.130438522586	0	935.873484886605	822.887661445229	1045.86352221047	730.21349813863	867.595260489951	514.93048608705	719.673072839409	887.901935214691	666.519342958661	631.601340493985	1253.02657903484	1230.1997311768	1033.21062114324	878.409195907519	868.434736484972	804.274026550762
MEGAHIT-MetaBAT2-S982.57	447.864524786984	429.154024456981	316.778765536342	629.589666779441	600.985485466548	427.223546911853	445.152300974064	325.066901041891	662.662245249158	694.237954217843	528.887872417562	488.123975590153	596.215361596421	562.22886683017	911.052817123681	280.365571035556	415.0267645957	579.08951143094	542.040180547151	352.646657243652	257.499614440161	421.962552359622	491.288670166366	211.072280328874	234.536325094387	214.008614865548	203.850022721062	266.889281893241	295.37744596608	306.142962802916	599.862130434161	401.652378855666	141.862622792025	223.29581138282	274.871529320592	150.881665183812	416.903069685859	486.340154776998	239.620394561533	371.050795443326	346.019407550597	282.987700420678	134.252329411243	0	697.590611171321	418.791830013068	534.94816746502	592.53561570963	767.998099043148	528.05927129238	425.165480576497	924.789630609741	701.899322572046	388.776639793656	356.181843773	342.281679609197	471.65103794991	486.634587974928	646.860579715636	722.724536765676
MEGAHIT-MetaBAT2-S983.160	1064.62436162735	1754.66649883014	1582.74314634601	3040.02706675009	1584.59940226881	2257.60840260036	2193.90437906417	2414.61943871094	2689.92780432601	2623.07860905541	2959.69045114806	2182.08847625321	2776.4319975069	1918.44152300029	3295.1193308939	2217.31598720701	2036.5454414188	2645.44148485809	1557.05504631072	2533.62781911937	1940.14410449927	2538.79360802163	2271.6528283831	2264.3938343898	1058.82163256258	2586.02770943436	2467.86950304093	1471.59972171498	2748.92839405755	1917.67466328166	2895.69284346477	2780.37509121253	2259.08808625752	2511.70680243025	2225.25240248004	1472.69323670522	2667.72853448401	3036.95915009271	3242.03494173164	1926.87495692463	1236.75749551513	1809.41720601416	1973.05471553688	1318.94559670565	2817.99444442392	1868.16018691915	2286.02389817446	3254.60749968147	1978.77651175255	2115.5425700213	1778.58093183418	2876.62071412126	3022.97532728373	2524.20371382802	2690.30376574155	1831.93858960464	2966.10539218771	1836.58405879453	2904.97392954486	2608.46770615923
MEGAHIT-MetaBAT2-S983.173	1447.41128361403	1303.98253074026	1504.64409030042	685.452192985427	1462.00086747948	1014.53028162074	898.534961247869	1013.44726339314	1000.1917902059	1194.01787742732	1459.64907932654	1309.77713545926	436.401139206389	187.199940332469	825.811585710359	1517.11380157384	1617.03920848979	1417.9101494146	1489.76410646682	1791.73339961949	1261.60456959044	488.613985364585	1282.52982774611	1338.23629420622	1917.65626124241	1252.78787636863	1260.73751706723	1187.6043041284	957.616303172142	540.279822863985	1036.92167999432	1235.12203069748	1630.06396660435	1202.25236111861	1045.00990783398	981.30267678984	750.624494965574	764.207885011645	1463.14152989638	629.135377582122	207.623770691196	1786.1416818821	1696.83740637352	1239.92901156429	1350.80285404555	1117.57480169841	1050.5496147502	1411.71557707584	831.259430252742	1763.43191345371	1490.85723446775	1003.95919929283	1810.17698550363	1321.92729320312	832.778659309338	990.505156751526	943.811045453262	918.351066892526	1150.80084344525	1612.58343721435
MEGAHIT-MetaBAT2-S983.18	302.724351075791	415.620305199403	183.007684928058	395.66047004145	600.365284678081	453.973394525743	192.080853724215	412.204875373964	541.768306473072	450.875933669909	578.421302869152	241.775195369427	369.022915958207	0	692.408479496938	629.161593939977	598.417538000368	509.536159702562	277.201556090738	426.65093853669	504.239635727811	288.518623856384	431.401019180986	735.274399020971	553.887564689076	510.022980597892	370.434699320861	452.377724380735	464.505370318585	270.415144684143	654.904893726006	499.837338257996	458.358791829194	453.292953434433	433.867378119047	153.248108591003	492.561649679059	356.950037425233	695.054563486126	576.836262379584	0	642.677549749672	596.040881945967	0	434.085716428208	400.328824350908	547.758251475332	587.746420934487	520.221535749105	670.726310499146	669.343716873719	436.013101798745	578.350575054498	286.483522794541	362.512252821174	416.206678377222	726.860321278587	324.122706990389	554.994806633651	837.410025396476
MEGAHIT-MetaBAT2-S983.2	353.531207329376	460.284518294009	211.618404306891	198.113623035208	446.994607381473	392.335111930343	209.612166820413	263.880034600552	295.993914889381	335.947616804839	224.926252520862	398.26229963753	285.060377053516	275.42641322113	243.732957255861	384.11421017218	186.792887870857	378.248035655439	388.015954591609	327.836213514223	365.458264545388	316.029165886108	537.558627186052	279.745373445681	492.378361570385	370.096820425317	291.079786241972	573.116154483612	462.779119030403	375.031231290844	236.687198123739	377.690545144485	221.296847421297	370.26461576182	292.854122087313	436.171956105224	313.856819811176	322.603144749182	365.955086716241	330.974553762653	218.678691599119	380.167152650307	382.90671204464	179.59395851416	296.570663228714	238.736240372274	290.124741434641	216.718120948549	325.621073802012	461.597579527045	368.969603648358	259.511733031306	389.588562539074	434.648063443012	367.323216584484	297.260422104987	359.484402127565	284.645127483805	218.669801669908	311.034534917329
MEGAHIT-MetaBAT2-S983.24	419.844078943548	0	474.844602826016	520.414249521753	265.677511054963	375.364359867811	498.588861014831	367.49302729524	465.654241904654	518.284706492046	558.048828420011	293.974250643394	439.721435544767	266.500223963103	438.965176756876	236.214085798542	479.779936934672	386.148217731678	385.350531642747	336.850981927326	238.330232558968	231.575537234454	483.085212189001	312.409266041275	227.252096780998	0	200.762680767039	246.423962412192	367.609407448041	253.958441601996	499.800333405483	362.050398878387	231.675366854156	316.708880688407	0	274.587817587983	409.167834530982	375.257431241529	319.306067631516	268.423113898349	286.455374439178	230.108341389228	0	65.5495707172037	598.113153636792	484.243236697871	617.713033517242	502.199059535628	483.882615488527	339.828217846349	568.327790377396	664.989489891	390.217645143825	435.626739005415	407.995125044815	595.311389744752	479.090310006505	451.400139419046	511.537546771419	550.356371631716
MEGAHIT-MetaBAT2-S983.33	798.889537480055	1152.20835050158	894.177062804329	850.642649163859	741.659063089784	379.861689250939	1100.71250896462	965.101193854886	779.084572427842	688.97244571647	958.479057152643	1003.58641600047	1040.18516933101	646.200444623914	711.50901569048	715.359384091595	722.12327593161	1200.80219178427	610.61069394585	734.602037887219	893.615250224026	1025.09197570083	1000.16713382924	692.051249032665	472.465725782879	776.82044319234	939.590543031188	774.884697116368	847.737799100264	1112.79659685199	1016.33109007348	1014.29063545618	389.26612871689	832.216859660983	822.405880055597	845.351141301802	959.967947344254	980.010974422658	673.721371064551	856.691130631856	374.117351400795	412.090707885059	472.261854738348	212.836610596311	973.147672290731	780.999665126659	852.959074886085	889.830462890282	953.508019614722	542.666333941652	759.857546897024	603.956045276289	766.228604510679	800.136723392956	1098.35838586752	886.354551023239	783.404708840078	661.571503813054	812.720386170698	738.631935376939
MEGAHIT-MetaBAT2-S983.51	1879.16857013767	1636.75310074439	2876.73999624245	1683.57981649662	1289.90283437805	1491.89997216746	1698.9815995023	1436.88507148084	3483.4545024598	1481.97191079795	1523.66207022372	1829.46702488703	1740.10058291886	1298.46844892182	1483.95682277416	1071.31107580146	1436.18279835837	1299.07514831386	953.95157451126	1887.07214733899	1568.75967288216	1916.13654075999	2475.09568926288	871.802415228248	1474.31423916623	1160.74286859868	1668.14811360405	1265.89590798304	1902.57336175572	1321.95447672244	1255.38306128874	1873.37120794598	1559.44308694938	1024.39207802103	769.516820950575	1100.1193176155	1069.03987719902	2086.01896787534	1298.94885694774	835.831687195097	478.028661673885	1157.67975892143	1113.36112776401	639.406972930873	1134.32492616892	871.846728915951	1414.9985132149	1741.5371087022	1013.7301700087	2776.54180930583	1340.77732621902	1272.89447556594	4923.62973078321	1236.07771077115	1063.204633125	718.127287581008	1196.65334914794	3222.45152866948	1806.77714082435	2331.93795757511
MEGAHIT-MetaBAT2-S983.92	0	0	245.239555714625	0	116.698714538771	0	0	0	116.775727784007	0	0	0	0	0	236.963916222442	0	0	0	0	0	0	0	0	185.268460414795	0	126.557212252414	0	0	0	266.877005068261	0	0	0	0	0	0	0	217.381777801939	0	0	0	0	245.699090345989	0	0	0	0	0	0	0	0	171.700406384267	145.975972903738	0	0	0	0	0	0	0
MEGAHIT-MetaBAT2-S984.21	879.55965797	889.156936615044	1024.40764022579	772.497387893468	1121.86796816073	889.346845012732	1002.83054768731	968.893398502243	1049.86922234626	1221.05834709707	1243.71283733379	967.987836953669	762.477851741516	464.326252690256	1188.95314884637	1186.71718840044	1353.36430033789	1116.09022989893	900.404924657582	1160.74843878985	946.224884503357	896.398799357302	1402.73604916526	1472.32849009888	1070.81966598007	1001.26059885393	908.641014950766	909.776892571718	1127.1610223873	915.922552062278	1161.58840679639	808.642784402832	758.378561960354	973.854222693182	717.023671913639	839.436448485787	832.655066392136	1044.11905423419	1232.66818991576	697.486949019338	473.766547821126	971.540124211365	1275.58967108796	198.895934883811	1211.92032106093	900.168968032811	1177.06389807572	1079.55245293817	1259.18841194603	1461.14280118146	1554.24963445411	1088.20318912322	1330.79732483759	1275.2837285138	806.5527814655	1055.81952967835	1368.93733902191	1139.89461033968	1004.61941329916	1534.55963542531
MEGAHIT-MetaBAT2-S985.24	1792.24009829552	1464.83147117662	1873.14286309059	2699.77935950661	1725.2313498296	1643.3320468612	1854.7909309645	1703.65899708103	2622.95817739232	2103.12277573592	2289.44662376509	1778.25591392116	3181.39149634666	2121.47512175626	2427.43242898771	1389.71088767117	1715.18011085712	1612.10933313476	1473.51688682934	1760.83152250333	1614.11595884051	2126.26949537611	1836.43876516324	1472.79233874131	1430.73925525784	1400.39619912003	1778.92383789192	1433.27363444874	1737.3513910549	1819.58138097815	2413.06219990847	2957.60108655088	1293.36442708133	1342.31951030884	1491.2548317175	1494.29928378925	3194.23462246325	2166.77266874349	1509.15513054646	2301.35197479493	1504.29514939673	1294.11011050339	1311.81589859853	1197.56847190732	1686.24267716941	1905.70796881435	1813.75061140531	1801.79213805418	1814.12318725853	1545.09212467985	1829.24424442487	3211.94470790833	1820.80593561315	1555.17747265549	1878.65039089906	1912.51356532896	1988.32853752237	2161.88332075248	1882.45429829665	1877.9100548693
MEGAHIT-MetaBAT2-S985.50	2323.47415440002	1973.65423049903	2032.54837752962	5179.00466493439	2444.59728596629	2696.39882041311	1773.14184375826	1978.01844031182	5331.92617800403	4794.76953810873	3467.91381201495	2566.08292216103	5565.34748888934	3262.31695342066	3826.39639705204	1907.85740773901	1868.03232266078	3509.89228654341	1800.21513184538	2642.61886846829	1677.15741274006	2292.57699514055	2235.0725322619	1645.5013797378	1880.59335543906	1696.52123715365	4247.80119478147	1630.34207719786	2040.62431389491	2345.1280389597	4433.27341904276	2529.02028519235	1970.94258444559	3206.8717212209	1468.31342498701	1301.11320716475	4298.89790819609	2909.10825977736	2064.2017928823	3222.027014275	1961.84043115196	2034.9896308915	2471.24247454613	1145.62984769512	4821.35321959974	2122.69654512271	3926.38711058764	5282.08896298996	3474.23103892825	2671.72582245692	2128.88272697094	4250.35264045579	2349.17298740651	2093.56620282596	3489.89925910813	1941.56077766833	3563.04449223267	3142.59535135728	2395.85634852184	4016.34721085072
MEGAHIT-MetaBAT2-S985.88	195.894630041868	0	309.941722027542	165.324949671394	149.622862285471	470.112906810323	498.013729318982	586.311972752204	302.578904866909	367.53733413745	546.520621888336	592.08882119271	382.370824493469	0	360.875388511287	610.888278316071	450.086333967811	339.58873506408	1101.30895863041	668.927597828411	509.594663058197	0	184.759260751221	1057.03356095806	726.695154100753	641.202090976848	806.728316701813	427.680901631401	401.878126896627	330.149620053857	652.430074645292	215.802132563915	511.688678898115	982.910705460309	707.586565314832	377.178163907826	407.113716566802	241.72816591766	203.830754047331	890.275020674731	122.537857447694	171.395055335622	199.572680757423	1027.42612874777	445.858483703739	582.026261459943	611.620940957777	570.0925540709	640.282201736853	266.439349199234	366.259436878445	1074.22659048538	517.878628550162	773.373368520342	958.83335170893	713.120695583372	500.113636059448	162.033944368732	604.240389938414	527.346991138369
MEGAHIT-MetaBAT2-S986.109	719.938981117775	841.684943618029	1035.48221879437	739.953329169818	782.017191206719	645.104875744438	1061.03762899408	1094.49579964557	782.075602308824	678.129000225349	730.280402642858	1024.63363720739	939.660979591404	694.008041755097	877.520509056921	630.391833885457	757.952514966482	831.238378878971	774.251545345939	849.602218154992	1030.52674151677	1507.25117376749	1311.44157094681	672.58195450779	558.038827319109	727.323446853316	914.39676006239	775.786705039246	1187.22864690053	1746.19323832667	1146.17847583921	786.0862181	458.231432023265	590.778740792735	930.878077903473	1487.88787648994	874.12919511579	1530.71264389486	823.940812099549	1073.9486539816	601.814599527642	512.838794980799	530.127674627586	233.015579674051	1125.74171070136	712.988040710145	848.046121765303	691.736657226708	837.879917516237	629.683315456757	796.240865839459	659.736751736712	1003.68798122916	718.234297148659	1893.09028558022	934.980694397897	907.613557383331	738.08703404201	1272.74408920887	749.520903662033
MEGAHIT-MetaBAT2-S986.50	1202.38997706243	907.533568861373	773.882226510156	915.026383972292	1350.68655133661	565.434371920781	915.028460401237	917.369858603546	1038.89745027325	1039.30024292578	1151.15134155272	1046.13117619085	659.498501403079	570.043872251826	1202.67398043691	797.449749916108	776.332944501253	498.764405903612	550.191541827158	907.563135782106	516.185230828667	420.210558124027	1171.39700878754	780.732060338689	1159.28500951693	534.208511248771	719.501063971266	804.952700236458	770.01254502803	530.020980253953	718.64277973923	438.757759302937	658.714017879929	506.672855089463	439.661117000872	692.687447366566	587.515857185842	781.442129740439	1315.93614878199	215.300401877363	383.488431840692	592.501023005977	622.356891014378	234.697663963099	822.919782423028	657.415882934833	784.130936527345	1131.99588008479	779.811148906403	1287.21409037957	837.478784864369	433.239629347027	1305.35672213307	1263.35603941757	527.879176943412	558.282725876168	990.315819146692	799.105030662695	736.846292115363	1144.87227046678
MEGAHIT-MetaBAT2-S986.76	1672.6882328545	1833.95027685578	2583.31975995988	2542.64080898746	2878.867391693	2090.55425033557	2796.8919406923	2994.17006543899	2909.65862753812	3558.51462750462	2735.76209091816	2179.17241099179	2758.6671293566	1787.61395902011	3330.24793471413	2664.84982629122	3224.32036756021	3045.14637717613	2779.01553078474	2936.42844934662	2342.0071975487	2226.63249423739	3811.55680003541	2852.60687365241	2102.51511656823	2097.67882803845	2564.40460313294	1627.00269691095	2932.77554320424	2141.80037035039	3139.22357070323	2413.68783702064	2086.05063543195	2370.7970552281	1914.94653932261	1451.44208360728	2616.10814967505	2637.48317165371	2785.28572852032	2090.82746807994	1153.8955970327	2099.36504495844	2488.51707373557	1395.32466852867	3013.5899558211	2629.68190385981	3032.94120992121	3221.82808087251	3017.04650319574	3772.08492004891	3470.00387160117	3564.65129642895	3347.57870245765	2726.14214891837	2685.08729499923	2361.41985826405	2961.73736264952	2925.57021512103	2773.38686652133	3635.0639821381
MEGAHIT-MetaBAT2-S986.81	836.982642973441	881.059993749639	802.823118217027	652.66348986615	1337.13675068882	741.432885230278	709.457621790594	707.752882314921	791.424840978096	999.009536621596	561.090359398973	688.191873117707	642.923314324174	496.914614435386	857.726872192972	1019.4355053712	1167.36080677188	900.658279308404	800.235756618326	952.879455202814	856.754296123446	403.741439766561	785.66188125588	965.486067695937	794.083157286772	766.597875140646	754.946952072881	833.926495005805	672.59156094926	780.06162723691	875.729870052444	534.232482026924	801.903857438774	659.811737579118	680.583122702873	586.782930879378	611.274892953703	567.97114993899	967.082284255207	315.958600816494	0	1062.21609396224	1084.43606695298	0	873.383510062366	637.963525658984	851.511628457369	700.636979143219	954.494720711452	1281.09362773553	1302.41433079672	656.353929638184	1480.9465561472	780.047583462918	553.86324783416	763.952987155819	1210.14332767242	781.46353696851	586.456792998536	1004.90843701529
MEGAHIT-MetaBAT2-S987.11	490.597398707049	361.307739851937	569.27273782331	477.343066876809	886.346614725978	581.814783413377	580.548469436783	312.75918232178	534.345369112843	745.358156854762	633.405053628569	734.493491841868	538.68782069631	472.073390173998	594.439487303325	620.841653622344	748.054885217066	746.194038337637	608.21676094553	779.840425853519	499.273762835289	599.259643375071	733.469807973719	526.1899065811	382.14961054094	522.946348351932	495.93564666071	457.327950945112	549.152005983719	830.433927894659	685.808882625137	638.750737811284	506.997317450232	389.315321187788	428.757251441308	330.606212601353	527.391362067159	397.497006541809	487.894688312285	379.203771482573	0	606.350565881369	655.897129191981	394.383102978409	694.366419657059	466.358265924156	674.962565378197	558.985625959482	357.251699075028	788.117453281865	799.566920855758	669.536755506027	827.713462584237	889.466059626595	473.001143737233	465.050825656286	590.232042236139	506.78913299348	476.725327995547	966.602037198062
MEGAHIT-MetaBAT2-S987.67	339.096692777988	636.135322659324	166.595501115219	0	266.139788903334	429.565020734022	396.810419628079	114.906870428445	295.91220315646	415.700016340144	818.247714827042	456.858238183229	395.389643918173	264.517484426071	438.254826695884	440.873655832845	0	408.498355619411	612.895837636553	335.399578689339	332.937481763648	0	474.27619102913	311.762721182558	167.743313153729	0	287.29809800538	482.867873687092	318.077890131165	629.157752063992	267.129993113563	649.196891420016	288.534615492722	480.893557690414	304.118216994837	0	478.293617367334	373.54787144285	416.533198044509	272.217928812847	0	396.059111854064	471.376203842138	444.840243816927	302.862748932933	259.756810490275	352.210417247031	529.071687924786	281.58469189652	326.700833983559	194.88041663854	426.771084476343	343.222957072871	509.648648657283	586.605193428938	279.436515332967	176.052132751523	307.573913536179	347.3073659625	382.928485190779
MEGAHIT-MetaBAT2-S987.82	197.026748746247	329.178639347842	216.392899154633	311.232583257013	308.333167432205	0	0	211.826659347895	489.526533819671	416.321240195501	291.637250815405	416.838327544296	286.340253511764	254.321670979997	192.338201797301	354.239551994408	0	0	0	0	0	308.877342339808	172.804529914176	0	0	0	307.406834339452	289.91406299567	0	0	240.203254760766	0	0	0	0	442.369163614463	185.740935851525	544.901322692349	146.150299483834	0	0	160.690330224258	0	0	303.684798000271	0	193.456225026545	271.149833542061	0	164.45568827772	397.047790206573	250.303117831631	319.551931201908	521.827843614447	167.32801130942	305.31271182902	229.591191412215	301.639631823477	167.015443366734	292.154003141304
MEGAHIT-MetaBAT2-S988.125	0	0	0	0	0	0	0	195.485276060709	184.353981255966	0	0	155.992944876141	0	0	0	0	0	0	0	0	0	177.022412585046	0	0	0	0	0	0	0	0	0	0	0	0	0	0	0	0	0	0	0	0	0	0	275.550246581834	0	0	282.151556867067	0	0	0	0	0	0	246.090334597872	0	0	0	289.399381789582	381.08924939851
MEGAHIT-MetaBAT2-S988.167	333.263295124359	0	199.059231204114	246.936311247158	274.960353061047	426.829080523444	0	165.665123524529	362.541874290918	367.078147005911	369.085166041188	0	453.716607489905	304.395165559417	457.012136566861	0	412.505854040698	160.880952715284	169.919893473604	0	581.68854975728	599.771741726968	163.780351254993	171.528629540847	0	0	0	0	419.515316872012	913.46001058833	266.011118745423	0	0	0	0	0	201.1114157859	215.789722099191	0	0	186.767947192676	0	0	0	377.689924681127	211.157139032733	385.006450943286	439.108796267434	185.026007622832	338.865009154528	315.502671846699	241.826881544767	259.153391034087	0	1180.11514228182	187.596160712052	257.122599301603	645.250270432101	438.931553930357	366.398684245258
MEGAHIT-MetaBAT2-S988.179	841.470394401147	632.430283138475	644.048645604389	734.029651933332	915.224004629422	575.758904477831	653.189191850063	813.912460884163	792.52889708377	770.221236045235	599.959640513181	880.16412344993	753.15086962027	371.625658552308	676.899792769514	555.552984163949	524.995595953681	962.414139947571	591.661158325785	859.093475704705	711.690253701106	663.685455874948	659.786028255798	489.340114475395	634.963885267416	645.017272929587	615.028011989865	617.175123506609	736.711781602583	686.89448214213	860.367393163848	648.086848688586	373.017957858089	619.270104857761	454.991296147305	536.630184295588	644.982801081307	719.476199938138	569.129997307665	577.819099620172	362.796831851914	497.60229982804	452.330190759121	210.067794522186	737.304157360518	671.75200024347	627.699427695487	583.761354870503	675.532634746527	568.136141574191	747.689241231493	594.595222639338	666.742006240042	728.983466975545	1742.7336316067	1030.41091382228	845.832456009888	669.335304411826	780.273365493839	780.838925311897
MEGAHIT-MetaBAT2-S988.19	0	335.13497427928	0	129.374114514636	501.112696008994	0	0	0	0	0	278.635505769227	236.686761176429	0	0	0	253.800351785934	0	268.520012269592	0	0	0	177.356991158054	165.126059863422	0	0	145.339000903775	352.767638524344	110.671004270259	110.550177355885	370.56043053183	0	0	0	137.234113412488	157.706607938867	162.037318380764	167.26193491404	0	131.95807031695	173.121122802971	0	0	142.778432501942	0	0	0	0	0	0	233.519577019357	161.304722549002	0	211.555114668347	193.88459061369	216.48988696784	157.883880116796	118.787293365751	0	0	0
MEGAHIT-MetaBAT2-S988.9	423.81849874177	899.164340101107	393.232491453969	490.318277888109	431.274584750681	319.86760589562	329.746573253585	601.935743370193	381.140201062859	386.482330578503	739.699227854177	558.637841665872	333.604189980679	488.022118547747	613.087859725515	573.632554002991	359.359149191903	677.529796258019	498.825142113093	438.648174997645	357.230613300946	571.201189085823	551.228544099953	397.950450175551	463.169216917787	551.317461065829	364.737560129814	468.328614987208	440.45378007162	846.6193718078	461.891525822804	451.044540458475	444.168880826202	413.520049296313	539.342921150057	500.895130554399	446.318110193002	384.173485118222	360.644697583301	540.069468767181	365.238298512535	441.296781892407	261.964277131612	372.293842949701	299.009023986398	496.375329880724	738.727430481494	804.417859192255	611.242014733857	467.564303543794	693.767839304759	413.344757306971	374.774834187358	427.555804698178	1662.38604911735	525.3544556381	435.766416937985	325.341431561441	395.41365941048	563.848556829186
MEGAHIT-MetaBAT2-S990.131	1826.558863737	2343.95062458917	2238.66735342174	1230.24595596199	1264.37407276725	683.823725596327	2549.33974673852	1880.66794846638	2147.63559114298	1742.01014086984	1918.57470025419	2364.29267041448	1795.61059169331	1193.99854301741	1028.1750948039	1356.00999425831	1595.40613468488	2278.32878361872	1693.888274758	990.394526396725	2768.09081164415	3283.66996471774	2120.78939397868	1134.68068254483	1008.76805357453	958.694474036293	1216.85926581338	1906.81918266656	2473.88452867015	4650.54628778787	1615.73856516009	995.235434798865	627.716440828089	819.310813944748	2972.11733555517	3456.41608839408	1666.24288462222	1727.11013153649	925.291188420516	946.822415328151	693.465600177799	808.5229533143	706.371775306195	677.106150005219	1196.76000995467	1322.75640763576	1453.98880781739	1041.29928574302	1398.21423472692	766.810694016521	2023.88508815607	760.290664094415	1036.08964330585	976.405012590755	2170.02953565844	1314.21335782072	2136.60538992457	3401.64135172432	2329.82561923435	1323.40514978101
MEGAHIT-MetaBAT2-S990.160	554.887323673052	518.956540021007	417.156241644699	607.220801467468	637.969241680609	660.928178619145	877.768496536141	636.643513107836	891.475847744085	756.775463833858	509.496442837931	560.889720163567	788.003114611277	590.257701007604	685.452616507567	444.829515790761	392.595802296516	556.728555680138	420.397547610494	528.619293645973	451.461154025447	685.064115637837	536.637786435788	369.415167039119	358.956474634569	628.850653403745	626.543637211271	454.089531681478	549.623708147673	1040.26472852232	862.375775636109	907.169787077948	460.312176921908	566.183023167299	435.754334452463	399.068924553911	1779.8852268617	560.072123512299	479.803200864208	429.462568855255	219.296811831616	415.462993045126	369.451827944973	319.816638882852	765.441796434208	528.489689616142	573.581885860854	590.62201795775	888.66148585539	659.357154341256	579.635399837735	630.599894376254	638.55481157504	455.968613961404	626.408248910407	589.56797387511	841.717127460107	573.608735886969	567.418776511276	654.865447727837
MEGAHIT-MetaBAT2-S990.184	411.057368257558	409.259158723942	415.999389750108	250.670656654779	465.664152589608	486.806014629061	496.259685027592	327.342069215902	595.06979581764	592.319578161204	310.300518309111	359.867891040032	526.266346425882	298.860533829876	681.18280751923	412.742095798491	387.815708577955	708.157551763566	367.677954140485	334.572922557166	390.680398570513	241.667419278143	506.135676309315	363.966945572483	331.535887013968	246.413987368512	252.87907369902	312.007036637414	453.018037139339	384.327828508501	438.12375506476	379.794347326208	193.921981442287	269.915403675487	224.969225274696	105.050839854127	266.842585279891	677.676263100251	525.308945810753	299.761132935736	181.151908418675	371.901027683745	595.882219648003	0	487.515789400258	504.384428384415	378.01476301068	421.068675956439	577.613542691034	461.604198383329	542.436810436915	508.251903183594	382.013476189855	393.292214076767	516.616866139135	533.138826777194	1112.91966598085	538.408713404088	489.876198667838	1084.7341113755
MEGAHIT-MetaBAT2-S992.120	0	0	0	0	0	233.481914996242	0	0	0	0	0	0	0	212.762548724391	0	0	0	0	0	0	0	0	0	0	0	0	0	0	0	0	0	0	0	0	0	0	0	0	0	0	0	0	0	0	0	0	0	0	0	0	0	0	0	0	0	0	0	233.371819295883	230.558847840698	0
MEGAHIT-MetaBAT2-S992.171	731.099863003456	1042.18448506587	872.268885480156	2135.86722328969	649.719170768822	819.631741407765	1254.12528642159	1253.1104001902	1557.09795817824	1438.11191791186	1617.32225610902	2168.88279163782	2096.12218663537	1182.26905740998	2265.87224917566	804.633892506856	717.895839760695	1372.55871312786	717.012742208897	1389.27364386477	1189.07124681327	2524.33205059464	1771.53134398742	922.947049970544	384.319654765751	1302.87324651383	1350.23485523516	562.399526429869	995.184971610387	2622.64607862713	1953.89874606774	1593.94124808736	994.145969623614	1592.4474180942	1518.47822568071	1213.22378197742	1846.97623411487	2846.25559618281	1337.3132936042	2460.47260790745	1052.95873877451	566.829543926142	702.713400940728	858.709698038218	1845.26530953423	1037.3910292501	1535.91229839533	1608.99566081864	1334.88356591923	876.552748862418	995.684181596074	1273.48385094296	1494.45091208813	754.525610761695	3126.7103437894	1280.0803882235	1553.92668423474	1146.3550206798	2556.58520703781	1991.76904993747
MEGAHIT-MetaBAT2-S993.109	1592.51071358868	2283.66517606436	2452.77865630057	1794.20321535587	3267.09586648029	2112.70032274	2435.46397047866	1993.31923911102	2428.93835861886	2301.04437271964	2059.62584993559	1705.82353339649	1785.34091131863	1097.91041473201	1948.14077045145	2412.28098056435	2499.50540867216	1866.43563071467	1918.71541212941	2263.79937361296	1708.533020821	1211.06316076029	1879.40959942313	2427.53031346576	2180.72599970732	1733.39239717037	1730.80171570974	1634.50636691445	1821.00191399366	1683.48522189396	2152.64239017559	1631.61459988272	1359.55952652653	1619.29848737568	1590.82156292552	1141.25089664077	1650.67798422742	1382.4612580213	2204.19855835753	1309.8131971877	469.635357645791	2306.16189865798	2503.22263137504	1231.02616301362	2250.35169508008	1868.91677920217	2160.40302031299	2312.8022294507	2390.41585948616	2665.52346145671	3498.32343442553	2214.36439996437	2735.80009493595	2354.29351968224	1364.95522160219	1841.88627053011	2762.95647706402	2909.89653420464	1851.67342123525	3170.21091106761
MEGAHIT-MetaBAT2-S993.160	418.56182290839	463.111126016466	715.204943851978	2856.15634755941	639.489436242572	751.357143280232	1405.92345280458	1194.60486547618	1845.7423143954	2284.44699962624	2259.8250456995	1295.84748036848	2512.88307916079	1672.93086911312	3229.53015362647	948.301018325095	1278.75455024068	1830.85938680839	648.905584697882	1338.55509835493	734.42200495272	1505.42282696068	1149.08280507125	977.699050814378	213.388601635193	951.798067432806	1184.31522538986	415.342986989227	1519.61204365025	1164.90870796291	1852.37090360553	2066.17954631416	923.153067347932	1325.08842558684	935.164251039751	458.331308195768	1998.40416002472	2239.15114197602	1474.1709311851	1024.58910349214	622.492791208269	661.946826022056	919.081806982446	708.111036504781	1789.27319380566	1116.7286519036	1247.76054393568	1833.24696314502	1313.20059992586	945.138196889332	940.027289332793	1820.63209453775	1107.00121500622	1233.51664155636	1464.09865974783	1055.95219886151	1277.72033620028	921.119184504866	1363.97074612848	2208.36525712701
MEGAHIT-MetaBAT2-S993.96	1165.85460174358	2211.82674037253	1673.8740085903	1652.78886486727	1511.72458981775	1832.52403544947	2125.79476644462	2624.80765217474	1780.74591328994	1938.28002174877	1644.98676790147	1875.64532463421	1466.13180108885	1302.39685083056	1425.69825841407	2957.00486514757	3393.64740091479	2136.57072580812	1796.90022973846	1823.42187249705	1939.11209386263	1074.61463835167	2692.13471621261	2522.93357020722	1812.70216106755	1896.67221429752	1783.55314126857	1007.49331816059	1898.70657644219	1271.20051349398	1995.0585514511	1187.67109498921	1075.50841184106	2097.48484772692	1227.12369537957	1043.34312695608	1338.26324737974	1237.74721842606	1813.44471691013	955.343956067499	755.05671254739	1247.83105700676	2605.63081177695	1235.24175118393	2474.70813132498	1691.70231447508	2343.67160599035	1871.39363932891	2714.35842467961	3107.06786007623	1981.95387644731	1657.00917908418	2126.6963646012	1805.39357620636	1870.54540995748	1316.21273762734	2262.41983603321	1773.38190892439	1926.33298289571	3731.79858935555
group10_bins.111	249.521194772764	216.651301103903	236.515824773152	389.813582051065	287.112060399446	334.068903280561	0	263.452436213673	368.69024019406	239.41204703164	290.458802412026	353.203392137005	239.206545613839	197.623180785878	353.266519015103	169.750089414136	529.488264145253	237.080614436081	236.187230183844	628.207970595684	163.176429517122	0	192.980770773532	294.379156304038	255.908042522706	177.624557404429	259.559149379778	181.409429854909	644.468274723519	0	191.647391356986	166.160467768825	0	257.760493723078	0	148.699073700132	0	187.540872554284	213.627644964353	0	287.92913491124	154.898400063285	220.506573578408	0	289.780261381622	257.725893058945	286.927234465308	408.436108351518	266.890702952329	328.836751495612	235.271075340405	255.187135364082	249.866932219514	299.121483068458	134.270922925337	148.734759262313	374.268671311518	173.777012773877	257.027527220315	313.764197279625
group10_bins.149	612.555830946835	782.187015402125	709.949010101721	798.042888951455	574.701346522833	446.467572128802	908.159117567366	492.334525703808	649.572708262673	592.312333854973	344.772905599459	888.074186867135	735.469981509386	410.609375386101	719.533900739603	910.144231268137	820.293764085179	394.167715133415	908.984831104108	751.5403809069	998.076235083774	599.483322207649	656.112322227169	179.534312529992	345.410287592319	742.455094740903	1033.71668736026	661.951602784358	687.372359657277	589.106756601138	998.074739753637	1034.38829209344	779.064977234153	475.890362645601	387.480173533407	522.012058199888	889.343889032546	646.563374651839	718.207733639804	571.675326399194	278.829892184047	586.966510859326	610.970844025069	347.352426810745	710.395133978736	530.765706998086	560.910824648735	1029.70165451402	454.346777345889	426.114742253135	575.830625884996	803.698652753193	720.017697744476	567.72155366573	776.113369703069	643.587427325916	504.553393480226	588.112823949086	790.507045487704	549.492833060956
group10_bins.221	228.323669922337	306.516347568606	284.789902000384	416.574620390168	264.584149003217	177.489403928231	742.392998595748	286.869363527237	612.764469471116	425.75180570735	340.879478346033	430.717979471639	554.406564278089	197.773338760605	391.774563951661	320.933755215462	237.703791786634	219.84596666373	221.846858690474	325.476280903902	346.19762297329	467.198545311995	376.984686220633	0	257.000532055263	286.546536412592	290.822888842689	276.422074203907	388.245404653367	477.389624233359	706.495745423578	403.949283093303	0	278.825707459948	490.485777809415	205.850470808365	779.458736926659	470.99774731065	280.895133689069	373.673587602008	254.663742273673	223.013007644239	0	0	330.757962812186	303.817143405884	132.616739339408	286.009306635763	286.717814857205	322.639862394948	331.596279761162	336.649190364501	342.851075506568	224.443471247128	611.807376388654	264.492197353462	346.707738477643	620.945742036398	438.02848492378	313.289830194478
group10_bins.232	328.948992795148	308.454158348254	496.93816355288	737.537312799328	406.120454096118	424.836079113762	569.227380355	406.032133253995	795.395486023894	758.903564060163	605.393251406836	553.33304743288	778.62809047977	585.305720944915	587.52968912322	355.529190378521	440.785921879234	609.38425115115	288.448637596503	437.574298128856	296.78181471547	523.816471981275	678.879836336765	333.938856671003	260.238956949947	347.7310622726	474.989765653082	250.494964799143	430.098874447486	519.664497984756	751.276314441391	373.369284483192	224.57677215861	268.749264608229	332.418835614662	0	457.602375808675	468.949137659088	234.4922177913	360.678778884586	814.032963004643	0	473.71438397168	0	736.453394360472	551.023995970797	675.059604688518	542.149062051311	559.912247635096	425.483175932791	494.073968672902	546.612293870944	492.362887393021	400.634145640269	536.030172865145	498.004488731263	717.571172060802	567.268987950394	538.038107534861	700.245164434234
group10_bins.307	359.522969462136	521.303526355671	366.117987599677	335.408409647725	415.306807876449	389.495075968807	457.408414337575	346.717609615191	412.059312771251	434.527357866857	409.863825813733	484.668519503799	362.897124361063	321.581908279041	420.93569793702	557.650832380931	393.639806025747	495.099260370716	395.414745599241	464.829486880963	441.323332940178	544.451333204338	473.940014028348	417.251198375835	477.338445895832	459.208454354372	409.562115308631	444.261319080227	407.1244942141	545.640257557958	406.694029950245	547.739573130139	401.094486683233	377.40534727828	428.875598058514	447.318014984432	369.485310673863	391.815492751853	489.5729322145	394.433985988477	0	475.293792292838	595.757533870104	317.713916178581	375.891518048593	280.407482070555	481.759136799688	367.466808121256	304.705939039601	478.273691453095	388.59940583085	360.137518246615	563.018705905896	509.729776581496	430.326473519681	296.264508580902	729.801059667916	334.947828204853	426.287934418714	427.815750734471
group10_bins.334	576.158650980958	274.464685998147	479.845623096646	558.738597974623	532.527856163311	964.154342975968	683.769371052493	253.758989517006	899.018885429149	970.102208478692	417.092386987916	388.603236460312	853.044831099999	1000.37441871567	607.56643311826	360.826047434547	332.465605272779	515.063457514344	277.791156678401	299.535911581239	442.9738998212	377.446287037669	641.858734508863	440.434696495333	263.530346790275	209.405494539285	386.629131537652	135.721284011048	435.909097358588	537.731145786159	925.800993508515	488.359858022275	198.582345549415	227.019483931151	234.753138001031	230.897240414649	250.343525020306	415.391192874863	173.508933926881	342.564720955418	795.98437413546	261.727708510959	259.409060755693	298.544807254807	770.040681347563	675.28348241444	601.703938159332	632.239620326067	664.191838333049	625.417534507834	668.837207199111	658.455823574107	654.37777721315	404.112182558256	612.372898499694	799.956661403731	878.864271978685	964.846425836747	706.055074805614	763.62324573445
group10_bins.379	0	87.624901047979	0	0	0	220.411211866606	176.558534624691	220.761616329517	0	63.5303543443607	220.255160052994	184.659322219779	134.879848047295	229.954533500076	132.294811129952	283.43034903952	290.79787409381	167.18019113764	114.547811077558	341.300305619009	224.269666143558	152.19702943571	117.51687077766	135.172343777117	105.634487154563	213.038530142848	142.693136861943	241.721528696328	135.134775694186	298.094716079468	147.973858202637	245.019414036241	241.2343939567	267.675205877992	167.902008422793	315.930619226419	202.771571082709	106.671219288531	205.195995866437	401.364390454374	236.995873311785	156.219038034833	0	0	133.953367866018	0	0	240.938832278795	204.810500369056	361.260163840845	528.091589894517	0	172.259086956003	196.094133642696	227.097165485025	87.6438729731722	156.878294460372	230.295605617928	0	118.136987723052
group10_bins.399	502.225323822797	589.072128255978	527.063812581814	606.943253982589	442.877587708669	512.772319363417	754.038347010325	486.243728542815	683.889980385509	650.718236941382	466.961398762076	623.826881509594	604.447819314917	479.187524782536	548.445030252721	449.359455627208	471.28061468883	501.232502806724	317.625858304621	498.302411968044	452.758038178504	416.713466997979	648.771926329558	400.263298702048	399.003393918722	344.15879233618	406.914683286216	483.762496911738	476.682214664645	952.698308629379	530.41204167901	520.230772790841	373.432705524795	391.388268929304	397.78568226817	550.214885441104	449.087397551411	611.072599694777	513.570070383728	566.228755736648	497.46060063217	334.202504438948	522.504858673359	0	492.994028537145	466.993201545303	582.129324302779	586.491766697555	615.380886710827	373.190499005002	546.922735563228	324.756930707248	416.423003772457	417.367264929118	633.6758060068	476.968265044418	663.67453391638	612.904378455361	517.295226141827	639.716850497883
group10_bins.56	660.56011440891	748.453460672164	842.521553319591	1049.72757183533	964.473273083602	932.468812472031	887.139828137547	924.477141793028	1403.29792562175	1173.47587809514	1114.83151841069	717.730127950317	1375.5746118435	692.243315902202	2183.53076192019	1170.96531588591	1063.20095184462	974.640539859045	787.391887534586	920.698106367049	700.369603157763	436.983068805734	1201.49183844906	1279.44620820288	844.778486164625	721.353675097825	997.129460822231	653.886205226914	942.826714675134	657.21486592646	1140.95989705881	1606.67819349052	619.442878272992	790.461944497607	958.070582980864	469.034246450478	1649.87735356088	766.585526924737	1127.26386719619	812.992522920872	393.232199173639	880.091067788654	1281.23282774737	533.840281786149	1187.77973360361	856.587302752112	848.092997394212	1261.48838942124	1230.18596195594	1128.89188484045	1060.57993395279	1313.46582891235	885.578853286939	708.992904653788	705.875816915661	797.023826133435	1213.1350248432	1148.84529106015	957.341258195856	1605.52230447774
group10_bins.7	1330.44521239555	1626.31596246737	1658.15027692362	2360.34779913633	1561.05854696347	1585.82837590869	1428.20548012043	1968.36901426105	2442.39109030189	2088.25084437335	1645.93868139584	1992.27941764043	2201.0126387228	1245.23718727044	2473.72607362626	1875.29698740907	1660.41041612621	2006.49242742226	1267.95444366628	2181.03788292441	1072.07833669485	1403.65265520923	2416.32906564286	1375.48376951023	1833.26508089662	1700.68164966961	1757.63341232592	1559.26531757977	1967.21304197746	1470.27570610196	2763.72540602276	1530.76951967947	1367.46360016096	2061.34201533907	1250.29597046124	839.102058295264	2237.33832588979	1991.34821737327	1611.35165761106	1724.71713158573	949.592368678811	1770.85528687415	1795.0557915113	929.109704877545	2477.7683465145	1417.01001268928	1905.55244283218	2066.94366015643	2197.19464237831	1813.66536451374	1588.4449971651	2259.15822290807	1982.47259821951	1852.0542031341	1907.31541742802	1379.77611851983	2131.62909462689	1423.37198036851	1709.74913579513	2800.74032560906
group3_bins.116	310.801540177122	266.882602985509	293.464821325079	152.012526016505	150.823678500615	351.897175519157	353.157549958937	182.581986627148	284.792453368793	326.574975617888	377.580543589163	159.626124274075	295.456804073883	336.182259548187	351.783046635042	0	271.941132691596	135.539370758172	303.827107291357	0	0	212.192785053897	345.642759359544	143.716303711201	0	0	147.396742344307	0	234.250633873009	0	267.778153784171	252.394020306208	0	162.549642864332	192.283411140812	0	157.967604668923	226.225535071747	252.307817908312	173.147903695991	0	0	181.023165157632	0	245.161186923789	373.049953974434	403.471811650979	311.276336927425	254.2328805083	233.123182863869	284.165233250569	316.997245142722	297.777515055653	284.705774008243	158.971513076733	380.598871535031	314.354166635954	314.967614070464	383.754701298889	393.24140062549
group3_bins.117	0	247.101605004797	0	140.5139122398	208.608994734407	0	0	0	0	0	144.696821369217	310.815084732771	219.67919542212	0	0	217.78299128785	216.328612870542	200.480204198971	168.318790538831	245.604064665203	257.994916503633	184.936682485493	250.55595158282	149.096373462249	185.34648975098	267.792399075923	0	261.025437203851	0	533.947178689197	0	255.457176913769	191.057454669111	155.825109104395	336.351016191797	290.304922947809	201.823049104817	276.125226253539	263.211574986379	283.627163116408	0	163.529531530826	198.78887527963	0	110.954339908511	639.984337771129	123.403654256792	139.992960382001	0	0	0	0	151.650154447378	0	333.665047532915	127.686724738742	0	279.087317169758	223.652744738256	194.845573105162
group3_bins.134	573.026082283786	430.167827320986	821.014524641512	1606.54520052382	610.2811799549	633.573936268244	1331.95759521302	1652.96548011063	1563.20583808946	1193.60533202492	1171.53617572629	747.443517726223	1543.14720831573	650.04408042731	2272.14874049167	986.334633019169	1337.44769903246	1861.36304312211	720.042679247941	920.341430244673	1001.44769748262	630.923678590118	743.574951152292	723.791047335724	501.224687026423	1074.40588650264	959.450894243051	563.808154017581	1085.66514886495	1066.66591577947	1675.16464852108	593.376851647313	421.161543725088	1533.13517246915	730.37906880609	708.239879156656	1652.2998533045	1514.05282010111	617.565195608145	722.178968131927	557.799686084641	492.583945496694	522.114518052563	615.503303790812	1763.98957927331	725.06341066191	1537.14194787608	1768.81913198147	1891.99823118011	1431.72101133283	1346.35719238299	1866.5725010442	881.273725696786	917.035705664175	2471.06736634953	855.250020964956	1574.06430494664	838.849292944374	1433.92057869713	2487.01198267803
group3_bins.177	2093.7599808438	830.213478897826	1469.30878836404	331.803695292172	396.262774874773	162.627079946238	1153.36504773943	2022.8286139685	438.357060816391	824.031601209252	373.857019382969	1288.93809368354	938.021876133438	375.170187685375	1068.96504704471	418.978056809362	701.614157817264	272.781021694475	1275.58226185656	887.286678716672	2238.23106424331	354.962875772682	592.409855353366	1186.78687161017	250.753070595282	388.159668338433	286.861834606884	704.54454593405	3135.32154677286	1291.82175500513	700.93645250765	363.879851115005	282.711852976012	200.582738316152	760.107644503983	1024.87589941138	516.50742805365	526.110590579619	522.836041509084	376.651699755918	281.261434029155	697.440274384108	272.674306855183	557.165930249539	374.481597471066	191.245121418899	342.849742246232	774.139437447432	2201.879867816	237.216269713936	645.518591706893	274.441574425659	319.140525284858	507.033209660773	266.679445447369	714.886284483192	1016.51651017179	339.993778730333	349.807971642159	421.695150917082
group3_bins.182	1145.17616307824	974.559725494899	1092.48943890947	2037.22272242803	1065.70874366533	887.587463769267	1172.08801896133	1119.54744250163	1717.98100569221	1767.93530441898	1387.87179191845	1489.85146419096	1865.7459078656	1273.9225016476	1609.55022090435	986.49622542529	958.11204849343	1343.01236352283	1056.36025948534	955.657025276337	994.874091012323	1494.87845999243	1457.77971860744	791.124034823487	720.07279428421	893.510068644144	1150.8011881411	838.525513008975	1167.16273804486	1489.68239533362	1570.87688376845	1284.69690461228	921.461665287281	1097.67588094395	998.638358546719	1000.91980359321	1668.54612057248	1650.62217796894	928.587512251458	1350.64348133906	1009.5790663762	486.13232923234	696.831869089764	497.774298564636	1604.36704207188	1182.69209648878	1509.42333755535	1646.66576402463	1748.50768340082	1097.50376311106	1209.2890335365	1479.93748678477	1189.50843725374	1073.03284741361	1830.52167073229	1319.09108527297	1380.62531432247	1027.94908104953	1602.84912625659	1562.61771557254
group3_bins.183	545.437337764001	957.207208933942	1905.62021474899	738.20728813285	221.620633108855	458.336502304853	851.40082417272	854.370278139935	845.121787903742	650.964173809129	387.235535834354	388.63185196749	1112.09829738346	400.592047883461	691.706067226475	367.749001980219	912.931640060537	213.228964360258	416.180018736911	173.073579757764	595.20936786889	434.98600568837	422.664691102007	693.752853594784	749.447406502592	581.045543869976	569.697586762573	1749.47033354042	722.522631051361	1412.57100667149	601.204308092194	452.641245168181	340.574612881761	419.766839031526	487.976553822218	1416.02007809788	2349.2411354502	519.907692869626	0	661.77910201586	342.054687586853	503.448951680763	0	228.887032018136	563.577676655853	290.670700244234	550.745319855183	714.044530439282	509.711120943831	0	690.531299790483	746.014777191847	432.07256875829	494.807902779351	471.936392848356	451.616401837095	800.66051365074	208.408330561631	634.947622147829	333.440525250567
group3_bins.185	182.393589128073	156.584822525291	250.012252520837	130.869646660289	237.99373343274	0	424.474057000381	312.734424732213	369.460066410536	296.416882654096	326.343716760767	279.512921011285	258.910814607075	0	271.701014100344	173.150135624074	307.888130988288	181.574053485975	0	156.209434544446	178.798118886559	333.765218476252	290.503933874196	281.448063937865	0	169.467160918791	288.26916913616	271.331071685663	581.633706131215	599.014722832305	377.279324046509	170.354014949287	278.744580652569	143.869337942464	146.249890733574	424.080074131913	313.191803188598	170.099930678434	266.263831688133	228.071130603965	0	292.172924949183	277.722956065345	154.813590256626	376.564192824082	196.506540657464	293.380953403042	420.456239160943	295.792770516092	363.281749018591	234.663900867931	170.240671304158	237.929561811126	214.136599197184	232.021349188128	345.264624885799	370.43080029662	235.650077497021	437.98577635531	348.717244768173
group3_bins.187	698.473938304878	672.382523225706	779.585780048968	994.802858367437	704.540716630471	313.129034080377	1052.83763372875	747.587266745839	1257.19228914499	828.95573076574	717.081334019618	929.432673598622	887.435197857247	441.399000829127	841.519673533199	1237.76035457555	701.898951659391	945.257302357746	1001.96398542578	930.767742564615	1060.31104137115	938.597340598235	982.123342293093	756.967813553948	901.356002808876	846.632678124324	1111.87598673654	772.996624808514	1101.97667831085	1209.1139521529	1356.7257595508	602.813646311542	426.366101107491	670.507084633084	933.634792703657	753.75446898485	763.97959584327	1030.68783762048	974.410219056169	979.122268682481	340.826617171678	613.893707112862	890.83988586521	454.194422622972	1070.83366123153	638.197833933656	1162.05667115462	1090.62331971377	832.727189749512	1012.11713727445	1164.50927895524	1012.80349458289	1024.26305204448	907.870775452717	965.54608346363	859.159468216609	1292.64121208009	1069.81546121654	1277.51437673856	1091.88244705793
group3_bins.202	1920.63737606952	1630.99997853993	1862.30603192747	1123.53237644669	1576.16305946251	1332.37733942316	1294.6338959546	1947.206442169	919.48310599543	1074.89739775963	940.76427295956	1136.51351010855	1207.85117812763	942.708752566341	1349.08133706959	1213.89354396711	1845.03648128074	2065.70442617445	1606.55841547676	1521.67994291265	1444.18634178473	1643.10882329531	1383.07500139733	850.693448476703	1182.42661626441	895.55178636427	874.469384049099	1902.12567996222	1835.07337962269	2344.22453936168	2256.00649382822	1255.21732537526	1091.49502261199	1497.7238912071	1583.63714461919	1179.17304984196	1074.99237430714	1963.39984109973	986.767339878805	1274.77281399145	905.704968615883	864.727663721502	833.38156435268	513.602064143467	1420.67986011194	1586.54531864141	1434.48515940345	1393.91276339126	1592.19359121818	1276.92389862067	1748.74733921752	1062.62407842421	717.228428725006	1764.71548421443	1496.59566437212	1210.06428624703	1077.78939675371	1100.13684922732	1623.73145666869	1658.81852475901
group3_bins.206	292.431825754857	286.824979065163	195.659028857357	0	287.22443901309	0	433.029429780788	353.951200110061	644.44885962844	149.69641711736	281.252145032992	295.568435207997	977.945664307364	487.482313908701	531.989630670939	218.16424950659	0	224.324977091944	131.462886124451	227.731885738018	272.659169336807	1199.82353878744	284.292784538976	147.068898863472	183.529890390427	189.082674160963	258.915476677646	212.971085033478	309.396647278052	1385.64256194932	343.51517461932	282.289730868433	261.857232516134	172.723103022085	203.468091539278	195.395228421233	306.989070097813	194.264227384688	190.392655254891	626.516671996995	0	246.95010490162	224.005109326766	0	300.003831832033	206.947697489181	0	238.921996155916	159.790184617053	218.044656314019	224.012143027725	333.160078164792	156.66775463446	148.799270597289	523.183432635812	363.254598175358	306.346705591956	438.200061868397	503.913424391715	252.483670255163
group3_bins.223	474.332811537367	578.800036506273	783.717697497232	636.928569652842	495.526244494676	530.337560164555	437.732305105965	495.144525047922	800.065353983987	561.755010494722	484.423127024633	378.551983591144	700.20182203	514.000656522008	555.500900657441	302.158053328481	467.699245915118	691.768711596667	477.209191700762	552.526267538287	755.959564151331	344.069985729992	434.173069679701	441.988045874613	405.351499769311	328.884582304796	186.455668395252	510.737161480305	652.670574666874	649.539491429443	537.359865511283	394.748500312779	236.650507878941	275.204981962087	281.379119412106	376.774029654453	414.846221113817	365.853655672502	278.215466823848	316.08356533376	255.644366264685	200.01419321867	388.073624462182	356.867185480351	564.658392775842	503.88904228139	473.187907456164	610.126555753522	597.72570513201	492.098499796173	441.224881954117	398.850354678162	474.068942103678	344.998582666758	256.979144349627	358.309511077405	590.081784151681	468.432092363219	514.664596342409	551.752778594079
group3_bins.240	0	0	0	150.614553355808	0	0	0	0	0	0	0	0	0	0	0	0	0	0	0	0	0	0	146.531683947858	0	0	0	0	0	0	0	0	0	0	0	0	0	0	0	0	0	0	0	0	0	0	0	0	0	0	93.5939377419654	0	0	0	0	0	0	0	0	0	0
group3_bins.288	296.55135961181	308.255088411082	279.955963763836	0	354.867610203703	0	199.231682800829	194.032613377577	453.172676348199	293.38759127601	329.450069058799	284.784742361597	203.831090896615	0	146.067672390257	195.805623464779	312.360662501238	0	338.925727920128	304.275843238768	443.684930594799	302.633191171749	197.610182914619	105.12072219896	365.831903010747	326.994966626773	331.479444905695	330.280130920187	279.047075745335	168.924379504411	195.641375045274	188.779315652165	395.133377438128	0	213.046416560448	222.216942252917	193.040481536016	408.261635917048	281.851804067724	0	0	308.888980776189	403.180757250508	437.374730098157	0	182.498847817718	0	188.437077564956	295.332791020292	340.778990250644	294.569821318405	246.153053698721	298.087012774766	300.541875086805	0	191.273479686706	0	184.25736784129	0	309.810350189821
group3_bins.292	461.037015784053	617.606850854489	450.942380101176	414.368313994897	447.718888533062	302.371734615696	720.510897762326	429.7587317763	686.06528006434	737.319308323178	659.138766829544	627.772689702797	555.017780865219	351.961862349589	592.836555492119	561.969145106117	572.259099808396	790.141473326922	647.767104521714	722.308310961644	741.151238400763	902.526854945119	889.870095499236	614.013048516939	191.062912565286	630.643330561488	696.199537545571	512.527477554786	728.577976065787	707.534399388991	737.33525552714	626.721584043714	681.367327862571	765.812476854837	517.802548088479	606.626803344226	710.240431921704	760.045583412518	547.01255414177	747.242997783194	0	554.435269628919	328.164662306701	677.763762784822	653.87499549454	468.678191636449	346.056658591637	423.63263651009	470.815184425278	275.611602513905	532.234957030286	360.653441243922	532.245896277681	298.249421358288	608.033114373651	470.917530256693	560.392448360664	548.316001824395	552.815868973047	817.919386577107
group3_bins.32	393.343070631817	457.133409296597	302.881969067355	526.447032782506	281.769092623203	254.918824004451	382.345437208614	288.137242646629	437.126068340815	539.934526389066	0	361.881233100004	429.505439153602	505.057048328384	455.906851193778	380.95716911259	375.182126318906	992.068409700291	249.878692513035	306.487934446731	731.519607849527	654.436600547487	344.873158048638	291.226912153775	204.405756372277	302.230366973919	317.301074221312	437.028476583104	218.80672612657	495.596909839081	689.235269202706	331.201635100057	249.682454395186	237.352549677071	314.631965204209	683.155987099901	287.612216815494	612.329230385634	269.719576842063	366.582217236771	281.751771003457	285.829097354116	237.933156388877	235.895450418287	562.709850887172	326.12307836595	471.436545843391	266.772187422472	0	315.961524873099	572.018582114921	0	0	255.939509072459	562.743555418804	250.379603621999	542.287452570824	359.992441731162	376.216107791612	430.467922435825
group3_bins.323	544.750418705678	346.105115763558	330.776031875354	314.186695206648	430.957376464774	0	407.895568846835	443.47029170451	425.924844093249	339.978164206934	294.728870985076	342.646682968566	493.162739863941	212.660465790075	353.317630353096	370.311282573535	393.218300668231	502.647334741637	393.147164681136	339.056895968429	377.171690842582	457.721058891173	514.972365135738	304.430925922931	357.412581860414	291.984958141875	252.046823834946	448.735290489359	519.591514651148	420.204957476239	370.837515708053	245.727193262362	208.007748614831	328.235354393024	375.442410801689	407.011067334204	397.587023573276	359.909245964729	378.771803991702	226.494679003844	0	272.96990916627	206.610964903866	0	430.397310465257	360.266723121061	482.531360199599	320.66822214764	373.614357241089	186.815115043727	410.145514708526	234.532919808077	348.870538152286	231.566163542287	562.374880199992	426.775298148502	421.023536936163	336.787498608032	432.072965148984	418.06575852749
group3_bins.358	146.568447997514	223.351496610802	138.307254528095	138.246326553497	210.067586228522	194.308702621438	527.130031023024	340.927577981862	259.800634291676	0	0	279.973954759676	270.016758631704	387.559816447349	0	407.955878130748	0	232.682800687104	155.174391399987	240.452112425813	377.446271953655	219.338187544472	537.325468555987	157.000135341678	185.355862831099	657.671394592514	422.952842141106	452.253372709335	400.347403853784	0	584.048073645617	494.612951424178	703.128425805586	328.275620843852	189.686779189765	324.532164545033	272.583143442112	388.843406491208	696.764175627716	309.165536348691	0	387.670249584298	761.954498774918	0	190.219744025477	184.647604199699	311.887415896709	221.517949279307	399.993879678422	197.46732800718	547.436544228915	42.0425932534933	472.004568568441	304.828326711454	213.9872706893	348.2757452218	225.474867289966	383.172378633278	141.225254097036	266.678273238876
group3_bins.371	109.10711278877	0	266.115226365088	0	239.958562420165	0	0	1474.64286090751	235.865136986573	0	196.884901276523	250.398954380131	169.945785962071	195.89586023429	0	672.062780306961	49.9814399479788	949.178882928733	564.885903083571	288.165833770767	667.770376900575	114.02660608707	1265.33830130179	539.669321871453	0	1046.8848670342	261.317552953829	203.008148918664	372.09023067372	680.939446576648	323.818271667108	622.960127860473	228.905491694317	137.798258132657	514.68427837569	401.420503450413	411.359243091391	153.935425362623	489.092217272258	491.269014791609	403.29133566721	327.080733259014	309.728670946411	0	503.652071343803	534.835810950615	0	245.983805711332	1047.0440972068	153.277805118886	304.650241085884	284.058182133609	0	112.174861960736	208.231564481533	0	321.946706959819	829.726678846542	100.995809684601	132.497810983273
group3_bins.377	593.140624173118	487.645978841179	633.054060353829	534.336961209217	531.370502150505	492.508536355826	555.90716220017	370.813901579151	423.293199373078	419.759410019192	288.684985024161	654.938229195048	436.721043770249	404.920281815936	578.415303638943	225.140768287268	604.940636189011	466.616155303969	530.409102919536	235.093747787531	434.820993956436	530.002725838598	538.04469693941	362.676968626554	374.04230348813	295.432372964762	435.632525472788	515.495738308678	485.636743473524	654.337759095875	573.11588469634	383.363032100796	260.651563489399	0	320.283294454608	511.628550443162	308.324872497148	794.124410195818	339.907336290163	294.566096899898	224.820710124804	0	265.518798209776	0	452.085678371019	543.691437517617	609.340563215876	565.365215975649	422.267427419583	445.602287752378	525.382372857833	444.663813025735	499.193719137643	350.223414931854	962.608955621482	754.407299175234	698.400082789816	694.484945919835	761.907299618323	403.531606876646
group3_bins.39	266.654072387121	208.941870479461	172.655466808319	629.518622959642	235.610260908576	0	412.279386681681	165.426343379826	520.69559101243	510.604987228206	616.492466533748	368.972324746643	338.666414425282	453.404925230853	440.96598280391	266.864693672483	267.736759731045	439.88530984796	107.744155060201	305.654749441409	275.811462846694	435.114827158484	247.885705292225	290.252390597791	232.174831605986	209.277563638715	382.175623049906	188.895698337183	387.584021673434	332.708497177396	643.921648211124	441.704215380055	135.888574181267	203.870775637557	382.14685587284	298.422519015409	276.60398352928	581.19788441946	187.0051328154	180.527184792367	270.013030865374	257.707559754602	356.425089444895	256.151501532205	199.831024773725	436.532899446929	509.59863375072	518.002089956619	362.39537383009	261.234680077286	616.984447226298	515.256232046363	376.579169857704	334.944065017311	498.047065386558	443.836593944632	389.398881896649	560.874790461935	370.670901792618	393.071878040635
group4_bins.141	2536.1264822779	2416.94059952808	2665.30589231743	1775.42343190104	3051.6837440245	2311.81604716733	1925.15360597561	2211.85005208206	2533.68206153784	2715.03790707716	2277.77334965137	2120.12318566589	1383.66420455115	1470.52933687359	2004.61790886472	2592.09274307908	3146.20160963296	2471.30680323468	3306.80376353267	3025.15589381084	2257.88000367553	1386.01071792514	2480.98187179064	2484.91850203273	2850.98783602745	1844.23435951771	1948.00457168014	2015.51402737138	1872.77380836043	1509.8362012734	2003.65761854288	1524.83984746129	1889.6179592928	1738.02074948519	1831.01986951512	1576.2484729245	1630.57885353181	1580.17720251722	2222.92649631287	1034.49413268103	779.602570702067	2210.51929521679	2374.80288702364	687.97839750401	2533.3977524569	2514.77450446186	2580.95595745931	2392.63737097627	2564.90111937964	3308.26543738933	3053.22669849999	1692.5850369636	2960.14560579798	2705.6281954585	1510.48490662697	2020.42732305021	2602.19000466126	2033.96193207741	2002.93486238674	2897.03754550815
group4_bins.149	582.660128139184	197.383282553313	265.695845442937	589.111100545048	263.266692042029	557.322686643433	290.124858804663	432.143084032526	656.617395665576	706.381819853598	659.17985256888	312.299569198405	542.716874288442	445.959643735668	690.095799894261	579.349355405426	589.145616489598	463.438963842236	559.445145002897	414.769687694735	0	256.783137398509	562.050873695699	440.039203892312	0	265.741825750836	420.055381967988	307.887437556526	465.172582106915	0	665.763820990732	503.992078210442	374.295374232922	333.886502116542	548.470846002111	112.207641799128	486.724146972688	255.919361380651	338.995342531669	272.505406943268	252.397564044281	432.702587303133	534.601094627785	208.174998550834	531.860746542712	309.955622396105	367.495325758841	608.473963214823	528.239395589018	539.831113632838	624.575373050902	821.663287334142	449.845843597283	261.783726681661	291.645468994227	381.030618495316	629.725346326834	514.505420566188	378.353856985711	921.199706844581
group4_bins.196	973.767953322898	853.27655908186	841.875587558317	964.313974071241	808.843045346425	888.614270889564	895.577766201044	854.43380283416	821.329893952887	771.03812152388	280.56760554778	925.374933523806	1015.34195886698	592.993929112157	1021.12794210952	756.205476087568	684.287230466879	1123.08923756597	734.304430361038	911.554605287597	1082.63783324856	2442.44129458183	932.573517508495	503.72437961749	479.361855735299	494.69633218875	706.019532667183	564.603756473039	987.835643746706	1387.38017563824	1878.35263135691	910.692142427734	594.106941422723	521.626679155415	928.812876239675	768.397946948725	467.539596515647	480.332439062632	904.359512823119	1572.07770985099	700.195545815073	585.818094013032	800.827960146042	150.103624796206	760.507350254574	828.906397484333	633.549397529686	557.602039985544	1228.28402809766	793.802656396841	1312.88029534332	1210.86504667523	988.869257001289	692.343361653255	687.724238701938	1030.37913082097	1032.21435650894	1156.08402095929	713.721340953898	850.401189309143
group4_bins.25	3569.2886743289	3413.5859484222	3723.51397389976	1777.35043289387	3868.94579280967	2683.13788577685	3269.53685123695	2927.09899591463	2268.5075711683	2431.7011844782	2235.28607168981	2810.24370129655	1543.28840285942	1265.33128010858	1755.4596035488	2857.86102054047	3885.09483644302	2636.08163565782	4570.24470445796	3324.83814232869	3615.8517594254	3047.83776215234	3384.33444161755	2786.45884588704	3272.5463254728	2449.15718083993	2684.26293618375	3265.89309116257	3036.93503328952	3006.35254295655	2599.92330625344	1831.47406047822	2263.65742499151	1910.28325786517	2176.89610377582	3154.85655300214	1613.4583039597	1980.61177000186	2684.97818065237	1505.48642194687	1191.29408081913	3099.79749627661	2902.06965164978	1284.5943904503	2136.04786727793	2982.18167239101	2594.44034891818	1972.77309712083	2711.98263814076	3473.32188596117	3375.59555636644	2313.82021126202	3326.98032005066	3389.72005278616	2244.68122864809	3394.7980802052	2819.7569209638	3122.07381590711	2649.64323571704	2426.2955201718
group4_bins.261	444.693708077398	592.831926120414	450.940973215115	533.006782053895	686.428889865232	293.291246062958	687.237888799523	435.407739150869	624.973128507325	578.002038478394	501.707237564808	661.435801654965	509.039558534323	184.311577203725	399.797235331083	639.931751797699	569.007968233473	632.076272843564	599.954326127793	565.043946845145	628.957477393379	817.806107036756	1007.73723379721	450.211751018345	598.917148660963	477.837310720113	504.831397049278	503.117162567782	533.399391919883	1105.57123660609	484.166490736945	389.478608121995	654.603844437008	487.145706340709	516.203216098258	857.666144884369	928.318253820425	631.817161174789	662.495551636835	479.965631672625	0	498.813328120817	582.567120238353	437.996912027869	501.878084271827	378.651363297286	428.976700806072	476.428618170756	463.319396177394	565.117410770054	633.338940239277	318.224447966063	605.133965788537	463.600441255136	512.627492332118	431.442316181751	713.94262128778	209.458219691758	828.796208827547	536.71236324738
group4_bins.272	525.408988835869	618.072048684849	550.187106148187	1045.42072978369	597.330792129729	579.911894388949	978.52988278484	871.448132541148	952.404975256908	867.041883317562	651.767465766398	622.101202527866	848.017836489349	553.088181972248	812.596300435629	682.309170571108	632.201474773957	1003.43779905129	696.090284546942	797.875089890448	746.277727952182	973.307008156156	1060.09150680608	763.083800862378	474.271924776171	507.397021133194	652.372095589883	557.990502108723	709.173742592264	362.1446239561	1072.2593020214	966.037899195021	589.314047017502	664.342096837119	667.834018552669	435.542864275031	1111.67793806039	796.414162651904	924.684257605239	876.86935502299	358.933628884684	506.19971427179	674.566500374121	402.179071056975	995.270258288792	601.228805073288	889.925735638172	600.294603181741	738.974096179183	757.495402002455	853.020303352511	1196.92369344024	718.035349650222	738.912124278675	1157.8009713474	779.537802848859	1069.0965545141	823.222396823245	876.95087619253	1090.77950716005
group4_bins.297	180.299219827155	0	0	200.293298934078	265.138612600088	0	216.848453841707	0	0	194.938782241372	341.628161939713	147.369317041868	0	0	459.733530831495	298.124497850259	312.082866215583	0	0	0	0	0	0	0	270.238159993718	202.621898647297	0	218.899502251188	162.494529706273	189.764662311945	157.356353090652	220.534800011106	287.41395461351	206.436356203224	180.953773950321	173.889222447565	0	0	0	257.679130558286	0	314.35568267789	276.89449443562	179.665559852798	255.889076462116	155.677571238243	0	288.357295597362	258.460815102692	165.663864156028	0	190.144816420288	166.485411771549	0	0	0	154.828736941502	231.271490665959	215.608264969035	291.29368375234
group4_bins.47	1246.17137524601	1169.87785839105	1378.16583936884	2674.81229029415	1323.16446587037	1121.38461058794	1462.14686793985	1560.2253071049	2425.46603697917	2126.04471567382	2137.45588869343	2238.17163762592	2568.48621857249	1713.29413099695	2292.32446348547	990.485623066958	1131.41727109317	1780.91742765844	1649.3072471591	1616.67789949451	1259.35514420363	2204.76980820975	2373.61270443358	949.032031425869	896.740391917417	1441.12708916031	1822.88205375981	1290.15602775825	1341.58574786413	1988.39644475599	2746.66428559062	2889.66489084363	1448.93734166248	1569.07402765122	1615.16787085754	1353.65666878953	3184.24223019983	2302.77975983036	1009.23615086259	2199.23067682664	1424.90432966347	1015.89819633	1306.49990380529	1280.68422997397	2289.97929344347	1571.71940468798	1702.31893508563	2491.41998647638	1766.90140933067	1250.26799812493	1463.58136346906	2191.7487253934	1509.66677984025	1342.80672106279	2539.06853868206	1776.16847039054	1738.00193258939	1419.45439420864	1760.92755822125	1913.09602367349
group6_bins.106	247.584100772035	122.452349166521	1632.33127282041	1538.74730440318	144.348215478545	331.072300791647	3107.91036620998	337.952638043945	212.380762350373	0	196.42951979499	266.575208874615	0	322.908782994428	202.863939646674	264.575181651321	78.1361921472458	778.649906192672	118.85001033722	229.622710838564	189.6676575851	1053.28173251656	0	44.7357407152369	0	0	0	0	461.95195915177	372.656165031216	813.334536988643	499.015116822078	0	633.83208054088	152.905998852593	286.54324979741	108.342730221831	1099.39248474412	468.70243822719	440.07287021872	0	0	0	0	557.647287241391	0	388.545867864736	696.437941631878	1838.87803875536	0	504.073681436159	1497.31908987712	1202.42209136973	207.708400663671	290.887398737671	938.846222270014	612.63513423328	601.957472367647	519.542772093629	620.574713859621
group6_bins.205	976.296454809174	818.181861108565	958.576174241014	1809.23585626578	1096.62252330256	1835.94356009094	941.658632952898	703.053352748587	1078.10109518667	1903.77605719637	979.665476580071	1556.65839647336	1057.33661680093	909.461569507589	836.980361765925	618.061306863798	715.769446076574	967.816710009998	788.614352320915	1308.14718375218	696.69844098363	945.877023940218	1930.83636419351	1182.38315619319	460.299742360268	880.916680479785	680.161162004649	512.904207996478	676.1028394394	675.285459051028	974.941899026638	1169.77870077488	750.607143087608	492.324006504087	603.692052535298	577.676613304851	721.008322878998	693.840046171999	1246.31355053955	470.267344333216	1020.56778195789	540.19127724151	657.888136888276	1862.59111137785	868.507372472318	1506.79610220862	1710.006306563	863.008956650411	758.161987042948	1926.56574506504	1756.63007167047	995.043246281131	821.236446636676	1465.86269138508	792.026562851769	1419.90245645586	967.571859047208	1660.56684800929	1464.60804835069	1059.09058666971
group6_bins.237	552.497879031928	472.608832855734	466.832138441944	683.702886076225	469.668925955771	698.372515277634	1382.47841526836	544.473249353284	948.877810898983	766.698410024448	516.779994255278	575.650975328521	742.649843661888	589.688243175893	558.821284997681	444.054480897924	473.634998334715	390.170684866683	525.789201315294	457.006351984023	443.230461914056	469.050568622727	580.469105908172	488.067587268782	370.500276460848	447.513016062227	400.049492176708	378.996555101003	521.661926596262	682.108717596264	659.266045501665	310.597668057826	291.692550697426	291.554336000622	371.900282583524	335.855833021391	392.135826915598	326.032550130925	393.246340744379	384.11889565966	433.30389113981	361.519370023108	438.571619677957	0	676.690706781929	794.235960220466	757.61976786365	471.214068873034	675.936552238647	506.479310261495	886.18994353191	293.466917757202	598.800708584573	547.635065811011	542.260687319469	784.140598318909	572.444730662787	947.249157928945	746.021168357503	899.540606018099
group6_bins.257	1457.60120593805	1615.77426019824	1163.07055207588	256.590769531163	386.707890035862	232.175928238023	2242.6143335766	1726.53729454575	157.585464041103	326.640830842695	1211.31732215059	1869.72325675997	220.313300612863	220.799260471803	310.042949496258	1540.65977697103	1090.34116499721	625.798539794486	610.133725224638	453.573714670233	3081.49267437937	238.522685144603	936.76943692547	103.869064430923	214.162075536186	2740.8316705435	411.341347904767	1285.91473475001	2477.47199490671	664.174872182768	375.885637408692	221.705021233787	445.525368710782	139.724850058274	389.267596050674	2280.60825348016	278.29999049856	2119.49116453378	988.182506924326	235.884659723229	1586.35656224775	215.504239201113	210.395201819238	0	222.180735943711	1101.40864160945	291.641511279666	309.045018998156	237.734748593781	194.979893452417	803.616065358974	231.096586895975	620.669592766958	0	186.304065973203	805.193730793849	369.328855000807	706.368098366674	173.005062942599	353.021944303118
group6_bins.275	420.630535665275	353.673871750938	556.389446422144	451.894509867451	691.67807213348	555.226630538024	749.084183943014	617.470381150062	799.553175023801	655.672436352081	497.977482150395	559.812885460634	599.691303895698	393.557229310089	737.285290870223	782.15751055365	620.712752476747	543.840770085267	629.392186426701	565.58201601115	671.707519171336	368.673191882032	495.714441156205	623.969791163691	367.391515692613	288.253164107755	608.124606164762	305.266469761186	474.415052914878	575.689704587624	676.731691410593	518.40302540073	533.15269363055	283.576881559139	283.491651021544	195.185063496582	488.238406229373	732.384006037852	586.791014297728	202.615335668899	279.03437443764	587.076524267322	617.054742030263	0	724.143983863596	453.754394104222	526.716404895048	687.656765197532	624.2724232753	595.27264602582	685.337338813927	664.114365919807	778.438479052506	575.215448026669	526.57827462275	574.055477751825	798.307361365469	659.362221571778	686.054377203729	749.633009308894
group6_bins.304	796.302282010865	1514.92292944154	968.924213224497	1063.8090352437	1074.8625687164	1188.06657430991	1322.04450457729	934.435108813988	1224.36223915495	1099.60044648555	966.719991572423	923.670998099881	827.603160993207	1141.59302453809	1030.15764840557	980.801404844903	1156.504883223	965.724788138208	999.92106034747	1122.35717143166	797.049101459135	925.086641593918	1276.29439853752	1120.75850019126	1033.2987914387	785.186234711713	726.55180675483	1008.90437864508	997.359141139968	879.290829385921	1012.12487033367	787.177492501813	698.557046260963	731.404986897263	721.659339097921	484.317299434133	872.117246255933	876.253280413655	993.01470398823	670.233373836845	703.181346863759	1103.04004203741	1172.50717842895	340.264521818104	927.6708305763	960.221325826983	959.414862182154	952.224028127485	1513.23211497029	1256.3409790512	1261.6036740596	1080.42221990362	1153.54545295152	1006.26759808686	965.660794614664	954.506260822872	1227.09555454294	1201.50834115693	976.423015892456	1346.230384372
group6_bins.56	585.656056316565	604.439666498379	480.442271972526	567.812332245503	608.034597717778	235.320142844728	544.853026138964	599.102119593163	550.167481982599	519.01335333826	826.628491109077	595.329962755595	672.952592031901	284.612052882682	715.167544697281	638.251122350897	411.236773278103	611.690552392206	409.227723701691	686.447435245473	587.952882651734	429.614878260236	366.186532338652	456.652273936185	512.713379375672	521.565999821037	395.27284857402	629.647363882898	529.00799439835	583.507861688966	473.932251657367	594.446379322301	542.854305076186	648.055106013518	499.357973080887	541.26799939524	599.833291479644	711.749566732314	731.408637116665	414.072753379754	0	579.114599333972	601.374294840184	0	519.469585904287	157.05820734265	528.206546133462	656.409109779924	480.050851523603	704.896425344249	457.772539520167	503.661001931656	559.388199317363	622.351671598536	490.757894694699	272.326019469501	446.696877170622	216.924929794142	461.606126573992	647.513023743964
group6_bins.67	200.812055512826	268.649205932034	247.958680976231	871.783930174208	210.310944536896	238.606780630585	183.148069500567	250.547487120299	271.859639025647	143.909905050679	353.957987070656	377.383455179355	359.468343892933	285.673051272175	512.864223623422	375.579274358501	325.166929216304	443.807137336186	339.165385114393	317.099289731967	314.54293557049	280.850794334671	460.909005094017	214.153896944932	183.336971756991	233.920034079742	409.434722270688	274.553487076299	374.294441360986	364.347385818394	434.633175094066	555.374865251134	426.855888405021	589.596658841184	281.01151911599	552.201951984367	290.334184964498	448.830336788821	355.679847273155	221.7547822899	0	334.228279208361	350.273506533717	0	451.309480211269	275.188235244249	186.609552894972	536.000172830558	428.857695745089	198.476635540269	311.609273426712	358.08073504459	250.442098101638	205.858703492849	368.533450106367	176.623609527679	275.497382449195	326.639094591377	254.796532278912	398.781075924386
group6_bins.9	346.200320426702	329.543102653623	394.569423955761	322.825584742104	240.373398325532	356.368028069238	342.396737858308	346.25243086319	466.916093318332	240.333757135108	342.75770885588	355.432892654109	301.265755040209	0	320.309398937448	275.894358233189	314.502243508736	302.523089295331	226.737482675523	329.450808746543	292.111110207991	203.658831491376	442.26539855461	234.294924661234	0	358.537267146829	202.477428372096	324.541769856815	433.830175279323	371.616341852678	428.511549490012	335.109720069242	305.750549385003	266.021833526726	345.50070692343	607.397553419605	384.468790386103	303.514911889102	334.196090957011	365.937563805033	0	352.24428875417	316.403158959671	157.155258258207	334.034643589979	174.941285013988	289.299739362137	280.55172894883	368.068116823955	205.283142125613	0	209.611433280582	286.107357563096	278.408678178408	386.258544051196	415.592446400097	375.816713720404	319.987595185443	413.08643540719	336.331419586192
group7_bins.133	514.776603270668	549.089830345664	529.395141738265	433.842253696263	742.571034518355	614.23532819004	483.540738047657	372.289632461879	765.035952550969	697.757540236087	556.71272679176	168.043230124594	439.623478349134	522.099443027379	673.667081578687	649.596111013864	610.971809778444	406.012509382175	366.533329493538	317.837562995313	263.439482345288	156.89358129552	595.335224668992	471.184400205432	493.115130116459	397.02028384806	431.538584452685	354.283485259327	446.605850432846	334.97517993974	724.116133331392	709.025563178807	586.067118591906	582.396806892942	545.341680343467	498.783488108154	598.747560929061	333.47516080187	964.65850423924	371.682689711974	424.153083084882	770.594261087182	864.62546780421	0	589.054087331317	377.528441795139	295.381010767751	555.159951897255	435.550066789843	887.615999054519	1000.13837229156	519.134999924612	785.168395253192	518.125168933005	152.113950062653	344.776278706884	551.842781968564	769.859756592594	459.875149235746	992.619228220649
group7_bins.169	581.875321640828	1053.2601939889	835.390718616709	1030.84278251896	597.568679851726	468.40284826537	849.90354180396	694.873054648357	747.889045048438	474.770670104067	522.713293336587	901.971068584869	1381.59468134665	716.149703022479	783.578518860312	707.454744869841	750.444222075595	867.166886090154	698.873756656528	601.914594496034	970.838878189376	1572.63839898312	1079.90100365452	355.162253355484	293.001285407702	662.440599790246	527.367277665231	653.8835536159	1327.92882884809	2262.94377002697	855.079808852923	620.695977563003	379.54232378031	562.397136699053	1012.75033545433	774.745652498332	1300.93784419953	1324.20978413469	338.527021622025	1237.56941061684	588.31239818085	276.781209611692	273.469623208855	142.166314028473	682.431251489165	626.64116462282	285.783292644225	435.496728540265	978.153044401967	346.600287737538	922.916181964513	618.711208871815	482.055859361947	401.882258307189	1150.90934565801	1811.42751676901	891.386070866845	924.121465443886	1099.77292378761	810.271886432115
group7_bins.175	404.260740532025	446.661866874639	393.888202574447	599.383347728569	491.855327524763	496.240564520226	612.487280848132	359.559030657957	682.04321700925	732.173163483785	609.364890210039	293.217210532622	808.356659529007	535.93479907912	600.972750981515	258.398274788217	533.923040399378	488.883217064976	499.701887891176	536.047796150516	345.684332601616	309.781270266097	614.677486494928	528.629551581981	582.769514732721	402.13496137702	489.205375616814	187.33734882471	605.342822490055	305.323826342896	771.104585605338	704.613398210573	475.992692568673	428.006197745946	394.033677771542	241.612357542331	393.601981415878	358.05298879501	388.650872514896	190.676358241149	265.188906941745	344.585242402473	306.552854356383	256.219918183143	642.920439125256	576.053326766819	683.077414321169	768.675698729989	707.77335105199	525.732908699274	791.177292515826	851.69139125848	671.958580376166	443.63596996492	588.609780067997	609.897663277128	854.408606052732	688.692441005103	757.577074882368	865.860003914395
group7_bins.185	236.611305207242	195.325373658417	161.256746933902	396.551785703947	165.497438023254	0	179.07910480585	699.756949193262	266.361616682926	315.338921639658	234.79454947785	467.023514049194	0	0	294.120080053106	206.719777464451	383.484629294542	164.58015536857	494.246385550252	382.585235213892	480.0611529628	280.110571392522	442.325340081533	256.706168108326	265.641897165569	199.746105329766	312.206270365182	332.999327950007	552.951660988167	364.550714828929	439.759500028251	165.644372542718	301.904343561581	118.92187903197	290.58454295549	286.563471990367	335.100469011272	544.885826340859	434.598358266073	462.414820056178	272.190758318161	137.384649696473	233.861389299281	0	179.881308093578	536.247561644317	236.960000208887	398.173297121816	306.703174734987	302.338330870216	364.125482059315	0	266.727988633182	366.63501805021	726.774480266631	313.583346986825	562.821075640065	157.032773200112	419.638609263249	354.420679368377
group7_bins.209	461.097166321503	425.145106900171	551.731551246745	650.581530557327	611.489142309647	522.837596970824	652.70162370405	701.094286282691	767.028746478215	765.998549307067	846.840985793904	640.120153021583	692.352067664697	460.225201020115	862.880284603422	578.520062021492	723.05402307612	675.605982614309	573.867526595574	669.58841204413	517.18452780707	501.865280731723	800.30364096648	655.784235866939	623.130856662221	600.111733314838	500.635917400966	548.119512721272	677.579213800191	407.817821086398	787.247326647729	541.625899026526	415.280756454919	652.565737888702	540.614343942308	525.184638261145	773.83881410463	627.774558386354	726.677329655152	519.443272942589	332.914811297585	317.544368651328	598.031053804602	404.239151488722	811.167531825944	514.660690054627	680.417385404714	730.568934809481	530.594369963897	715.592241190936	669.826416471836	772.398365970407	724.678880272246	636.044957055956	575.00602738814	509.706751555833	584.814014872748	653.436490936095	685.66468524043	779.247430911275
group7_bins.231	1712.38913535808	1173.91081588073	1077.93479014214	729.331574991287	1558.7312948545	974.623858068966	1089.15977317253	1318.10742736481	705.737001862715	680.107605481832	599.537400751717	1099.13348786483	541.410698655552	334.154322841568	631.958208700784	1134.26275313709	1094.03219382587	1232.56575294897	1409.18513920365	1305.64667335643	1720.94479944273	819.820294273485	944.954109461409	1163.7275780425	1522.49023223038	1138.87847031601	797.782605688543	1556.8215349906	1377.23119230973	1307.02290652285	955.630210725896	512.137698482657	780.349114626739	598.450759146644	974.758315071381	1461.48460030996	553.057183684825	660.563660884806	1066.4421591318	481.460617727048	379.252657578405	1011.83155087232	886.456978047043	424.828120823597	823.787373184747	1161.54499392141	922.985826891478	802.870438245837	1182.91478344499	1258.74271056553	1280.24329339573	893.633193828418	1212.87082472232	1392.47701151105	863.991043366201	1388.41861104875	1282.88679190447	1036.75088910391	1278.51238922255	1118.59331999007
group7_bins.260	1072.55720210176	1231.34833521091	1119.22856200431	744.206623327804	1070.44762549878	866.358544178536	843.36122371012	1205.83821702825	819.579246469034	715.053816973569	708.608956547712	978.652001562931	517.861828179945	442.021212894537	839.308478220646	851.797531036699	1158.50345950288	856.076388691566	986.565123179359	969.560452553791	1125.67140409452	848.220080043206	1019.01331892863	822.522317495196	1028.16816837003	777.316983101376	812.186034045888	1127.82602644347	1219.86778743435	961.209732556404	855.993395299037	692.780316241998	785.262116679742	621.377547439418	754.197650680837	835.809125994782	700.184658590851	766.39757598438	869.001753687349	589.201832455601	555.270881387508	1054.06835648449	964.507338060925	351.377764038291	645.97965578949	950.947031727926	758.878964901424	736.70194955877	884.85944095555	1120.83108352715	957.069553422267	860.518985156392	1009.04997524584	1005.43303046827	872.493563020956	952.212424205343	1059.49936057583	996.76402096611	861.643463191546	828.00751066359
group7_bins.281	240.132072804808	255.231964689124	290.823354455069	0	267.348579540135	196.543168884636	0	270.054308236497	219.172745466244	167.19997399823	217.334385953275	0	187.078708501166	276.546758847322	243.900164435656	265.216410044115	319.418384579637	267.301805825647	301.243443943619	287.947216991892	281.797923519192	217.249688259098	327.338523551684	270.865807697017	339.445412619486	0	173.78987902355	171.154634930143	0	269.337491571404	154.994628654801	147.966670712957	0	168.234528481612	103.938504165563	0	0	0	292.378397227124	0	0	301.141122895894	135.959915801698	0	169.374598365233	252.025169718144	0	150.235154188468	302.654490463328	365.209356254814	207.393186747316	169.012673918603	215.827312308766	264.56784767751	0	175.330913441788	259.385630610525	96.3148212550463	213.617386422577	229.949586734912
group7_bins.282	1679.09369859436	1325.62140644701	1874.13287249272	1528.24196115596	1404.95220790372	1442.27479878645	1548.82248274532	1560.46297083512	1839.83968369451	1442.73961313754	1846.14026579342	1775.04787250444	1558.12447785117	1542.78524647034	1540.73185787233	1226.79396307162	1684.48350722879	1645.67046050528	1062.21369216501	1559.77117833065	1657.67486491716	1680.14716180821	1789.86094817136	1396.01966354778	1365.42188964998	1073.3633631961	1359.45156959144	1587.02491108577	1739.59465477603	1894.59540373411	1770.6584279733	1332.52443732638	919.97716597542	1274.28912292785	903.591184345752	1052.4998120354	1424.84300513476	1954.6209846108	1562.0589318855	1112.61003102798	978.122429700653	916.705475793537	967.445097176163	1394.99802166608	1534.85246715305	1457.01147650395	1550.96649634479	1756.33318382488	1735.7344513467	1657.19753892548	1473.5639274707	1575.01669681864	1958.35270030876	1827.72710368417	2007.80966305486	1353.35983111144	1772.90287578231	1499.66879318787	1654.92024011445	1869.92852332091
group7_bins.351	699.112558447273	915.316448804461	919.41765549072	622.12250824956	597.298950608085	547.434790016639	851.78216746896	884.52120241595	860.514116467548	767.264906225449	836.701523103775	1044.98861446698	1064.43736721918	579.623670734564	900.521196103288	782.662170690866	714.371002778421	616.522486479404	560.748270894486	919.402321567504	846.767774561614	1313.51157517669	585.088313624834	642.68051288677	671.715924117101	668.223004264887	943.014555407425	844.817838759875	731.222880026088	1058.92612300534	1202.20910224502	1128.68581490734	682.914803214026	678.347690586001	869.902989166672	1051.40343257392	1111.47327948392	1145.96125792184	849.242307659175	1118.75589594566	385.818203258054	537.383648767891	682.637585848221	472.440313548195	733.39777628146	753.558273987302	573.811766358631	791.347591448238	790.363158642719	651.062087282886	755.763623895898	834.980446729461	641.514854277261	734.69969392506	911.289351403777	882.013793049772	811.292089413294	821.119826930922	1028.12843100954	715.191886331014
group7_bins.365	508.140928829083	470.673463837806	486.42490981355	523.41295628173	515.886428321888	328.155920855554	421.390647549888	448.393260685743	696.045706011568	721.598287406672	643.392131118655	623.064093184263	822.920076882165	529.059803982971	776.842314605291	457.147498033296	450.990499903452	486.212371751794	434.710119608348	421.237023721486	455.700643859218	581.651486766217	542.708474406599	372.606819142635	387.243510265056	460.117996254586	450.531065541726	467.981410098171	448.901981384702	606.710849725128	607.630254878171	692.461422996651	396.63141819999	539.475048755977	493.98070088907	530.876211128783	819.601216242045	639.124592087843	352.840022122414	784.782075274359	320.973881657706	357.839373345682	441.184226365077	288.151904057269	640.564617728517	546.716190196243	537.694131498901	729.087827547196	509.186609137656	497.06614215425	470.091834312027	683.5025762898	504.517066697456	466.468078308578	905.358788094136	572.45641748663	442.770773310416	539.421582734039	565.425977593124	398.127795340632
group7_bins.369	518.667329329405	328.605350041207	677.360020632592	1730.8122405212	533.412020427232	219.595058864885	944.542465289884	918.438282433699	606.384661921758	485.185661217906	698.131526203022	569.513305551079	483.729763383786	486.92400838623	797.682622439262	400.964880563832	345.319952318424	663.847934116475	446.804213927415	816.172994765519	377.94290245506	400.499250805401	797.103639131133	347.974903328992	414.652808477764	603.176263339311	442.74738598818	363.991301982965	731.766616289593	525.414736031726	552.815715706514	436.904144720066	627.34741803069	763.134495360667	285.070716354066	242.957939230104	722.21023239493	292.81993820612	1171.31294185278	769.726661541385	147.539260660048	307.160922650182	470.975598307347	0	402.98057659278	371.016570584531	689.113194582487	521.25776950403	360.235998619424	468.566176980635	964.856545053203	732.459527554381	376.57261307262	932.007144780745	1072.61190493984	2723.4139361406	799.484967362616	457.592780203641	770.034814550132	898.859471338273
group7_bins.370	586.169488766266	387.471052790861	919.028889403515	842.478044769989	799.271205673661	407.509286165867	1030.64406429494	812.533717404323	1069.65864001236	675.442301221896	681.637402156534	651.492175011412	789.338093192748	332.277180843724	991.501257019253	597.616753528504	909.43122177738	882.393066929515	378.360559610423	836.819968407733	724.023784170191	596.576567076947	773.612279501209	943.504398428801	456.541540812474	376.914523543618	355.271668619293	373.240333705349	707.448160127541	604.403639019166	1092.69038556368	409.09245290576	455.090554043536	448.785994017282	460.916279404402	368.79257197337	282.307411734172	621.649412760294	757.292477654498	378.018951809994	0	606.845303613764	1057.30161445297	154.228254792757	985.823891304825	634.496940434151	912.141715671233	730.557857837817	916.911986740964	1206.61145539793	1520.34459492957	1013.78348285998	1991.90269182714	922.538290272726	736.544136930755	648.182541733951	1191.9881360085	794.136725024686	893.837813812781	1824.61179365048
group7_bins.394	376.933219167555	369.321590293019	412.997487625324	493.810579900523	429.556294043849	319.32717563093	358.003078481386	403.754303615253	554.948141693108	531.499386950628	464.763482276957	580.66426379883	468.001023176534	366.235051021713	486.844455886029	453.081981332348	470.68352666929	386.364252456068	379.456654161524	500.037171588047	616.454458563523	553.962078712221	540.773703938809	349.320712910439	493.656548018716	520.089280153536	551.412568989885	514.971418123521	404.470083942059	295.573135298417	457.877611559998	549.35141611146	455.365116802868	419.240066567042	270.983194261235	315.703746056643	475.687438402912	496.075344519365	480.633271925363	320.262219120921	602.706372379512	388.043655225408	474.657232972914	315.43848331084	418.985193537197	277.211079549098	514.615326304767	465.230483292621	443.211115690086	637.237737561852	542.757215988146	174.611148172782	583.350255048867	591.846675484594	383.929532313558	158.591242047885	469.126123571346	323.822972298814	539.285690313917	267.028541538885
group7_bins.409	674.333830679254	445.093865547343	736.510237347934	723.563109699184	611.098096505537	500.709511465558	536.770584739327	475.974762664403	671.576385870837	681.884558502004	559.503262608417	584.647203652634	558.075608566402	654.637562644885	691.972786065262	631.456973453787	752.883727730331	279.797225144854	372.349470979499	619.932746060297	510.755882775031	601.236867697155	483.612889448372	465.90007315365	497.949345455265	316.10938313432	405.44295282286	395.925117306138	505.308314440518	459.919085218816	560.82004086813	432.354413162862	276.349833768269	166.829186478071	207.488420736531	409.672237429912	393.166707684894	410.06329514647	739.979982215021	380.71617453714	570.173941865773	890.93786991642	860.109286126666	248.750103241539	470.877304483418	512.929710282685	601.921884963541	552.900800888169	463.754958796006	928.367511864964	731.366781196522	521.330915485242	1036.64280540715	709.012274948342	449.484203001354	455.691818334146	595.357721960226	672.978673631522	477.384053904195	939.015413812876
group7_bins.41	186.457640470207	386.520753021016	554.403380251246	338.646909570547	304.182554755081	178.838190502205	417.161849190343	461.83649283337	709.567638389329	281.303631616597	311.85539571137	453.774502229096	360.810220149866	500.747677399246	280.43029795406	338.058767208535	325.694946505366	328.085335447732	168.016088752455	324.572928116424	198.844402378775	567.971469095582	499.396069797847	0	227.016895866291	169.741617692575	236.552227908617	296.446233775223	551.590475266454	596.845465142396	571.490368855764	302.883467203741	0	164.785358968575	469.877842137461	503.754410186085	496.276632619508	563.417064828494	316.961586777558	492.306399290559	0	0	250.88677973663	0	173.447754523793	184.245614431664	176.401726514136	381.232713372029	273.773289346587	0	187.064672949714	123.52142218831	212.205485770827	286.79975177665	545.615766704037	261.064679418153	473.888459299845	475.816331651965	486.265506892126	538.943500241739
group7_bins.426	769.562817047846	833.299056970499	745.91005047407	585.61686274402	829.931224328627	571.336767899692	679.353930911228	690.989805064055	702.138955538838	625.270499043294	421.747301479347	867.575784061967	636.358604723588	671.567087136646	754.758956468657	861.709881615088	563.221588788085	664.08880195795	792.815519803266	913.25777940479	671.799369926707	814.783273646898	770.761612960674	778.069455533598	754.065098591745	678.15762018017	713.651697213544	790.719607103876	810.90579768976	819.732141862384	708.608902329396	512.282657465523	573.581329640191	709.551350671434	640.300987235065	659.816454893879	650.420089427619	655.216465053997	806.470228785856	827.203113292666	399.070976943494	533.00346865822	621.265283587597	451.3469252538	579.603215855417	682.182866937069	807.738717571226	726.563607088495	711.127481055628	799.12797968275	715.280494155683	559.962671845512	743.390102337159	779.984532304764	459.783781649811	791.216502590667	901.526043523299	850.597267597358	672.661940533522	833.5293796233
group7_bins.83	728.066132781787	697.318284366271	667.094530350391	784.851106615921	828.274600049947	707.987527215958	829.575262774434	732.88096857894	1085.97797566771	1096.82842249684	990.195804974645	670.171033847828	917.202203342239	549.830309928386	1064.13025722254	789.210421499948	822.211459189524	899.409209205329	789.173718293671	896.509472636911	887.621019452739	374.037121604651	936.03383196057	877.84463427162	684.467457762479	553.782537034884	578.365257619792	723.821487996575	875.082024235409	508.884910675926	997.144034903884	864.623744210941	613.103286327638	694.267312393138	530.067188342311	603.101824439387	805.525553813787	598.623020949888	799.41236203064	592.86333013587	364.285612233718	554.487863080543	764.33247576812	347.883407480526	779.405902639629	614.55706830082	798.104404238471	844.882467538964	785.809651818509	1625.64824809595	933.52400625923	1045.65171659094	1025.96632900176	838.984274627147	687.150854246873	721.646921354197	963.296105004877	955.742966861499	862.608585449326	1126.2347842095
group8_bins.111	499.841745698087	358.980957946687	654.519190540617	632.359026849407	728.196151629504	826.588830797749	1054.28514112216	631.970936008728	865.881428705215	619.996761992698	841.377737963359	634.37496537521	825.38903926026	345.802327910325	854.600836088049	722.970922579587	1028.98799067393	592.604449842193	694.795429170864	922.182326078667	566.75608600477	604.739231536632	465.989494037306	724.764667774767	636.130378505482	576.309468358699	525.077432811963	414.598385580469	668.942955373534	436.816062967461	672.843413505554	853.614405057466	386.17265377201	480.825601437335	456.572414147049	400.756540429802	667.042312736216	510.77122441902	697.014246028271	426.058421561615	310.232996143446	569.395908634279	780.22201619888	178.94509205508	661.467715902238	687.765487708587	798.003016070722	1078.17293871195	571.663095956538	849.999860684469	710.289809271145	1070.79838020968	1089.60861155856	795.1169015991	546.882495627604	508.74266894403	709.712946057289	708.447804263	605.675039399268	1091.17053761887
group8_bins.151	0	0	187.705071285786	184.489971506723	196.733987304152	0	0	408.332016884045	292.402438782976	0	345.113798735423	239.104403092499	124.984448256045	0	0	195.676748937183	382.589127607687	262.580074487033	630.849425348185	360.900577940462	267.716071030476	234.816201965058	199.371728510899	630.648170651489	396.102126791317	363.293897974746	436.287449964774	182.612041754015	226.34041112462	371.584987797492	461.226802654478	230.601782315674	177.482188464192	526.394004578471	379.914588686845	0	0	408.536325233819	0	456.622830993895	312.594770647663	0	0	0	289.921786258573	478.707389794674	379.49668405277	286.131183365008	384.72739061556	269.712336686154	279.166793771934	798.171473711799	217.173444726193	537.306125679512	668.800380067096	519.340967974092	487.712643963012	177.01480655863	324.404612511185	462.926534121994
group8_bins.18	2781.68957273282	2185.68140307636	2924.46255534806	3207.28330316162	2729.48486455454	3132.77446763125	2456.23199991569	2697.00914582435	3570.92734209244	3195.15940348215	3414.20170357162	2673.70386802812	2825.97615007735	2932.08907218721	3510.56243059408	2982.8702904016	3035.43031584354	2866.97663431772	2145.82933053963	2874.56089781607	2314.83134080772	1899.53307222898	2739.57655115977	3099.48342742602	2763.23904181562	2550.23466287048	2883.0277784236	2454.78901500097	2755.47789168682	1904.72824448503	3438.14900848115	2873.12183631021	2210.78434972207	2908.21604382667	2060.4616749232	1786.11125675054	2753.65085181683	2527.61818414667	2955.74493652617	2067.76013030409	2106.33437316833	2128.53404954006	2485.64623883516	1460.76165055601	3204.63878073509	2489.40252380717	2912.67208937344	3497.37896135712	2776.97817311138	3097.43829770165	3065.88442702017	2812.50855377635	2928.01315569956	3098.63224865936	2400.76668849094	2700.3518630514	2993.0537722826	2990.49569015927	2740.98645876955	3344.78918122184
group8_bins.259	892.57749885397	279.30359514703	533.940942481982	662.681122866244	356.437757350953	292.248240654723	371.459187529759	565.223676720396	282.871254727031	367.864570955854	163.321843170316	504.649078786777	468.091736379944	545.530532305959	201.798636105856	440.595150431373	641.95001610233	399.534419161571	331.496139970816	372.985366991176	478.390679200579	623.562886891454	320.134983829269	524.978262782806	350.660710313522	329.526680786243	272.735454997991	1122.83480281427	602.836209903075	312.894667193502	491.40768352995	240.477179568762	160.875582220412	293.281856238864	700.442290938913	260.174903912617	787.24599532795	597.810433157077	229.090608218282	532.749106483409	460.610299687638	0	0	0	341.258746257927	513.819280311429	733.267098968324	0	572.09494068602	407.520880793425	516.725351958254	400.621747339314	549.664826257167	0	767.630879656905	407.417767154035	889.835870427794	473.698071421102	478.28772603197	561.282897636854
group8_bins.266	0	0	0	81.3079231634646	0	0	0	0	0	0	161.814409838079	196.748163088117	0	0	0	183.584856573665	156.023522079619	171.371887375627	282.44545774659	0	194.188130025103	0	0	261.603427562833	0	166.301010180582	268.179376835626	201.647088147875	0	0	0	0	176.350776173753	251.428742322405	177.473800122714	228.96383102992	0	0	0	0	0	0	0	270.320920468234	216.405919067354	416.115980592086	243.287669810186	0	159.258656869176	0	123.437022672409	427.941923018504	0	159.866518474784	0	157.149440784181	234.584064544662	0	142.475882382432	0
group8_bins.276	470.521648391087	587.026359835071	534.775250961344	461.670216874811	590.901600131009	337.869457424402	517.688333714173	597.295886615683	688.283035689221	631.667798063877	674.85412870676	577.356897452421	549.74714418541	127.531723592292	750.994073892931	720.093236049144	604.585430330885	635.845269112718	570.176242706961	475.101918459458	511.74115749627	352.124348239733	607.124886756558	642.765968340719	592.342537669205	496.742453277781	505.071250210752	507.997696252357	646.061472638002	573.556440841931	676.687122323811	453.655968427697	547.86633830557	512.401994156714	561.621864834995	288.910708149022	367.368392428355	488.467316242428	608.831543634044	489.395555487842	328.578671125319	642.74598182459	724.552330109478	0	670.349542255269	480.743484687153	596.531147311178	686.775221800975	638.651742930334	737.662058621973	696.72315688088	651.707639385257	732.686073541149	581.768970214525	543.590078264151	433.933100453138	750.032806484135	642.805866924602	709.083701927151	809.313285003012
group8_bins.283	0	264.760820638713	0	253.115414013492	432.209966938819	0	0	0	288.381675009723	0	215.081158177844	206.268371634637	157.101558689421	0	72.9313414791297	211.474788574582	200.997983316779	0	0	77.928187297527	0	99.905506643625	86.3888439592843	0	0	0	78.9797038624493	109.399171639944	81.6178022636329	106.324469420287	74.6253484044314	0	80.6326907457203	0	76.3779112370172	90.1787254026724	0	0	0	0	157.575307815881	0	204.541191159136	238.322119128452	0	151.59768458217	0	0	181.12885838503	226.435758141256	309.449146148978	0	291.152000092227	231.527857748299	0	155.030031636636	175.930735315577	284.530450545432	171.506010383114	214.901532507341
group8_bins.297	173.385106705354	84.6384415108205	92.6150657532374	90.5784988912121	143.139946901573	167.050831383024	0	404.13856505734	155.719203325514	29.9497066450258	76.5601143764486	92.7195080306106	87.7246727191785	0	161.685366250383	122.160322817382	289.959268183074	93.4238907191388	91.0579607532475	76.2613967780586	94.063895289151	0	231.737915333567	75.9261928672279	136.275606387529	82.6024986708551	86.9793896910553	91.0244697037063	177.531534045832	0	60.3109529385869	0	61.9079623605993	240.512734292641	182.796277636999	126.810326572761	361.662680988868	424.484019957094	162.439217375572	0	0	0	123.25189045197	0	166.204683510641	0	120.659347505294	172.172738534753	171.906509535536	150.240566732473	0	403.900129867994	61.1868072629014	36.7541026369136	0	288.73203710424	232.500067079835	134.359399412786	171.749592364196	0
group8_bins.322	519.319442415254	412.503494401494	563.323156827421	557.891713829482	645.17018559472	598.263124048035	565.779385291677	687.080792097075	906.374468121967	742.379091209553	560.527022413186	523.157193664281	714.782834228432	1013.93709558673	667.415897209296	373.97196414985	408.54537414725	603.928189669893	557.357483881728	520.664480150236	428.500641030533	597.843862013329	784.943301818679	422.019861087125	388.788917389882	355.031534454089	555.124512534767	515.866189490037	646.301630917189	561.623227304445	760.792643168391	549.503424097727	442.907864952128	550.911744665582	426.39678660207	374.791918274838	461.566938550421	572.052508548335	343.439471678211	522.983237985351	647.527743147388	427.342326152618	466.359683104017	0	743.234710407025	491.235787151546	491.931306085726	615.054312450625	682.941242681039	582.36750309452	606.275717075107	528.104094366894	428.861524694826	446.410175151064	661.229988631401	513.01120492296	534.260251199802	566.834313327793	728.572387854171	736.569913885699
group8_bins.65	886.811351046331	958.890647529953	642.016301798163	711.500572095486	1067.30998521435	669.525302937946	622.662936818299	660.247363666054	740.938052841554	573.105697720092	758.517847156085	915.768984979992	758.003497025534	332.329942388932	626.038164584443	683.079376585554	749.656811729772	501.887332146852	424.531020147901	914.794795536983	722.276371989655	378.221458198429	695.556929380897	615.793024374545	748.345503683777	638.489768121067	670.14813994349	605.612946817135	917.979702536929	520.686879281336	557.531586961506	673.194510654619	521.863689910512	439.62445234511	393.600139591824	551.596328608327	729.530289252961	452.547360948794	702.139236160862	236.59038760455	0	428.249178494569	673.37006062534	442.233595620524	489.699164502644	530.07929145674	535.955483156299	670.962120922657	494.690074790718	799.9590358548	632.001049570368	509.969450632449	682.583064529125	656.903914983664	511.881457281589	497.093005826382	673.049056240493	604.94724484183	494.233848863333	744.001861573825
group9_bins.155	554.611797515479	551.568880841964	719.932244750184	667.756508806272	628.110561180759	540.554978152644	631.450251794706	526.400210627315	554.991842937525	553.346649124559	671.015863001341	836.782071721468	645.978191769196	718.286846175638	678.280196786624	547.003367595373	719.956944892562	816.415609552233	572.94542425746	500.53055382718	762.962653730229	560.466727975062	726.436130710886	493.292631180711	393.878824628067	484.941162814452	597.563898409684	746.032013736765	798.687415198114	774.797888838078	518.351295631618	455.222348261456	482.212342516298	567.250730871408	622.01477651165	670.628269515782	514.532280391403	809.025546482167	391.690565028998	634.54791964873	567.210473426983	475.643087287235	399.530936276426	226.884350829753	608.714194278911	652.626765733727	795.013747180092	629.523061319397	727.955190385386	644.13569005977	629.331540451984	596.667867910134	717.424076840761	578.694457304513	828.726284090076	617.986147487058	787.312903928372	633.891463855312	763.026520113739	505.290324030722
group9_bins.202	658.682998834018	766.879129831842	852.744252387485	1316.43530127358	889.183254368926	786.236623657492	841.195813711487	890.394624149202	1527.57948565288	1166.49863169241	1139.57209348537	1169.72129540219	1342.06375839687	1011.57411457777	1354.06901467833	876.182483920892	808.924545086246	1220.6791899526	876.835258862742	1078.1924016665	878.384218100105	977.895729142198	934.315801369185	900.212890565809	1243.65411112848	885.188877284282	856.551709304118	885.843053050004	1297.32565928396	1107.54133147576	1635.77034946348	1203.06247167641	747.083938976935	835.095482908563	917.011441827665	672.976390885953	1287.55908075079	1051.88959493516	1026.04516095527	824.924795134442	397.302242446055	1017.84940901042	985.520625313168	457.232662900952	997.926245629794	760.905786892111	1187.96146991023	1282.62736270537	1098.38664100729	941.615012971196	893.80394519476	1806.56534752821	1020.3185240329	826.612091134817	946.10686326228	530.254946235733	1174.48932010303	800.275628874717	940.602851579572	1447.1178687715
group9_bins.244	266.280634811555	404.844429175213	348.582704319321	665.331057604872	272.483478647576	0	244.88057510725	0	652.195820840063	586.678038886721	0	220.336854343014	600.670142042407	487.95956800702	637.462037281777	645.840605894353	173.858246949463	1033.40535691342	467.955580841769	185.095492164315	454.609693790353	455.715451491153	389.19173331357	0	0	322.658085673505	279.377945365286	267.84117732359	277.194252881274	1389.25246497521	3115.72731747394	1778.7678123151	561.428428962216	212.824890730085	1746.15759760606	476.209783962016	817.193609200708	2061.52287652041	335.511996411303	540.97536420882	574.686103229916	251.158378698162	511.772514047411	588.810008218829	708.710791246159	400.590860135283	1246.0616462506	740.525015194267	570.45721026838	0	955.648126482412	803.263405280808	120.66692496721	107.801682853334	452.750921392616	406.130002425301	178.988380689619	523.341644099605	548.078340157484	355.882432788641
group9_bins.264	2623.75195602934	2225.65403837869	3065.42618961154	2611.10400049054	2566.72982096749	2423.49298156721	2502.50798580742	2573.53669207353	3002.94023157808	2708.22554139259	2734.31694026741	2437.23722837911	2118.81058132436	1836.14037184768	2857.7478504575	2545.28128066443	3005.40766297317	2642.26070410071	2159.15762229969	2787.1118817802	2396.26435069063	1789.52845361211	2842.37044308767	2837.63977019396	2250.55693136486	2187.42609297767	2643.04310566941	2315.98810512334	2566.5733994295	2117.12209876818	2896.90255163174	2152.75907869697	1808.0037538366	2308.65754828714	1751.83764650363	1685.49388621557	2241.9312846456	2052.08235294413	2457.47389198581	1481.57866304007	1989.49124071586	1898.88668036981	2234.64318814445	1460.03660059018	2650.16598219277	2438.0178999379	2553.66223319574	2921.52646406835	2813.04893631906	3162.31793877497	3062.84560206637	2365.17676673955	2862.81470733012	2824.0733890338	2174.97874162248	2667.81736971253	2647.19994865139	2548.70644228472	2418.10749526298	2617.380060214
group9_bins.268	521.402984696055	415.117247788284	719.625333624522	625.135187250353	734.354522064445	1081.13113152099	726.359982658558	752.56949870591	966.38089129336	1393.76480237941	944.145801777964	557.754227990412	723.563972758619	439.846860330243	840.585363977532	974.230134413822	1136.26413123092	734.864066009126	705.38042671782	914.179239589721	565.543113682483	383.965379027172	1117.11504947155	959.244622919112	341.201993166193	575.1699696146	726.697430398654	473.326153424114	752.580153782936	422.21783749484	929.065036573679	690.334717430744	687.730859761135	703.299222670212	752.189411045876	400.379840547643	693.838330676507	378.530939020973	769.710990284455	374.807107284087	268.818380556791	674.768899593136	1149.44620764341	424.620536239743	1080.87733921543	824.625733718942	1033.95303155698	967.445793551027	998.408367534426	841.608502453008	807.327322053412	828.61673356045	742.663866904625	424.633939641682	590.152308710225	639.855950615314	1048.64881169337	1059.77428024769	877.468803818979	995.083004405347
group9_bins.282	395.999361007022	192.40636230707	274.276611214395	194.049993747917	216.670274733786	0	276.714894516018	169.61100474416	190.990277019402	229.044014696229	194.125670666038	233.782057521268	406.318558161604	0	405.697005173971	213.34201549596	0	266.537887660107	247.827752741259	0	184.324519687849	202.324635057254	229.195063648651	150.413622565644	222.07068443381	230.73581269979	155.390823611903	245.045341021588	208.368144357733	353.098654584249	184.485337288786	171.091458188421	383.696621158874	234.758699211979	251.400874133559	329.532008671029	300.535342828987	353.109277417589	353.514623756221	399.156336877402	0	383.572866004053	262.682646622948	0	155.726048726796	0	0	0	166.395907755364	146.70337693435	276.530420096598	0	149.16217555649	242.588818400421	418.616867664395	263.365907202143	204.70188280855	236.198791156187	81.7378535403916	293.156093760671
group9_bins.348	1099.81945321532	985.639567765548	1046.58323826109	905.001057723114	994.709847356953	708.85112325987	937.016033691368	1062.62002736763	1005.31012632176	1085.67187199967	1186.5077632357	1038.54597509679	697.059766764271	497.591314374267	889.742773780585	1072.57925509301	1228.9379296224	1014.89126296373	1159.42470742169	1239.82156478183	1157.51336655197	656.600351593089	1275.51413076276	1072.61687797424	1181.48651002991	863.617961630071	1043.73883561982	902.650983017781	860.394008414131	760.089177601712	854.399760091351	928.172005211558	884.833741357763	900.507887942302	725.918595757101	784.237702261698	881.887868833784	1157.26648830706	1012.02795124685	682.341609273608	373.738776938692	996.972844036483	1009.41844301416	229.16150829096	972.048097075257	1001.91236329123	1040.18821641412	1077.1240731951	963.648568636291	1420.16625071958	1064.51977924953	873.08640585714	1330.42378897201	1221.25169665213	805.586522377641	910.9021113826	986.980924071924	762.178314838065	932.34873458657	1038.44420474622
group9_bins.360	318.829083131056	259.824176461556	252.002161311401	424.170058681914	206.526443225894	0	380.53805220096	389.813355873319	323.451030982261	367.129458102485	367.042253972057	416.063327627655	447.985403030107	368.084101840295	399.771459686488	286.26718022859	326.511544909069	584.763437253543	340.450812619968	325.896943310593	417.488899160417	396.9202467048	548.618451548387	357.950100901014	0	304.396419131978	348.979771165292	516.412158780006	455.051699183506	490.09979635187	536.326569431385	423.655070444147	109.628596404473	325.238943223388	520.520914462905	469.193177674136	459.489377899047	399.416635608448	357.225142118009	510.899475285801	0	197.576615909893	55.0912392512494	220.389503651768	335.893756923814	344.137207735135	349.00345689516	320.578445111137	422.190448695534	401.18762163117	338.926834877051	350.73073257485	338.076261367679	308.417791581962	413.587990979597	306.702311955011	367.306303578584	364.588082243647	422.8397770546	405.363666886424
group9_bins.392	315.097703488716	146.558904927091	169.973648663923	485.814087190124	233.657712672288	311.2425808391	260.10641641725	221.911833669559	402.695419009426	546.873251958956	591.917147728214	328.360027515339	596.309156542869	396.571248843358	384.069247332014	656.410832606268	192.020000869563	231.859446975386	173.625102262126	196.898111755728	301.338438530987	273.82462803642	635.078244170668	162.363375434848	0	343.044364324332	327.686109034544	296.860424674595	344.260956208728	298.205988830374	656.540412890393	247.026611714528	262.054499257066	188.532642236948	295.026420506033	452.116481029243	403.819132461694	515.759284038405	167.153780799604	404.736266798243	397.459992351863	322.618466729474	340.0332455458	207.062162346304	220.656054124077	250.152213311042	313.332562723727	428.396708558741	378.121380804469	147.297003022564	491.479919622554	246.822527652327	248.483114369674	211.77653492031	401.844873496262	407.419609274479	285.09139296306	329.167002212545	267.504144730311	410.786298861614
group9_bins.40	300.708759720151	481.561099499966	282.797371481894	614.927204476499	541.202082790489	268.506877474449	446.427845708705	476.339282131196	837.462476039626	913.666053255653	772.49423125454	588.059776413732	666.832044818427	255.217228115176	943.095779591794	482.637482929022	552.312334103629	633.299594603495	433.898844524421	594.250249100869	421.315155124245	359.333895838809	682.864940734352	437.709100421249	338.086627236516	454.087953614565	529.047681264417	440.926178241729	348.961984844464	108.490759302837	621.424859946564	550.52202100699	465.876836849848	492.94663032486	411.619004380733	174.595451163954	389.730353093499	575.680580307118	557.906596650859	411.659858190392	0	458.450385872014	539.459327493998	212.501182162466	614.663777458733	398.290227860769	609.93352837673	732.007198553541	420.827661603544	574.416804608729	429.501147208673	712.431781170284	549.076422980648	420.549542356153	548.68413938521	146.935819149488	694.273151914442	396.896174671713	563.200331883167	801.477632968718
group9_bins.52	625.723004363638	760.66921814198	779.087923052254	559.070972271883	564.302303236648	238.704225046863	835.317245118952	791.108012270515	596.314506454719	1004.47281737632	1020.30853128649	987.008549027712	1078.5256614279	1262.50439472164	653.31317503944	704.722580516586	683.201118615473	506.301037259842	0	701.816251669894	903.386714823389	1298.72097596805	695.799093133176	660.441176200707	678.287616405617	1056.56708898073	1115.94230803636	739.260339940284	835.307864869918	860.055196611791	1198.78623993146	1060.42685203698	769.939566238489	986.825441092738	557.104829760038	800.03373170824	846.211919962644	1582.27127311417	756.489174670031	956.191832349547	476.835810184667	651.089424080217	341.900993474	854.33869951729	878.046064047373	469.176035314623	1073.8564373683	917.91420305175	888.286409381827	699.182460458861	856.846642269409	888.134322539917	1005.87157580829	811.834908459376	1674.11724100385	491.397232056915	862.478891110755	716.557209423619	1230.23089161805	1261.985715174
group9_bins.67	0	302.749811282777	197.465260404783	0	199.987398013214	0	0	140.883009677452	246.178890286913	0	0	246.747174413994	226.621889746262	0	264.711523611989	245.575646552282	0	228.0772631074	110.201089329201	0	338.863028586707	347.225121071371	193.736488672295	89.6074382290626	132.994343915959	186.506008559787	0	432.495431473221	225.709890128667	296.575303099665	115.851390797112	0	258.99628770977	170.9348330229	371.514093058028	227.786699663713	243.74713974204	0	284.338217089542	257.47701308927	0	239.042610611815	63.0957205488687	0	0	140.297888981993	0	209.773431311066	132.210447130385	303.525387371129	0	0	186.499540396005	120.87693296764	329.730682550697	179.81300833706	0	0	0	0
group9_bins.7	473.093032256043	632.673206121926	498.271665619916	502.80643533792	420.780739456156	198.712542625851	571.023263763974	725.936443872248	578.847569630843	552.511685037886	567.676328931137	650.410656901775	536.610545263814	398.411347715801	577.982838049276	469.792622705991	544.050066241884	481.060399968803	447.070683649133	485.093418800184	526.481287547974	691.570656315783	559.426365734415	459.87517331994	529.441725686478	425.167395200141	441.47508434253	465.413472570887	505.590599218266	607.039145807067	648.611294731347	663.514243762783	269.835671558565	464.08427006418	498.2421507995	568.20237901599	628.728956086621	697.629481896619	469.404808389122	531.634639647151	177.410988153817	385.892134428143	326.359870373716	0	626.279083047401	431.396749754317	620.64112745559	525.655009390473	554.070774812611	486.699831825392	410.914697168764	380.497459633065	525.902849112533	557.905299060749	663.741388167355	573.972959335699	550.444374787023	496.318056733975	580.322926463983	566.846193486584
group9_bins.80	565.100229859969	324.636513737602	369.848542255291	483.894059803582	418.004097040949	0	429.280153602181	517.817600453212	643.357718911103	624.362323254478	446.188813843418	586.415819457382	626.516611884305	533.095585189199	609.151863737069	380.036068561784	396.81377086137	572.23107822091	294.481045131821	547.72580744928	383.628570809933	472.504113066908	779.576932348356	311.92221770264	156.304359464816	339.02075250574	431.429010634434	398.284474111217	718.111949567277	357.67921506038	504.124462415192	573.673243083055	296.553137635704	541.569213089378	462.933813885195	226.60666865894	522.212219716231	591.180412220753	505.586958518317	395.072158368029	279.80589489248	249.188249815337	384.026505237731	0	681.022924873693	355.53875544773	498.396116969063	663.992438559789	497.310211586337	574.096916237965	591.030064676443	387.102785330604	676.029901131627	482.742906173983	528.968986040236	345.699316711974	709.741302671366	487.567003743386	801.659962056474	562.021959184576
group9_bins.96	548.058148712658	264.679542428714	386.846951348627	62.2388911969809	550.506699558314	368.262097903117	335.373634054983	445.017019015352	576.431278318774	489.468708275736	637.279391609917	343.099289150605	253.033218301027	0	636.327272789248	529.235833591323	603.454743344735	467.705003445891	575.599282358415	487.696370492823	392.873808988327	277.412177260241	470.573298214417	457.979667147432	489.511147884215	130.930347241825	338.215179977555	333.60154046613	601.278133975196	194.610912001907	509.022684376292	622.632249222072	518.003285400256	311.288177519953	303.666266174608	269.444732795856	268.990140222776	436.807663793459	623.077725451687	195.496389548982	84.3540275645048	441.827468383788	459.025503186998	286.972998079253	359.94781839709	395.593491084753	376.117073535613	407.525402716431	285.692895671148	724.961378752698	513.776175409976	464.228971800523	655.361530284452	346.287542278722	368.061092650418	229.707052868649	399.841305938695	320.551579898109	453.766787483386	461.794763162048
